path,sha256,size_bytes
experiment-runner/experiment_runner/__init__.py,01ba4719c80b6fe911b091a7c05124b64eeece964e09c058ef8f9805daca546b,1
experiment-runner/experiment_runner/matrix.py,5a2001e916e5be025af76b0d1fb42797169554a1bee3063d49cad092f2a20b14,82
experiment-runner/experiment_runner/pilot.py,a7d02d9bb028d60fcd9be1e6f7b3c92f5619e1d5f69b1ef2a43d83cc8c9ce4db,391
experiment-runner/experiment_runner/run.py,dd280b1c5e74df1e58c8d7901659d558ffe4d2ecabeb2587d350028904c0d37f,22606
fault-injector/fault_injector/__init__.py,01ba4719c80b6fe911b091a7c05124b64eeece964e09c058ef8f9805daca546b,1
fault-injector/fault_injector/deterministic.py,0ee1219bb9a439f49edc7129e8da0b2cf55cb2231349fef17ea01fc6b107e166,1600
tool-gateway/.DS_Store,aadeab598cb5cd25eb7c7a2e091e26bcf13566153252bd9699d71f240e44fd31,6148
tool-gateway/Dockerfile,ede9416775080196497fb378a2dcea9c1de57fc30e0b4e30a6eef4757b894681,264
tool-gateway/pom.xml,211b57538ea13c8e50bbdcdc8bf6cd65bebe01e155ef10c69a6d256a616f91c8,1108
tool-gateway/src/main/java/org/example/exactlyonce/gateway/GatewayApplication.java,2392a56bb23b4d1c0575b042fbb640661613e9192527f8903f8f9d35a97682e4,4979
tool-gateway/src/main/resources/application.yml,5954554eaed06e92178297ff1f516dfaaaf4f0ad57599c40164b3ebf7d5a1953,244
tool-gateway/target/classes/application.yml,5954554eaed06e92178297ff1f516dfaaaf4f0ad57599c40164b3ebf7d5a1953,244
tool-gateway/target/classes/org/example/exactlyonce/gateway/GatewayApplication.class,3b89edba5dc29965921c53446c84ba7bd8dd5c68a2570cf23db94bb60ba58a91,772
tool-gateway/target/classes/org/example/exactlyonce/gateway/GatewayController.class,ae8feeb129e1c008fbc803d9e4ef7faa233970c6b8731f87693a3d95c1a70d16,5577
tool-gateway/target/classes/org/example/exactlyonce/gateway/ToolRequest.class,70be665d21932eb9599952d2722480d009397cc885a94bb9836d761015599de3,3792
tool-gateway/target/maven-archiver/pom.properties,dc9cfdff5e5f81dfd53543bbb7ecda690698d189c611704cd5f40a8ca659f171,70
tool-gateway/target/maven-status/maven-compiler-plugin/compile/default-compile/createdFiles.lst,c17da54c0ea22f66ca692487b0e761e90c4d9ab8a94f6625a80ba86b6a6c072b,163
tool-gateway/target/maven-status/maven-compiler-plugin/compile/default-compile/inputFiles.lst,ccdcfb0fdafc650941b7dffe0089c25ad91eb0d3789aed5570168500ff63a106,134
tool-gateway/target/tool-gateway-0.1.0.jar,533c6ff0097d05e7a690b040177c4049634a3a06a59a05230bdbb4acfe37dcfc,22288087
tool-gateway/target/tool-gateway-0.1.0.jar.original,fe734d82d621e11e75a4889580b05d2dd938e811dec979048b4afbc3c4298328,7066
orchestrator/.DS_Store,75eb0fbe99b368edb5b6bdc7c592ca8c8d3572f458955d498c900c359388834b,6148
orchestrator/Dockerfile,18a31b992ecef2a64facb7f432b50e09507461d371fe620648255c60a5ddc192,264
orchestrator/pom.xml,295c049c8349bbd255d1c581d2696512e96ea8aeb198a7551d56b3910138d6b3,1108
orchestrator/src/main/java/org/example/exactlyonce/orchestrator/OrchestratorApplication.java,96603c3f5319e8489cccd6e973da56f564aded28e21be066389be38d3072dd0b,18939
orchestrator/src/main/resources/application.yml,3e1fe7473698609fe3581d6463e01fe94e5871ff80468d9b9c3a8cd73662eed3,425
orchestrator/target/classes/application.yml,3e1fe7473698609fe3581d6463e01fe94e5871ff80468d9b9c3a8cd73662eed3,425
orchestrator/target/classes/org/example/exactlyonce/orchestrator/DownstreamRequest.class,84bfce1489d09c6688db8abc1e69aef24b80e3821f8a993231a3887e9229ca66,2574
orchestrator/target/classes/org/example/exactlyonce/orchestrator/DownstreamResult.class,7f98e2431c2ded05af5c5c0a6018c73a3365434c749e081baea7c77deccaea49,2085
orchestrator/target/classes/org/example/exactlyonce/orchestrator/FaultDecider.class,99471900ef139679e3ced325bf98c584c959bac0e205dc10a431752bcd0ef557,3346
orchestrator/target/classes/org/example/exactlyonce/orchestrator/InvocationRequest.class,0f74e32dda0a450d49dc1f786d18d8e500e21399116d6f3fb73c727937c498b4,3852
orchestrator/target/classes/org/example/exactlyonce/orchestrator/InvocationResponse.class,28f5c3c0d87aa44d5edc9c0aa51d2869746acdc6e5e5e5e08f7273ed110a9c6d,2690
orchestrator/target/classes/org/example/exactlyonce/orchestrator/LedgerRow.class,89125f8f981bc7a8066b831c09f83838d54e1188e6d50b7a97616e8cfd0a9290,2537
orchestrator/target/classes/org/example/exactlyonce/orchestrator/OrchestratorApplication.class,4ec5294ce9811799e0c39697157f642dc08ad0cc0f40f6bcb40f3b2b445bedbd,797
orchestrator/target/classes/org/example/exactlyonce/orchestrator/OrchestratorController.class,5bc2c73b6215db4825948720c806a2994531ec0a670bba4dafbde9f51c0c4c00,16640
orchestrator/target/maven-archiver/pom.properties,0ba605c5a9632a09cfc320a9fa92f77ee9e05ffeee093e500902bf03957dbc75,70
orchestrator/target/maven-status/maven-compiler-plugin/compile/default-compile/createdFiles.lst,06193be420ae51e3cefeaab86bb71fb03fe4bff3a4dff6684f2f1f9c881c46fe,486
orchestrator/target/maven-status/maven-compiler-plugin/compile/default-compile/inputFiles.lst,d1d2f1b0b536a7de83aced590f8a57f90d6e978b8624b4c26e750883d886bf56,144
orchestrator/target/orchestrator-0.1.0.jar,c0fe4dc910788e552a60527af91969ad3381443457ca5354113b357e257e55ec,22300130
orchestrator/target/orchestrator-0.1.0.jar.original,9f754d0b22ee62fc9d353980577240d4f75218ef0a9a37e3e238781753bc1157,18408
services/.DS_Store,3b640678c033285e9bf2827fcddf6a07c2016dbcbb51f07e15d41028e3351f0a,6148
services/inventory-service/Dockerfile,b509294c0bd42faf95be03afb985977d1b77343ccd5791cc0dfb283300098be9,269
services/inventory-service/pom.xml,67f42e6553d4dc34a1abd97f92dd4514c5aa2d4d997bdc8b63d4f1a1354ac308,1113
services/inventory-service/src/main/java/org/example/exactlyonce/inventory/InventoryServiceApplication.java,71e4489d23a398e272576dcfdf71d9f04e025b61f07604f9f2be6718234e4d4e,4976
services/inventory-service/src/main/resources/application.yml,5960ae0839b7473bec612f8ab307d22638a5dff9b4c9bebe418b9dd2ff649f96,181
services/inventory-service/target/classes/application.yml,5960ae0839b7473bec612f8ab307d22638a5dff9b4c9bebe418b9dd2ff649f96,181
services/inventory-service/target/classes/org/example/exactlyonce/inventory/DownstreamRequest.class,e16da64fa042e01be80221bd246ca0112408ed92420c4e4637e36aec03bc02f1,2563
services/inventory-service/target/classes/org/example/exactlyonce/inventory/DownstreamResult.class,363f2dfc8b9d6d13b90ae839721afebcc5de87c7dc571debb9d950a55ceebc6d,2074
services/inventory-service/target/classes/org/example/exactlyonce/inventory/InventoryController.class,5714bf23668403f7866a5299f2ae46090803a5a34b0ae6cfd69205b06b5ebff7,7771
services/inventory-service/target/classes/org/example/exactlyonce/inventory/InventoryServiceApplication.class,265742b0867a1caab6fd1570a8fc9912e226a95980854e55fd1e3c897964a771,799
services/inventory-service/target/inventory-service-0.1.0.jar,7d01aec582d758f959b49244e88093b5548afd10bdfcdb93eea50e3f9395b38d,22289879
services/inventory-service/target/inventory-service-0.1.0.jar.original,064a892d3fbfad5a1d32588ed047a324c772c144f6c12fdddfb86f047b4e317e,8712
services/inventory-service/target/maven-archiver/pom.properties,be7f1ff133df7c63d7a596ca4f19697d5534b85c078c8b7fbec64aedae2f653e,75
services/inventory-service/target/maven-status/maven-compiler-plugin/compile/default-compile/createdFiles.lst,d094b5f074dc98ccf9e5a0cd22f8fd599c4cd44e580070d95f705c6b72365a3b,243
services/inventory-service/target/maven-status/maven-compiler-plugin/compile/default-compile/inputFiles.lst,984785ee2e507cdd77dfc292f902f3c86fc1da20fd1b37078ac9e923b926027c,159
services/notification-service/Dockerfile,0db631c65eb77a60c00b7ce4812e6274c0c083d85f59087734d1d3bd7f8cec62,272
services/notification-service/pom.xml,a97832ba8085340d2e55ebf3c94dde49bd5a8ac9fb500631cc4c862953aac5e3,1116
services/notification-service/src/main/java/org/example/exactlyonce/notifications/NotificationServiceApplication.java,fbbc2a11801f60b78deeb7ece0eae23aa7af347745d569557b638229fcaa97e2,5005
services/notification-service/src/main/resources/application.yml,a2d73c74927fea7a720a892ee5319163017a9b639d746de960a0f826f484b078,181
services/notification-service/target/classes/application.yml,a2d73c74927fea7a720a892ee5319163017a9b639d746de960a0f826f484b078,181
services/notification-service/target/classes/org/example/exactlyonce/notifications/DownstreamRequest.class,e518e9d168134690b2a3ffd4fd99fa276d9422993345ffd744bbcdc5b2d44343,2586
services/notification-service/target/classes/org/example/exactlyonce/notifications/DownstreamResult.class,f2b9ad50e92d34cadc8cbbfac49b3f978c4ea88e2765039fc06559aaa7bce969,2097
services/notification-service/target/classes/org/example/exactlyonce/notifications/NotificationController.class,4ae5ff08d89e534530f6335c930d8bbbb6629d2bb705fccf3124acac878e3e02,7749
services/notification-service/target/classes/org/example/exactlyonce/notifications/NotificationServiceApplication.class,1524bb012ccc72948db2ff5d84e579867f165ac1a0e28df64221bbbff3cb0f40,816
services/notification-service/target/maven-archiver/pom.properties,068c24625e7b897009c7c5bcc0abb9ea8083ef771d1364ba6b744c3fe92bab5a,78
services/notification-service/target/maven-status/maven-compiler-plugin/compile/default-compile/createdFiles.lst,ca039e3cbf62fcfd7fa79d58b60c96bd0755286df014cca4fcef297418bdc668,265
services/notification-service/target/maven-status/maven-compiler-plugin/compile/default-compile/inputFiles.lst,9c3569624fd3896ab7e583a48660e78456dc935a3375de84f50d8f4d1804db2b,169
services/notification-service/target/notification-service-0.1.0.jar,a129365d53785cf1c9f7e574b65715141b0b2982df364619c1a0eeaf6f2f6cbd,22289903
services/notification-service/target/notification-service-0.1.0.jar.original,0f09149d7c50d88c8130849cf41134820241b66bb8f344e32f4bf80723db716f,8737
services/order-service/Dockerfile,64299d277f74d03fe3f4e2c872a873af8ca6b4dd6161da0386611ba44095a9f2,266
services/order-service/pom.xml,f45105831ee163f8b173ccdb40f6b14931fa2a8183f26521eafcf320af1e98f8,1244
services/order-service/src/main/java/org/example/exactlyonce/orders/OrderServiceApplication.java,c06de8b1128b9c6b4757ba12130949b5236c9c656c894468fedb6d7dd09d9e39,5446
services/order-service/src/main/resources/application.yml,9ab8d8075e90d3705caaf13a68f0ab290e59eba8de8901fc5615faa005324c5d,181
services/order-service/target/classes/application.yml,9ab8d8075e90d3705caaf13a68f0ab290e59eba8de8901fc5615faa005324c5d,181
services/order-service/target/classes/org/example/exactlyonce/orders/DownstreamRequest.class,849e40be1c8e1a2d3af2ef823148142a0dd89172fcc4d5ce9768f5f29de4ce6a,2544
services/order-service/target/classes/org/example/exactlyonce/orders/DownstreamResult.class,42432263ee3e3ad8f2dd22119ec4768e63e6e4c872728f3ab9b0f5290d7b7855,2055
services/order-service/target/classes/org/example/exactlyonce/orders/OrderController.class,b92961757ea4e777937189533ce699b7f2c13bc61326863379db9333f05efc20,7891
services/order-service/target/classes/org/example/exactlyonce/orders/OrderServiceApplication.class,7ea59fffc0707c5f38752045831f6d7c40db8ff6b12caf22d10d4575f4fa1986,785
services/order-service/target/maven-archiver/pom.properties,34391d82aa606b06d2a83cd472795890d67c4984493ea754dba61c946c9d68c8,71
services/order-service/target/maven-status/maven-compiler-plugin/compile/default-compile/createdFiles.lst,589cc533985d56a8c0ac00dd4db806c4f31c83e92dd26131940cdd0da5299dee,223
services/order-service/target/maven-status/maven-compiler-plugin/compile/default-compile/inputFiles.lst,d5506cecf93cdfc429c3e3fe72ceecdf0434ea8acedc0fa20e84e1ba5a0a9952,148
services/order-service/target/order-service-0.1.0.jar,e603459f686d90dc25217ea025f9edbd67980dcd0f5bcd1b53d625b114965b2c,22289927
services/order-service/target/order-service-0.1.0.jar.original,1cf481b0cbac97c219f99e5027dca5362592c7aea3769c7a0f5a660d8d80286e,8764
services/payment-service/Dockerfile,c49bdeb1e3392864c053e86af1e54b290a79ea022fdf47ecbea445a21f7d648c,267
services/payment-service/pom.xml,e8aee19dbc51ec4fe9ad46cc2ba77786edcaff69bd7900e9e92b8f188807de70,1111
services/payment-service/src/main/java/org/example/exactlyonce/payments/PaymentServiceApplication.java,fb05bf65fe168662d9453f304d9a84470e6a8cb1dca7cd9a92f1aef5d7d06622,4998
services/payment-service/src/main/resources/application.yml,176ad80be339048fcd3ba3df970b324dbd563a40a1e496db3ed6b344ad94c287,181
services/payment-service/target/classes/application.yml,176ad80be339048fcd3ba3df970b324dbd563a40a1e496db3ed6b344ad94c287,181
services/payment-service/target/classes/org/example/exactlyonce/payments/DownstreamRequest.class,4ed4752420f5088b6ae0b79fdeb8fc3b0abf9969bda1ceffeb090ddec68db03f,2556
services/payment-service/target/classes/org/example/exactlyonce/payments/DownstreamResult.class,d23d9285710da0545858b3209514f307127534d912d65472e65b68fe96d867c0,2067
services/payment-service/target/classes/org/example/exactlyonce/payments/PaymentController.class,619d3dfd37cb3760354037e901756ebf975ab6d246022a55a2765bb866500c81,7703
services/payment-service/target/classes/org/example/exactlyonce/payments/PaymentServiceApplication.class,b388fd0d933996b6e913eb79a1f5aa5ee82365514e4a03be933ee1639d2b2023,795
services/payment-service/target/maven-archiver/pom.properties,887638b2d2779f5d9ce0b8c069fde06734c7958e68486e0bdfc1db75762237bb,73
services/payment-service/target/maven-status/maven-compiler-plugin/compile/default-compile/createdFiles.lst,45e38e450003d18a4c2322f587a2c9b9e3d6aaaba89db25a3f262ef8db8ff715,235
services/payment-service/target/maven-status/maven-compiler-plugin/compile/default-compile/inputFiles.lst,7dbee9234f45d40dbfa07471bca11cb038050faf9ebae36b9773849048be969d,154
services/payment-service/target/payment-service-0.1.0.jar,f6694cfac0f5be921192a3491d74db758398b7f873d3b2428f50625f305bd393,22289828
services/payment-service/target/payment-service-0.1.0.jar.original,f228ef0be76c019b110956bed6755c82b2f01c9993cca0aed4af2cf67b87471b,8664
database/.DS_Store,4c5ae18100adaadbfe2d0cdad2519e67c37c36319dd471f9ebe21b8bff456864,6148
database/migrations/V1__initial_schema.sql,001e39151772b775e4877933a4620e2a9f2ceeb79095bbb9e6f7c2c74a1ee7e2,6505
database/migrations/reset_experiment.sql,8973e135ebd5273533ec74d21750990b047433dd2489d01ec5d37cc8f4c6d839,269
analysis/analysis/__init__.py,01ba4719c80b6fe911b091a7c05124b64eeece964e09c058ef8f9805daca546b,1
analysis/analysis/aggregate.py,6730c44a96e3187b0eb0936d63b077618bed65e69a279e5b4ba592cf2784ba5f,1540
analysis/analysis/phase5_harness.py,dc6ef4c520d28da5a3ccbeab8edffc694fec007aa0eaf55919e2a305138fffb1,61889
analysis/analysis/phase6_runner.py,8523d9c68976665b95cfa3da865b165b824597d541da6a57bce9f2f10f35c318,50890
configs/phase6/group_a_baseline/CREATEORDER_V0_C0_F0_P0_C100_S7000.yaml,7dd4eb3eed23b519b114f0c6dec925a9c4c3c0a9980b1d4d6a0d4c763905cce2,493
configs/phase6/group_a_baseline/CREATEORDER_V0_C0_F0_P0_C100_S7001.yaml,447f1374713bc781238188375fef4de4fb2f5dd0a03fb2ccc41713510f6a72ac,493
configs/phase6/group_a_baseline/CREATEORDER_V0_C0_F0_P0_C100_S7002.yaml,83a6075e4f0d264aacc6a9b6a537fba751397bdae32c514947304e9fb8f88f7a,493
configs/phase6/group_a_baseline/CREATEORDER_V0_C0_F0_P0_C100_S7003.yaml,62d915ebc5c94a84a32427ed605eaf5011cbde86e9b90b2dc4444535a1ca8e74,493
configs/phase6/group_a_baseline/CREATEORDER_V0_C0_F0_P0_C100_S7004.yaml,c17e0488c9ff485b6a35bbe3990a0cd95a34d9dddad4ce8149f9e59b78b61b79,493
configs/phase6/group_a_baseline/CREATEORDER_V0_C0_F0_P0_C100_S7005.yaml,dda84a489dd9e65bac4fa6144fb4020030ec8c35f48adb635ccf2df01789bc1d,493
configs/phase6/group_a_baseline/CREATEORDER_V0_C0_F0_P0_C100_S7006.yaml,e0fb552543e77ef636c4cd318b759b141c167f7fea78a4c95b5acad63654c8f8,493
configs/phase6/group_a_baseline/CREATEORDER_V0_C0_F0_P0_C100_S7007.yaml,a1d89cd2c79ef1b1904564cf4ca4ec15ea3e3933f1a094ce2233b7249a131ac2,493
configs/phase6/group_a_baseline/CREATEORDER_V0_C0_F0_P0_C100_S7008.yaml,f8c2ab43d11488624c80cd930e507d83300b424b4a9bbd52798731e1c77ce65e,493
configs/phase6/group_a_baseline/CREATEORDER_V0_C0_F0_P0_C100_S7009.yaml,4d82534969376fda8a49988ac1790d38912886b938c528314589657dc524c034,493
configs/phase6/group_a_baseline/CREATEORDER_V0_C0_F0_P0_C10_S7000.yaml,d727a686f1101e349296dac8ad015e6912edb176040e388109b71590e30c6f1b,491
configs/phase6/group_a_baseline/CREATEORDER_V0_C0_F0_P0_C10_S7001.yaml,f6433a3ab70305b23d9cd01e14316697a8f3a8e537c402fb3b5e3aaac9f4c209,491
configs/phase6/group_a_baseline/CREATEORDER_V0_C0_F0_P0_C10_S7002.yaml,3be6c1a64ec95c4258f98129ca3fce91ebb3ac24b9d103af14d3dd3710420bed,491
configs/phase6/group_a_baseline/CREATEORDER_V0_C0_F0_P0_C10_S7003.yaml,541c972c0b9ffddbe1b960b7bc9cb57e78e291a369886c30ddffa7274168dd5e,491
configs/phase6/group_a_baseline/CREATEORDER_V0_C0_F0_P0_C10_S7004.yaml,3c2d62a56a1c00de6cf16a0c210533e56910d20244bd101e7d923851c2764818,491
configs/phase6/group_a_baseline/CREATEORDER_V0_C0_F0_P0_C10_S7005.yaml,2f965603cb72dba9a08c39825bf69778d2e4c680aae72f829972e8e94b69ca9e,491
configs/phase6/group_a_baseline/CREATEORDER_V0_C0_F0_P0_C10_S7006.yaml,c673b32bf2bc57cddc9def636369a649b4f68c2c7b11d6a2e5b5df0ab45b22f4,491
configs/phase6/group_a_baseline/CREATEORDER_V0_C0_F0_P0_C10_S7007.yaml,21bc60090024329f083a897723c0f3da52b24cebdc2ced22bea8c3f0e5cbe415,491
configs/phase6/group_a_baseline/CREATEORDER_V0_C0_F0_P0_C10_S7008.yaml,3e6e7e79fd68a65af5954237758d7e194b2e619125965c158386af8ecc722c85,491
configs/phase6/group_a_baseline/CREATEORDER_V0_C0_F0_P0_C10_S7009.yaml,3a62afc6a7d6bc1d4368dc67193334f29b753a2421175576c3c5b8e20bdb5b9d,491
configs/phase6/group_a_baseline/CREATEORDER_V0_C0_F0_P0_C1_S7000.yaml,ef00b356e26ae9b705ac407b07faa7ded6ab2889a6970248d1fa0e91f8206ac3,489
configs/phase6/group_a_baseline/CREATEORDER_V0_C0_F0_P0_C1_S7001.yaml,c01806dba19326588fe99f10e6b2afac4a9ca164c57f63866b967eb732b49b34,489
configs/phase6/group_a_baseline/CREATEORDER_V0_C0_F0_P0_C1_S7002.yaml,e3215a20486c8e724bed12bf5ce39fe5e6a3eabd76426ad8cd61b230f7e0959d,489
configs/phase6/group_a_baseline/CREATEORDER_V0_C0_F0_P0_C1_S7003.yaml,b4c5e3f3b5d7140d828336b03bc479cf0db29c751382ec8627a059b1f7d6a9be,489
configs/phase6/group_a_baseline/CREATEORDER_V0_C0_F0_P0_C1_S7004.yaml,92ced6d14ed88788a144e3cbc6abc6d3bc10e2b44bc01339cf43e0f49305c69d,489
configs/phase6/group_a_baseline/CREATEORDER_V0_C0_F0_P0_C1_S7005.yaml,133fbdafa61271cbd7e7674059637d40a5b6ce29646ed92088cc8bf814f159ab,489
configs/phase6/group_a_baseline/CREATEORDER_V0_C0_F0_P0_C1_S7006.yaml,18f73e0d32c709b6b8891ffac060fc29e4bcb1475d5f76d2660d3aa4e1e8ba77,489
configs/phase6/group_a_baseline/CREATEORDER_V0_C0_F0_P0_C1_S7007.yaml,042a1e3cc42b303466e353b60c6779c56691d3679496163f6018ef1d6913fb2c,489
configs/phase6/group_a_baseline/CREATEORDER_V0_C0_F0_P0_C1_S7008.yaml,670f66c6d356d7ce38785087f8331d5da7c48c0428edca7def8f4b86779b958f,489
configs/phase6/group_a_baseline/CREATEORDER_V0_C0_F0_P0_C1_S7009.yaml,a47a1db423682f5c5aec1e0a87c54687fed5575bbafcd5bd6212dbd0490eda8c,489
configs/phase6/group_a_baseline/CREATEORDER_V0_C0_F0_P0_C50_S7000.yaml,2ef555e12eeadd10a59ab8862b7fb86ce65b35d362aabc541cce10287acea42c,491
configs/phase6/group_a_baseline/CREATEORDER_V0_C0_F0_P0_C50_S7001.yaml,b033159eb611016714e04c1acd38787384747fbb50826796ee4ee648b6244a93,491
configs/phase6/group_a_baseline/CREATEORDER_V0_C0_F0_P0_C50_S7002.yaml,c41e96bc4cbefdbeee3448086481c8e83c22cbe190f48e17f04538d8e1acfcff,491
configs/phase6/group_a_baseline/CREATEORDER_V0_C0_F0_P0_C50_S7003.yaml,012725ee01614da21bae0445d2b1b13a70ee184b600a1ab25090196c364a9fc2,491
configs/phase6/group_a_baseline/CREATEORDER_V0_C0_F0_P0_C50_S7004.yaml,2d161d8f587168a88c16f0ee5f65959203c552e6cb810b21fe55c2db9936f6e4,491
configs/phase6/group_a_baseline/CREATEORDER_V0_C0_F0_P0_C50_S7005.yaml,57249112245a871bd405bd356248547ab1d7c6ea2d3c246076efb00492bbf988,491
configs/phase6/group_a_baseline/CREATEORDER_V0_C0_F0_P0_C50_S7006.yaml,5a9cb39356a3650ebada44b781c12a7ac4521f3b65f3619504d05b0705228b56,491
configs/phase6/group_a_baseline/CREATEORDER_V0_C0_F0_P0_C50_S7007.yaml,8f323e349821e82537fbb84e2cdc64d605cfcce55c8e2ab9670139eb942ff0fc,491
configs/phase6/group_a_baseline/CREATEORDER_V0_C0_F0_P0_C50_S7008.yaml,d752d6c536bac5f218f68a000b85a362f2ef687b660d6028e3528616ad731871,491
configs/phase6/group_a_baseline/CREATEORDER_V0_C0_F0_P0_C50_S7009.yaml,1bfa36ff3dd29c8f026dac3009c242ad3fc57990e17b920685db04a104261717,491
configs/phase6/group_a_baseline/CREATEORDER_V1_C1_F0_P0_C100_S7000.yaml,53aa7662733fddeed1f67f3e32b4491b0e40eed6b73b82b07ea741ebc9ef0b22,493
configs/phase6/group_a_baseline/CREATEORDER_V1_C1_F0_P0_C100_S7001.yaml,aa04bcdc2330e791af8e041602bf5896e0dd077743a011c196a6b6fab777952e,493
configs/phase6/group_a_baseline/CREATEORDER_V1_C1_F0_P0_C100_S7002.yaml,efe34771b8e366f26081d227b7645f2d28fc16f0b95e4faa01ef4fe20e1399ec,493
configs/phase6/group_a_baseline/CREATEORDER_V1_C1_F0_P0_C100_S7003.yaml,63ed4a1cf1763372663e51b7e7be643d8e40d64fbb35713313338c9481d7128e,493
configs/phase6/group_a_baseline/CREATEORDER_V1_C1_F0_P0_C100_S7004.yaml,1b60147b532c4971c5a081271a6c42fb9f6df72e285f1a4e976db01922d76672,493
configs/phase6/group_a_baseline/CREATEORDER_V1_C1_F0_P0_C100_S7005.yaml,8f69bdf649b84b746403a89292fab66cb5d9121d4baf6b09be87d61d21498a14,493
configs/phase6/group_a_baseline/CREATEORDER_V1_C1_F0_P0_C100_S7006.yaml,3fb7a50ff910247952bf359bef6dabc8dc04ebdaff9503380c1a66f81e3d3ae4,493
configs/phase6/group_a_baseline/CREATEORDER_V1_C1_F0_P0_C100_S7007.yaml,c2c82c2ba2e86cae76d31ebf3a2a7abc257a8582d3340a0ea0af99e06bfa59be,493
configs/phase6/group_a_baseline/CREATEORDER_V1_C1_F0_P0_C100_S7008.yaml,1bab08f6c738f8ec2a4bbeda8d2d252e759d25b1a9a1c180883d7f9c1af11da7,493
configs/phase6/group_a_baseline/CREATEORDER_V1_C1_F0_P0_C100_S7009.yaml,893ed0bbee961511efccde7de40cc60454bf76f7159c85fec77c0c9cbcff28d3,493
configs/phase6/group_a_baseline/CREATEORDER_V1_C1_F0_P0_C10_S7000.yaml,517533f4b9de2a0071badb72e91654b4f5265394d8e6815117b4f2336686cf07,491
configs/phase6/group_a_baseline/CREATEORDER_V1_C1_F0_P0_C10_S7001.yaml,554172a9fb191d47647ff9b92d389027dbcedd47e743d938849c5de5035edd1a,491
configs/phase6/group_a_baseline/CREATEORDER_V1_C1_F0_P0_C10_S7002.yaml,e44dabdb393e082939221c5064d9e065f5ae81faee64fd7bdbd780db20374213,491
configs/phase6/group_a_baseline/CREATEORDER_V1_C1_F0_P0_C10_S7003.yaml,805af12778b6b19a6b9bd06d41bcad856c5568cbf511b08f6cee9d61ea5414b5,491
configs/phase6/group_a_baseline/CREATEORDER_V1_C1_F0_P0_C10_S7004.yaml,16b8c939b05036f3369c407556395c86ab2b920a805cae77cce294f400b76b4e,491
configs/phase6/group_a_baseline/CREATEORDER_V1_C1_F0_P0_C10_S7005.yaml,9afc9203a9633200e4ff3a1289fb8af30ddddddd870618464ae3fb4974d3842a,491
configs/phase6/group_a_baseline/CREATEORDER_V1_C1_F0_P0_C10_S7006.yaml,e4085c410878fe1f3aa7262fa10f99422dbafae971572783b335e29986eb1488,491
configs/phase6/group_a_baseline/CREATEORDER_V1_C1_F0_P0_C10_S7007.yaml,c9dace9ebff6f8f20949501ce183a1a6e305906de351c4253593f469c0c01ee4,491
configs/phase6/group_a_baseline/CREATEORDER_V1_C1_F0_P0_C10_S7008.yaml,c1d60a467fdf2c693e6ec8bc7490960ae702be5ceddeb2d425ca9767b6d0d971,491
configs/phase6/group_a_baseline/CREATEORDER_V1_C1_F0_P0_C10_S7009.yaml,d321e70ae21cd8bc9b41a1b27ab49ad9b8799f51aa092757ce144aa008d41996,491
configs/phase6/group_a_baseline/CREATEORDER_V1_C1_F0_P0_C1_S7000.yaml,d4109812e9524df5ec499c7d3ed0ec404bcc732f4cfd7a0ffb4423dbf6f13266,489
configs/phase6/group_a_baseline/CREATEORDER_V1_C1_F0_P0_C1_S7001.yaml,8b4a589b878be89ba9b66d930e67c7e162c27788e06692e2063189bae92f16fd,489
configs/phase6/group_a_baseline/CREATEORDER_V1_C1_F0_P0_C1_S7002.yaml,7314824307451b19896e428cb87f54ea32a4624fd0466b1a9842efa13924fc8c,489
configs/phase6/group_a_baseline/CREATEORDER_V1_C1_F0_P0_C1_S7003.yaml,436496b9e4df313c43b4cfbb5ebc49795f6626d18359ac667bcfd7a36a0cf3c5,489
configs/phase6/group_a_baseline/CREATEORDER_V1_C1_F0_P0_C1_S7004.yaml,35f3c3ce132dc4d8e0a933849ede5857f4f84d3f61a4ea7aefece042ca3ee695,489
configs/phase6/group_a_baseline/CREATEORDER_V1_C1_F0_P0_C1_S7005.yaml,43f03fefffb86f34e723ed213c52d977d68fb51208b09fcb928b0a7c19aa3dfe,489
configs/phase6/group_a_baseline/CREATEORDER_V1_C1_F0_P0_C1_S7006.yaml,0c07a3daf59041d2eb624171f11207dd254d3577c6e05d1490d49dbe79d35e99,489
configs/phase6/group_a_baseline/CREATEORDER_V1_C1_F0_P0_C1_S7007.yaml,da27befb081f1fb43c442d16844caf74a3aed547d18d85d3d1e2004387d7455b,489
configs/phase6/group_a_baseline/CREATEORDER_V1_C1_F0_P0_C1_S7008.yaml,1cb36e72dc81fb1fbdbd53d1c4b439958198a3ef6884117e83865c89d4834a08,489
configs/phase6/group_a_baseline/CREATEORDER_V1_C1_F0_P0_C1_S7009.yaml,d960dd24520527364a3ac3387a64ff662289d21ab83760d1a7851bdc32c9eb33,489
configs/phase6/group_a_baseline/CREATEORDER_V1_C1_F0_P0_C50_S7000.yaml,961893e2535328017f8fe590f77ca1738afe20f7e2614bb77a20b8ce032dab6e,491
configs/phase6/group_a_baseline/CREATEORDER_V1_C1_F0_P0_C50_S7001.yaml,1ef340e89d467ba02ba14d25cd088efe7af0c4f10d524fb252db9afc656a23bc,491
configs/phase6/group_a_baseline/CREATEORDER_V1_C1_F0_P0_C50_S7002.yaml,5beb9318389d156ce4f0999bce908ab217fc5067603156d7cb425b010fe90054,491
configs/phase6/group_a_baseline/CREATEORDER_V1_C1_F0_P0_C50_S7003.yaml,50f07734ba35d43d51636a2f84847845861eaaa439881ffe0b51c2b17a49c147,491
configs/phase6/group_a_baseline/CREATEORDER_V1_C1_F0_P0_C50_S7004.yaml,faa2663c4cb628c09dacddaf9f8976168882adca57d501711237a7e3a3a64e7c,491
configs/phase6/group_a_baseline/CREATEORDER_V1_C1_F0_P0_C50_S7005.yaml,c824d869208ae0f793af82471ec5d316c49e45a1f90e2e6b53c0f25bf7f9ef76,491
configs/phase6/group_a_baseline/CREATEORDER_V1_C1_F0_P0_C50_S7006.yaml,a73973769306d342230853efc1b91eb637ae45f3356e85dfec08f5944020ffb6,491
configs/phase6/group_a_baseline/CREATEORDER_V1_C1_F0_P0_C50_S7007.yaml,f173923c65f07ebc0ea1433ca0ae40339027fb70ec0081acadfba7bbf8b81f53,491
configs/phase6/group_a_baseline/CREATEORDER_V1_C1_F0_P0_C50_S7008.yaml,2943fbed9132f3a743e6af63096c1d3209d02c113973ef8af50a39458261dd16,491
configs/phase6/group_a_baseline/CREATEORDER_V1_C1_F0_P0_C50_S7009.yaml,6b63a3293e7642f00f7f1f49fa5b4e7b140a32bfd2410fb0fb84764c03fc002d,491
configs/phase6/group_a_baseline/CREATEORDER_V2_C1_F0_P0_C100_S7000.yaml,d95bed7c96162ed300bb74241104aac5afe5240704ad3af52c90b21f72809899,493
configs/phase6/group_a_baseline/CREATEORDER_V2_C1_F0_P0_C100_S7001.yaml,1109c8ff19ada86d36e4ef1389d19a0269966041d08dda0e00ba8f62f4b350f7,493
configs/phase6/group_a_baseline/CREATEORDER_V2_C1_F0_P0_C100_S7002.yaml,12b7f902722fb3e9e61c191ed4cde39751c16cb38ee07c6098410ec1b045cef9,493
configs/phase6/group_a_baseline/CREATEORDER_V2_C1_F0_P0_C100_S7003.yaml,8e81ee81980eeb478edd5a96b2ae06e2b6ae14ed55a36e825993fca1f848d3d2,493
configs/phase6/group_a_baseline/CREATEORDER_V2_C1_F0_P0_C100_S7004.yaml,65d62a6f07f656526f312f189af0a4bd845459896d9b0e69b8d82c4ba426cb26,493
configs/phase6/group_a_baseline/CREATEORDER_V2_C1_F0_P0_C100_S7005.yaml,a52e18c33c9f9883e25900e5ae76c9e3864655044556e2a22ef96787d32848f5,493
configs/phase6/group_a_baseline/CREATEORDER_V2_C1_F0_P0_C100_S7006.yaml,520d92a8295f1159da99055785e0cc352dda16de692fa0a0ab05a18cf6619704,493
configs/phase6/group_a_baseline/CREATEORDER_V2_C1_F0_P0_C100_S7007.yaml,0fad500e73ddfd6461fc75294d69c46d5019685660352433480c44c640276212,493
configs/phase6/group_a_baseline/CREATEORDER_V2_C1_F0_P0_C100_S7008.yaml,e6408c137cb4cce999f5c5ba93ef4a47c0712e30b0d7ca4687b76e31aa173e2f,493
configs/phase6/group_a_baseline/CREATEORDER_V2_C1_F0_P0_C100_S7009.yaml,be83cb882d17dbb507ffbfe601c60bc7d8887a5bc09c1b3690338bd352b7dc37,493
configs/phase6/group_a_baseline/CREATEORDER_V2_C1_F0_P0_C10_S7000.yaml,165bc68a15b9c098f9a8c2577da55cfd17ff8f972344c8e59e68a36329f2363b,491
configs/phase6/group_a_baseline/CREATEORDER_V2_C1_F0_P0_C10_S7001.yaml,cc6d05211cf5e43a0929166636f941050af070a57b9e6eb901eb0458169f0a27,491
configs/phase6/group_a_baseline/CREATEORDER_V2_C1_F0_P0_C10_S7002.yaml,e556b456e4a2bf44df84b3c16c37573c1396083ccfb4ea80cafa37cdd8c5ef50,491
configs/phase6/group_a_baseline/CREATEORDER_V2_C1_F0_P0_C10_S7003.yaml,270568d161496849b9d2ad4631f5100b1555ae2c037dd909fb6706e9f6446715,491
configs/phase6/group_a_baseline/CREATEORDER_V2_C1_F0_P0_C10_S7004.yaml,a318417c858d9f277dc9f22376166782976264aef7a1bb9f24b4240795624398,491
configs/phase6/group_a_baseline/CREATEORDER_V2_C1_F0_P0_C10_S7005.yaml,82869470d9030944d822893e13a80200187131d82ab7797b315f7cb5b79ff169,491
configs/phase6/group_a_baseline/CREATEORDER_V2_C1_F0_P0_C10_S7006.yaml,e6c27cd4a089276a0ba630c8754f7cb9d412d7930818d88eb60033345182cfdd,491
configs/phase6/group_a_baseline/CREATEORDER_V2_C1_F0_P0_C10_S7007.yaml,8cb45eb87a743b4a92478323954d31eab5b9539de9dc84bbf925d420f4ac1ab5,491
configs/phase6/group_a_baseline/CREATEORDER_V2_C1_F0_P0_C10_S7008.yaml,b01ac0cc672e94b284a8738eac893ea0618285822737f51e8fef833823e91ba2,491
configs/phase6/group_a_baseline/CREATEORDER_V2_C1_F0_P0_C10_S7009.yaml,eb5d3440fa40e4586d10e2b40f301aca53a5caffe7e853b64dac165f57e0e31d,491
configs/phase6/group_a_baseline/CREATEORDER_V2_C1_F0_P0_C1_S7000.yaml,dcd5a8b04ca877cacb8c96337283d303d34653d30e691ae738fe57ef54515857,489
configs/phase6/group_a_baseline/CREATEORDER_V2_C1_F0_P0_C1_S7001.yaml,727d4076ef180120cc125b97d6b5594670652f97c485bdde4ae542c8b43a8462,489
configs/phase6/group_a_baseline/CREATEORDER_V2_C1_F0_P0_C1_S7002.yaml,5886587aea357bad5a99a5c0e5b9e96b51566efc14f28ffc0d36f17b9e638f97,489
configs/phase6/group_a_baseline/CREATEORDER_V2_C1_F0_P0_C1_S7003.yaml,866ef8a1ecb20586e52086d8649d303e2962443d5e712faa1a016029248152af,489
configs/phase6/group_a_baseline/CREATEORDER_V2_C1_F0_P0_C1_S7004.yaml,94aede43c530b3477e4e0f1310f1eca7a8f013e3344abecb7c12889c79ecf6cf,489
configs/phase6/group_a_baseline/CREATEORDER_V2_C1_F0_P0_C1_S7005.yaml,d9a0b069df5e8ee6b0f4ffd504cc87e39ea85eeb5191bc532c474e1e996810bf,489
configs/phase6/group_a_baseline/CREATEORDER_V2_C1_F0_P0_C1_S7006.yaml,a8398c6ded3664c9dfe579c83bbb740de0175a62057d557df8dbe3aa7f45adda,489
configs/phase6/group_a_baseline/CREATEORDER_V2_C1_F0_P0_C1_S7007.yaml,1fc90e188219d8b90ef62f4a80b06018de6a223e71a347be74fc21269bbf2351,489
configs/phase6/group_a_baseline/CREATEORDER_V2_C1_F0_P0_C1_S7008.yaml,44932eac59f18d6148fa8d528530608c3271a9fc1f1f3f81a99b0afc17a90418,489
configs/phase6/group_a_baseline/CREATEORDER_V2_C1_F0_P0_C1_S7009.yaml,1ab43c12eb716848d125d6383f948841280ff797ad2b4c667f95fafffc241ed5,489
configs/phase6/group_a_baseline/CREATEORDER_V2_C1_F0_P0_C50_S7000.yaml,e1dcd1ebb1a1926661e2ac60afc95717ac546a79f6dc8942648ae743b9208837,491
configs/phase6/group_a_baseline/CREATEORDER_V2_C1_F0_P0_C50_S7001.yaml,e0c9a5980695d747e60347d1a160e89371d4373dd43a9193b9206793cae9ad4f,491
configs/phase6/group_a_baseline/CREATEORDER_V2_C1_F0_P0_C50_S7002.yaml,82f5093b94a0dbcd276800bb241f56dd773a581954f072fcebb32d559c8b8ec1,491
configs/phase6/group_a_baseline/CREATEORDER_V2_C1_F0_P0_C50_S7003.yaml,a74edb15a2e284b298da4d1a81902febc245ed5dedf24af477d21189fb969bcb,491
configs/phase6/group_a_baseline/CREATEORDER_V2_C1_F0_P0_C50_S7004.yaml,7c7b1bd0728037d2c9d582b1ddc12251c4675a93c0e2b9d44aca6bc3beca97e6,491
configs/phase6/group_a_baseline/CREATEORDER_V2_C1_F0_P0_C50_S7005.yaml,e8e2e72cf3d38b2752df2b390d95ace8b8b1f538b73df586b59fdfca32d57dba,491
configs/phase6/group_a_baseline/CREATEORDER_V2_C1_F0_P0_C50_S7006.yaml,ba69a1f2cd8426cf69ef1075ee4529472b610327afd914bf1c232f5cf5da04c6,491
configs/phase6/group_a_baseline/CREATEORDER_V2_C1_F0_P0_C50_S7007.yaml,ab6f399254d0d70055227189e6720402e18aebf435d8587bb48393d0f730a933,491
configs/phase6/group_a_baseline/CREATEORDER_V2_C1_F0_P0_C50_S7008.yaml,f756277ac0fcb311e75018bf7cd26e772e85877da95fe7cc7ca65b581b729e9b,491
configs/phase6/group_a_baseline/CREATEORDER_V2_C1_F0_P0_C50_S7009.yaml,e540f8b1ac70ad4635613755e6a6f5cc14f40a860b7fb0a0b0b4148feec53cda,491
configs/phase6/group_a_baseline/CREATEORDER_V3_C1_F0_P0_C100_S7000.yaml,7e3f4a139285e4338b0c6346399a83b2d76619166aa74e931e58c192b258111c,493
configs/phase6/group_a_baseline/CREATEORDER_V3_C1_F0_P0_C100_S7001.yaml,9288dd225b4390010506f94ebea38a312c86940f5983cdb0d5d87405bfbc1a79,493
configs/phase6/group_a_baseline/CREATEORDER_V3_C1_F0_P0_C100_S7002.yaml,11f89b57d6a21f957d95d5f975b67604f411c4a0844a5d2abaa62de73c47a67e,493
configs/phase6/group_a_baseline/CREATEORDER_V3_C1_F0_P0_C100_S7003.yaml,9849f604091b0a5936532a7ec6d1eebb32c11154afd78a554e74faa30928a6a2,493
configs/phase6/group_a_baseline/CREATEORDER_V3_C1_F0_P0_C100_S7004.yaml,c980f8596ab4010a21d75028818c8fa8ad31cf1afd35564cf191cbc9a67db5f4,493
configs/phase6/group_a_baseline/CREATEORDER_V3_C1_F0_P0_C100_S7005.yaml,91ca105a16038ed4440e1ee0d97e1b227af6bc5c447a4b8c51e0fe1ad95470a0,493
configs/phase6/group_a_baseline/CREATEORDER_V3_C1_F0_P0_C100_S7006.yaml,0302114d11c8ffac1945cf768ca7a715996f4ee51f38b60f4b7506032bd0f449,493
configs/phase6/group_a_baseline/CREATEORDER_V3_C1_F0_P0_C100_S7007.yaml,3a346c302eeeaca75ae5c7357921cc5c5881142f71a819c614bd91af0c7e90f1,493
configs/phase6/group_a_baseline/CREATEORDER_V3_C1_F0_P0_C100_S7008.yaml,17bdc5e93cacbde7c00239e6ec6a256159770809ae8dfbd02de41dfd4abeebf9,493
configs/phase6/group_a_baseline/CREATEORDER_V3_C1_F0_P0_C100_S7009.yaml,e25065e75ca8d23c326f4fafda602bc86882bc87fbce35c6a9e211eae766df58,493
configs/phase6/group_a_baseline/CREATEORDER_V3_C1_F0_P0_C10_S7000.yaml,8144ef6370348f50223152ce59e1951d4aea0d3af639ccb134596689cb61b621,491
configs/phase6/group_a_baseline/CREATEORDER_V3_C1_F0_P0_C10_S7001.yaml,0cc934a3b89e49ed07f2bab44ad2d4ea3f7dbc50434345cdc50731267a6dd595,491
configs/phase6/group_a_baseline/CREATEORDER_V3_C1_F0_P0_C10_S7002.yaml,6e936326c0bfa541d780ac095f612faa339daa5e4108a0a55a0b24038ad593dd,491
configs/phase6/group_a_baseline/CREATEORDER_V3_C1_F0_P0_C10_S7003.yaml,ba3694117ec1ff00ea46bb8aa98f212e80dc1e36fd8fa0c822fb38655480fb85,491
configs/phase6/group_a_baseline/CREATEORDER_V3_C1_F0_P0_C10_S7004.yaml,c30a999f06fbe02a6b4f99ee955a2baa2f0def358c40cce167105fdcefc9629a,491
configs/phase6/group_a_baseline/CREATEORDER_V3_C1_F0_P0_C10_S7005.yaml,f9419e21f5d213995c36605f73ac0d61530935a4caaf1d4b2d9647d4f7ce3f64,491
configs/phase6/group_a_baseline/CREATEORDER_V3_C1_F0_P0_C10_S7006.yaml,301a294d96f5881967b6d75182aec4c1314293ddc6b94215062ee1a294b7ac35,491
configs/phase6/group_a_baseline/CREATEORDER_V3_C1_F0_P0_C10_S7007.yaml,f68b4f3318a599a43372b586c981e8d33e4d2643a704a3abd802731e160ae5f1,491
configs/phase6/group_a_baseline/CREATEORDER_V3_C1_F0_P0_C10_S7008.yaml,42eff253e1e7f382712c4d23f785c6126896b58f9459d27a30147b542ba7cc05,491
configs/phase6/group_a_baseline/CREATEORDER_V3_C1_F0_P0_C10_S7009.yaml,a96fd1112b45818750b6be04b69301f4632986afa0b2d68f427782b5a6f642bc,491
configs/phase6/group_a_baseline/CREATEORDER_V3_C1_F0_P0_C1_S7000.yaml,4ca2065b4128f51857e9679f1faa704054bb1eb945d19db455b1d66fefaaf33b,489
configs/phase6/group_a_baseline/CREATEORDER_V3_C1_F0_P0_C1_S7001.yaml,42051c04504ddf8db55bf04a117cdb4ac9b25dd95bb63a3db9d8cdb0ad545122,489
configs/phase6/group_a_baseline/CREATEORDER_V3_C1_F0_P0_C1_S7002.yaml,64b9200fc74d6c70139a121e18191edb4a0ae54e51c02b3b2cee9288d0f4d93b,489
configs/phase6/group_a_baseline/CREATEORDER_V3_C1_F0_P0_C1_S7003.yaml,94497dac1224378e603a97f214cd01cd65b42d7558d4f7d525cef17fa6338a1e,489
configs/phase6/group_a_baseline/CREATEORDER_V3_C1_F0_P0_C1_S7004.yaml,d2d118037dbed1cba0c1bb2bfc8ff256bb3c287e40075f9f222b902fb138bb80,489
configs/phase6/group_a_baseline/CREATEORDER_V3_C1_F0_P0_C1_S7005.yaml,20a91f7254db83bdfa3a1fa7ee0efda8119950b309421b92ab6ef48a8674747d,489
configs/phase6/group_a_baseline/CREATEORDER_V3_C1_F0_P0_C1_S7006.yaml,922bb747db8ca873e4b1f6c3925d23e2f5f408c6ee16986ef72685951896ac8f,489
configs/phase6/group_a_baseline/CREATEORDER_V3_C1_F0_P0_C1_S7007.yaml,9ebe1c5b904f750f6c31f9205fd7ddf9a9490ddcd36b7917008e8648d2fb24b4,489
configs/phase6/group_a_baseline/CREATEORDER_V3_C1_F0_P0_C1_S7008.yaml,a8b701212f7224d6b1553db4ed40bb45e7bd7d4f3daaeb3f3d096c990e532dfe,489
configs/phase6/group_a_baseline/CREATEORDER_V3_C1_F0_P0_C1_S7009.yaml,a12191bb89fa312a35444e48066549f54c7b8ffac6404c98b18187ac9d1da996,489
configs/phase6/group_a_baseline/CREATEORDER_V3_C1_F0_P0_C50_S7000.yaml,264802eabbee68e9cac8ae03ba1df1d128694d6ec4ddc3eb2c6aeb916589cc2e,491
configs/phase6/group_a_baseline/CREATEORDER_V3_C1_F0_P0_C50_S7001.yaml,6eaa5fe35fcc1235032059320dc0cecfd84de9cc47a82b9d21deeed4c2a1c7e2,491
configs/phase6/group_a_baseline/CREATEORDER_V3_C1_F0_P0_C50_S7002.yaml,27cc08fb841d75c00270882165f610dcd163d67e9aae0bc560c9002e8072d1ae,491
configs/phase6/group_a_baseline/CREATEORDER_V3_C1_F0_P0_C50_S7003.yaml,996bcae1789fb37f6b67f2592ff3047f05f44183844ca51bb985cfc3425c2807,491
configs/phase6/group_a_baseline/CREATEORDER_V3_C1_F0_P0_C50_S7004.yaml,8d9841285022802055da48ba19bf5f3a64b807ff342d63e1c3051c9b68e5bda0,491
configs/phase6/group_a_baseline/CREATEORDER_V3_C1_F0_P0_C50_S7005.yaml,5ad61415fc72667aca5a0eba2e8ff9982b13e3dbc4eba9768db63f31409efcd8,491
configs/phase6/group_a_baseline/CREATEORDER_V3_C1_F0_P0_C50_S7006.yaml,4255ead6417dc0a32859e76472dc85f67c940f1648d112da33d80a1c9584b1f4,491
configs/phase6/group_a_baseline/CREATEORDER_V3_C1_F0_P0_C50_S7007.yaml,7a4866b523fe80f46d2a58aaa1cb7ed639350f3d0ed86b06713979c717a6dd2b,491
configs/phase6/group_a_baseline/CREATEORDER_V3_C1_F0_P0_C50_S7008.yaml,9d020793e73e1c10b4735c4e8356f06de5fc63b3836fdfa8b7d0e0327bdf71d2,491
configs/phase6/group_a_baseline/CREATEORDER_V3_C1_F0_P0_C50_S7009.yaml,28ab463c1e41a2dc38b9915a8a4860123415fc77ea377d3b0c15b80e2de692cf,491
configs/phase6/group_a_baseline/CREATEORDER_V4_C1_F0_P0_C100_S7000.yaml,33eb9295a7fccff4af5a0134b6001657b0321a7269cf5502f26e1055bd36e97f,493
configs/phase6/group_a_baseline/CREATEORDER_V4_C1_F0_P0_C100_S7001.yaml,1f097ac7f86f56e02247e980ce345f98ad4af9704c40726dd44c36ecf45aa649,493
configs/phase6/group_a_baseline/CREATEORDER_V4_C1_F0_P0_C100_S7002.yaml,c60e155a5d736455c2115a6e333297a9538b1ab1f4b7c5cf0c3309a532a73498,493
configs/phase6/group_a_baseline/CREATEORDER_V4_C1_F0_P0_C100_S7003.yaml,472ba036f87dd9b28cd42b310995765ada8b045da7cfdbd7554b60fb182f8f03,493
configs/phase6/group_a_baseline/CREATEORDER_V4_C1_F0_P0_C100_S7004.yaml,537a037fa550e032f772e47b312fdbfe687a9b9a41a38269ffc49368d4fb9f99,493
configs/phase6/group_a_baseline/CREATEORDER_V4_C1_F0_P0_C100_S7005.yaml,c29ab4d9f43a0818e62db2b20e19dfe3e02eb61d73450380ae2ad9678a5df237,493
configs/phase6/group_a_baseline/CREATEORDER_V4_C1_F0_P0_C100_S7006.yaml,a2d5e5361239db3e73c8419ba7c9347a504b42c91cfde471ec8796c67a168972,493
configs/phase6/group_a_baseline/CREATEORDER_V4_C1_F0_P0_C100_S7007.yaml,e6f16d63de0f36aed956b8c6ead1732c4372ed213f264dc5b5b495cb195a2345,493
configs/phase6/group_a_baseline/CREATEORDER_V4_C1_F0_P0_C100_S7008.yaml,8e004186b0b189d584175eb1029cb1e8d3509f5e8a3862623fc2e37160052f13,493
configs/phase6/group_a_baseline/CREATEORDER_V4_C1_F0_P0_C100_S7009.yaml,1b38b8260c71f1db5c0c3d11ec5a6fe36d14691cfcf15f0cc1267d0a61626659,493
configs/phase6/group_a_baseline/CREATEORDER_V4_C1_F0_P0_C10_S7000.yaml,8b1e766904d7053f571d8d612ba1e7c6b3ecb2ae4985ed80a373d3cd9f2d496a,491
configs/phase6/group_a_baseline/CREATEORDER_V4_C1_F0_P0_C10_S7001.yaml,586aa470e305e01d9e57fa77ef77273e2c09f6e20d62df2b3c7254d4ee483252,491
configs/phase6/group_a_baseline/CREATEORDER_V4_C1_F0_P0_C10_S7002.yaml,f79e7d1005114d66c8fc4b7a07e42f1086dedbce056f720eb552da6a6350857d,491
configs/phase6/group_a_baseline/CREATEORDER_V4_C1_F0_P0_C10_S7003.yaml,39d5101c719cacfbcff1e6909a1fb42622cf108717ed2b0dbc4a95bafd2d3f9e,491
configs/phase6/group_a_baseline/CREATEORDER_V4_C1_F0_P0_C10_S7004.yaml,2e7f8798481ac2d3f84d0bb42cef87c2236291d21daeb29f73b3c7132ca0973c,491
configs/phase6/group_a_baseline/CREATEORDER_V4_C1_F0_P0_C10_S7005.yaml,e2c2508613e45ea2bb133f2f8e5c99456f3a09139df67ea1e0e93fd02c6ac1d4,491
configs/phase6/group_a_baseline/CREATEORDER_V4_C1_F0_P0_C10_S7006.yaml,3d859f424bda13431e03e7cedfc1b1ea645cf5ae4184f00b2d359637d4c399fa,491
configs/phase6/group_a_baseline/CREATEORDER_V4_C1_F0_P0_C10_S7007.yaml,258a4eaad14588de3e5aa7715d64a17c394c21e1384c11d8d590300fb0eb79c0,491
configs/phase6/group_a_baseline/CREATEORDER_V4_C1_F0_P0_C10_S7008.yaml,c653bd5c6da10af043a49cebdcaca58c1ecb363165c2aa70b4ce7755f8d32e13,491
configs/phase6/group_a_baseline/CREATEORDER_V4_C1_F0_P0_C10_S7009.yaml,20311fc4b92983e57417f67010cee4692f778849fca1f72b6c8eb4be24625bf7,491
configs/phase6/group_a_baseline/CREATEORDER_V4_C1_F0_P0_C1_S7000.yaml,5bdf0860da383c167cf83fc3ac7db23e71413a7e1b21a144317cebd60571f665,489
configs/phase6/group_a_baseline/CREATEORDER_V4_C1_F0_P0_C1_S7001.yaml,301634e4651471316f6b324a067b32cf5f47c9457dcd6a64f594124fec3d6e87,489
configs/phase6/group_a_baseline/CREATEORDER_V4_C1_F0_P0_C1_S7002.yaml,052d70d1c09a98dd1e51ad1c339fb7c4c1ea1d9182d54e39c6e0847df4f5d02a,489
configs/phase6/group_a_baseline/CREATEORDER_V4_C1_F0_P0_C1_S7003.yaml,0f9c931dfd2864590baf05c12524882b6855c1f8a0fa64c0ee7faff55dc4a641,489
configs/phase6/group_a_baseline/CREATEORDER_V4_C1_F0_P0_C1_S7004.yaml,16d6a94dee25ea5e40d7df024a15e4df8caf17963b8b7134468ce3a359a766d8,489
configs/phase6/group_a_baseline/CREATEORDER_V4_C1_F0_P0_C1_S7005.yaml,da59ac18208ae4a8cf8297993403c2094598b13a1c1f215960a9b09f1a663a91,489
configs/phase6/group_a_baseline/CREATEORDER_V4_C1_F0_P0_C1_S7006.yaml,2cfd295a323b62b5eaf63c7f68f70d52af6b344f20a03dc61a8097b60ab2f121,489
configs/phase6/group_a_baseline/CREATEORDER_V4_C1_F0_P0_C1_S7007.yaml,6644af9f9820189f4097c5e3d6fec2c092ded9ef1d43117571068e8bb237fce2,489
configs/phase6/group_a_baseline/CREATEORDER_V4_C1_F0_P0_C1_S7008.yaml,eff57cdfeac4675b242aa45da9359165c2b44ee64145a674fb360c92b277cca9,489
configs/phase6/group_a_baseline/CREATEORDER_V4_C1_F0_P0_C1_S7009.yaml,42fd97c849562c912f9aae91c0e8e4cb380fab5162d0c5f72fb88a6751b4e61c,489
configs/phase6/group_a_baseline/CREATEORDER_V4_C1_F0_P0_C50_S7000.yaml,cd2942369de099ff9cea3e425a7ed7d12acecee7e94cc3245928709a99ed57c6,491
configs/phase6/group_a_baseline/CREATEORDER_V4_C1_F0_P0_C50_S7001.yaml,0b57f7abd6bacd02d8861fe835c60ba90877f1885e68fbb0397fe0fd8c042655,491
configs/phase6/group_a_baseline/CREATEORDER_V4_C1_F0_P0_C50_S7002.yaml,ea9d2324ba282182dc3158881a7918dc3256068b2ca4996a13064e99cb0424a6,491
configs/phase6/group_a_baseline/CREATEORDER_V4_C1_F0_P0_C50_S7003.yaml,3b263abb15f7c9d08fb968647afcafc12db681a78d3440d6d11a8bd6a03293a8,491
configs/phase6/group_a_baseline/CREATEORDER_V4_C1_F0_P0_C50_S7004.yaml,b52d2aa1ed1aac5bd781a6f423efde950955dff64b5f557e2677bff8a94f9330,491
configs/phase6/group_a_baseline/CREATEORDER_V4_C1_F0_P0_C50_S7005.yaml,8b50438cd5c6f6dcbfc1d944d367225b372639277eadb45178d0d5296304aa49,491
configs/phase6/group_a_baseline/CREATEORDER_V4_C1_F0_P0_C50_S7006.yaml,b69e713b64ee114eb9d6cf26d88763373b86999a68ec9fc18969f612d665c623,491
configs/phase6/group_a_baseline/CREATEORDER_V4_C1_F0_P0_C50_S7007.yaml,052a7710860d4f399632f81d062ff63b41f15ae8baf9139f3525f02bcb3afeff,491
configs/phase6/group_a_baseline/CREATEORDER_V4_C1_F0_P0_C50_S7008.yaml,943db8763f75100eafe217b29e030c35884e73ae70372230707c6efa5cf61c85,491
configs/phase6/group_a_baseline/CREATEORDER_V4_C1_F0_P0_C50_S7009.yaml,6c5ea7bf35c2dead8fc0e51e1ff0786bb92849c0237e898c3887d67ffd81fdd0,491
configs/phase6/group_a_baseline/CREATEORDER_V5_C2_F0_P0_C100_S7000.yaml,9efe8e02f5f88a610a9c5586252e059e2ea3d70335b9c241bcd0c2bb7d5b07de,493
configs/phase6/group_a_baseline/CREATEORDER_V5_C2_F0_P0_C100_S7001.yaml,fad624d31cdca9a1ff44cd972fce88cdc9a41accd4a6e89e5774da2996d95d89,493
configs/phase6/group_a_baseline/CREATEORDER_V5_C2_F0_P0_C100_S7002.yaml,8ac0b9cc005ef1dfbf1c197a3de800da93deb3ad6da29ad019dbcf254f8f5a15,493
configs/phase6/group_a_baseline/CREATEORDER_V5_C2_F0_P0_C100_S7003.yaml,ee54cfc056455f6d86f5b652d3fe7f747b3b0fa8f0f719ee2ba724bfb14c7a80,493
configs/phase6/group_a_baseline/CREATEORDER_V5_C2_F0_P0_C100_S7004.yaml,74ba27337020fb066e5b341f19670e45e77854e406540ccdd0954f5af8293c08,493
configs/phase6/group_a_baseline/CREATEORDER_V5_C2_F0_P0_C100_S7005.yaml,f12770008dc0a5905189c9c7cec6d155322e69e4ba61a2fc33b1a64a3634d034,493
configs/phase6/group_a_baseline/CREATEORDER_V5_C2_F0_P0_C100_S7006.yaml,161ec866dde0af11ff25f4721504e84f04674329aecdfb5e1977efcb822bd74b,493
configs/phase6/group_a_baseline/CREATEORDER_V5_C2_F0_P0_C100_S7007.yaml,746612823f02f9ab2a3decd09fbab4fcd2848484925923904d18079b9ef3d497,493
configs/phase6/group_a_baseline/CREATEORDER_V5_C2_F0_P0_C100_S7008.yaml,677426af22696768a1fe8619709a62258bb397b69634d0fd8a124b8063d95903,493
configs/phase6/group_a_baseline/CREATEORDER_V5_C2_F0_P0_C100_S7009.yaml,c07699f1a21e111e6920f53359402f158bdbde286b90c53dcc29e91522571222,493
configs/phase6/group_a_baseline/CREATEORDER_V5_C2_F0_P0_C10_S7000.yaml,c350312860909bdb83049ac88fab9f32d3c34f31c0e2ef0bcc1320b5be5f3dba,491
configs/phase6/group_a_baseline/CREATEORDER_V5_C2_F0_P0_C10_S7001.yaml,508e763170ebae80abad77c890eb8d5f3281298882ae77dd8be04697532dbc50,491
configs/phase6/group_a_baseline/CREATEORDER_V5_C2_F0_P0_C10_S7002.yaml,c3c8297e82659f1bb2170ca80efb4c2d721afe862a7275d30403284740bf3e1b,491
configs/phase6/group_a_baseline/CREATEORDER_V5_C2_F0_P0_C10_S7003.yaml,f166a5861f2c899e7bc7a7425adc419ccefa08fcbc18c82308e8859c6ffc74e8,491
configs/phase6/group_a_baseline/CREATEORDER_V5_C2_F0_P0_C10_S7004.yaml,eb31bbaf4e61edfccff2471661ce70e512af7b8298889a5539ec6a6daa28cfb0,491
configs/phase6/group_a_baseline/CREATEORDER_V5_C2_F0_P0_C10_S7005.yaml,e61621f5bc3d6113d6ffd1b59eff0d119a31ded34d7e189e09349e64ce12a5c7,491
configs/phase6/group_a_baseline/CREATEORDER_V5_C2_F0_P0_C10_S7006.yaml,7554af4dc9375ee7d4aee9e22e5b8702ffcb4c914f4f8ab45454fcfc6d9f58cd,491
configs/phase6/group_a_baseline/CREATEORDER_V5_C2_F0_P0_C10_S7007.yaml,e8f7dd39d8cbbe09d43eb288bd8726dfd158005d5cc15b7f253136bd64a88613,491
configs/phase6/group_a_baseline/CREATEORDER_V5_C2_F0_P0_C10_S7008.yaml,ee8bb15c54dc77ba99cbc033ab121c598ec108f49cf160dedf917ee521a03b6c,491
configs/phase6/group_a_baseline/CREATEORDER_V5_C2_F0_P0_C10_S7009.yaml,cd11a6d6d9a77821dcbf247ff78a8c82bc327e71a181921d91d09954ade2abd0,491
configs/phase6/group_a_baseline/CREATEORDER_V5_C2_F0_P0_C1_S7000.yaml,76e7de146366372f9ef37aa200f63be4c94d0d531102a42fd58d2ec009c69df3,489
configs/phase6/group_a_baseline/CREATEORDER_V5_C2_F0_P0_C1_S7001.yaml,c5f2e0d777cbce2034b7f1de842213551e200b3374e1b5bdcd35eedc3b838279,489
configs/phase6/group_a_baseline/CREATEORDER_V5_C2_F0_P0_C1_S7002.yaml,924a4f7a138b2dba1cbdf4b1dccfeeb45e92467cc2efb97bae158dc0852084be,489
configs/phase6/group_a_baseline/CREATEORDER_V5_C2_F0_P0_C1_S7003.yaml,e9da9d2a935f890a3dbc1d287b8ccf3a5a461867214b07021f9c7f1274f2a274,489
configs/phase6/group_a_baseline/CREATEORDER_V5_C2_F0_P0_C1_S7004.yaml,1c96589f5f881f2669565c266571869c244c8a02a9a152c6e04966a9cc5e8b87,489
configs/phase6/group_a_baseline/CREATEORDER_V5_C2_F0_P0_C1_S7005.yaml,f96f5afafa90a7e268415c2bf5a15f669bd057a951df2b6a6a542fbbded2061e,489
configs/phase6/group_a_baseline/CREATEORDER_V5_C2_F0_P0_C1_S7006.yaml,1016a376889a4cd76ca0503146253385be89a79b1bea553d53dc22324c31a320,489
configs/phase6/group_a_baseline/CREATEORDER_V5_C2_F0_P0_C1_S7007.yaml,c93be2c6392f2995df5fab2b6337871abfcf449648766f3e13bb6f728606484a,489
configs/phase6/group_a_baseline/CREATEORDER_V5_C2_F0_P0_C1_S7008.yaml,c2f7ccebb6b6409a9e61fcc2801c1f2c69dc83a0d0436741b8f57e4aca8b278c,489
configs/phase6/group_a_baseline/CREATEORDER_V5_C2_F0_P0_C1_S7009.yaml,7c39d7b500c1467ddb0e3a1d0d195880e6fb2f59b1aba708a19df38526a4116c,489
configs/phase6/group_a_baseline/CREATEORDER_V5_C2_F0_P0_C50_S7000.yaml,bb0dc67cc97f3dc3aaa2717d9e93120d73ad1b254dac9603d0a053827ba7ef6a,491
configs/phase6/group_a_baseline/CREATEORDER_V5_C2_F0_P0_C50_S7001.yaml,7184ac83039011c5867124b14b564e4b3e6d089fcf2c1e76e149c440c1dc8dd1,491
configs/phase6/group_a_baseline/CREATEORDER_V5_C2_F0_P0_C50_S7002.yaml,ba838dececde2766351c06248c37b557929790422ba149df49f1fe5eb354afb9,491
configs/phase6/group_a_baseline/CREATEORDER_V5_C2_F0_P0_C50_S7003.yaml,8097e14607353451f59ac3df576ad5214a50e9e3e0a2a7914dc56ef592d23ec0,491
configs/phase6/group_a_baseline/CREATEORDER_V5_C2_F0_P0_C50_S7004.yaml,9ff25a5bcda7e14e553529e417143076989b64281aad37be2fca14008a3d7d71,491
configs/phase6/group_a_baseline/CREATEORDER_V5_C2_F0_P0_C50_S7005.yaml,8f32301713f9d4b15b090cc135111211622367ce1d741a8b6f72d74c459fea7a,491
configs/phase6/group_a_baseline/CREATEORDER_V5_C2_F0_P0_C50_S7006.yaml,814b6da6de9f3f9b3f2ba13c8df6b91fa95aefa954ff434aa88af8d56633f80d,491
configs/phase6/group_a_baseline/CREATEORDER_V5_C2_F0_P0_C50_S7007.yaml,a2f6d307fd5d5c1f3279bb3e72ba64c842cb41e9acb02d718345f475a994c782,491
configs/phase6/group_a_baseline/CREATEORDER_V5_C2_F0_P0_C50_S7008.yaml,649ac785e706fbe47108588ee837e1cdfa10467929494d02229e892d1c37567f,491
configs/phase6/group_a_baseline/CREATEORDER_V5_C2_F0_P0_C50_S7009.yaml,29b63151c43ef8332fe0e03c05755f98a3b0b5a8d86c22e48e3211941a97f869,491
configs/phase6/group_b_ambiguous/CREATEORDER_V0_C0_F3_P10_C10_S7000.yaml,e418e020aa08da310d4155560d01be098fd7c11ae1d0fa3074ed4cea61f5649b,492
configs/phase6/group_b_ambiguous/CREATEORDER_V0_C0_F3_P10_C10_S7001.yaml,ffe3a135027990aa0179250d29c7281c2b25bf510ac650a71b0e4cd6dbb1af99,492
configs/phase6/group_b_ambiguous/CREATEORDER_V0_C0_F3_P10_C10_S7002.yaml,665153e0fec3aa62e59c89c7562df2da1f4798090d055ec331f06509d944838f,492
configs/phase6/group_b_ambiguous/CREATEORDER_V0_C0_F3_P10_C10_S7003.yaml,cc5cbabaa0dbbd26a373cc8628a0e493af79f3c2ee4b5817f5acfd362bff19d2,492
configs/phase6/group_b_ambiguous/CREATEORDER_V0_C0_F3_P10_C10_S7004.yaml,dc0dd698e417862653e1954ca50f18523406ec67f0d63de951f505e194fd9f4b,492
configs/phase6/group_b_ambiguous/CREATEORDER_V0_C0_F3_P10_C10_S7005.yaml,a49e3ea7f6f509b1cb8023c1d1d401ac700f4812d2ef7580f96df5104ea7be81,492
configs/phase6/group_b_ambiguous/CREATEORDER_V0_C0_F3_P10_C10_S7006.yaml,e2cb2716c3f172a0b79eb2d27861a13b176b324f723a3c4cc476b0409b5c401d,492
configs/phase6/group_b_ambiguous/CREATEORDER_V0_C0_F3_P10_C10_S7007.yaml,fe9ba17d7c76f14aff706ddabb8b0994333801a9429d690d13fdbe82ac81c05d,492
configs/phase6/group_b_ambiguous/CREATEORDER_V0_C0_F3_P10_C10_S7008.yaml,596faba6ca2658d9b50434004b41d2ff0e9a617f820a7d401c1d105bd0695995,492
configs/phase6/group_b_ambiguous/CREATEORDER_V0_C0_F3_P10_C10_S7009.yaml,594c1520b3c95b8537102e39b8ca5ac93e95824321a526648d65dfd8b75cafc0,492
configs/phase6/group_b_ambiguous/CREATEORDER_V0_C0_F3_P10_C50_S7000.yaml,bc1f3e39535bafda6c1c29e4bfb5ed054db3c301e7364bc10474aa459a9e22a3,492
configs/phase6/group_b_ambiguous/CREATEORDER_V0_C0_F3_P10_C50_S7001.yaml,e3c675ba5d96f6d3779c01e31e8a621e21199ff80c984f391a4537a5a266f43c,492
configs/phase6/group_b_ambiguous/CREATEORDER_V0_C0_F3_P10_C50_S7002.yaml,e7ebb4c114d24627141aa307cba3c2b01884e3c8b1e5ed706ca517942c336cfd,492
configs/phase6/group_b_ambiguous/CREATEORDER_V0_C0_F3_P10_C50_S7003.yaml,8aaa83c675bcc5f475fea7fcf0486b9ce9e257e98d5fa6629cee963b72de40da,492
configs/phase6/group_b_ambiguous/CREATEORDER_V0_C0_F3_P10_C50_S7004.yaml,748bb16a98525d9d8bab200fb00be59cb88a4a3f50f3271c8f90ffb3949c7c73,492
configs/phase6/group_b_ambiguous/CREATEORDER_V0_C0_F3_P10_C50_S7005.yaml,9353de6f8c8397ecbb9d29c2a8c9339ca9a1c8dab004606b59f2db958e45fbab,492
configs/phase6/group_b_ambiguous/CREATEORDER_V0_C0_F3_P10_C50_S7006.yaml,2344ab38402ea4d4554a51943d59bdbbcee3fad9742ed120c45730ca670728a9,492
configs/phase6/group_b_ambiguous/CREATEORDER_V0_C0_F3_P10_C50_S7007.yaml,e70df72b2a9d68e0b6d8fe209c6836d560ce99988c925d14ef0c815591d65171,492
configs/phase6/group_b_ambiguous/CREATEORDER_V0_C0_F3_P10_C50_S7008.yaml,5e0bd3591a3023edcb7c7d355954e87d2018b58fb41c05ddc36874bca8280057,492
configs/phase6/group_b_ambiguous/CREATEORDER_V0_C0_F3_P10_C50_S7009.yaml,d87f15885b390f492cdf7f55f762cebf866e15a229d8501d2cb63e7f9b3726ff,492
configs/phase6/group_b_ambiguous/CREATEORDER_V0_C0_F3_P1_C10_S7000.yaml,2dbce47c87bd54abc0b0f82463ca08688398a0dd53b4caa796cc77db4e9a809c,492
configs/phase6/group_b_ambiguous/CREATEORDER_V0_C0_F3_P1_C10_S7001.yaml,d8150209d7fa7d0f721c44c39077ce81c02ed1206b212229649746a3b42df285,492
configs/phase6/group_b_ambiguous/CREATEORDER_V0_C0_F3_P1_C10_S7002.yaml,e787ec58ee1478a878c24eb633b2183282520d08ee99ce27f20b70b559eee513,492
configs/phase6/group_b_ambiguous/CREATEORDER_V0_C0_F3_P1_C10_S7003.yaml,041acdecfdd6d7b5b1475ec4034bba08da43fc83a8e6899a70116b48c5e76dc7,492
configs/phase6/group_b_ambiguous/CREATEORDER_V0_C0_F3_P1_C10_S7004.yaml,a95c3744808f9c929dd375899ba1cfa68da6fc2c19899a55557adcc61273ab5b,492
configs/phase6/group_b_ambiguous/CREATEORDER_V0_C0_F3_P1_C10_S7005.yaml,f3cb8f500bb677cc8ee5b8528f5a06e329b38c1cd226c20fb3e54347dce4c365,492
configs/phase6/group_b_ambiguous/CREATEORDER_V0_C0_F3_P1_C10_S7006.yaml,eef398b997e3d78fe2ecd64dd14bb7f65796dcfd4d1bacdac2f3e500a846df6b,492
configs/phase6/group_b_ambiguous/CREATEORDER_V0_C0_F3_P1_C10_S7007.yaml,68c4c3db1a7cd200af5a154d509a6fd3925e6ba78fb5fd2e905c3132b85db160,492
configs/phase6/group_b_ambiguous/CREATEORDER_V0_C0_F3_P1_C10_S7008.yaml,a2f05ebbfc20087330dff6586c9fed91206b9d63f3df33f69ffd239350219091,492
configs/phase6/group_b_ambiguous/CREATEORDER_V0_C0_F3_P1_C10_S7009.yaml,b05c9370ddd9237024765326e5b5897384cef7216545b737abf9e3cb3deee583,492
configs/phase6/group_b_ambiguous/CREATEORDER_V0_C0_F3_P1_C50_S7000.yaml,749a6da7801395a9977fa83b97ba520c68d1b773d4f8493ac71573301b48f206,492
configs/phase6/group_b_ambiguous/CREATEORDER_V0_C0_F3_P1_C50_S7001.yaml,6a6746585821271c668c9e4a9759f2ee51cc18924b6a3296facb932c71dc693b,492
configs/phase6/group_b_ambiguous/CREATEORDER_V0_C0_F3_P1_C50_S7002.yaml,2e2488b178498f30eef62196958f3225b98ad8750e0b26d1acce9de6c7727c5b,492
configs/phase6/group_b_ambiguous/CREATEORDER_V0_C0_F3_P1_C50_S7003.yaml,e4431078d2af577a859cc99f8069cd2a320f69314f21b5cdb98d595d116fa7f1,492
configs/phase6/group_b_ambiguous/CREATEORDER_V0_C0_F3_P1_C50_S7004.yaml,b08856f6b568e1437f7d3283880b1938271a0ad8a96edf367cb4be819c29e2e5,492
configs/phase6/group_b_ambiguous/CREATEORDER_V0_C0_F3_P1_C50_S7005.yaml,ab38a12f2adb4958f4f43329c21bec3c7a621f96c953e59977571baa5d2b2df8,492
configs/phase6/group_b_ambiguous/CREATEORDER_V0_C0_F3_P1_C50_S7006.yaml,bcc515b16d519ff9a5f78e45fa976990bc45f8302c98bd150eaab37aa2accfe0,492
configs/phase6/group_b_ambiguous/CREATEORDER_V0_C0_F3_P1_C50_S7007.yaml,ea6ecce98d139a1431ad388b07c5340eab9404712a2191114193631fbdaa5110,492
configs/phase6/group_b_ambiguous/CREATEORDER_V0_C0_F3_P1_C50_S7008.yaml,294a9c7d05e7a7f5d90e8d4e84bf4e36805a17abfe878b5fe16218576c682d26,492
configs/phase6/group_b_ambiguous/CREATEORDER_V0_C0_F3_P1_C50_S7009.yaml,513551d4ed77c601b4174fbbfe6233a52adfadb2f0d9fe493681ee677059223f,492
configs/phase6/group_b_ambiguous/CREATEORDER_V0_C0_F3_P20_C10_S7000.yaml,92b1cc471c0a475cadf8580e6936a78f88f25ebdecf7d7da5ba7de26f97caee4,492
configs/phase6/group_b_ambiguous/CREATEORDER_V0_C0_F3_P20_C10_S7001.yaml,f80f3a12d062c84fcc532610a4aa0481a24e2cda09ed3f3341bacfb14d4b1d8c,492
configs/phase6/group_b_ambiguous/CREATEORDER_V0_C0_F3_P20_C10_S7002.yaml,8640d93d17fc8abcce45f70d5eede6c15246f64bd05329d4083003b7c88df2fc,492
configs/phase6/group_b_ambiguous/CREATEORDER_V0_C0_F3_P20_C10_S7003.yaml,a4d7215b1e3b4d79c854f25c0a1d387d32d8f00148352fc2482d6d7b478a8114,492
configs/phase6/group_b_ambiguous/CREATEORDER_V0_C0_F3_P20_C10_S7004.yaml,3ac58747866c4a166f87c7783ab9c96a6053295a532f816a77e4230b36f0b399,492
configs/phase6/group_b_ambiguous/CREATEORDER_V0_C0_F3_P20_C10_S7005.yaml,4c00d3b8ce97674dc15fc7e84231cd61bc7e1b55e6f8c0f9cfaf3eff67cd0e54,492
configs/phase6/group_b_ambiguous/CREATEORDER_V0_C0_F3_P20_C10_S7006.yaml,ee9e1146abd02a766ac8970e3067aba22409b8911595bd56cdfeddc4e5d3198c,492
configs/phase6/group_b_ambiguous/CREATEORDER_V0_C0_F3_P20_C10_S7007.yaml,27d834f482e83ccb6650cd0ce6ba68700143fbe5d71c62ec90b8c497ccb19c18,492
configs/phase6/group_b_ambiguous/CREATEORDER_V0_C0_F3_P20_C10_S7008.yaml,b3631d6c6ec2d98d534eb19efb32df71b860e4f4afefbec4d27aee271f84ab83,492
configs/phase6/group_b_ambiguous/CREATEORDER_V0_C0_F3_P20_C10_S7009.yaml,d6dbd38fe236ae5aa751328ce859755cbe1d95276284d10fe6f5779a36e09f2b,492
configs/phase6/group_b_ambiguous/CREATEORDER_V0_C0_F3_P20_C50_S7000.yaml,dcea9d34aff52b31a7fc7408a85d3a37c51dd2717445262bdae540fb576a9212,492
configs/phase6/group_b_ambiguous/CREATEORDER_V0_C0_F3_P20_C50_S7001.yaml,b834fd8f60e9f30784b55501658c971ed1489df936a6fd1464531f3f9f3d57b8,492
configs/phase6/group_b_ambiguous/CREATEORDER_V0_C0_F3_P20_C50_S7002.yaml,2ef186a949eed25607967501af4fedb21b3f1f98f2d4e42bd02ea9e6e3a16872,492
configs/phase6/group_b_ambiguous/CREATEORDER_V0_C0_F3_P20_C50_S7003.yaml,50899ba4f4fa96e30c4e30acfff72e7bd12e9b5a3c84ef85669aa923cbcc0500,492
configs/phase6/group_b_ambiguous/CREATEORDER_V0_C0_F3_P20_C50_S7004.yaml,8753c3b83454e20cafeb83111fa54853c7098ab4c596b9b2bfb6e6486aec2f19,492
configs/phase6/group_b_ambiguous/CREATEORDER_V0_C0_F3_P20_C50_S7005.yaml,b88f8d360f0d58e122f4ff234ddf4603440f4128dec531e094b1238cd9744a16,492
configs/phase6/group_b_ambiguous/CREATEORDER_V0_C0_F3_P20_C50_S7006.yaml,1230f05097ccee1a5d4e44bb1853368e01617ad449ef437a5bff7b1dc10b7b61,492
configs/phase6/group_b_ambiguous/CREATEORDER_V0_C0_F3_P20_C50_S7007.yaml,0e6d8b23e164ec241afbb14cd4ef934565a1fbdaee999f8e0fa8e97f8ca19ede,492
configs/phase6/group_b_ambiguous/CREATEORDER_V0_C0_F3_P20_C50_S7008.yaml,9ab5ed7c2f7efd7efe128ba5ff85b36b54d4350dcd04340e643d2381ff45e523,492
configs/phase6/group_b_ambiguous/CREATEORDER_V0_C0_F3_P20_C50_S7009.yaml,d81c9731cd944492ae129ca91cca567c8c30fb3aa76530882d4b62fb29c1dcf6,492
configs/phase6/group_b_ambiguous/CREATEORDER_V0_C0_F3_P5_C10_S7000.yaml,b8c8b50859cff1c8877a6fc795b0d531492e9f788314fcb7564e089e111c27f3,492
configs/phase6/group_b_ambiguous/CREATEORDER_V0_C0_F3_P5_C10_S7001.yaml,d7a8929c1e1267e518680045b76a47d5a59ae2b67f1265ca9a5682b8388820ce,492
configs/phase6/group_b_ambiguous/CREATEORDER_V0_C0_F3_P5_C10_S7002.yaml,5a3a3362cb9ad066d5f880b712843a488edb8aa70cd16ee6290a02310d26ae12,492
configs/phase6/group_b_ambiguous/CREATEORDER_V0_C0_F3_P5_C10_S7003.yaml,6f8d27a624387100fa4aa9867099c4d34ebbec12a0be7f2e35b031cbd65fe3d3,492
configs/phase6/group_b_ambiguous/CREATEORDER_V0_C0_F3_P5_C10_S7004.yaml,fe5f8c53d2774a8f7b33a695925a73cc023bd59507836ed363c180a852a6cf86,492
configs/phase6/group_b_ambiguous/CREATEORDER_V0_C0_F3_P5_C10_S7005.yaml,a54d215d8ee2a78fc2538c32f98a8469f5cd238a4ea540f9450112e7e35487ee,492
configs/phase6/group_b_ambiguous/CREATEORDER_V0_C0_F3_P5_C10_S7006.yaml,d113cf9aa54da2e61cb5d6a4173808a943ebdf17e602d6a45bcf13d474c162ef,492
configs/phase6/group_b_ambiguous/CREATEORDER_V0_C0_F3_P5_C10_S7007.yaml,ccfa7d1af12a025a23c41a93e8652bed61be0a5f15889a2a681bd00b5db9cf01,492
configs/phase6/group_b_ambiguous/CREATEORDER_V0_C0_F3_P5_C10_S7008.yaml,17b8eb7a48689f2d309c76d0a7736d658a9559ec5ed587e647f068b836d1628c,492
configs/phase6/group_b_ambiguous/CREATEORDER_V0_C0_F3_P5_C10_S7009.yaml,8f16e118bb0b4d56f279549c83926bf6637294d5bb33883654002506e4af8b2d,492
configs/phase6/group_b_ambiguous/CREATEORDER_V0_C0_F3_P5_C50_S7000.yaml,dd5fad47bde2648afa9e1add6f95d4df476e6e1eefee7fdde235731299977af1,492
configs/phase6/group_b_ambiguous/CREATEORDER_V0_C0_F3_P5_C50_S7001.yaml,78a666df92164749598398f1dd7ec3f41f8eb5076c146ebc7eabf6db47abb6e9,492
configs/phase6/group_b_ambiguous/CREATEORDER_V0_C0_F3_P5_C50_S7002.yaml,8d7a505368897ef8746c4caf4d148e79026e72b76ee6669beb0e491883b79b94,492
configs/phase6/group_b_ambiguous/CREATEORDER_V0_C0_F3_P5_C50_S7003.yaml,f4152f462f1b18f232510332298ff016ad79080f05a4c480cf90c21cd19fc442,492
configs/phase6/group_b_ambiguous/CREATEORDER_V0_C0_F3_P5_C50_S7004.yaml,2e8d69cfcc20d33e50608f624c73798b5e587ac9b333a91f5d7c6ba0d7054245,492
configs/phase6/group_b_ambiguous/CREATEORDER_V0_C0_F3_P5_C50_S7005.yaml,ff8cb7783620ded90f6eea2a714d55a2f0d924e6e2b1f255afb7c00609a61674,492
configs/phase6/group_b_ambiguous/CREATEORDER_V0_C0_F3_P5_C50_S7006.yaml,3efee80cda45a352ed7b6663594706b7b267c9438a1aa9d38a9dc7f802c00c55,492
configs/phase6/group_b_ambiguous/CREATEORDER_V0_C0_F3_P5_C50_S7007.yaml,63408090dadf91f51cddb03538bdb94500d6b019ecd9525f165245f4eb834a1e,492
configs/phase6/group_b_ambiguous/CREATEORDER_V0_C0_F3_P5_C50_S7008.yaml,7e2f66f755c02a0ef442d082434a058916b1bcc5336960ffd9b5fa65b3e27135,492
configs/phase6/group_b_ambiguous/CREATEORDER_V0_C0_F3_P5_C50_S7009.yaml,7b8797d0ce7e9e76c49282d7f3da88ca58ee6c75f39e81ae48bb08add620b0df,492
configs/phase6/group_b_ambiguous/CREATEORDER_V0_C0_F4_P10_C10_S7000.yaml,9f03dbfca763e4e9298caff13794c93bbc1aafab1b813c309caa508df09e0d85,492
configs/phase6/group_b_ambiguous/CREATEORDER_V0_C0_F4_P10_C10_S7001.yaml,20ccd8257ed7ada7f6d8b035d2f57828a6cac858bb74d4ca9c3582a35f4cc5a1,492
configs/phase6/group_b_ambiguous/CREATEORDER_V0_C0_F4_P10_C10_S7002.yaml,fd4c5cbdd2beb86b9724f4f635bcddd6393486d859b6182ec9de94e9a92f9923,492
configs/phase6/group_b_ambiguous/CREATEORDER_V0_C0_F4_P10_C10_S7003.yaml,113fb1500b91031ad5137ac07740d9f3fc3ef93b13b3f18ec781d1278ca2476f,492
configs/phase6/group_b_ambiguous/CREATEORDER_V0_C0_F4_P10_C10_S7004.yaml,162ec831d20e51e1670cc0da72747597325877bece7042f7a09f723ac90aae9e,492
configs/phase6/group_b_ambiguous/CREATEORDER_V0_C0_F4_P10_C10_S7005.yaml,8cd477001d2241b80162a72f2c1ac84e0dbbc4992c0c5af2c58a9bc6f02f6ea5,492
configs/phase6/group_b_ambiguous/CREATEORDER_V0_C0_F4_P10_C10_S7006.yaml,2f70ff31eb36f8a3f9757da0025c9ef6c10f9b4b56748704057daadc99860375,492
configs/phase6/group_b_ambiguous/CREATEORDER_V0_C0_F4_P10_C10_S7007.yaml,afbb0d9984b7913daeaa364f662c93a5fc942ea6ec0a05f5567d614df54f13f5,492
configs/phase6/group_b_ambiguous/CREATEORDER_V0_C0_F4_P10_C10_S7008.yaml,130d1d1bf0e0bae7fb199de02bb23e11f882860431b884bea7f25b7fd949e321,492
configs/phase6/group_b_ambiguous/CREATEORDER_V0_C0_F4_P10_C10_S7009.yaml,3296e37c8a8c103ae8f6c5ea0e9d4691bc1c66be33568ed08b9a1feae4244e39,492
configs/phase6/group_b_ambiguous/CREATEORDER_V0_C0_F4_P10_C50_S7000.yaml,6a16204c2385365d27fd75d390a304e7b1d390141921d008ab01dbe85a57910f,492
configs/phase6/group_b_ambiguous/CREATEORDER_V0_C0_F4_P10_C50_S7001.yaml,dac84e1f42e73e0ea3e3ce30a5eeb445a175841e70c7ac7f1fd2d3b14355b07c,492
configs/phase6/group_b_ambiguous/CREATEORDER_V0_C0_F4_P10_C50_S7002.yaml,3f70edff4c9f396441643c050c7801b3e3332722eda5462d7e656aed3c46e548,492
configs/phase6/group_b_ambiguous/CREATEORDER_V0_C0_F4_P10_C50_S7003.yaml,daee7a2db585a28edeb7c48cf6e1ec809ee59c3dffc843fd692eb71ee97e1af1,492
configs/phase6/group_b_ambiguous/CREATEORDER_V0_C0_F4_P10_C50_S7004.yaml,61e6dbf2d309e30aa5f2f5c8d3e2852d2366b9799d1190ada5f8156e200ac4c6,492
configs/phase6/group_b_ambiguous/CREATEORDER_V0_C0_F4_P10_C50_S7005.yaml,8d3c6d00f5723eebae12c089a60dcb204c089be1af86d3849046508a0be12e28,492
configs/phase6/group_b_ambiguous/CREATEORDER_V0_C0_F4_P10_C50_S7006.yaml,986fe39d5c011202dc9c1dae7fd7423824dcd2dfe72814942a63afadbf8d3b17,492
configs/phase6/group_b_ambiguous/CREATEORDER_V0_C0_F4_P10_C50_S7007.yaml,b5d6e219a5275b4b69100c108f3bb44da161102864bbe4314e7e44c9d0abbfa4,492
configs/phase6/group_b_ambiguous/CREATEORDER_V0_C0_F4_P10_C50_S7008.yaml,0643607c12ba0a833ee2c6290e1a96e396fd9a74275ccdaee65c8b365e6c4658,492
configs/phase6/group_b_ambiguous/CREATEORDER_V0_C0_F4_P10_C50_S7009.yaml,af6a3f77e219d55a312c4b7111fffb9afdb535a8e3697ad1e7528f531af68d46,492
configs/phase6/group_b_ambiguous/CREATEORDER_V0_C0_F4_P1_C10_S7000.yaml,5531b976e223be95ea06128ce07c1ce44eb43a6e1f6856a803442bc5f67a9e93,492
configs/phase6/group_b_ambiguous/CREATEORDER_V0_C0_F4_P1_C10_S7001.yaml,348850621abc7a7620a8cecab74c96eefc65a1a06db3c14e93dd3a3327e318a0,492
configs/phase6/group_b_ambiguous/CREATEORDER_V0_C0_F4_P1_C10_S7002.yaml,f57f90633fc86b55efd547a45313270e189704fb3e68ca46a188ddc8659c1344,492
configs/phase6/group_b_ambiguous/CREATEORDER_V0_C0_F4_P1_C10_S7003.yaml,e7f5de4c923d73db3c2e07f7e1e84f671884e4e35cce6b96b2a18946e55cf881,492
configs/phase6/group_b_ambiguous/CREATEORDER_V0_C0_F4_P1_C10_S7004.yaml,5c0a5566ce9c651ebfe64f46667a42802061648e89f189fa3548ea03f2c1aff7,492
configs/phase6/group_b_ambiguous/CREATEORDER_V0_C0_F4_P1_C10_S7005.yaml,c2c3fdaacf5bc5e98d53b3d4dba1fc7ab98bc79d3be66b7110ee624760125235,492
configs/phase6/group_b_ambiguous/CREATEORDER_V0_C0_F4_P1_C10_S7006.yaml,d3cee82c237327a7861b13641d6afb5c62ed6ebbccf996b85cbda7cdf35054f5,492
configs/phase6/group_b_ambiguous/CREATEORDER_V0_C0_F4_P1_C10_S7007.yaml,909507f08ffabc3bf01aed3af396abd79759c982da6124645d6e7cacda2a2eb7,492
configs/phase6/group_b_ambiguous/CREATEORDER_V0_C0_F4_P1_C10_S7008.yaml,0dded9a12be20f1240fb356993f7b4352cfababfbc667c71be2944409b2857b3,492
configs/phase6/group_b_ambiguous/CREATEORDER_V0_C0_F4_P1_C10_S7009.yaml,b197e1839f0a1ba8a115883f4eab520479c1c611f53da732d3fda20e25aa03ad,492
configs/phase6/group_b_ambiguous/CREATEORDER_V0_C0_F4_P1_C50_S7000.yaml,85c05474c67bf9e0f9d9a979914467e40512b261901061143b3f4862275d93da,492
configs/phase6/group_b_ambiguous/CREATEORDER_V0_C0_F4_P1_C50_S7001.yaml,b08fb1c2b0f2f0ad2f14dbedac527a6b7025d82de38e3ea9b9a6c927239581bc,492
configs/phase6/group_b_ambiguous/CREATEORDER_V0_C0_F4_P1_C50_S7002.yaml,4fe1ffc6a638f436066b63314625423ceb65138cca74151339dd189bcea0dbdd,492
configs/phase6/group_b_ambiguous/CREATEORDER_V0_C0_F4_P1_C50_S7003.yaml,e149331fe40d56904cba402aad70e6ba11b125673f966ef76e2c4378f800cc72,492
configs/phase6/group_b_ambiguous/CREATEORDER_V0_C0_F4_P1_C50_S7004.yaml,3f80adbe03cad8fea35f21aec9e4eb8abb68e14dbe507ff1833947898e7e8dd4,492
configs/phase6/group_b_ambiguous/CREATEORDER_V0_C0_F4_P1_C50_S7005.yaml,ec4dad242846889c37cac4063a49b3a175a7071f31777e99730dac7009774b04,492
configs/phase6/group_b_ambiguous/CREATEORDER_V0_C0_F4_P1_C50_S7006.yaml,4d605d29f73357b18ef75093c42bffe8a862114e8c7041bda1480616ac59fb1c,492
configs/phase6/group_b_ambiguous/CREATEORDER_V0_C0_F4_P1_C50_S7007.yaml,8f72a84c030cd00878d0e5e01c038b7ba34e99daf1ed869b63061d9e3f340061,492
configs/phase6/group_b_ambiguous/CREATEORDER_V0_C0_F4_P1_C50_S7008.yaml,528a01144281ee221594f461c5bf7e3a3a5ee2194374918f6216feb45252ecfd,492
configs/phase6/group_b_ambiguous/CREATEORDER_V0_C0_F4_P1_C50_S7009.yaml,a11f5ae040e4b17c4685fe541900f7f3f0067a3571a4e84193f75eaaa47ae698,492
configs/phase6/group_b_ambiguous/CREATEORDER_V0_C0_F4_P20_C10_S7000.yaml,4af265b326d679f878a31178a255def1f0a1843a162534548746ac4bd21f2798,492
configs/phase6/group_b_ambiguous/CREATEORDER_V0_C0_F4_P20_C10_S7001.yaml,4630f267a1093c349c282b885b9c76f10bcf6664ea84307565e9bd694247ba8d,492
configs/phase6/group_b_ambiguous/CREATEORDER_V0_C0_F4_P20_C10_S7002.yaml,71dbf0641e1b6ad321ce74694c5b38d94340665df36bd10cf2d84d6a5ce7bcb5,492
configs/phase6/group_b_ambiguous/CREATEORDER_V0_C0_F4_P20_C10_S7003.yaml,13c45acc172bf729fd80116d78ef175e60b90931a99141b3297ed3d69b916183,492
configs/phase6/group_b_ambiguous/CREATEORDER_V0_C0_F4_P20_C10_S7004.yaml,d3d9f435e8f1a7e6a668c549cf403ba772d803a8ac42f924b074466d61e3da61,492
configs/phase6/group_b_ambiguous/CREATEORDER_V0_C0_F4_P20_C10_S7005.yaml,b09a0c304f5dc158be2a09add77c9bf254b07a0f5ffda580d20cd804cda88423,492
configs/phase6/group_b_ambiguous/CREATEORDER_V0_C0_F4_P20_C10_S7006.yaml,3576b14326c729ef7615034846b74f498eb70211765951661185254df7394030,492
configs/phase6/group_b_ambiguous/CREATEORDER_V0_C0_F4_P20_C10_S7007.yaml,893c6c584dc857cc42512e8af8f20d5046257e873b7a0bbc4b0eb81d2343af41,492
configs/phase6/group_b_ambiguous/CREATEORDER_V0_C0_F4_P20_C10_S7008.yaml,6d663a5eec3d39528423aa27278df5f06fb4e19a7f63ebe33bbc0556c2c76824,492
configs/phase6/group_b_ambiguous/CREATEORDER_V0_C0_F4_P20_C10_S7009.yaml,e4e1a6d5c3fd0bc00b17a8cb2e25f3206d81f283237fe01af1a1b73cddedc871,492
configs/phase6/group_b_ambiguous/CREATEORDER_V0_C0_F4_P20_C50_S7000.yaml,271f940ab955b307973774695f2c0dd20f3a62de8146a0bd1aa8cc09cc5a2e21,492
configs/phase6/group_b_ambiguous/CREATEORDER_V0_C0_F4_P20_C50_S7001.yaml,1957a987ab1d8e0df2136093af0f9356ea1406a234f8c18b469764c8e26d5bfc,492
configs/phase6/group_b_ambiguous/CREATEORDER_V0_C0_F4_P20_C50_S7002.yaml,2f870342d7a79f200103ca622f8b7d0a952ecb5b36602dc8f3d4d767b53541fc,492
configs/phase6/group_b_ambiguous/CREATEORDER_V0_C0_F4_P20_C50_S7003.yaml,3b423eff921d06c1adbc84538a48eb9e2d5bbebd65f86c2519585c40a04d993b,492
configs/phase6/group_b_ambiguous/CREATEORDER_V0_C0_F4_P20_C50_S7004.yaml,5081a9a6181c98cc6b7b258ab3a897426255c775eba11c98e35905dee44d9b7f,492
configs/phase6/group_b_ambiguous/CREATEORDER_V0_C0_F4_P20_C50_S7005.yaml,5271d2f65fcfb900ce90f42f7b065815af54142c337f2baf602a6e51fd9ea019,492
configs/phase6/group_b_ambiguous/CREATEORDER_V0_C0_F4_P20_C50_S7006.yaml,3ada04a723a3e9a9216ca360c32571cd8ae6d75e8d367d10d997c161df3f04bf,492
configs/phase6/group_b_ambiguous/CREATEORDER_V0_C0_F4_P20_C50_S7007.yaml,50683495af9eff5b76ee24c2a4d913b6090585ed8f3630625918915424f74b86,492
configs/phase6/group_b_ambiguous/CREATEORDER_V0_C0_F4_P20_C50_S7008.yaml,9a1371ccd0bf92bb02dd9b2d8f3d28f3bb95d5fff3fa988675d08fbad814ffbf,492
configs/phase6/group_b_ambiguous/CREATEORDER_V0_C0_F4_P20_C50_S7009.yaml,33fba12c5908684c433f70627b4cc8bd1a80041dcc33dc93aa45fb383c383062,492
configs/phase6/group_b_ambiguous/CREATEORDER_V0_C0_F4_P5_C10_S7000.yaml,61b5e6417f0aa7c53acc595029106f3614fe602d91dba04d4a0d5e4b98fa9f26,492
configs/phase6/group_b_ambiguous/CREATEORDER_V0_C0_F4_P5_C10_S7001.yaml,03fe2919956d1c6aaf4f5e7a309ca0406dc08ba1e1b444dcfc197ca3823f27dc,492
configs/phase6/group_b_ambiguous/CREATEORDER_V0_C0_F4_P5_C10_S7002.yaml,179f3ddbe2202ef8af8927e5d14b43bb97e60c7b0c543b433845920d340e249d,492
configs/phase6/group_b_ambiguous/CREATEORDER_V0_C0_F4_P5_C10_S7003.yaml,fc79cfb341a5555ac63ed08999e67cc383de6d42bca1efa51e0771cced75886c,492
configs/phase6/group_b_ambiguous/CREATEORDER_V0_C0_F4_P5_C10_S7004.yaml,a625db155f1b676045141762f2e7a82d7bd769aaefd3230cdbffdf1f94955385,492
configs/phase6/group_b_ambiguous/CREATEORDER_V0_C0_F4_P5_C10_S7005.yaml,eeed07aaa98266fbf4a9aa531c849bc4d8d55a7c622559fbd69d5c20381edfaa,492
configs/phase6/group_b_ambiguous/CREATEORDER_V0_C0_F4_P5_C10_S7006.yaml,b3dddaa304ee5f581bf6971b8e95821a00f94dcc9078ae3fec3c19efca3765fc,492
configs/phase6/group_b_ambiguous/CREATEORDER_V0_C0_F4_P5_C10_S7007.yaml,368de70d038a9e7de03eeb8c7a67ebd5451f19b3549d211974173f7afc602f83,492
configs/phase6/group_b_ambiguous/CREATEORDER_V0_C0_F4_P5_C10_S7008.yaml,f47feabbf82ea9ed3c76bfc083f1404c0f4290c0b24862f7161d8f7035e51738,492
configs/phase6/group_b_ambiguous/CREATEORDER_V0_C0_F4_P5_C10_S7009.yaml,3e91e8a7523d9bead18586c33218566416bf6ec910a52c4bfd776277bd287f22,492
configs/phase6/group_b_ambiguous/CREATEORDER_V0_C0_F4_P5_C50_S7000.yaml,ad83644459cfa43c57001c7d384fc89f603b05f2cc8123ed9b604937c526abbd,492
configs/phase6/group_b_ambiguous/CREATEORDER_V0_C0_F4_P5_C50_S7001.yaml,dedf1324f66f7237a236e49533d0556a54e466d26b6fc866dac57364a57890ab,492
configs/phase6/group_b_ambiguous/CREATEORDER_V0_C0_F4_P5_C50_S7002.yaml,ecc328f4ccbcda8cc940f19d16a6ec291cabe325c23a8edffad72c38e3b5a1a2,492
configs/phase6/group_b_ambiguous/CREATEORDER_V0_C0_F4_P5_C50_S7003.yaml,9fe61c4096117e7322b92b3d169dc802e4bb5cffd8a5aa8feec9e05b5b62bb84,492
configs/phase6/group_b_ambiguous/CREATEORDER_V0_C0_F4_P5_C50_S7004.yaml,89309ed75294dad37618fe22de0b8b373f917307727cda706b0a8d2fae91f898,492
configs/phase6/group_b_ambiguous/CREATEORDER_V0_C0_F4_P5_C50_S7005.yaml,bd74f3584afb62be9ba7a58a9f19a11b3505cc94748a308cd02ff881fa2820aa,492
configs/phase6/group_b_ambiguous/CREATEORDER_V0_C0_F4_P5_C50_S7006.yaml,d0c0945805f77b558957c851ee1507c72f2eca823613b40f20be67f3bd0e5b91,492
configs/phase6/group_b_ambiguous/CREATEORDER_V0_C0_F4_P5_C50_S7007.yaml,c7a863c8ed698fcb244f95dc69b1477f9cae299a3a38e4f200745da90ed915e3,492
configs/phase6/group_b_ambiguous/CREATEORDER_V0_C0_F4_P5_C50_S7008.yaml,c7021e8d33368b335ae269496ee7b71b61b977f3e75ee3243c3c5af322ed6840,492
configs/phase6/group_b_ambiguous/CREATEORDER_V0_C0_F4_P5_C50_S7009.yaml,dbb5ecd23ac041ce0531c9246994d3cebde222e30e64b882ff32de302dd06dfa,492
configs/phase6/group_b_ambiguous/CREATEORDER_V0_C0_F8_P10_C10_S7000.yaml,3fc18fddffa1154a3db61135cf5bbdeb06bf71ad3bd238583611f18162f18e02,492
configs/phase6/group_b_ambiguous/CREATEORDER_V0_C0_F8_P10_C10_S7001.yaml,492769183945826ede8a5aafe5f85548dfcfb60082a6b577abd27e45c5f6a6ad,492
configs/phase6/group_b_ambiguous/CREATEORDER_V0_C0_F8_P10_C10_S7002.yaml,1ac24c05358c936ae6e2e097181e4e8b829ddccd7addf8ba9d897e611d313319,492
configs/phase6/group_b_ambiguous/CREATEORDER_V0_C0_F8_P10_C10_S7003.yaml,c5ba327eab7c24f7e04e4480382a70be7e3cb5100655880fece54e179816de4f,492
configs/phase6/group_b_ambiguous/CREATEORDER_V0_C0_F8_P10_C10_S7004.yaml,b9b8378a2f2de4fe3def4a8ec262cdbc4da30ee43519cc91d02f31362ecbb8d8,492
configs/phase6/group_b_ambiguous/CREATEORDER_V0_C0_F8_P10_C10_S7005.yaml,5ebe7cc11ffad82ac101cb5a55a500e61ce7c4db54f83bae6e70918040824bb8,492
configs/phase6/group_b_ambiguous/CREATEORDER_V0_C0_F8_P10_C10_S7006.yaml,d8d3db36d286357cc9b54f536ce6f4c6e6b3fdf797484bbfd53d4e252616a981,492
configs/phase6/group_b_ambiguous/CREATEORDER_V0_C0_F8_P10_C10_S7007.yaml,62314e7a55be62cde2452c2f89036a6ace8ebb3f865e9547dc795a7270541c15,492
configs/phase6/group_b_ambiguous/CREATEORDER_V0_C0_F8_P10_C10_S7008.yaml,f3003d43958a3e41bb458f0a80a437efc32fbfe4133cf5c47d83280a3a9779c7,492
configs/phase6/group_b_ambiguous/CREATEORDER_V0_C0_F8_P10_C10_S7009.yaml,146f6b0aedd5bc46664824a3cab5bf05425d92e7b3f9898284dfc5814dc1a1d9,492
configs/phase6/group_b_ambiguous/CREATEORDER_V0_C0_F8_P10_C50_S7000.yaml,084b42b2e5f9f502d26e0652144a3786586da9996c3ae446283659945f19105e,492
configs/phase6/group_b_ambiguous/CREATEORDER_V0_C0_F8_P10_C50_S7001.yaml,ad3c0d053dcbcc5561db4ce31b5d2c1a6ecd8d75d790647b328510b193b9170b,492
configs/phase6/group_b_ambiguous/CREATEORDER_V0_C0_F8_P10_C50_S7002.yaml,dac79b9586cfca0b9bc14b4d23037aa09c73b678eef53fc93fa2f495e5fc783d,492
configs/phase6/group_b_ambiguous/CREATEORDER_V0_C0_F8_P10_C50_S7003.yaml,591fb33a4de2a77d0a22105c2503e43f22322ec40a35c351dbdecf39e7db114b,492
configs/phase6/group_b_ambiguous/CREATEORDER_V0_C0_F8_P10_C50_S7004.yaml,c59a54d96f5e48338d063acea09fc7696404734f9e1e02eb2c4128433fd84f8e,492
configs/phase6/group_b_ambiguous/CREATEORDER_V0_C0_F8_P10_C50_S7005.yaml,38f73c91430bd79c533ae5142b86821391d54915cc441d538425405bf815734d,492
configs/phase6/group_b_ambiguous/CREATEORDER_V0_C0_F8_P10_C50_S7006.yaml,bb8747f3e90e288f141d6f8386ef34706e044977986975aed1da2a0146ee3b8c,492
configs/phase6/group_b_ambiguous/CREATEORDER_V0_C0_F8_P10_C50_S7007.yaml,8e51dfdfe1a4726020715b427375aad58053d879eed9871e578588097c34a53d,492
configs/phase6/group_b_ambiguous/CREATEORDER_V0_C0_F8_P10_C50_S7008.yaml,e3942977b8ea688c1615a4e05c4b0e877871a6f278fd1a69539b7f9cf53fcbf6,492
configs/phase6/group_b_ambiguous/CREATEORDER_V0_C0_F8_P10_C50_S7009.yaml,f06c189bba98b071add93a6be1585b9ba614a28db690eed64d20760f6e1b18ca,492
configs/phase6/group_b_ambiguous/CREATEORDER_V0_C0_F8_P1_C10_S7000.yaml,543982bac03790f03b57925bb9019a9409df447bcbaf34cf77dc9a85a04b09c2,492
configs/phase6/group_b_ambiguous/CREATEORDER_V0_C0_F8_P1_C10_S7001.yaml,abd53243d84eb4b337ec7095d94c070a304c9cb0bc2302f9f2ccf0ef1191b2b6,492
configs/phase6/group_b_ambiguous/CREATEORDER_V0_C0_F8_P1_C10_S7002.yaml,92c226a5330f69ed63f0d8a0fb7a66fc2a0369d0775626f074098aa6bf72a286,492
configs/phase6/group_b_ambiguous/CREATEORDER_V0_C0_F8_P1_C10_S7003.yaml,fb2e6890fd558980697321eceb5af397ec4903312a126dda8927354542b4dc22,492
configs/phase6/group_b_ambiguous/CREATEORDER_V0_C0_F8_P1_C10_S7004.yaml,0e4a45650c56ceb92ed337caad10304575efbeb349a1340901f8f6179c7d1771,492
configs/phase6/group_b_ambiguous/CREATEORDER_V0_C0_F8_P1_C10_S7005.yaml,88e4f0d4111e2d8d5ac87dd300b2f29bbd5b004d817ed1e488f42577192405cd,492
configs/phase6/group_b_ambiguous/CREATEORDER_V0_C0_F8_P1_C10_S7006.yaml,ba8fbd623c600898eb7f9018f17b30c0c4b32d2a3d96d99864a1243d6b664d32,492
configs/phase6/group_b_ambiguous/CREATEORDER_V0_C0_F8_P1_C10_S7007.yaml,c7cb48c660daa67c4adccf04773dda6b72126a6be8a998646decded0ebf13595,492
configs/phase6/group_b_ambiguous/CREATEORDER_V0_C0_F8_P1_C10_S7008.yaml,14ef9badf1aeca087e2357a18f67d74beb5db6557c3a7eda5c52c7af4e8502d2,492
configs/phase6/group_b_ambiguous/CREATEORDER_V0_C0_F8_P1_C10_S7009.yaml,440c1ecf7e6b6408133c85ebbc19a4a20ad4753499981ff14acf0ef31b9f9f6c,492
configs/phase6/group_b_ambiguous/CREATEORDER_V0_C0_F8_P1_C50_S7000.yaml,8c9ed1db7adcda6f8edc9e955c0c1547ef3723c78797d60bcdff4748068d4d97,492
configs/phase6/group_b_ambiguous/CREATEORDER_V0_C0_F8_P1_C50_S7001.yaml,8c2ef0901a92480f08678699f6bad6715f0e6170152de21691cd7f1322ef7461,492
configs/phase6/group_b_ambiguous/CREATEORDER_V0_C0_F8_P1_C50_S7002.yaml,33839072fa9c35727591da9c5003af38bf81f4750216a8c215677739ef60c7d1,492
configs/phase6/group_b_ambiguous/CREATEORDER_V0_C0_F8_P1_C50_S7003.yaml,6d6657bbe2858030891abbbbb1ebc4d50184e800ffc74c30e452891c716ba09f,492
configs/phase6/group_b_ambiguous/CREATEORDER_V0_C0_F8_P1_C50_S7004.yaml,af3357124477643a96bbbe57349752ad773f67ece869c08cf3f80f37e5bd81ed,492
configs/phase6/group_b_ambiguous/CREATEORDER_V0_C0_F8_P1_C50_S7005.yaml,0576f207de42fc0acf6df3033252743d2a7897e391a204ab64b58b7f8c3099a9,492
configs/phase6/group_b_ambiguous/CREATEORDER_V0_C0_F8_P1_C50_S7006.yaml,89373cd04287afe40ec79eebf54588a5ce23c5cb75abf3da1278aaf4c85672ad,492
configs/phase6/group_b_ambiguous/CREATEORDER_V0_C0_F8_P1_C50_S7007.yaml,4ff2e0b6aaced84db527af38dfaccee78e8adf293f5e6282895f1a825f563a87,492
configs/phase6/group_b_ambiguous/CREATEORDER_V0_C0_F8_P1_C50_S7008.yaml,d091c8c90d0e8aaa4b73713f66beefa1431a73a6d220c6352f5739fb30191cda,492
configs/phase6/group_b_ambiguous/CREATEORDER_V0_C0_F8_P1_C50_S7009.yaml,745cba8d1ef4c16b31664ec9e728bd24d51ef3f6b23e1dd35d07698c2934031f,492
configs/phase6/group_b_ambiguous/CREATEORDER_V0_C0_F8_P20_C10_S7000.yaml,11e99ef6a703ccf17da32a3cef5112620d4840d645b917d82b93c2cce392b725,492
configs/phase6/group_b_ambiguous/CREATEORDER_V0_C0_F8_P20_C10_S7001.yaml,873259d18f544f3ad856c2acb3408bfde3ff4946716a5dbe6a05a55facd63e8c,492
configs/phase6/group_b_ambiguous/CREATEORDER_V0_C0_F8_P20_C10_S7002.yaml,073a10712d5817221d87ec8ef9c2c8a460a49a44868f1946421444fc02a0a78a,492
configs/phase6/group_b_ambiguous/CREATEORDER_V0_C0_F8_P20_C10_S7003.yaml,46827922b9d6c532662997e088b3b45c9a391ca936279fa7a9935521144c6d3f,492
configs/phase6/group_b_ambiguous/CREATEORDER_V0_C0_F8_P20_C10_S7004.yaml,7f139471c3a76b662e7bb9084612091576f70bbee1251cb797bc75c45a1a4d7c,492
configs/phase6/group_b_ambiguous/CREATEORDER_V0_C0_F8_P20_C10_S7005.yaml,98f8485e94427a83129536a56334bec0b73a3274dcbfc84f84fe9b5bde0f6cb2,492
configs/phase6/group_b_ambiguous/CREATEORDER_V0_C0_F8_P20_C10_S7006.yaml,0d0977fb22ed72cd1f93f204ae98e0767959503a78dd8c0756b0986e7cf0bd3b,492
configs/phase6/group_b_ambiguous/CREATEORDER_V0_C0_F8_P20_C10_S7007.yaml,fd330c9a612c0801493c41aa477c5ff61f1223ed7f393c3464819b6d680119d7,492
configs/phase6/group_b_ambiguous/CREATEORDER_V0_C0_F8_P20_C10_S7008.yaml,48aa020dd69b21be870e309796b988aa060c600d3cb6dc1353f276c64c97f7bd,492
configs/phase6/group_b_ambiguous/CREATEORDER_V0_C0_F8_P20_C10_S7009.yaml,01ef23ef0f0e67f802cb423d8f3fd8fcf1fc275398b6b00cfcd65dc1055ae74e,492
configs/phase6/group_b_ambiguous/CREATEORDER_V0_C0_F8_P20_C50_S7000.yaml,66b3296b35c22efc75c16ec7c39204a0aa13792a1bf2bbdd298e709d15eb0fc8,492
configs/phase6/group_b_ambiguous/CREATEORDER_V0_C0_F8_P20_C50_S7001.yaml,cca0b46d52d1adc59067639c062cf484ab2eb12c5d3a60ea83f4801c2df32e4c,492
configs/phase6/group_b_ambiguous/CREATEORDER_V0_C0_F8_P20_C50_S7002.yaml,7045e637338b1e1474f52cc3a68b7d019ac536b0562f733940741670ec4acc35,492
configs/phase6/group_b_ambiguous/CREATEORDER_V0_C0_F8_P20_C50_S7003.yaml,ca87077c2f2676e6c1a4c8daedbbdc328c86b2bc9e5e43fb87ca7ba715bafc70,492
configs/phase6/group_b_ambiguous/CREATEORDER_V0_C0_F8_P20_C50_S7004.yaml,4ad46dafc413d14ac31bfe97e9dfd0ef3842d219c3ce50fec1dd292501647abd,492
configs/phase6/group_b_ambiguous/CREATEORDER_V0_C0_F8_P20_C50_S7005.yaml,dd6d8646f9a7f5f12a654be79d4b85b9738a553008f86cd452a458f9e8bd1190,492
configs/phase6/group_b_ambiguous/CREATEORDER_V0_C0_F8_P20_C50_S7006.yaml,8c8d02fa7e878633b82614db795cd11d4c9dc6eb765fc6eb0ae80659e1f3fc43,492
configs/phase6/group_b_ambiguous/CREATEORDER_V0_C0_F8_P20_C50_S7007.yaml,e9da401c0b509bc89a1bf7ac0b6687b909d62fc2ef7f53d08ddc422835ff96fa,492
configs/phase6/group_b_ambiguous/CREATEORDER_V0_C0_F8_P20_C50_S7008.yaml,9dd452819ae5779180180f108748f47eac997c2f8c0837068d87ee4ef9d1b3d1,492
configs/phase6/group_b_ambiguous/CREATEORDER_V0_C0_F8_P20_C50_S7009.yaml,bfc8f63754c58cdf041bcf78de3665b8bc0543ba69e3681c2b65c09a1e180c82,492
configs/phase6/group_b_ambiguous/CREATEORDER_V0_C0_F8_P5_C10_S7000.yaml,27ac056ec0dad1eb86f91bfec7b74db705e1520796ae748ad5758b5715156081,492
configs/phase6/group_b_ambiguous/CREATEORDER_V0_C0_F8_P5_C10_S7001.yaml,a031e40f56935621f97d73c299de415a762a4b2244b4e3c7cb45be4f977774f4,492
configs/phase6/group_b_ambiguous/CREATEORDER_V0_C0_F8_P5_C10_S7002.yaml,627db51d21a83b1493b3342cb6fee2c5ce4cb014f5d911e4722dc8d0ea5dbe79,492
configs/phase6/group_b_ambiguous/CREATEORDER_V0_C0_F8_P5_C10_S7003.yaml,fa9507c9d682b5c953d4ace1ecde0e30ff5fbbc1ddcbde0a6ad2b3357701a020,492
configs/phase6/group_b_ambiguous/CREATEORDER_V0_C0_F8_P5_C10_S7004.yaml,27052936c53f3706a3044928e8da6b7ffb6ad935abf4a68c2fdfc148806c0354,492
configs/phase6/group_b_ambiguous/CREATEORDER_V0_C0_F8_P5_C10_S7005.yaml,a78ae142bd7b3f621d0501458fb99d9ca4ab0fb93483b89e2dd926c576aace17,492
configs/phase6/group_b_ambiguous/CREATEORDER_V0_C0_F8_P5_C10_S7006.yaml,a65b6c453c4ac8c93e59b5a97f731119faa1ff560e18fe8042d18e640f5e36d6,492
configs/phase6/group_b_ambiguous/CREATEORDER_V0_C0_F8_P5_C10_S7007.yaml,d786d2ae16745536e99af94fcbf9a6ab0ddb5841634d2711723bcfccd9c5a132,492
configs/phase6/group_b_ambiguous/CREATEORDER_V0_C0_F8_P5_C10_S7008.yaml,b9946718a85ac7dd10640a551406266e5ee53c710fe5f1a7ecc9c15e0e2c0b43,492
configs/phase6/group_b_ambiguous/CREATEORDER_V0_C0_F8_P5_C10_S7009.yaml,f94d5e0543c5278df8d63ffd5bc4adb6f7148e888152c0c98ba17b169e165232,492
configs/phase6/group_b_ambiguous/CREATEORDER_V0_C0_F8_P5_C50_S7000.yaml,cd606460e9ab1a79c5b0e15484d3784212810d89470797a15348c4efd0b6dba8,492
configs/phase6/group_b_ambiguous/CREATEORDER_V0_C0_F8_P5_C50_S7001.yaml,36d4fc6c697c43bdbb5a42bed5f506504e12f84ec548317513e55a4588f93530,492
configs/phase6/group_b_ambiguous/CREATEORDER_V0_C0_F8_P5_C50_S7002.yaml,6204663039d76c7bb3db00a472b1f5d16e0166669ac316c94e31f1ccab5370c3,492
configs/phase6/group_b_ambiguous/CREATEORDER_V0_C0_F8_P5_C50_S7003.yaml,9c1e0ed99f50c2d29ab439bd169305910313851767dc87244320eddee2af5325,492
configs/phase6/group_b_ambiguous/CREATEORDER_V0_C0_F8_P5_C50_S7004.yaml,a3657cf4e00ebf03d6c04dc346b498bbda3ee2a0f3a37bbb3ccfca1e81efd424,492
configs/phase6/group_b_ambiguous/CREATEORDER_V0_C0_F8_P5_C50_S7005.yaml,551e5ffe868291c8b0cfa843fb9eb12c6fdf8ef024ebb785f4bb8a72ac926750,492
configs/phase6/group_b_ambiguous/CREATEORDER_V0_C0_F8_P5_C50_S7006.yaml,9dd527b1812dc4f97f71e8611bace8241dfbb2f7e34efffc30139a74d520d761,492
configs/phase6/group_b_ambiguous/CREATEORDER_V0_C0_F8_P5_C50_S7007.yaml,1224a92714ad4e823578a5cd7b46acc4a9032f956cbd23df5bbe0897b4ed5775,492
configs/phase6/group_b_ambiguous/CREATEORDER_V0_C0_F8_P5_C50_S7008.yaml,7973252787889a68426bbdb5aab462bf0806cfc1df9110ae17b094b58b1e92ad,492
configs/phase6/group_b_ambiguous/CREATEORDER_V0_C0_F8_P5_C50_S7009.yaml,496a6977e2c27c68859f80daee3cd25f47956c2aeb13491d99890517f85665ca,492
configs/phase6/group_b_ambiguous/CREATEORDER_V0_C0_F9_P10_C10_S7000.yaml,5a6f7ecce025ffcdbd134d096ef5ac7193cb09a50a8faea5463b3d4956526dab,492
configs/phase6/group_b_ambiguous/CREATEORDER_V0_C0_F9_P10_C10_S7001.yaml,14db7d8151f39727e7419e712979bf60a833a4b00c562f2b84b88a03877940ca,492
configs/phase6/group_b_ambiguous/CREATEORDER_V0_C0_F9_P10_C10_S7002.yaml,f95965450908afb53c7d06eab0c3e5fdaf0a2684a04d5e0c6ff74a2982832b5a,492
configs/phase6/group_b_ambiguous/CREATEORDER_V0_C0_F9_P10_C10_S7003.yaml,b83514b0f0b27a9f15578b8a4a70c46c9fc18a257328fbf7997f3be589d59945,492
configs/phase6/group_b_ambiguous/CREATEORDER_V0_C0_F9_P10_C10_S7004.yaml,cac55ec7eaf91afae4f70603f25839e802b2bea61da6a1803cb44e587ee5a9d9,492
configs/phase6/group_b_ambiguous/CREATEORDER_V0_C0_F9_P10_C10_S7005.yaml,79ba0e61cf5d0f6da6188fa1217991209bc32f17ab5b3a97f41966ade94aa5f4,492
configs/phase6/group_b_ambiguous/CREATEORDER_V0_C0_F9_P10_C10_S7006.yaml,b37e759fe1990e5af13d2c9563a12926cbb035a8dfab061fa97a5411182873d7,492
configs/phase6/group_b_ambiguous/CREATEORDER_V0_C0_F9_P10_C10_S7007.yaml,078572095c8f80a6a03accc1d497023acf7b806bef7aec3c6dac8674547dc4f1,492
configs/phase6/group_b_ambiguous/CREATEORDER_V0_C0_F9_P10_C10_S7008.yaml,7935462a917f759021fdf44352985b9e4ce704c6bf3bc5c8f28e37d1544821d3,492
configs/phase6/group_b_ambiguous/CREATEORDER_V0_C0_F9_P10_C10_S7009.yaml,ae442d0013be16afe25fd2222b3ad8320c0af7e65e934a5dc7865ea48fd60a03,492
configs/phase6/group_b_ambiguous/CREATEORDER_V0_C0_F9_P10_C50_S7000.yaml,09426d2f910658ec65226a61319fd34726331c77619ab55dede906b527eda49d,492
configs/phase6/group_b_ambiguous/CREATEORDER_V0_C0_F9_P10_C50_S7001.yaml,6641e43617c350be10a8e8890aef59f443b22fae9057db8f0a6d318bfbc6fa8a,492
configs/phase6/group_b_ambiguous/CREATEORDER_V0_C0_F9_P10_C50_S7002.yaml,ca06257d598545b0e683732e7e31cf665fce43830a6082e3988e79c9a97166eb,492
configs/phase6/group_b_ambiguous/CREATEORDER_V0_C0_F9_P10_C50_S7003.yaml,8eeef1a86c34c8e7017eb82d650aa72591232cbbc6793b8f8c4dbad41b160a17,492
configs/phase6/group_b_ambiguous/CREATEORDER_V0_C0_F9_P10_C50_S7004.yaml,025b5e18d0f4b9f3f42a07b3f4939b17bf977487b41c81e44cd218a1a56a1eca,492
configs/phase6/group_b_ambiguous/CREATEORDER_V0_C0_F9_P10_C50_S7005.yaml,a786cd7b4e7bb73390b3e1674ee77c460d23a2316f0b7257ac82d2da68cdf69b,492
configs/phase6/group_b_ambiguous/CREATEORDER_V0_C0_F9_P10_C50_S7006.yaml,f4434bb5dbc099376a0c96db0af32a4c59114959f9e3271acb42e1209cc1ab59,492
configs/phase6/group_b_ambiguous/CREATEORDER_V0_C0_F9_P10_C50_S7007.yaml,6ca6aafd6b1808a50d764fc7d7fcd5deb98656c8f114e9ffb7f782ed5462f781,492
configs/phase6/group_b_ambiguous/CREATEORDER_V0_C0_F9_P10_C50_S7008.yaml,73f838fc8d94e9a1a1bb81a2da1d773de1971b2f7b20ad9c06faf6614072998c,492
configs/phase6/group_b_ambiguous/CREATEORDER_V0_C0_F9_P10_C50_S7009.yaml,65d5224e9f5ad9a9e12a18185766cb9d3f352148a6fd608e19e36ae8068a1710,492
configs/phase6/group_b_ambiguous/CREATEORDER_V0_C0_F9_P1_C10_S7000.yaml,1cfcab8c6a17f9894ca98931fc5306d0a636bf7427fccaa1be1ad666895fd2a1,492
configs/phase6/group_b_ambiguous/CREATEORDER_V0_C0_F9_P1_C10_S7001.yaml,3a4ab2fa46c8c45ed439bed03aca34a1c3e237283075929189edbc1155173fd4,492
configs/phase6/group_b_ambiguous/CREATEORDER_V0_C0_F9_P1_C10_S7002.yaml,13fcc65a58eca4f60e2257513bf5c106d1dd4246e1aa6b6b5713ab983cfee24c,492
configs/phase6/group_b_ambiguous/CREATEORDER_V0_C0_F9_P1_C10_S7003.yaml,18a3aa5c1227a1801e5c37c91f5304bd314d13a6b98b9fd1e8ffe130d6573d7a,492
configs/phase6/group_b_ambiguous/CREATEORDER_V0_C0_F9_P1_C10_S7004.yaml,dcbd3139f295980a2d6b623a1e47dc25b23a6b6e9d46bd6a06d48e5a4e473cab,492
configs/phase6/group_b_ambiguous/CREATEORDER_V0_C0_F9_P1_C10_S7005.yaml,8a50cc2f3004e648297904a95b88dcd1de99b3f3d98a09597fb62d5173e417fd,492
configs/phase6/group_b_ambiguous/CREATEORDER_V0_C0_F9_P1_C10_S7006.yaml,fa6af49b8305107604b8c24f97db067966eeaddd0d50fadd207d2e4bff9ab291,492
configs/phase6/group_b_ambiguous/CREATEORDER_V0_C0_F9_P1_C10_S7007.yaml,62ace6e29a806c1cf9b67ab7de9cdc5b73abae3cf9c83d5b65e0f2aef6f946cb,492
configs/phase6/group_b_ambiguous/CREATEORDER_V0_C0_F9_P1_C10_S7008.yaml,950f4be90b1437309ed8950a1998c2e7069084564bcd0f47526859be7e47472d,492
configs/phase6/group_b_ambiguous/CREATEORDER_V0_C0_F9_P1_C10_S7009.yaml,9b2f9196e365e1e3b0011a399613c85e9c00a5bd353979e896e4049e328eb82d,492
configs/phase6/group_b_ambiguous/CREATEORDER_V0_C0_F9_P1_C50_S7000.yaml,3a6afb7e0135cbde23f67075f048ab8dbc7d9ca39e4b388f1a1f269767134638,492
configs/phase6/group_b_ambiguous/CREATEORDER_V0_C0_F9_P1_C50_S7001.yaml,899f49c393137e191fe83f00a257184c142cfe5d65fb0254885d35aead0caf69,492
configs/phase6/group_b_ambiguous/CREATEORDER_V0_C0_F9_P1_C50_S7002.yaml,3f68d667a87fe4dd39198c53d134d009c06829d565630b8962a1aa795dff7c99,492
configs/phase6/group_b_ambiguous/CREATEORDER_V0_C0_F9_P1_C50_S7003.yaml,ffb6e0f0023c87259a89a5f80bd1dc7b50b14fc740b375347f6bdfe0bc46c832,492
configs/phase6/group_b_ambiguous/CREATEORDER_V0_C0_F9_P1_C50_S7004.yaml,c1f55147356cf5da63d949e606a90073f859eacf8695296a4d9ecaeac5355471,492
configs/phase6/group_b_ambiguous/CREATEORDER_V0_C0_F9_P1_C50_S7005.yaml,005bd899eecacdd3cddd040300f94a6761a0138dd4420a8661f6907cd5af6fec,492
configs/phase6/group_b_ambiguous/CREATEORDER_V0_C0_F9_P1_C50_S7006.yaml,e3e876c87edbaee9ad94091f7cacdaca17c70b2d80b711fc5e37b50d3c695b8c,492
configs/phase6/group_b_ambiguous/CREATEORDER_V0_C0_F9_P1_C50_S7007.yaml,51002a2559b0cea38cf7da5fc6e557f96ebb597e4707bb3a9b3c75b739718be9,492
configs/phase6/group_b_ambiguous/CREATEORDER_V0_C0_F9_P1_C50_S7008.yaml,e3c9bc8c7675906847a04fa08517931e99d460979aecf71969e90f78a2d79145,492
configs/phase6/group_b_ambiguous/CREATEORDER_V0_C0_F9_P1_C50_S7009.yaml,f36b46e4630ca192c84e1ce0d2615c1ee32bf4f0d8187f11f57a0a73d03f895e,492
configs/phase6/group_b_ambiguous/CREATEORDER_V0_C0_F9_P20_C10_S7000.yaml,a1a8cd8ee42b62694b3c6d72748f94305b4ba72da3ce99c50407472ea1362c39,492
configs/phase6/group_b_ambiguous/CREATEORDER_V0_C0_F9_P20_C10_S7001.yaml,fd8d8b348e32b1b376efda59408eaed672f53bcd8c4c6f2706a4a58b15475b1d,492
configs/phase6/group_b_ambiguous/CREATEORDER_V0_C0_F9_P20_C10_S7002.yaml,1c3ac7d1a4c72aa17074b2351709b5979de4b26a0c15cc3ff4bb8ed48c9fb041,492
configs/phase6/group_b_ambiguous/CREATEORDER_V0_C0_F9_P20_C10_S7003.yaml,5a648f12e5e870a5a6566ea7b6a137ea859ca80dc687d48d6d20735db2422f7f,492
configs/phase6/group_b_ambiguous/CREATEORDER_V0_C0_F9_P20_C10_S7004.yaml,71af28fde36146562e62926822c41d2a3be0e0897ee159bcce3c896135a597fe,492
configs/phase6/group_b_ambiguous/CREATEORDER_V0_C0_F9_P20_C10_S7005.yaml,627cd91093fb6db452351e9d2c568e83d60d2b5f4ee045157ec9939647ea1967,492
configs/phase6/group_b_ambiguous/CREATEORDER_V0_C0_F9_P20_C10_S7006.yaml,3c092a5751c636dc6e8d6f113a5c2f82b9ed97d005db65721863197624765f66,492
configs/phase6/group_b_ambiguous/CREATEORDER_V0_C0_F9_P20_C10_S7007.yaml,cea4447e946dcd7fd6c69e186b2c6263bfe53ef72f42ce3858b7df4fde889f6e,492
configs/phase6/group_b_ambiguous/CREATEORDER_V0_C0_F9_P20_C10_S7008.yaml,5f433a2310bbd0920883a1293ba75a23309215261f0a5e24cd32b556cdeb8326,492
configs/phase6/group_b_ambiguous/CREATEORDER_V0_C0_F9_P20_C10_S7009.yaml,50c45fb59e645c05ac1a69681a3376f96bf6fdd9ad67fe05778890f887d2e810,492
configs/phase6/group_b_ambiguous/CREATEORDER_V0_C0_F9_P20_C50_S7000.yaml,5a4c54b496e684d1c6379f1fc69267830bb948ede77d57c9796d48a8d718e1bb,492
configs/phase6/group_b_ambiguous/CREATEORDER_V0_C0_F9_P20_C50_S7001.yaml,c2748f6a4120c26872271aec443ae904bc6b46a5382499b74dce90f2d49237ea,492
configs/phase6/group_b_ambiguous/CREATEORDER_V0_C0_F9_P20_C50_S7002.yaml,c2ad1e90086527f50bbce467fe1343364637212e929020242274ecdf0b3bd486,492
configs/phase6/group_b_ambiguous/CREATEORDER_V0_C0_F9_P20_C50_S7003.yaml,78c5307dd5a716c62dcf9899173184e24559fce6f1194060bcd0d2e12900058b,492
configs/phase6/group_b_ambiguous/CREATEORDER_V0_C0_F9_P20_C50_S7004.yaml,e8c2b9eea889ec06dcb0873ea6754f2cee9287c51e9300028e5ac3b3b87280f0,492
configs/phase6/group_b_ambiguous/CREATEORDER_V0_C0_F9_P20_C50_S7005.yaml,b9ff5db8546a758b89124e993c450c3ce9b9a68e4a74fb471f35df910e1a2341,492
configs/phase6/group_b_ambiguous/CREATEORDER_V0_C0_F9_P20_C50_S7006.yaml,469951408e31ae50c54a58bd1caa81e7b420f8bdcb9eebc49544ab796c3ea93e,492
configs/phase6/group_b_ambiguous/CREATEORDER_V0_C0_F9_P20_C50_S7007.yaml,5678b9577016fe278d0f2fee2a3cf46a8a475b9f2511843813c234ba292cd014,492
configs/phase6/group_b_ambiguous/CREATEORDER_V0_C0_F9_P20_C50_S7008.yaml,e3d24b4b1d4a48fa8f72f62690231c08404f6eea74fe1b30d3ac375896915458,492
configs/phase6/group_b_ambiguous/CREATEORDER_V0_C0_F9_P20_C50_S7009.yaml,b4d5d5278171c7dfa5d30045c16d2ed43ad5d9a15370d4fa77b6e652833dc96e,492
configs/phase6/group_b_ambiguous/CREATEORDER_V0_C0_F9_P5_C10_S7000.yaml,823a2ca814258e88ea4919001358ad1616592e57b39ce21cf5bd99a34e5f9a94,492
configs/phase6/group_b_ambiguous/CREATEORDER_V0_C0_F9_P5_C10_S7001.yaml,8d504f43ba8c08be074b360bf059245660a04761cc82d5f343170c44df9b0bf0,492
configs/phase6/group_b_ambiguous/CREATEORDER_V0_C0_F9_P5_C10_S7002.yaml,12e352305c2f2d0744b5f9668620a2b0a80e2388ed105944ffab0ebb2c71ada3,492
configs/phase6/group_b_ambiguous/CREATEORDER_V0_C0_F9_P5_C10_S7003.yaml,8ea214a4f2a9d2c1565941690faae13ea83c00364a448ca46d0f618c5af6052a,492
configs/phase6/group_b_ambiguous/CREATEORDER_V0_C0_F9_P5_C10_S7004.yaml,04ba5bedc06c79c1fb06b2321d08ad8715f2c7189286a2e86379ee3e5f847c37,492
configs/phase6/group_b_ambiguous/CREATEORDER_V0_C0_F9_P5_C10_S7005.yaml,48d4fd55c4d13a20dd6aea3885c17a61a0ae1902c0b1b44aeb8dfb3b228b1bd4,492
configs/phase6/group_b_ambiguous/CREATEORDER_V0_C0_F9_P5_C10_S7006.yaml,c43c4b2380da6d3f28004bdc3bce940fadf28aa4f6eb381cedd85c9963539acf,492
configs/phase6/group_b_ambiguous/CREATEORDER_V0_C0_F9_P5_C10_S7007.yaml,d557e63402cc5d4bd49348f61c79807f640711d0cee961c18ebde10362731c24,492
configs/phase6/group_b_ambiguous/CREATEORDER_V0_C0_F9_P5_C10_S7008.yaml,e4d0c99461fb56d3571544b411140d4bee9674c196eff54cb6703f3dc942657b,492
configs/phase6/group_b_ambiguous/CREATEORDER_V0_C0_F9_P5_C10_S7009.yaml,03d7345354bc120e7bb4dcac7d835b94b50e12b4bd3aeeccddd3cd5d3fc0d1c5,492
configs/phase6/group_b_ambiguous/CREATEORDER_V0_C0_F9_P5_C50_S7000.yaml,f7dbc05c74a7625f8bd73a069c439f278112a7f0bad47b11bf412bdc2e65ef9a,492
configs/phase6/group_b_ambiguous/CREATEORDER_V0_C0_F9_P5_C50_S7001.yaml,36083b392ecb5d057511efb2a0c023d1facdb44d720a3f80331160fce8a670d6,492
configs/phase6/group_b_ambiguous/CREATEORDER_V0_C0_F9_P5_C50_S7002.yaml,bb5e4a292a59f367f61b297e266912498c83d6a69c71c9d2910de0bbb55c866d,492
configs/phase6/group_b_ambiguous/CREATEORDER_V0_C0_F9_P5_C50_S7003.yaml,6ad1d7e81bfa3d0886a4e50d5f6bdee6c934ecc94e271f322f0dc67f9fac2f9d,492
configs/phase6/group_b_ambiguous/CREATEORDER_V0_C0_F9_P5_C50_S7004.yaml,40d5196d8b7244470731e256fc6e8a7bb8568ab52dd0b3c667569fd1b2ebe682,492
configs/phase6/group_b_ambiguous/CREATEORDER_V0_C0_F9_P5_C50_S7005.yaml,1d5c5a6a4956fc2af43541d76f1b22b6437b4801664da0d82af9d88fb4af63c8,492
configs/phase6/group_b_ambiguous/CREATEORDER_V0_C0_F9_P5_C50_S7006.yaml,3e70bf911753c91a04e19225d301f986150f2fb8d9291d95e0916afc6faca041,492
configs/phase6/group_b_ambiguous/CREATEORDER_V0_C0_F9_P5_C50_S7007.yaml,91ac61293f28281321221d86d0ee1cb788f4727e72216ca2bce6060108cdff3b,492
configs/phase6/group_b_ambiguous/CREATEORDER_V0_C0_F9_P5_C50_S7008.yaml,cdbc990386bce127d65667664bbd194ee2edb3518a1ba7990dc4e82f829c7fe8,492
configs/phase6/group_b_ambiguous/CREATEORDER_V0_C0_F9_P5_C50_S7009.yaml,eaad898aa98bfc693cef5301ec5847e46ee6eccb1fe4bfe3962c4212e633e866,492
configs/phase6/group_b_ambiguous/CREATEORDER_V1_C1_F3_P10_C10_S7000.yaml,9704a55cec6f95c2aa964203ac0630e7a53ec45234edce0c9273235be2fad813,492
configs/phase6/group_b_ambiguous/CREATEORDER_V1_C1_F3_P10_C10_S7001.yaml,5a4dcc93313bd9772e1ba0dafc982ff512500e6df58be855c958a26015f3ad86,492
configs/phase6/group_b_ambiguous/CREATEORDER_V1_C1_F3_P10_C10_S7002.yaml,071147c6536781ae7f73300b62d214c973a111ee88f272cb41268518eb6c22e3,492
configs/phase6/group_b_ambiguous/CREATEORDER_V1_C1_F3_P10_C10_S7003.yaml,078c562bce5a14746696940fde16967bbad67cb6a0adc1189f02301341238c26,492
configs/phase6/group_b_ambiguous/CREATEORDER_V1_C1_F3_P10_C10_S7004.yaml,7271e94f44a92cee6141414b01b4d10a77d0d1b2ba8fa399c052931677226a20,492
configs/phase6/group_b_ambiguous/CREATEORDER_V1_C1_F3_P10_C10_S7005.yaml,4668a1a7869bb7509ee28887d35352bd9e2a472b48e9a742c1f904bd55b94491,492
configs/phase6/group_b_ambiguous/CREATEORDER_V1_C1_F3_P10_C10_S7006.yaml,375d1de54ea98aff409d2d33a5ec3c4f0338b4229e2c8ed830063223501becb9,492
configs/phase6/group_b_ambiguous/CREATEORDER_V1_C1_F3_P10_C10_S7007.yaml,44546a1c303bb3ed3e52700991435a5b2697cb3c7801e456b40c3dbd75bf1474,492
configs/phase6/group_b_ambiguous/CREATEORDER_V1_C1_F3_P10_C10_S7008.yaml,f0df90a43cb133ccb263fb4e9238d7ace5206037d1dead02f9aed5f647ea7839,492
configs/phase6/group_b_ambiguous/CREATEORDER_V1_C1_F3_P10_C10_S7009.yaml,2cb7c52eff2dc73e7baf3f057ae1985ec4a317c9041de89482eaa43da53646de,492
configs/phase6/group_b_ambiguous/CREATEORDER_V1_C1_F3_P10_C50_S7000.yaml,c6cfda23bdfff78a6a5b8311ef6a8f48dcc3ed202b1f708ff67c24ca7de8caa1,492
configs/phase6/group_b_ambiguous/CREATEORDER_V1_C1_F3_P10_C50_S7001.yaml,5fea0194e90d30be7410bbfa79d0a7010dc978b026e5891555ec91986cbee159,492
configs/phase6/group_b_ambiguous/CREATEORDER_V1_C1_F3_P10_C50_S7002.yaml,5245d016c8a60591c7ee5be138afbf57f5b29e5509ee32366105b9ea21eb034d,492
configs/phase6/group_b_ambiguous/CREATEORDER_V1_C1_F3_P10_C50_S7003.yaml,a188a87a3e2aece18c47e13691841605b83f00f4b2bff157ae5f91119ae5a744,492
configs/phase6/group_b_ambiguous/CREATEORDER_V1_C1_F3_P10_C50_S7004.yaml,3f706665fc932560b47572f2bc78b80cefaa9711586830db772b122921399d7b,492
configs/phase6/group_b_ambiguous/CREATEORDER_V1_C1_F3_P10_C50_S7005.yaml,f2a35a8eadebdd0e4d366312cc02da4cc93f84da1b6f5a09eab149f669263a70,492
configs/phase6/group_b_ambiguous/CREATEORDER_V1_C1_F3_P10_C50_S7006.yaml,6b8e6d1eb9108a8d99c3e9f162c08e9ce615ef23ce4e0e9b3112c6f51b0ba84b,492
configs/phase6/group_b_ambiguous/CREATEORDER_V1_C1_F3_P10_C50_S7007.yaml,6da1a47cb1b5d3f3f824dd4bead31a3ad1383d18fb969e63d2db2f4bd552fcbb,492
configs/phase6/group_b_ambiguous/CREATEORDER_V1_C1_F3_P10_C50_S7008.yaml,1c4ace155ebd1c98b0315b4e60188cb26bd876efa53ce7a07b9c0e7590cf9479,492
configs/phase6/group_b_ambiguous/CREATEORDER_V1_C1_F3_P10_C50_S7009.yaml,5182862a009e6d412df48557cae70d36f03369bfeb70d535cbf0ffd4819de98d,492
configs/phase6/group_b_ambiguous/CREATEORDER_V1_C1_F3_P1_C10_S7000.yaml,5537c65da9fd1fdb66b0d2b28e8fcdf697a7a6a7dede8ea6df9450ede6cef681,492
configs/phase6/group_b_ambiguous/CREATEORDER_V1_C1_F3_P1_C10_S7001.yaml,66cc8184525c3b8fa9d573b4da666c78e93a5b4a248249e1cc693d4dd31fd144,492
configs/phase6/group_b_ambiguous/CREATEORDER_V1_C1_F3_P1_C10_S7002.yaml,4a37527175b274af65f9517cd957cccc0775e9f542805db6f2758dacb1fa58a7,492
configs/phase6/group_b_ambiguous/CREATEORDER_V1_C1_F3_P1_C10_S7003.yaml,ebecbb99c1fbaeef24173bded0a83d9c461a494810227ffb4319d0c1efebefc2,492
configs/phase6/group_b_ambiguous/CREATEORDER_V1_C1_F3_P1_C10_S7004.yaml,d7c2cd07953f5b06d25672f30a4ffbd152b6c03e216ce62cd24ea3b23f962fec,492
configs/phase6/group_b_ambiguous/CREATEORDER_V1_C1_F3_P1_C10_S7005.yaml,3a2f91f2981803395b5fd80e60922788f99e410afc30e715491d9d9a9895751a,492
configs/phase6/group_b_ambiguous/CREATEORDER_V1_C1_F3_P1_C10_S7006.yaml,d35dee39f46d6f2f94f5144926faa55191fc87c1ecd7ebf495a155d767fe1f0c,492
configs/phase6/group_b_ambiguous/CREATEORDER_V1_C1_F3_P1_C10_S7007.yaml,a2b797305fe13b6529534596e4eb23b8e1e59128dcb8d4b823285460e253b8ac,492
configs/phase6/group_b_ambiguous/CREATEORDER_V1_C1_F3_P1_C10_S7008.yaml,170fb24f3118fb92d0f8a6f0961511e99027a3ef5a8586ec52e19c0209356a75,492
configs/phase6/group_b_ambiguous/CREATEORDER_V1_C1_F3_P1_C10_S7009.yaml,29f384c9f3b29b52600f73cf57ce9e759d07432dfb2ae3eefb48514c039b5c19,492
configs/phase6/group_b_ambiguous/CREATEORDER_V1_C1_F3_P1_C50_S7000.yaml,b79999b3586ccd6e59009bc154d1287c98a20d098a7801877105840e3f6891a2,492
configs/phase6/group_b_ambiguous/CREATEORDER_V1_C1_F3_P1_C50_S7001.yaml,274dd1cb3039d01c91d5b838d3c49281b6909d585a0d4144f6fad876c66f05dd,492
configs/phase6/group_b_ambiguous/CREATEORDER_V1_C1_F3_P1_C50_S7002.yaml,e74f773fa64a7546cf064288b4ea2f37bdc97e6b8f2f5da960215398ca87c6ef,492
configs/phase6/group_b_ambiguous/CREATEORDER_V1_C1_F3_P1_C50_S7003.yaml,930305a1d41dece82cdc3b78f33b9283b7c9545dd30c46339655d31c47323dc8,492
configs/phase6/group_b_ambiguous/CREATEORDER_V1_C1_F3_P1_C50_S7004.yaml,9817c8b6d64f02d3b439f1f7615bb12bac27026791fab5a7609cbb1bfe66d093,492
configs/phase6/group_b_ambiguous/CREATEORDER_V1_C1_F3_P1_C50_S7005.yaml,9d1791c3abb29f782166bc45d22889d39fd4a17db6fc23c6e3091d4358b3d260,492
configs/phase6/group_b_ambiguous/CREATEORDER_V1_C1_F3_P1_C50_S7006.yaml,939a429ca76c414406b79a9ea4b0ac873b772c0a0228c0a054d4ce4a32d74f45,492
configs/phase6/group_b_ambiguous/CREATEORDER_V1_C1_F3_P1_C50_S7007.yaml,a046ef811d342cf21b4bd736846e1d54b0fca8c0ed389bcc456360c65c483ab8,492
configs/phase6/group_b_ambiguous/CREATEORDER_V1_C1_F3_P1_C50_S7008.yaml,79bc7747c396ad767c1b8fdf4d15d6bc78a1825e2b17f616f8879eab1a3ffc30,492
configs/phase6/group_b_ambiguous/CREATEORDER_V1_C1_F3_P1_C50_S7009.yaml,96a15150eceffcb0d0793811c56f91f63c00646139aa15a5ed9783b973891a56,492
configs/phase6/group_b_ambiguous/CREATEORDER_V1_C1_F3_P20_C10_S7000.yaml,67a241e931e454a21947f6f3c6f69829e0faff622e002ecb926b2ad9fb54fcc1,492
configs/phase6/group_b_ambiguous/CREATEORDER_V1_C1_F3_P20_C10_S7001.yaml,f6b860c78be067d07af008c5c6616a99fca6213566f00252317eded3c9c82d6c,492
configs/phase6/group_b_ambiguous/CREATEORDER_V1_C1_F3_P20_C10_S7002.yaml,9df3d8c8f5910c0a9d37c8993985675d96e98bb5dd3e9f7d9a1e5b0cb5937892,492
configs/phase6/group_b_ambiguous/CREATEORDER_V1_C1_F3_P20_C10_S7003.yaml,543c4ed4445f6cdf2eb0933238c7aaec41ee872b1475724b1bba38a1fa5e1f9c,492
configs/phase6/group_b_ambiguous/CREATEORDER_V1_C1_F3_P20_C10_S7004.yaml,8d4ff6cbdcdccc8666bb0a2c8c996d950628e4712d75a45f6c57c97cb2cf135c,492
configs/phase6/group_b_ambiguous/CREATEORDER_V1_C1_F3_P20_C10_S7005.yaml,8b2ef38e7c88d8a1cc203aa37717e80ffecd1ad707714e7c00031eadfd961e4c,492
configs/phase6/group_b_ambiguous/CREATEORDER_V1_C1_F3_P20_C10_S7006.yaml,55d41627a6373a1dcd551a0d95b49e5708efba2a5fc95839623132d13f99a51f,492
configs/phase6/group_b_ambiguous/CREATEORDER_V1_C1_F3_P20_C10_S7007.yaml,caa5140774d4f1bac551931b30af054c0f770fac0510ea8f92b1a8ab049fb2d1,492
configs/phase6/group_b_ambiguous/CREATEORDER_V1_C1_F3_P20_C10_S7008.yaml,adba87a769a8436c96c84c05f60f9fbfc8dee318b0d8dd286b4af3900cdd3aff,492
configs/phase6/group_b_ambiguous/CREATEORDER_V1_C1_F3_P20_C10_S7009.yaml,824295fe5bfd4de13db5469bc8ef40b75836a32f37f1deaea3b1647f69c312ee,492
configs/phase6/group_b_ambiguous/CREATEORDER_V1_C1_F3_P20_C50_S7000.yaml,7ec3053e6c17b14fa9492154a063cc24a0c2385c8d02f4a35ef86b2fe1db1d7b,492
configs/phase6/group_b_ambiguous/CREATEORDER_V1_C1_F3_P20_C50_S7001.yaml,2320a9ab2ea82d7d3e92a287d4769a62a3709f7d1f392ee228b7fa01c2875e47,492
configs/phase6/group_b_ambiguous/CREATEORDER_V1_C1_F3_P20_C50_S7002.yaml,90e8bb13b5e7c514b4f0fd7b59dbb9034c0701e3d66a6db0308f926efa579341,492
configs/phase6/group_b_ambiguous/CREATEORDER_V1_C1_F3_P20_C50_S7003.yaml,6446cdd5bd3645055a7bd82d3ccdc54fecb4f77e53d7258424c6944ae5b3b1ad,492
configs/phase6/group_b_ambiguous/CREATEORDER_V1_C1_F3_P20_C50_S7004.yaml,cce1468fdcfe312ab0acd9013b948a480b417814de6c8d701c36fc4ebc25b1b6,492
configs/phase6/group_b_ambiguous/CREATEORDER_V1_C1_F3_P20_C50_S7005.yaml,3aff13bc6be6f9808a642309363f349d549ccda0c6ce0aa6dd9466bca36ca533,492
configs/phase6/group_b_ambiguous/CREATEORDER_V1_C1_F3_P20_C50_S7006.yaml,ea40368b7914a556a65ad9d7ac31d9f3e2f58d5b891dc6bcc82986a9fdbb7cff,492
configs/phase6/group_b_ambiguous/CREATEORDER_V1_C1_F3_P20_C50_S7007.yaml,959daf2a83eba36cf728b2dc2de308b55f4beadb5eee6a2ea8882ebbfa40d15f,492
configs/phase6/group_b_ambiguous/CREATEORDER_V1_C1_F3_P20_C50_S7008.yaml,cace7bc034402b13103db403eae92245c5bb986196998c75c42349965f96ca4c,492
configs/phase6/group_b_ambiguous/CREATEORDER_V1_C1_F3_P20_C50_S7009.yaml,bd52eb2f18f921535d9458a6771ee18b81e0d70bdbf37ba631b23b2962ba3be7,492
configs/phase6/group_b_ambiguous/CREATEORDER_V1_C1_F3_P5_C10_S7000.yaml,fe3f4126baa782b90c4ac5baef3d12f6fe80c1ac774cef63676c0114b3baac1c,492
configs/phase6/group_b_ambiguous/CREATEORDER_V1_C1_F3_P5_C10_S7001.yaml,04cb81f76c805480962f04acdc505b846f17e903b84cdf709c5a0e735537849d,492
configs/phase6/group_b_ambiguous/CREATEORDER_V1_C1_F3_P5_C10_S7002.yaml,b8986ab54801fcd2866c0644facedb441db081be96c42e54b7f8b5faf0e956b9,492
configs/phase6/group_b_ambiguous/CREATEORDER_V1_C1_F3_P5_C10_S7003.yaml,e47efaeff1b661173a8adf86bf4a7010d816ca91fc5730076ef07a30ce5d1eeb,492
configs/phase6/group_b_ambiguous/CREATEORDER_V1_C1_F3_P5_C10_S7004.yaml,964a37440ff62a1ce7119f1bcaba62b0bf602cf49be2916c8bbd7953e9b6084c,492
configs/phase6/group_b_ambiguous/CREATEORDER_V1_C1_F3_P5_C10_S7005.yaml,722e2ae74c74eb79c968a355560048ebbb1788d4fd3901980ed393d6a49bf543,492
configs/phase6/group_b_ambiguous/CREATEORDER_V1_C1_F3_P5_C10_S7006.yaml,a0b444e076d37e0ae4efcba12981f4874f0c2e3730c0dfee2b025445de3d891d,492
configs/phase6/group_b_ambiguous/CREATEORDER_V1_C1_F3_P5_C10_S7007.yaml,0ae8a7a31752818e66a309d79a681b96ae264eb72ab96a2be4ae592cfd465524,492
configs/phase6/group_b_ambiguous/CREATEORDER_V1_C1_F3_P5_C10_S7008.yaml,5210bdbf505ebdd132ae2dfe7f11da7ec7a44f85e7d27356f5caf4fee8c6e38e,492
configs/phase6/group_b_ambiguous/CREATEORDER_V1_C1_F3_P5_C10_S7009.yaml,0bfa8c0c7b71e12a4c642561848f9ba1303cec6957608cb5d2c651dcd83aa9c6,492
configs/phase6/group_b_ambiguous/CREATEORDER_V1_C1_F3_P5_C50_S7000.yaml,efbba963c7f78292ddd48a3b34b395e1c55819aae6f2adf81d52504621c0cbaa,492
configs/phase6/group_b_ambiguous/CREATEORDER_V1_C1_F3_P5_C50_S7001.yaml,3336c21527eb59ce079795e380c12063dfe51500db6274e517430b7a1b54db81,492
configs/phase6/group_b_ambiguous/CREATEORDER_V1_C1_F3_P5_C50_S7002.yaml,8ec2e90abc796d1abcb9e416e971d1da41505ced4c551d6eee78f3139a246461,492
configs/phase6/group_b_ambiguous/CREATEORDER_V1_C1_F3_P5_C50_S7003.yaml,6cec97003ef246d2a65ddec8d1c5af2a6c984f95049f785dcd27143abcaa44ec,492
configs/phase6/group_b_ambiguous/CREATEORDER_V1_C1_F3_P5_C50_S7004.yaml,64f9d60ba55974f59e98b4bcdaca1f8aa43e3a4163a101681e42e70753b496dd,492
configs/phase6/group_b_ambiguous/CREATEORDER_V1_C1_F3_P5_C50_S7005.yaml,69dfb72b8ba9dfde419b12bdaf3fc28ad98643bd3d42c300d5fc2469a42250b5,492
configs/phase6/group_b_ambiguous/CREATEORDER_V1_C1_F3_P5_C50_S7006.yaml,97bcc5c1cb39adfb30d20935a1f3d0c1a6ec214c04d59605b25fabde73f38ac3,492
configs/phase6/group_b_ambiguous/CREATEORDER_V1_C1_F3_P5_C50_S7007.yaml,1b5c11f7fd02fc615e5af4e72317ba0f40dd7b19877e6e968d14045207cd8836,492
configs/phase6/group_b_ambiguous/CREATEORDER_V1_C1_F3_P5_C50_S7008.yaml,cdf12ed0bee36f9d57425158b10742b00f4739ce1f273fdc1efda7da557404de,492
configs/phase6/group_b_ambiguous/CREATEORDER_V1_C1_F3_P5_C50_S7009.yaml,783ac701fbe7617e55dc659dac7a9d56ea4222c2ecd233a9fe3391e82e43fd0d,492
configs/phase6/group_b_ambiguous/CREATEORDER_V1_C1_F4_P10_C10_S7000.yaml,e965e17bfb719a59ae7cc2c5ccb416d30ebe9f2e1e1a637766487a7aecbecb7c,492
configs/phase6/group_b_ambiguous/CREATEORDER_V1_C1_F4_P10_C10_S7001.yaml,1d98a8e920a013cd4be404d96957ea16dfb4aef1cf6985c9f628094eed367818,492
configs/phase6/group_b_ambiguous/CREATEORDER_V1_C1_F4_P10_C10_S7002.yaml,da45d9100cc2890485306fd4b5b4a20e691bb1fe4d177edd6b643ff9bd581111,492
configs/phase6/group_b_ambiguous/CREATEORDER_V1_C1_F4_P10_C10_S7003.yaml,4f775a82c7abfd1fcb6c56d5070d78ab7fbf92b6cdb55a6a70ff6a0f57b3d154,492
configs/phase6/group_b_ambiguous/CREATEORDER_V1_C1_F4_P10_C10_S7004.yaml,031247e1670b65aacba0ff42c7ee6b7cb5c5bfd3101b6c5cb5635e3cf1999a27,492
configs/phase6/group_b_ambiguous/CREATEORDER_V1_C1_F4_P10_C10_S7005.yaml,fff9e184626ff918d37ceb6f28cce70d0fdd56bca3eb430308050d066173efcd,492
configs/phase6/group_b_ambiguous/CREATEORDER_V1_C1_F4_P10_C10_S7006.yaml,cbbba2a1554fe82ec11ae22d91f98fae3832a792a0c8c381589e6447ed1facd4,492
configs/phase6/group_b_ambiguous/CREATEORDER_V1_C1_F4_P10_C10_S7007.yaml,0bee7d02562e053a8f6aed87a578dcca633897f5b27240a51ee70db2af00c571,492
configs/phase6/group_b_ambiguous/CREATEORDER_V1_C1_F4_P10_C10_S7008.yaml,9af407b630dcb35f3a6917e02e1435e1e49fbc4949bd3aff6e7f7071edbd7641,492
configs/phase6/group_b_ambiguous/CREATEORDER_V1_C1_F4_P10_C10_S7009.yaml,ba628f2edbc092a4dc1f96a850b24f7fe05f84dc7c5510c00a8d524b0e39539b,492
configs/phase6/group_b_ambiguous/CREATEORDER_V1_C1_F4_P10_C50_S7000.yaml,a40e006f76523b90f9761fe2d12d798a300e66d44c534c3bf2ec01c0baf34b54,492
configs/phase6/group_b_ambiguous/CREATEORDER_V1_C1_F4_P10_C50_S7001.yaml,99293e3400392ec0456dd4bc0c73f84e74a3757d875e8b5a7e73c33812e54196,492
configs/phase6/group_b_ambiguous/CREATEORDER_V1_C1_F4_P10_C50_S7002.yaml,47614e4f6a1b957212c906a5a99f0b54eb8324230209074e5b3cc3a17d307829,492
configs/phase6/group_b_ambiguous/CREATEORDER_V1_C1_F4_P10_C50_S7003.yaml,37682bf6daba8dd6112fb10559fa872c7cd068886faee1c7aa59185152f7c071,492
configs/phase6/group_b_ambiguous/CREATEORDER_V1_C1_F4_P10_C50_S7004.yaml,f90cca71dd5a8ea60599c6bdf9cfd909af54dd3c657a50270892e34e8b65620a,492
configs/phase6/group_b_ambiguous/CREATEORDER_V1_C1_F4_P10_C50_S7005.yaml,80d23a55ac0d6bc4b6a647d8fa888f2efaf1a671b1840c6656c6006913b6fc91,492
configs/phase6/group_b_ambiguous/CREATEORDER_V1_C1_F4_P10_C50_S7006.yaml,bae6a24efd7d4cd5db8a040964ec1388862df7cf967f28502f64c0c99c3b585c,492
configs/phase6/group_b_ambiguous/CREATEORDER_V1_C1_F4_P10_C50_S7007.yaml,b613fe3272df430d1aeb2a1ee617b230d2c0b396e66f60d2f1685342b789490a,492
configs/phase6/group_b_ambiguous/CREATEORDER_V1_C1_F4_P10_C50_S7008.yaml,2578f0d14751b4e927b8147eeeb456a1f2932c92d5823a7d63ddc30d7d274daa,492
configs/phase6/group_b_ambiguous/CREATEORDER_V1_C1_F4_P10_C50_S7009.yaml,1fa49cda1199c623082dc3253eed976efa21b272fb9f345bc32aee5d8ce183c7,492
configs/phase6/group_b_ambiguous/CREATEORDER_V1_C1_F4_P1_C10_S7000.yaml,31c8be3832d0b76b57730c35a67ac2ab0d47893c18f9fa99109d236d351a6458,492
configs/phase6/group_b_ambiguous/CREATEORDER_V1_C1_F4_P1_C10_S7001.yaml,920c7671b29393ec284d279cd18f26a48758fcc3c3b17a07367b03ed09c5c40a,492
configs/phase6/group_b_ambiguous/CREATEORDER_V1_C1_F4_P1_C10_S7002.yaml,29ed300524648d246db6d97c8f15e5de70e03795b020d0db0b198cf817ad8fe4,492
configs/phase6/group_b_ambiguous/CREATEORDER_V1_C1_F4_P1_C10_S7003.yaml,aed9831c213b6f67167df743f5dc4152acbc6d0856fef9108523974089236154,492
configs/phase6/group_b_ambiguous/CREATEORDER_V1_C1_F4_P1_C10_S7004.yaml,c8cc0a07b6831fc71ff3259c2c3d2d1e31bb5b4f2160cdd058641c6ed8523db9,492
configs/phase6/group_b_ambiguous/CREATEORDER_V1_C1_F4_P1_C10_S7005.yaml,387a35da96af487dce0f2afe4df6614e3c3a943903aaaf4d7b8b6de153d22df6,492
configs/phase6/group_b_ambiguous/CREATEORDER_V1_C1_F4_P1_C10_S7006.yaml,47dc33f3f1fc8ab7ef95053d7f0e2c887fa8f522db4140312b688e7a45fa084d,492
configs/phase6/group_b_ambiguous/CREATEORDER_V1_C1_F4_P1_C10_S7007.yaml,232dd01a6d4880d9a72cd3002b5127c67c77eae12f58c92d4a2d1c4103a53c7f,492
configs/phase6/group_b_ambiguous/CREATEORDER_V1_C1_F4_P1_C10_S7008.yaml,95249904b0aed1650fc768a1aff00c150c8a29b4d6b972bd74f908d691f455ca,492
configs/phase6/group_b_ambiguous/CREATEORDER_V1_C1_F4_P1_C10_S7009.yaml,5d8b6e517e08b0a9a3bc1eff1b11e9764effb0541b7732972b92b0981fa3be83,492
configs/phase6/group_b_ambiguous/CREATEORDER_V1_C1_F4_P1_C50_S7000.yaml,03f4b4bc4726f22a5171f13c49a7a323d08d021f126ee19b60f704d913d4b9f3,492
configs/phase6/group_b_ambiguous/CREATEORDER_V1_C1_F4_P1_C50_S7001.yaml,1523405b3ddcee93facc76c4a4c2b4d8d5a45d99e8f14bd7f5b5cfb31f3f7531,492
configs/phase6/group_b_ambiguous/CREATEORDER_V1_C1_F4_P1_C50_S7002.yaml,c561cd908ebf0bbc4ecb26d765e50a3028bff4c79f379840fade5de3d56dccb9,492
configs/phase6/group_b_ambiguous/CREATEORDER_V1_C1_F4_P1_C50_S7003.yaml,746b066f77760eaca19c815dd2cf0343e5c6f0bc3054abbcf155782dd9a75f78,492
configs/phase6/group_b_ambiguous/CREATEORDER_V1_C1_F4_P1_C50_S7004.yaml,4efb25f34d5849a034729db97368c14150671c87ef85607513ce3237674b5f26,492
configs/phase6/group_b_ambiguous/CREATEORDER_V1_C1_F4_P1_C50_S7005.yaml,3e1b0dd66d7ec9ab43f6ec8b3916718f2aca37320c2898f68c8ce691222d7e88,492
configs/phase6/group_b_ambiguous/CREATEORDER_V1_C1_F4_P1_C50_S7006.yaml,8d128bb5e3825d989fe1eeb0112b9a91e19d8f440602c9cf8eee21dc65b31073,492
configs/phase6/group_b_ambiguous/CREATEORDER_V1_C1_F4_P1_C50_S7007.yaml,80c6700916a8b193f007535d706e9ca78fe830abaf4b1a8e818347a78059ff19,492
configs/phase6/group_b_ambiguous/CREATEORDER_V1_C1_F4_P1_C50_S7008.yaml,46aeeb93d2918c11ad79077f4f3bc7706686fe45283464303259117c6c89a257,492
configs/phase6/group_b_ambiguous/CREATEORDER_V1_C1_F4_P1_C50_S7009.yaml,46e5c034149280c2436c4d3b058201ac7f4ada0d86d3153cf9d25b09447ebcbf,492
configs/phase6/group_b_ambiguous/CREATEORDER_V1_C1_F4_P20_C10_S7000.yaml,a466cb34e136cf03a1ebacf00c2804eeb81615d569da1c42d2debb5bad68c938,492
configs/phase6/group_b_ambiguous/CREATEORDER_V1_C1_F4_P20_C10_S7001.yaml,243e329e28da50a20076a9e166612e8661e5b44282aa0c9f8fddb78f5574fe6e,492
configs/phase6/group_b_ambiguous/CREATEORDER_V1_C1_F4_P20_C10_S7002.yaml,74e9ee19aa096e4b5a23cf2024c530c9575e74a5d1cf3fc6e1539ab66c758644,492
configs/phase6/group_b_ambiguous/CREATEORDER_V1_C1_F4_P20_C10_S7003.yaml,e55fb74a2866cf914eaebf47a48858a7464cd86272b6d6e37071749fe715a0b0,492
configs/phase6/group_b_ambiguous/CREATEORDER_V1_C1_F4_P20_C10_S7004.yaml,b1258f9c25eb85a9041be6c33d1b7e56380706490eec8d128020777c849bd88d,492
configs/phase6/group_b_ambiguous/CREATEORDER_V1_C1_F4_P20_C10_S7005.yaml,26b55a65979acd9af8d0651f80f911e2fdc0312ec0305ca496c4302b4bc19403,492
configs/phase6/group_b_ambiguous/CREATEORDER_V1_C1_F4_P20_C10_S7006.yaml,bc7e7bf4f8e496cf9a1f1ef302482bf1842a49015cb25e52e93eced2776bd3ac,492
configs/phase6/group_b_ambiguous/CREATEORDER_V1_C1_F4_P20_C10_S7007.yaml,6882e619bf61cc3d8de2f088c84604ddcceddd98429636ab3e912b9186df478a,492
configs/phase6/group_b_ambiguous/CREATEORDER_V1_C1_F4_P20_C10_S7008.yaml,74f4e25f6dc32f890afba95b78932a1b138a6d089cf98f774b8bb7063d2080da,492
configs/phase6/group_b_ambiguous/CREATEORDER_V1_C1_F4_P20_C10_S7009.yaml,a9ad714c3000b5e6a4a97a7bf8fb7f4af4bb0cce04a2a55984216b960aee89e3,492
configs/phase6/group_b_ambiguous/CREATEORDER_V1_C1_F4_P20_C50_S7000.yaml,578f3eab83e9fe6f45d9e7245fd5f9e8ff9b20a8517d8f773398973ba4a1da79,492
configs/phase6/group_b_ambiguous/CREATEORDER_V1_C1_F4_P20_C50_S7001.yaml,47848b7e0df9ca2cf9c672334f13cd45f40c00562cc3069b01fa6c23ca6db8c9,492
configs/phase6/group_b_ambiguous/CREATEORDER_V1_C1_F4_P20_C50_S7002.yaml,337b22d55a0f0d9471833fc77d1490bfae0158374156167a94782a192bc5b13d,492
configs/phase6/group_b_ambiguous/CREATEORDER_V1_C1_F4_P20_C50_S7003.yaml,bb8d98b5c0ba10d979cd10613e7a5108c2e815c08d3e2c5000ca4269747bafb9,492
configs/phase6/group_b_ambiguous/CREATEORDER_V1_C1_F4_P20_C50_S7004.yaml,6517374ac9f0c52507ef8f32825a53c3af2eb82083c590583d4800896f6cf309,492
configs/phase6/group_b_ambiguous/CREATEORDER_V1_C1_F4_P20_C50_S7005.yaml,42a2bc0102f51c6a2bd2ee7ada4c4a282f8c8837137945f882dfca198c6c2703,492
configs/phase6/group_b_ambiguous/CREATEORDER_V1_C1_F4_P20_C50_S7006.yaml,82933594264ce808f8282407224b1fe60455130bf6daf671582fc98025f488e1,492
configs/phase6/group_b_ambiguous/CREATEORDER_V1_C1_F4_P20_C50_S7007.yaml,e3bd41541a7d14dfd8068db5e605a40eba22084a8361f44c8ee144de001898a1,492
configs/phase6/group_b_ambiguous/CREATEORDER_V1_C1_F4_P20_C50_S7008.yaml,d6d0e8bb6605816676170d9c56f8eb112a0a5ed83d9eccc270550601eb57db3f,492
configs/phase6/group_b_ambiguous/CREATEORDER_V1_C1_F4_P20_C50_S7009.yaml,509ed7f605316d21f5d887526365a1bd0ed487b8ddafe386d61df07e4466882c,492
configs/phase6/group_b_ambiguous/CREATEORDER_V1_C1_F4_P5_C10_S7000.yaml,fa167bec146892ea0cdd22f02cefc5ad1008fe54b4c530ee90d41a7d02b31e24,492
configs/phase6/group_b_ambiguous/CREATEORDER_V1_C1_F4_P5_C10_S7001.yaml,2b03c26ed5b71440422dcc573900fdd8e06026cf9e641aee826dae0f5c2f7cd2,492
configs/phase6/group_b_ambiguous/CREATEORDER_V1_C1_F4_P5_C10_S7002.yaml,c109e8f2c8ddc462fea5f2b125be3bf0c4b6d0ba4ba07ab5ea1a922e869619fa,492
configs/phase6/group_b_ambiguous/CREATEORDER_V1_C1_F4_P5_C10_S7003.yaml,768631c37eb8bcf88b9ab4616d6800a0f1bc2a4d8db5f17a4e30fb7058f7a854,492
configs/phase6/group_b_ambiguous/CREATEORDER_V1_C1_F4_P5_C10_S7004.yaml,847b0f60b373d4ab838a2755e4012314c71b110e26672a1c90389f02ccef3871,492
configs/phase6/group_b_ambiguous/CREATEORDER_V1_C1_F4_P5_C10_S7005.yaml,4f96ebafc35eece2e077f7187e311341cc55cc85aaa6ed7e5c190a9abdb13299,492
configs/phase6/group_b_ambiguous/CREATEORDER_V1_C1_F4_P5_C10_S7006.yaml,8dd1c2aaa550e76fba9001d84df3d640f10f3b2ad2beef51ffaede243f257fd2,492
configs/phase6/group_b_ambiguous/CREATEORDER_V1_C1_F4_P5_C10_S7007.yaml,3dbfcf9f8860183957e7524076fb15c5336a12a329e5da91e112e38ffed8adf7,492
configs/phase6/group_b_ambiguous/CREATEORDER_V1_C1_F4_P5_C10_S7008.yaml,6d2b624170bbc8fed245038f43e2212269f42e09b9908cac1ecba9c8c93ade96,492
configs/phase6/group_b_ambiguous/CREATEORDER_V1_C1_F4_P5_C10_S7009.yaml,bb8a2f6d35f45dd751da9e31098bb9a4f4233bcfc5ac511b4cec930595773310,492
configs/phase6/group_b_ambiguous/CREATEORDER_V1_C1_F4_P5_C50_S7000.yaml,848441241375776eee2fe0d2724388b5664652667142d065237738ab5dd66691,492
configs/phase6/group_b_ambiguous/CREATEORDER_V1_C1_F4_P5_C50_S7001.yaml,1b0e2d76f740d59e8cb7358b633c9b64086575330cbabe5b3fafe3937a99dcb5,492
configs/phase6/group_b_ambiguous/CREATEORDER_V1_C1_F4_P5_C50_S7002.yaml,748ebf50712ac2a8122485eef306a09bf4723ab5997b4a67dae20b188d144098,492
configs/phase6/group_b_ambiguous/CREATEORDER_V1_C1_F4_P5_C50_S7003.yaml,ffe47a5724c9a2dd97f8e79e3bbcd4ea3dddbe68eb049de9dc9c086450c9927e,492
configs/phase6/group_b_ambiguous/CREATEORDER_V1_C1_F4_P5_C50_S7004.yaml,11cbac2012c84fc09f727fd5f5b54be4624cfe4040a1c5f6775c872093154711,492
configs/phase6/group_b_ambiguous/CREATEORDER_V1_C1_F4_P5_C50_S7005.yaml,21a9dc19f676afdb8e3509fc81433a34a44ca93f1af105ac9de49e9134389102,492
configs/phase6/group_b_ambiguous/CREATEORDER_V1_C1_F4_P5_C50_S7006.yaml,aef096d1cc407326096e961dcb09cbc7c7cdd428f2056c8c978d4c6b87841685,492
configs/phase6/group_b_ambiguous/CREATEORDER_V1_C1_F4_P5_C50_S7007.yaml,02fdc8f721241da41dfee4718b5df334305674ffc4cf61f2381a6bda0fc23551,492
configs/phase6/group_b_ambiguous/CREATEORDER_V1_C1_F4_P5_C50_S7008.yaml,b549474316e469a0f633c87d051c45b8790dad182b36926103bc79b0afa68336,492
configs/phase6/group_b_ambiguous/CREATEORDER_V1_C1_F4_P5_C50_S7009.yaml,f07ce27245ec30c73c058ef47de0ab781304551360a645e554e5889ab5ef89f8,492
configs/phase6/group_b_ambiguous/CREATEORDER_V1_C1_F8_P10_C10_S7000.yaml,ee3b5dae6b73291775f36c28a8cd91ab0c7e1f6a61166092cd13d5c1a749359e,492
configs/phase6/group_b_ambiguous/CREATEORDER_V1_C1_F8_P10_C10_S7001.yaml,7f5a06b431083f17ea0aecb8955982c7b843b3360d33d564e304c2b97a3bebb4,492
configs/phase6/group_b_ambiguous/CREATEORDER_V1_C1_F8_P10_C10_S7002.yaml,a23363ef4e7d0b2b9c14c3a65bc846f0e483745db0e6d04067ad524c687a438b,492
configs/phase6/group_b_ambiguous/CREATEORDER_V1_C1_F8_P10_C10_S7003.yaml,38aee326a69818e798972240ad367f95ee2fb3bb6ec912fab1a0eff33554ceeb,492
configs/phase6/group_b_ambiguous/CREATEORDER_V1_C1_F8_P10_C10_S7004.yaml,20f98020e4bbb411b73e4642610c468b02f857f6f48425be27e6d99c8f78fa95,492
configs/phase6/group_b_ambiguous/CREATEORDER_V1_C1_F8_P10_C10_S7005.yaml,0e7e95dc5492d99fc34f16ca9966c11606d43bd603dcf29c7b766c41030c1be5,492
configs/phase6/group_b_ambiguous/CREATEORDER_V1_C1_F8_P10_C10_S7006.yaml,b6d20913d1a5188f993580faff679cb215eaf6f1c11155c4199f4897a4268e1a,492
configs/phase6/group_b_ambiguous/CREATEORDER_V1_C1_F8_P10_C10_S7007.yaml,168065efd4cee1213de0b35e6f999176262b437bfbc5166ba328ff0e85e4272f,492
configs/phase6/group_b_ambiguous/CREATEORDER_V1_C1_F8_P10_C10_S7008.yaml,3a4bdeb789024cb117754cf2d89c7349012fdff40b54dc7170143d33d103ca99,492
configs/phase6/group_b_ambiguous/CREATEORDER_V1_C1_F8_P10_C10_S7009.yaml,4adc7ff0ff1b5ce17353ec3abcd0880f1d6cbc88a2add8f5ac0dfa93ad4861bb,492
configs/phase6/group_b_ambiguous/CREATEORDER_V1_C1_F8_P10_C50_S7000.yaml,caa9d8306b4bbcb34239c388505afe3399a23d01c5d9a4b8e393956901df3a08,492
configs/phase6/group_b_ambiguous/CREATEORDER_V1_C1_F8_P10_C50_S7001.yaml,5bf1c00ec986c96affc643c4d9130e4df0fe99db7530ff1631694a1505dfb3b2,492
configs/phase6/group_b_ambiguous/CREATEORDER_V1_C1_F8_P10_C50_S7002.yaml,1a98360dfdf07ea95c4d848ca4eecfd21d7830d4c7dd5c5d7ff60e143d586c9c,492
configs/phase6/group_b_ambiguous/CREATEORDER_V1_C1_F8_P10_C50_S7003.yaml,29d64f2b05df5cbe829feeab576f169f9889e1991391b3bb3fe411b87cc8a5e1,492
configs/phase6/group_b_ambiguous/CREATEORDER_V1_C1_F8_P10_C50_S7004.yaml,dbbd51610426be24f2a7e86c1e6191150fdf0b918ffab9ef44577b9c1108ea8c,492
configs/phase6/group_b_ambiguous/CREATEORDER_V1_C1_F8_P10_C50_S7005.yaml,ffd846c63abaffa410de57615f643f8bd2d1c6b8542aa5e86bc42b4eaf6f95b1,492
configs/phase6/group_b_ambiguous/CREATEORDER_V1_C1_F8_P10_C50_S7006.yaml,3280c140a0b6675254c0ecf280b0e38881eff80290e66179bddd146869cb36ec,492
configs/phase6/group_b_ambiguous/CREATEORDER_V1_C1_F8_P10_C50_S7007.yaml,dca07f6a419e062eec1ebeafbe75d5ea0b55653dece97908dc748fc6ea00967e,492
configs/phase6/group_b_ambiguous/CREATEORDER_V1_C1_F8_P10_C50_S7008.yaml,01ecf58b8e7b3713883cca6ab7a24a8934b333cb71130dac60944e1b0bbb33ae,492
configs/phase6/group_b_ambiguous/CREATEORDER_V1_C1_F8_P10_C50_S7009.yaml,b6064185b0d48e02ff6a552b3ac9466f93451046192a057e459c3e594da3da1e,492
configs/phase6/group_b_ambiguous/CREATEORDER_V1_C1_F8_P1_C10_S7000.yaml,ec06d994352ffc6e91c705e1467e2a37fa4c8fe67cd229a5263f1e1e63353329,492
configs/phase6/group_b_ambiguous/CREATEORDER_V1_C1_F8_P1_C10_S7001.yaml,046e958cc4a13d952c6e80474bda1f2ade419ad76f09f63a30515d1ec12ab699,492
configs/phase6/group_b_ambiguous/CREATEORDER_V1_C1_F8_P1_C10_S7002.yaml,0de45882e709226070510904efac97aa0bb9acb7f122ec33150e8a1d45355aad,492
configs/phase6/group_b_ambiguous/CREATEORDER_V1_C1_F8_P1_C10_S7003.yaml,e80c64d828cf10065b1c0a8db3308b84f2641076473048465ce6c8a27005385d,492
configs/phase6/group_b_ambiguous/CREATEORDER_V1_C1_F8_P1_C10_S7004.yaml,b6668f4a390020d715e5f7bb4d8c0345519e91874ce1d13cbc47a37d08149057,492
configs/phase6/group_b_ambiguous/CREATEORDER_V1_C1_F8_P1_C10_S7005.yaml,e7fca7acb163ed15112ccdbc5f3dea6be1bf8078a130edb60aa88f5cfad8670b,492
configs/phase6/group_b_ambiguous/CREATEORDER_V1_C1_F8_P1_C10_S7006.yaml,6006b5d0f95061aa7ea721f3f715c9387fbcfb6ba931114045a7ce33cb6659c0,492
configs/phase6/group_b_ambiguous/CREATEORDER_V1_C1_F8_P1_C10_S7007.yaml,1af611188c87056fc7b12347bf93e30bc9fc4ec6ef645cdce9ba9f073b493986,492
configs/phase6/group_b_ambiguous/CREATEORDER_V1_C1_F8_P1_C10_S7008.yaml,0a37751b7fb9ac6a5b0305ed45e983ac9338e5fc24b580f37469db26617c54c9,492
configs/phase6/group_b_ambiguous/CREATEORDER_V1_C1_F8_P1_C10_S7009.yaml,dfebfeecffb5ef59cf0d56c823d18c19b1d4bca7c0bf9b5e939cdf1aa98f692c,492
configs/phase6/group_b_ambiguous/CREATEORDER_V1_C1_F8_P1_C50_S7000.yaml,0db79b3e345ccf522e790a8f9610ad4ef7ed45a9237630644b5b5fc1de6cefd2,492
configs/phase6/group_b_ambiguous/CREATEORDER_V1_C1_F8_P1_C50_S7001.yaml,5c58ab29e496e69f883b7d0bcd2ba112b4f54064819d0a2b399cdfe9f624cd23,492
configs/phase6/group_b_ambiguous/CREATEORDER_V1_C1_F8_P1_C50_S7002.yaml,29a08fc53e2d9dc1cda208153f11bbddebf3bd48f467fe83ed28ebc88aba587a,492
configs/phase6/group_b_ambiguous/CREATEORDER_V1_C1_F8_P1_C50_S7003.yaml,0b81442ff6c3a33bc640de1517eaf746594aaebf974084e7a08a4b24ecb70ed2,492
configs/phase6/group_b_ambiguous/CREATEORDER_V1_C1_F8_P1_C50_S7004.yaml,14c4c89070d98797afec0dbe60665d92418c10204b4bd16c85d1f55af88ae986,492
configs/phase6/group_b_ambiguous/CREATEORDER_V1_C1_F8_P1_C50_S7005.yaml,b7826af9bba643dee7f2229fb4f35cf27023d84b8e28d79950929a9c55b24241,492
configs/phase6/group_b_ambiguous/CREATEORDER_V1_C1_F8_P1_C50_S7006.yaml,df97fbd8203e912aac908195a1505721b63de5653b1f830eb4b842fdfd243044,492
configs/phase6/group_b_ambiguous/CREATEORDER_V1_C1_F8_P1_C50_S7007.yaml,b8b08a3c5a00a3e152d241afdfb937d983fbcd8d7719d44142960a45fd6aa8c3,492
configs/phase6/group_b_ambiguous/CREATEORDER_V1_C1_F8_P1_C50_S7008.yaml,758aed57e8cb6cc0b80e96b123006aa2f618651f350ed80eb63fd412bb1b9b5c,492
configs/phase6/group_b_ambiguous/CREATEORDER_V1_C1_F8_P1_C50_S7009.yaml,e534b8f4d03d38a069d04b553928419fce6d5d61a5290aac2adf9e1c8024597e,492
configs/phase6/group_b_ambiguous/CREATEORDER_V1_C1_F8_P20_C10_S7000.yaml,d96042d740d7e3fe3914c83aca555e58a0f9b33ae79f8e3e060670d650c58878,492
configs/phase6/group_b_ambiguous/CREATEORDER_V1_C1_F8_P20_C10_S7001.yaml,632973290356b58c4ac940d188ca88a5040bf94d47ad9d6a6e18d9ddec675bc5,492
configs/phase6/group_b_ambiguous/CREATEORDER_V1_C1_F8_P20_C10_S7002.yaml,5325ee240f53bb1ce0ae57a3d3afe6f74c29fb219f965ed6c36e8ff41ec7817b,492
configs/phase6/group_b_ambiguous/CREATEORDER_V1_C1_F8_P20_C10_S7003.yaml,7a9a43a877d23cea77ef8e66f2fe2cd8d5e8591c50405cf7d09a2d8bb3376f82,492
configs/phase6/group_b_ambiguous/CREATEORDER_V1_C1_F8_P20_C10_S7004.yaml,a0e133cb244db984cd6d17bebc72f6d609bef30557383706bd182061307937ed,492
configs/phase6/group_b_ambiguous/CREATEORDER_V1_C1_F8_P20_C10_S7005.yaml,929ed69d49582a4a1cef3272275caf4b129507864474f79d9c4b745ef4e6a2ed,492
configs/phase6/group_b_ambiguous/CREATEORDER_V1_C1_F8_P20_C10_S7006.yaml,7b085bfd3fc0367befd95c0f0b9e21386b102e3d8cae8afcdd0d530ea8e20b33,492
configs/phase6/group_b_ambiguous/CREATEORDER_V1_C1_F8_P20_C10_S7007.yaml,e644ece968124e635c803012ec1a4516d1e03905b153ae3dbe62b4f685438d17,492
configs/phase6/group_b_ambiguous/CREATEORDER_V1_C1_F8_P20_C10_S7008.yaml,1990cec1c4980769b46c44c9d6da85ed55ee41374b30b6feb7a50d85301abdfc,492
configs/phase6/group_b_ambiguous/CREATEORDER_V1_C1_F8_P20_C10_S7009.yaml,0c33a6f525029e4f6712ac8253b9a90af90f6803054bab1697c6e3522ae667c5,492
configs/phase6/group_b_ambiguous/CREATEORDER_V1_C1_F8_P20_C50_S7000.yaml,18f7ba1d03726ae5b0c190e5cd564545c9506851b6940cfa62ea1f7f2a0b550c,492
configs/phase6/group_b_ambiguous/CREATEORDER_V1_C1_F8_P20_C50_S7001.yaml,a334c99a67411c59e6b21c3d84fbfd7b511cfc692a70322ddc13382c1aa5741f,492
configs/phase6/group_b_ambiguous/CREATEORDER_V1_C1_F8_P20_C50_S7002.yaml,b6cc0485e3838a108aa0398ffc7cc1c91b7ebdfae7f31c7efe5e02c881738f5f,492
configs/phase6/group_b_ambiguous/CREATEORDER_V1_C1_F8_P20_C50_S7003.yaml,01687d54a85f0e8129516c2a1ed8df0d95b91453e8c90e4770f1032d529f6ebd,492
configs/phase6/group_b_ambiguous/CREATEORDER_V1_C1_F8_P20_C50_S7004.yaml,dfde695d8a56bfb7cf9d52820e809fa1386a2bb3dc901fdc43965350bf1e63ee,492
configs/phase6/group_b_ambiguous/CREATEORDER_V1_C1_F8_P20_C50_S7005.yaml,02dcfa623dab42f63558bb0a7e089f22123c3cf34a211ec44b9be25df283a6bd,492
configs/phase6/group_b_ambiguous/CREATEORDER_V1_C1_F8_P20_C50_S7006.yaml,5cb58626ff75ed53c98dcd3fa389f52fd9a14a3e21025cc9364115a0ff341280,492
configs/phase6/group_b_ambiguous/CREATEORDER_V1_C1_F8_P20_C50_S7007.yaml,76630d810a54b53fc8e2e65a09dbc8efb1a8c1c0325820817a72193a235ce897,492
configs/phase6/group_b_ambiguous/CREATEORDER_V1_C1_F8_P20_C50_S7008.yaml,c2465388a1b2d6fee065ec18b8ab9683fafb7f10c8d639eda9f27af8bb07525c,492
configs/phase6/group_b_ambiguous/CREATEORDER_V1_C1_F8_P20_C50_S7009.yaml,fec109beccc5a14c9ee079472b64ce741c854ee7513e7b169e499578af1c3cb1,492
configs/phase6/group_b_ambiguous/CREATEORDER_V1_C1_F8_P5_C10_S7000.yaml,e0cc177165e45bb8b446b4319072e4008668fe97c6e5d9d04d927c3067ef008f,492
configs/phase6/group_b_ambiguous/CREATEORDER_V1_C1_F8_P5_C10_S7001.yaml,169ea7bd812b4db5277a2940b6342a6e784446e8a76acae5c0424c5f208adc56,492
configs/phase6/group_b_ambiguous/CREATEORDER_V1_C1_F8_P5_C10_S7002.yaml,9987312884a827cfe29e04a868a3812152f20e8c326d18eec80f314c8f9a54d6,492
configs/phase6/group_b_ambiguous/CREATEORDER_V1_C1_F8_P5_C10_S7003.yaml,6cbb2f85b771cc1314cc8e0c4be0c28d1b9c0875d4c49e0f943af3b1a3828d73,492
configs/phase6/group_b_ambiguous/CREATEORDER_V1_C1_F8_P5_C10_S7004.yaml,1fd2a797171e8a6ca4aa808e970fc9a7f6645bc1d81f8d088d717dd64d5ad42a,492
configs/phase6/group_b_ambiguous/CREATEORDER_V1_C1_F8_P5_C10_S7005.yaml,6df79c7ec0c0e4eb85a7f2e7be8598fa54409d3456a2f1216c95bfd16641b0ea,492
configs/phase6/group_b_ambiguous/CREATEORDER_V1_C1_F8_P5_C10_S7006.yaml,92753c61266c0efaef8c2f68d6fe485e931d6c5ddc8990b28501b75adaeb53a0,492
configs/phase6/group_b_ambiguous/CREATEORDER_V1_C1_F8_P5_C10_S7007.yaml,d5f9ebf0abf2e8a39e082ee8d7b5e610e96ecfbd131204520ed5842c4f81e17b,492
configs/phase6/group_b_ambiguous/CREATEORDER_V1_C1_F8_P5_C10_S7008.yaml,92007ffcbab84a48c5464b3a08ed97eaaee1b456287596ea60fd32971b4f4220,492
configs/phase6/group_b_ambiguous/CREATEORDER_V1_C1_F8_P5_C10_S7009.yaml,94c38d95aac3a429bc91bec3bee977a0058d8c481c0d451ff5845db772595ed4,492
configs/phase6/group_b_ambiguous/CREATEORDER_V1_C1_F8_P5_C50_S7000.yaml,3b099c757934e2754022fc7db2756ea951436839eec847ee2eac7b7d7396799a,492
configs/phase6/group_b_ambiguous/CREATEORDER_V1_C1_F8_P5_C50_S7001.yaml,5c805b09317a787a79b030b9ad33a8f2be234c1f4d47c9f2f8729f5a6dd3c0f3,492
configs/phase6/group_b_ambiguous/CREATEORDER_V1_C1_F8_P5_C50_S7002.yaml,1a2a4535ec9e53b9b5c04429214e6d46a1fad21b6677b06868a9b7108249abf6,492
configs/phase6/group_b_ambiguous/CREATEORDER_V1_C1_F8_P5_C50_S7003.yaml,cc61122a6f60c714b9c8c6cd7aa9ed7b830d4daea4308e421273a6e08c423f40,492
configs/phase6/group_b_ambiguous/CREATEORDER_V1_C1_F8_P5_C50_S7004.yaml,22873d6fa6a520a1f62944756c453ed897a23ba23fdd764b2064a6b0471d7d45,492
configs/phase6/group_b_ambiguous/CREATEORDER_V1_C1_F8_P5_C50_S7005.yaml,e3beef7729e8dd3697683d0008dc7ea0b9c25f89cccc6807ab09e95accf42a1c,492
configs/phase6/group_b_ambiguous/CREATEORDER_V1_C1_F8_P5_C50_S7006.yaml,085c41002d4807da48dd72d8ab286dcff5a8cb705d56481b04cf2244a24bf756,492
configs/phase6/group_b_ambiguous/CREATEORDER_V1_C1_F8_P5_C50_S7007.yaml,7c25ce01558c6d6015c3507e4b77dce9474a496c26584c96d1c2f3d1ff2d391a,492
configs/phase6/group_b_ambiguous/CREATEORDER_V1_C1_F8_P5_C50_S7008.yaml,8e069c1cd3b6010a87b524da7d9aafadc594e4de845262fcbd5dfd9ea8a580cb,492
configs/phase6/group_b_ambiguous/CREATEORDER_V1_C1_F8_P5_C50_S7009.yaml,5de2c0ab79f2503088f719bc8859b142d8b7b1dfc47c9b7b0dbf58604b1fee7a,492
configs/phase6/group_b_ambiguous/CREATEORDER_V1_C1_F9_P10_C10_S7000.yaml,60725230e32e9a6a23817cae65ca0ca5bb71c6dd417b740e40d1a8492ea44276,492
configs/phase6/group_b_ambiguous/CREATEORDER_V1_C1_F9_P10_C10_S7001.yaml,62598645f03a46d039f6e2a0658839c23a2a1fdebd7b722884c3c0441e5df5a3,492
configs/phase6/group_b_ambiguous/CREATEORDER_V1_C1_F9_P10_C10_S7002.yaml,3b8427e6a91a8f690ec857e2d4d5a06eb9201ac3506777142ebeabb23699b038,492
configs/phase6/group_b_ambiguous/CREATEORDER_V1_C1_F9_P10_C10_S7003.yaml,cd83da90a0f4ab18ff633042e63070ba9fe74ce8d2c9b5614200ed3af9d8fd5e,492
configs/phase6/group_b_ambiguous/CREATEORDER_V1_C1_F9_P10_C10_S7004.yaml,58f398b49746acf6203b537ce12fef4e3c9aa1514d3c6cffad39adfbcdc6ef9a,492
configs/phase6/group_b_ambiguous/CREATEORDER_V1_C1_F9_P10_C10_S7005.yaml,793d5dd56fec78a38dfa7988444dba9b5c884d8e899c275a9ccc77ba194b3245,492
configs/phase6/group_b_ambiguous/CREATEORDER_V1_C1_F9_P10_C10_S7006.yaml,ef81dda2339f4d2b5e05e7f897a997fb9b12711f56e510e7848940bfd644ee7a,492
configs/phase6/group_b_ambiguous/CREATEORDER_V1_C1_F9_P10_C10_S7007.yaml,1fb0fe1adfea01a864055084631fffe6f4fbccddb3ead80a5172571f8528102d,492
configs/phase6/group_b_ambiguous/CREATEORDER_V1_C1_F9_P10_C10_S7008.yaml,ae50a1017814b6d8783ce5feaf7534b73c9928f1188c4bfecf4802ceaaf0bf13,492
configs/phase6/group_b_ambiguous/CREATEORDER_V1_C1_F9_P10_C10_S7009.yaml,3f4545815b6a46ec80802049685209a261d8dce526a1c7a84aaff5f36d7d6050,492
configs/phase6/group_b_ambiguous/CREATEORDER_V1_C1_F9_P10_C50_S7000.yaml,adc191617fb13e485c6397982d8869bc87bc071aa6a4150b4550f04b47587c8b,492
configs/phase6/group_b_ambiguous/CREATEORDER_V1_C1_F9_P10_C50_S7001.yaml,e258c7e1af9bbbebf41e2b5a682fc4227ec22cf3d2c3da118014175ea8b42da8,492
configs/phase6/group_b_ambiguous/CREATEORDER_V1_C1_F9_P10_C50_S7002.yaml,11c17703535454b69343d29b79036f1d6c78efa398e9f251cc07c24b3efbe49b,492
configs/phase6/group_b_ambiguous/CREATEORDER_V1_C1_F9_P10_C50_S7003.yaml,4396476a6d6ffdd6f0a82eb452cb5c43b38eefbd1b8647936b717fea6f69cb4e,492
configs/phase6/group_b_ambiguous/CREATEORDER_V1_C1_F9_P10_C50_S7004.yaml,67474c6b8bcbc62962204792c2a43f9aea506519d1adbd7b54f71e51f2b0c526,492
configs/phase6/group_b_ambiguous/CREATEORDER_V1_C1_F9_P10_C50_S7005.yaml,2fa0c1a569234ecd724a7ea01a428c1a3995defba9120e6761af1caa9ef80189,492
configs/phase6/group_b_ambiguous/CREATEORDER_V1_C1_F9_P10_C50_S7006.yaml,6a8092cf718dc68c915e4d12aad46468869781cb9df4ccc3c1a4615e6e78d1f6,492
configs/phase6/group_b_ambiguous/CREATEORDER_V1_C1_F9_P10_C50_S7007.yaml,5f04766e06eb56890738f6bf2a29fec7b9cc16ef42b92862219331371f2da6ff,492
configs/phase6/group_b_ambiguous/CREATEORDER_V1_C1_F9_P10_C50_S7008.yaml,e18aeca95a0c87cd27384247f1dd6a3b241711945838cb0e3f40ba60dbcbf423,492
configs/phase6/group_b_ambiguous/CREATEORDER_V1_C1_F9_P10_C50_S7009.yaml,35f9037d7367a7fbdbe1797200a34832f337636921b829ae3d7c4ffc427c2fdf,492
configs/phase6/group_b_ambiguous/CREATEORDER_V1_C1_F9_P1_C10_S7000.yaml,89ef08b0d2b5b2ee017fc8c66577af5203e1100d53136a4cfb44c9ecc69baa63,492
configs/phase6/group_b_ambiguous/CREATEORDER_V1_C1_F9_P1_C10_S7001.yaml,18a0678ef2e9d6eb2e7020d3e37d4d8b8e4f7d99357613fe298fc3a90f477215,492
configs/phase6/group_b_ambiguous/CREATEORDER_V1_C1_F9_P1_C10_S7002.yaml,2ea9265643e10823de19b2b226c7ac05f3f89af74246e86d684fc68ab9250673,492
configs/phase6/group_b_ambiguous/CREATEORDER_V1_C1_F9_P1_C10_S7003.yaml,ddf0f384df57ad174d74cd3f85eceb01c420b2553407643e802f94f418aefc28,492
configs/phase6/group_b_ambiguous/CREATEORDER_V1_C1_F9_P1_C10_S7004.yaml,fac0e3d7df8066bce2cbc847aedd88aafe6d8b532ac26007caff6f476ab4ee72,492
configs/phase6/group_b_ambiguous/CREATEORDER_V1_C1_F9_P1_C10_S7005.yaml,97c0bba40e2a99b4a0e563ab4b8fd6f30750fe4d13f42bd2c67339af411b6159,492
configs/phase6/group_b_ambiguous/CREATEORDER_V1_C1_F9_P1_C10_S7006.yaml,41f6aba15b66b4ab408b0c06e9505663ac163339c59fbc5ad0b4714001114cc9,492
configs/phase6/group_b_ambiguous/CREATEORDER_V1_C1_F9_P1_C10_S7007.yaml,55e1f93d77f7587ffabb0ce12104d5ad0225cc09025520bf21e37e22f0f0871c,492
configs/phase6/group_b_ambiguous/CREATEORDER_V1_C1_F9_P1_C10_S7008.yaml,9669c093506a065e67aa548d476983e644b22b9593b43dbecc3a1221cdaad22a,492
configs/phase6/group_b_ambiguous/CREATEORDER_V1_C1_F9_P1_C10_S7009.yaml,0fd11332fa2d93cf05b797a05d8c12ffb1af3bb3bbc4f58383b4a4f2066877cd,492
configs/phase6/group_b_ambiguous/CREATEORDER_V1_C1_F9_P1_C50_S7000.yaml,bfff03d753218fc6760f4080ffddc58c691a1d9969ea0d68497d14c6726f6c2b,492
configs/phase6/group_b_ambiguous/CREATEORDER_V1_C1_F9_P1_C50_S7001.yaml,14f1f470ca50f296c79f58f9dd7b15ee026f3e9da0d5ef795d48b591ae8e4a7c,492
configs/phase6/group_b_ambiguous/CREATEORDER_V1_C1_F9_P1_C50_S7002.yaml,7abf8dad3c6700aee97ae30851bc3310a43d86d1c25975f83bc3427b96dd7152,492
configs/phase6/group_b_ambiguous/CREATEORDER_V1_C1_F9_P1_C50_S7003.yaml,dacc8c3e5f4afbeb0203865f74d84e0557297e5e77fbaaffc28b20b98056e37f,492
configs/phase6/group_b_ambiguous/CREATEORDER_V1_C1_F9_P1_C50_S7004.yaml,d9d98a9b364fa89f3db5eb7bd8b0dc4560945aee536d83123470bb62f3e6fd95,492
configs/phase6/group_b_ambiguous/CREATEORDER_V1_C1_F9_P1_C50_S7005.yaml,98eb6fd7c7737983a561e07f9d508f3535f799ee2fceb767d911e3e6896ce259,492
configs/phase6/group_b_ambiguous/CREATEORDER_V1_C1_F9_P1_C50_S7006.yaml,6510f551869fb2ea34c2fb23a41082aecc9f71fec8095fab3b5adc4dd0e51cba,492
configs/phase6/group_b_ambiguous/CREATEORDER_V1_C1_F9_P1_C50_S7007.yaml,4a7831dde72a7b262258f2393fc6b2bdfbc09754a8609d6d7ef007c3df99ba9f,492
configs/phase6/group_b_ambiguous/CREATEORDER_V1_C1_F9_P1_C50_S7008.yaml,72a6a6bc2f9a2b897145f865abd0db7e7bf71bf4791c433b14143db5917d32b0,492
configs/phase6/group_b_ambiguous/CREATEORDER_V1_C1_F9_P1_C50_S7009.yaml,60ebb400aa204370bebfd47a7a8c9dfe2ba491cc3ae7b70125d0b84594e62fc9,492
configs/phase6/group_b_ambiguous/CREATEORDER_V1_C1_F9_P20_C10_S7000.yaml,7d9d0aa1f3698ec8285cc8b39eb03469758beae5b510658a35b29aac783a06b2,492
configs/phase6/group_b_ambiguous/CREATEORDER_V1_C1_F9_P20_C10_S7001.yaml,962d56c7c94a5e89c79467dd51249f1ad815ad8691f604a1074195e08d377160,492
configs/phase6/group_b_ambiguous/CREATEORDER_V1_C1_F9_P20_C10_S7002.yaml,23cdefe6502717bd630298e37c1297ac8ef9216a1eac1242b28769abda25d264,492
configs/phase6/group_b_ambiguous/CREATEORDER_V1_C1_F9_P20_C10_S7003.yaml,9c594d741dc1bcaf4c2b2af11f64936cc2c64e263899f19d0e26e48307f606e3,492
configs/phase6/group_b_ambiguous/CREATEORDER_V1_C1_F9_P20_C10_S7004.yaml,d9c1dc448f3fb4905203741d45525e8cfc266fb260d7f7bb1dfad42d621e591c,492
configs/phase6/group_b_ambiguous/CREATEORDER_V1_C1_F9_P20_C10_S7005.yaml,3b228711d36132dd360cc5fdd0be61fb3b9296a36c9d932ce6dc85e2d41fa070,492
configs/phase6/group_b_ambiguous/CREATEORDER_V1_C1_F9_P20_C10_S7006.yaml,dffccc61d315e83112624545a3d30924af1a631b68bf7733418cb61c5cdb4f9b,492
configs/phase6/group_b_ambiguous/CREATEORDER_V1_C1_F9_P20_C10_S7007.yaml,56515fc57ab871635c19d110ec61b1f14dce1bc1e1e03bd85dbc7f83be2c2ccb,492
configs/phase6/group_b_ambiguous/CREATEORDER_V1_C1_F9_P20_C10_S7008.yaml,a2c2ca575e09ffdc757061c3606a098db8d440679e3855e6158b6eea127c9a95,492
configs/phase6/group_b_ambiguous/CREATEORDER_V1_C1_F9_P20_C10_S7009.yaml,e7fc7791ae140e118103f5767d4f27d37d4e21b2d7f4fdce55855cc68995223b,492
configs/phase6/group_b_ambiguous/CREATEORDER_V1_C1_F9_P20_C50_S7000.yaml,5aaee2339f60d58f05562dc38bddb7857b34099d78c126631ce92275d6ee180f,492
configs/phase6/group_b_ambiguous/CREATEORDER_V1_C1_F9_P20_C50_S7001.yaml,db577758c2e9ed5cee1e79db2b2e0cc6b8f3a1ace5dc08e1f83adc0cab3a4f3a,492
configs/phase6/group_b_ambiguous/CREATEORDER_V1_C1_F9_P20_C50_S7002.yaml,0745758c02c87f1d2ef1ad1c331f4648bd5276b44654301883ab00c8d81d1d4f,492
configs/phase6/group_b_ambiguous/CREATEORDER_V1_C1_F9_P20_C50_S7003.yaml,09b7dd6614b1a1e337b6caaa0677fcc4112b27c5042bdf1363ac8f889b9ae317,492
configs/phase6/group_b_ambiguous/CREATEORDER_V1_C1_F9_P20_C50_S7004.yaml,53b1e88f494b0a1be78996f7b321b581ab01e64e11ac8d75c7b7566e2e22233f,492
configs/phase6/group_b_ambiguous/CREATEORDER_V1_C1_F9_P20_C50_S7005.yaml,5670d3ebc2d996acb86ea65372861fe34c98451888e54e7e8918eb16bfd335ca,492
configs/phase6/group_b_ambiguous/CREATEORDER_V1_C1_F9_P20_C50_S7006.yaml,2967bb0e4bbb064679a0e083d5e6f6da520200fa150e60790d709772aa47b068,492
configs/phase6/group_b_ambiguous/CREATEORDER_V1_C1_F9_P20_C50_S7007.yaml,50877419aafe44b3e70e58fa29952839352c76fd9b54fc399a17845bc9cf5160,492
configs/phase6/group_b_ambiguous/CREATEORDER_V1_C1_F9_P20_C50_S7008.yaml,26f3a0f116ff20e346e2a1611b229798443fc0f9d943ec3f0c12575451008566,492
configs/phase6/group_b_ambiguous/CREATEORDER_V1_C1_F9_P20_C50_S7009.yaml,22630d408ac72c001cf01095ec595d7df12bd309530e383b93d1f2f18d7a4d5a,492
configs/phase6/group_b_ambiguous/CREATEORDER_V1_C1_F9_P5_C10_S7000.yaml,0d4411e4b9c2d1815de1940e64da21e2bcc7037424f1a16840928e04c5ceed77,492
configs/phase6/group_b_ambiguous/CREATEORDER_V1_C1_F9_P5_C10_S7001.yaml,82bc9fd96bfb0ae4f715de3d0b664dca60ee20aa94b1ad8f7d00608ab1f1167b,492
configs/phase6/group_b_ambiguous/CREATEORDER_V1_C1_F9_P5_C10_S7002.yaml,2f7eed379c580b2dcbfc1085184bc37ab66ef537ad8d761a38095d493172f261,492
configs/phase6/group_b_ambiguous/CREATEORDER_V1_C1_F9_P5_C10_S7003.yaml,76b5a1e0fbacea29f2d64046d8053a417f246a995039c7053afbd457d6cdf0c8,492
configs/phase6/group_b_ambiguous/CREATEORDER_V1_C1_F9_P5_C10_S7004.yaml,a053f75ac45e7d86c108dc777b028e1aff63ad303f099c0989e5b49149d5fbed,492
configs/phase6/group_b_ambiguous/CREATEORDER_V1_C1_F9_P5_C10_S7005.yaml,99273580f1f6506a655c27296c3c1f50c084d1c3cc931fb9a406d3cfe9b29498,492
configs/phase6/group_b_ambiguous/CREATEORDER_V1_C1_F9_P5_C10_S7006.yaml,4fbd7bfa29cec0fb01c691b6ca77b135da15a85eb098ea23797dfaf484fbbc72,492
configs/phase6/group_b_ambiguous/CREATEORDER_V1_C1_F9_P5_C10_S7007.yaml,6753190155086e1da9b7f11b1dcdb57831653cf2039b87c60678dacecc3796e3,492
configs/phase6/group_b_ambiguous/CREATEORDER_V1_C1_F9_P5_C10_S7008.yaml,5af11cfe33c98dcf1e198c82ccb4fb00431756b47c72dc99b34c55c51cbfb121,492
configs/phase6/group_b_ambiguous/CREATEORDER_V1_C1_F9_P5_C10_S7009.yaml,70a8de15c000c5360b67ad8af10e8e56042f51ad28c2180a119058ec18493803,492
configs/phase6/group_b_ambiguous/CREATEORDER_V1_C1_F9_P5_C50_S7000.yaml,208b74bfcd93f7f2714027ec29d71726573cb972b5c4625e8f56dbe4b945c25f,492
configs/phase6/group_b_ambiguous/CREATEORDER_V1_C1_F9_P5_C50_S7001.yaml,b8120c55165bc9986610928ad0c73b9045c629a1ad727d17d377f06551e86b0c,492
configs/phase6/group_b_ambiguous/CREATEORDER_V1_C1_F9_P5_C50_S7002.yaml,28d47468b718459caa7c1bb681608b4a296df544e322fe8dac5ad0bcc037f2c0,492
configs/phase6/group_b_ambiguous/CREATEORDER_V1_C1_F9_P5_C50_S7003.yaml,1214ab7c2b64f8ebfcc540be4096c8317a008aaf336365d465732925354b664a,492
configs/phase6/group_b_ambiguous/CREATEORDER_V1_C1_F9_P5_C50_S7004.yaml,778362ca14282068eb5b068fd4f93fc8440f72b7470b765edddf9615cd2c3e8f,492
configs/phase6/group_b_ambiguous/CREATEORDER_V1_C1_F9_P5_C50_S7005.yaml,e77bbf76cb21db9bedc26e1eca88b776119b10ecc1220e18da59c58c40c76a28,492
configs/phase6/group_b_ambiguous/CREATEORDER_V1_C1_F9_P5_C50_S7006.yaml,7d0577b34da80c2a29c9b2a404063092cf2173ade5323b2f2988b023db71e483,492
configs/phase6/group_b_ambiguous/CREATEORDER_V1_C1_F9_P5_C50_S7007.yaml,7b05345ae963567f20a04e6db931ac74adf95028ff6213db6f6ec22914cf6883,492
configs/phase6/group_b_ambiguous/CREATEORDER_V1_C1_F9_P5_C50_S7008.yaml,ad5a24ce8802d4ccf7885d8f1e4edf351fa0a1c166a5bbad738e88603ce7312a,492
configs/phase6/group_b_ambiguous/CREATEORDER_V1_C1_F9_P5_C50_S7009.yaml,0b1ad1640c38ac3c947dd8f2b2c09fe13030f5e450be10122880bd5173bf1da9,492
configs/phase6/group_b_ambiguous/CREATEORDER_V2_C1_F3_P10_C10_S7000.yaml,6029bc52b989bf7c31b52e9b70d0af8882d9c185528edee9c78b06bd6513a31d,492
configs/phase6/group_b_ambiguous/CREATEORDER_V2_C1_F3_P10_C10_S7001.yaml,f68bb3fddfef86a9cf8e349c720e843eeeca75ffeeea5e9cbddf28b01b78d59e,492
configs/phase6/group_b_ambiguous/CREATEORDER_V2_C1_F3_P10_C10_S7002.yaml,b440d861c91cb927d95dfd3694c511ddd5d4e8fd011e6c7ac9df50c3c982d7cf,492
configs/phase6/group_b_ambiguous/CREATEORDER_V2_C1_F3_P10_C10_S7003.yaml,3bc2a3a3a358d1be03663f813bf2f7dadd2d0f8d3e32399df715f3a1fb6c3352,492
configs/phase6/group_b_ambiguous/CREATEORDER_V2_C1_F3_P10_C10_S7004.yaml,7a0a0b0b18abd5b526e6c270d2c99755d03807ac56b3313c6936da40251f7211,492
configs/phase6/group_b_ambiguous/CREATEORDER_V2_C1_F3_P10_C10_S7005.yaml,f78c97449165ca4632e9307656d7f2c5b01876397404f83f36be1cd76dd17a88,492
configs/phase6/group_b_ambiguous/CREATEORDER_V2_C1_F3_P10_C10_S7006.yaml,f9d5464adbc0f08b3ab62ecf11b8eeb6ec6a92931fac8e83d815159c7b7d9a9f,492
configs/phase6/group_b_ambiguous/CREATEORDER_V2_C1_F3_P10_C10_S7007.yaml,b6cb563c61d4afdb242d5cf4131f5dec4b986af2015aa336f7f771d8717bba25,492
configs/phase6/group_b_ambiguous/CREATEORDER_V2_C1_F3_P10_C10_S7008.yaml,9344f4421aacfc8d45fbbab557be5f55ca22bca452051d68eb027b44d1944434,492
configs/phase6/group_b_ambiguous/CREATEORDER_V2_C1_F3_P10_C10_S7009.yaml,1850df3ee5937ef6d69662f65f71a1936de7a9096e571814706628445fe106a9,492
configs/phase6/group_b_ambiguous/CREATEORDER_V2_C1_F3_P10_C50_S7000.yaml,e5fa4bc1ab5217c5448a6cbcd8f910e12629428e81175c4b8a2edbd584b97404,492
configs/phase6/group_b_ambiguous/CREATEORDER_V2_C1_F3_P10_C50_S7001.yaml,e177f1c4fe855cb7a1438d0742d650b5cf9d26323f50c525c33bffd3abb2f02b,492
configs/phase6/group_b_ambiguous/CREATEORDER_V2_C1_F3_P10_C50_S7002.yaml,df690124d25cb34089e9593b364c58669451309c75f89b9f97c7f835802d904d,492
configs/phase6/group_b_ambiguous/CREATEORDER_V2_C1_F3_P10_C50_S7003.yaml,f1135e458d53b8d9a188d11110abfba96d60f4980fbef71b4b30e8a8fe4f4140,492
configs/phase6/group_b_ambiguous/CREATEORDER_V2_C1_F3_P10_C50_S7004.yaml,f3461dcf2568cccc5e5a7fbff29e5bb44475bffd3c61f16f12cb516c6dd595c8,492
configs/phase6/group_b_ambiguous/CREATEORDER_V2_C1_F3_P10_C50_S7005.yaml,0ef5879351c58c84d2dc9625cc956ddaca7d8018bd6e0a208df8e250cfd75aab,492
configs/phase6/group_b_ambiguous/CREATEORDER_V2_C1_F3_P10_C50_S7006.yaml,c59d465810273e4890b1a979fc66ddcf0415ddd0d0a98ffbe1ff293fac9cf04d,492
configs/phase6/group_b_ambiguous/CREATEORDER_V2_C1_F3_P10_C50_S7007.yaml,7091b8ade8ceac40984e7e63c686fd7d6a31fa94470646a6737fbd9a77ecfd79,492
configs/phase6/group_b_ambiguous/CREATEORDER_V2_C1_F3_P10_C50_S7008.yaml,dd2059badd9b9a9795ead0b6da44bb048a3af58ab6c6051a85a97a6d670275ab,492
configs/phase6/group_b_ambiguous/CREATEORDER_V2_C1_F3_P10_C50_S7009.yaml,8fc58961fb82e32a9d1d97e6235ecba1a5f30de352da57d31f21420a0516e50b,492
configs/phase6/group_b_ambiguous/CREATEORDER_V2_C1_F3_P1_C10_S7000.yaml,94d08767cb88566034ad74955714937799587d0a6b620da1a599a300b7cb21a2,492
configs/phase6/group_b_ambiguous/CREATEORDER_V2_C1_F3_P1_C10_S7001.yaml,a22f9a9a34d39e45b1bd4bfc872935d8ea6b434aa4cc7d4bae3661893bf35da2,492
configs/phase6/group_b_ambiguous/CREATEORDER_V2_C1_F3_P1_C10_S7002.yaml,adc8a5109c8d480028ebbfa0d1a6c88edc0a3bcae6cb43ee7999029002598817,492
configs/phase6/group_b_ambiguous/CREATEORDER_V2_C1_F3_P1_C10_S7003.yaml,a32fcd8e91a00cbd125e3c75d4528f0202247509a6375aaade5c75afe7830550,492
configs/phase6/group_b_ambiguous/CREATEORDER_V2_C1_F3_P1_C10_S7004.yaml,a705eef6262374451e1d8a288b075f9343bd9bcc635326e9655c4983b17dce8f,492
configs/phase6/group_b_ambiguous/CREATEORDER_V2_C1_F3_P1_C10_S7005.yaml,4bd836772b140587df7049286857ae3ec252f856b3d7057b0d9b6b6fda1e0fe2,492
configs/phase6/group_b_ambiguous/CREATEORDER_V2_C1_F3_P1_C10_S7006.yaml,e3628cb2c498676a43f4c7aab2a5adf98f00c9fe065d33e96962d0351223f0d0,492
configs/phase6/group_b_ambiguous/CREATEORDER_V2_C1_F3_P1_C10_S7007.yaml,bbef36de83e6dd12c431332e09567a0e3a4524b94a47bfe9c2d08d58eaeaa875,492
configs/phase6/group_b_ambiguous/CREATEORDER_V2_C1_F3_P1_C10_S7008.yaml,7b58b4d35ad33e9187aadbb280ffa1bfd66b1f7424975ce9fe8a947f5618a0d9,492
configs/phase6/group_b_ambiguous/CREATEORDER_V2_C1_F3_P1_C10_S7009.yaml,81bb889061d17c8a131e76271075694ed90147cdb30f8babbbb8c8e4d1e53dbb,492
configs/phase6/group_b_ambiguous/CREATEORDER_V2_C1_F3_P1_C50_S7000.yaml,bd3169a9b3f2edd899c4c4ba572fe8423b487de13c8a066e963173b54454415f,492
configs/phase6/group_b_ambiguous/CREATEORDER_V2_C1_F3_P1_C50_S7001.yaml,7c0f51433ce5800c1b28cdeebe86939ebea81e1e915198083c723b1c1fd14235,492
configs/phase6/group_b_ambiguous/CREATEORDER_V2_C1_F3_P1_C50_S7002.yaml,5caccc949e9a0e80563450899d7f69265b750093477dd9ab4f1e161da0083bbf,492
configs/phase6/group_b_ambiguous/CREATEORDER_V2_C1_F3_P1_C50_S7003.yaml,b39bb5deb8e299eeb51d4a980f36c687732d9837bf0b2e3b6dcc21d558137738,492
configs/phase6/group_b_ambiguous/CREATEORDER_V2_C1_F3_P1_C50_S7004.yaml,c442d48a6325500ab6157295fa481c492f5e07f76d6f9a8681c1dbfcfbf3a817,492
configs/phase6/group_b_ambiguous/CREATEORDER_V2_C1_F3_P1_C50_S7005.yaml,554f6f3019a32a81d1db8f925ccb5de1808c60bf47981f11ab44d9011b2866e6,492
configs/phase6/group_b_ambiguous/CREATEORDER_V2_C1_F3_P1_C50_S7006.yaml,a0cf4b8b438540b797b306da9c2b89a79b180d6c00835a0cd2d1416407b294f5,492
configs/phase6/group_b_ambiguous/CREATEORDER_V2_C1_F3_P1_C50_S7007.yaml,b119637ce8a8b712da08086e31ecb2e9285b8c5334d68d73ba37ecbff71dc1e2,492
configs/phase6/group_b_ambiguous/CREATEORDER_V2_C1_F3_P1_C50_S7008.yaml,41dfcd53208d0952fcf47e7e1ed7b3e025f8830522e014b1c354eba6795c0ad0,492
configs/phase6/group_b_ambiguous/CREATEORDER_V2_C1_F3_P1_C50_S7009.yaml,eaaf72b2dbaf7d16a388d786c2eb6b0c50aeaf0a2192202f8b60543b2b6b8a1c,492
configs/phase6/group_b_ambiguous/CREATEORDER_V2_C1_F3_P20_C10_S7000.yaml,4e1e7b32c6e2a1740f1c9badbe7a2b243a8171b0a169954c6326edac71985b37,492
configs/phase6/group_b_ambiguous/CREATEORDER_V2_C1_F3_P20_C10_S7001.yaml,17f8a7f2a2340aa522ed05fa59a5936afb5f2732f250900690b88b4e83b3b2ae,492
configs/phase6/group_b_ambiguous/CREATEORDER_V2_C1_F3_P20_C10_S7002.yaml,1e76083963bd3c7c6c903bf82a354517d5d1abb93637fc663a338ee8d40ee9a8,492
configs/phase6/group_b_ambiguous/CREATEORDER_V2_C1_F3_P20_C10_S7003.yaml,b8b5eb8bc4bb9be29505b6627c5dfc96fc8f2386a14994e368ef68f0814e978a,492
configs/phase6/group_b_ambiguous/CREATEORDER_V2_C1_F3_P20_C10_S7004.yaml,7231c469045577c4f11bb4f2743145938cd1bfdabd8dcb9534078282888b8900,492
configs/phase6/group_b_ambiguous/CREATEORDER_V2_C1_F3_P20_C10_S7005.yaml,ad3d2559b4a393b7ea59a0423efec5ab9f87a298712bbce65bb5106ecd2b9f99,492
configs/phase6/group_b_ambiguous/CREATEORDER_V2_C1_F3_P20_C10_S7006.yaml,3b819379e83eae86cccaeec4178c433d22fc2e5395aebe8e14bb49bce7ca4f88,492
configs/phase6/group_b_ambiguous/CREATEORDER_V2_C1_F3_P20_C10_S7007.yaml,5a994a0edbb898fb3476cb78956766474b8211633058e26f63883d5f20d258de,492
configs/phase6/group_b_ambiguous/CREATEORDER_V2_C1_F3_P20_C10_S7008.yaml,d0d293e4d68c2c88cb4f5deea5747b8b35c49ac0c263006bbc6727edf1f7f75d,492
configs/phase6/group_b_ambiguous/CREATEORDER_V2_C1_F3_P20_C10_S7009.yaml,f91c6f6a4f6f4b0e75b33e8cd9acdf0e838f99f0cad43b6c2deb2eaf9dae3950,492
configs/phase6/group_b_ambiguous/CREATEORDER_V2_C1_F3_P20_C50_S7000.yaml,cc2817a04e83c9bbb0c7af5fb911af16c9d9c5319e103a7f48b44a8368a64887,492
configs/phase6/group_b_ambiguous/CREATEORDER_V2_C1_F3_P20_C50_S7001.yaml,aa64e16e1e979582977f9abb180fba344e2543c4c1ffc39d7240d1ef885bcbe8,492
configs/phase6/group_b_ambiguous/CREATEORDER_V2_C1_F3_P20_C50_S7002.yaml,334e476eba45f6904cca026312686d4e50ee7d967ee510b19572f72086844e1c,492
configs/phase6/group_b_ambiguous/CREATEORDER_V2_C1_F3_P20_C50_S7003.yaml,0f40f9a0f03812554df46ff74a9595cad4d14d6e68a0a8daf79061ebc3dd8376,492
configs/phase6/group_b_ambiguous/CREATEORDER_V2_C1_F3_P20_C50_S7004.yaml,46e18b7cae2aa81b90ad2a29b4ec69f714d4f67bed40184daa0b09676f49bb14,492
configs/phase6/group_b_ambiguous/CREATEORDER_V2_C1_F3_P20_C50_S7005.yaml,644ef46073dcc009c7719cfda8f27a11f994794c542526d7319ac2df1cd0e770,492
configs/phase6/group_b_ambiguous/CREATEORDER_V2_C1_F3_P20_C50_S7006.yaml,19098e27693f50494581f3c689fc3c50457a5cad022cdb4fa51833b427cb450c,492
configs/phase6/group_b_ambiguous/CREATEORDER_V2_C1_F3_P20_C50_S7007.yaml,3e8347dd3967c3ec23044263609b611c0afbdaeb88b70b72f45d757fa70d949b,492
configs/phase6/group_b_ambiguous/CREATEORDER_V2_C1_F3_P20_C50_S7008.yaml,a979f8510d5cebb69979f5592d5741e77b6e7ea178a86ac377ca0c1c4cb5a03c,492
configs/phase6/group_b_ambiguous/CREATEORDER_V2_C1_F3_P20_C50_S7009.yaml,755d314195073e593ed4f440f95ee23e8981c07079457b77c3517094a8ce9bef,492
configs/phase6/group_b_ambiguous/CREATEORDER_V2_C1_F3_P5_C10_S7000.yaml,ae5c30042b5212952ab6f28d3fde935e1a9eed0820b5f0f2a83a6c68958c3ad3,492
configs/phase6/group_b_ambiguous/CREATEORDER_V2_C1_F3_P5_C10_S7001.yaml,d099de7147a9bb634e5354f4f0c18de418175d651bade3b7a03182d1ba25d677,492
configs/phase6/group_b_ambiguous/CREATEORDER_V2_C1_F3_P5_C10_S7002.yaml,7a3bd4912da4bc974bcc880f3efc18ad80ae6097033cdb8efdb6ac9fcc16ce72,492
configs/phase6/group_b_ambiguous/CREATEORDER_V2_C1_F3_P5_C10_S7003.yaml,21e8a006d594da56adccc8d96eec69dffb03f65e93ee2bed2d965f266a957696,492
configs/phase6/group_b_ambiguous/CREATEORDER_V2_C1_F3_P5_C10_S7004.yaml,1f4bbc117c26a7bcb07e4edb0f2bad20187113398d9e3fae97d48f9b449ff51f,492
configs/phase6/group_b_ambiguous/CREATEORDER_V2_C1_F3_P5_C10_S7005.yaml,4d21b7bb85d864fe3422e80033c76020de3f99a7b452bcadcaf36b361e095980,492
configs/phase6/group_b_ambiguous/CREATEORDER_V2_C1_F3_P5_C10_S7006.yaml,17779947eb992efc562315b9d5a4c8acb4b249f6a2a6126727dc86b364439a74,492
configs/phase6/group_b_ambiguous/CREATEORDER_V2_C1_F3_P5_C10_S7007.yaml,0c78eaec23afdcc37bf55486126ec0907c48fcb3951047fc4151cc82e4dc40d4,492
configs/phase6/group_b_ambiguous/CREATEORDER_V2_C1_F3_P5_C10_S7008.yaml,27f362110620797da0a887969fe7bc21a081f09bac03d5f6a4d7a56b3d5ab44c,492
configs/phase6/group_b_ambiguous/CREATEORDER_V2_C1_F3_P5_C10_S7009.yaml,6336cdbe377aeabd6a9e6d120a92eaed882e559a19b6642a5d2d3bcd2d4740b0,492
configs/phase6/group_b_ambiguous/CREATEORDER_V2_C1_F3_P5_C50_S7000.yaml,ce9153e94ab1862b7f3fd8f4004d44afb0b452cf60a0a8b2bc31c8182ba2523e,492
configs/phase6/group_b_ambiguous/CREATEORDER_V2_C1_F3_P5_C50_S7001.yaml,25a6b18a0ecf2a7fa3968231a557581663b4a9c767a05c5c47b29e28dfd287f1,492
configs/phase6/group_b_ambiguous/CREATEORDER_V2_C1_F3_P5_C50_S7002.yaml,73b31156b685f094539e53c08d59e42699a3144c89890a0e6b186c0bec4738af,492
configs/phase6/group_b_ambiguous/CREATEORDER_V2_C1_F3_P5_C50_S7003.yaml,33fb8156dee7bff0b10db08105a22810e4a14ee4e6dff74dda5b34ba9c21edd8,492
configs/phase6/group_b_ambiguous/CREATEORDER_V2_C1_F3_P5_C50_S7004.yaml,0dbc494087c8d73b4909bc362e58f93878e37f66ac292ece6c9d639f21546609,492
configs/phase6/group_b_ambiguous/CREATEORDER_V2_C1_F3_P5_C50_S7005.yaml,4a913730000fe3169c84ab869c80f95bab24f043d13de0bb1515dad0461614d0,492
configs/phase6/group_b_ambiguous/CREATEORDER_V2_C1_F3_P5_C50_S7006.yaml,822cf90f2da98d28007f153f720154a9060f40d6229aafaee5101f1c423d4d1e,492
configs/phase6/group_b_ambiguous/CREATEORDER_V2_C1_F3_P5_C50_S7007.yaml,0a7b447b41365b4dfa4ebf31ea71798df6127331530d9a1abc4246fd4b80d822,492
configs/phase6/group_b_ambiguous/CREATEORDER_V2_C1_F3_P5_C50_S7008.yaml,e5d6c9f0e4202dcd78d8c88e903adee524f1dbfe6377ea3f29f87b1cf7eda457,492
configs/phase6/group_b_ambiguous/CREATEORDER_V2_C1_F3_P5_C50_S7009.yaml,5dbeee395ae406ebeb517fde9f9df84ee5908f5ed50af68cc4d42bac1af1a502,492
configs/phase6/group_b_ambiguous/CREATEORDER_V2_C1_F4_P10_C10_S7000.yaml,79ff2a7e1cc393e602e01f4556be1fad999679b0d57b0434e7b0eb398c5e5557,492
configs/phase6/group_b_ambiguous/CREATEORDER_V2_C1_F4_P10_C10_S7001.yaml,747a82c01db40e66cad09c1e494ba2bc3d02642ae3d9ef1293d16e1c9f9bfd0e,492
configs/phase6/group_b_ambiguous/CREATEORDER_V2_C1_F4_P10_C10_S7002.yaml,31131bc2fbc9262895d2482370ecfcf6219f5b851bda3ee233eb572b8f7716ec,492
configs/phase6/group_b_ambiguous/CREATEORDER_V2_C1_F4_P10_C10_S7003.yaml,37bc539ab27cad473941c13b809626dd2d1b6bcf9de73a28a076bb60e92539a3,492
configs/phase6/group_b_ambiguous/CREATEORDER_V2_C1_F4_P10_C10_S7004.yaml,6ba3501672ca0433499f00e44200bcd978a89bd82f99ac2660605d260257f25c,492
configs/phase6/group_b_ambiguous/CREATEORDER_V2_C1_F4_P10_C10_S7005.yaml,badfc662527857255795cc14474339a3be9fab853317b590028e71ce5d23937f,492
configs/phase6/group_b_ambiguous/CREATEORDER_V2_C1_F4_P10_C10_S7006.yaml,b658eb7c77096475a9c1917b6c1eff030cb19cd6c90183b7d76a5f9933f18793,492
configs/phase6/group_b_ambiguous/CREATEORDER_V2_C1_F4_P10_C10_S7007.yaml,80b7d964a70e9a408d0daa996fdeb0d3fa69133ca68561df37b02ca0f4223baf,492
configs/phase6/group_b_ambiguous/CREATEORDER_V2_C1_F4_P10_C10_S7008.yaml,f021e0b98fa6f4b6f1ab9193a507e0af258fa85bca98f8b7d8659151a6e9cc62,492
configs/phase6/group_b_ambiguous/CREATEORDER_V2_C1_F4_P10_C10_S7009.yaml,a8806cea79706f632d18936ee479bc28e87731e569cab307b8832471e44a7b42,492
configs/phase6/group_b_ambiguous/CREATEORDER_V2_C1_F4_P10_C50_S7000.yaml,f9d55d2c8ce31d12de50f760a5cd9fff23f6a083e1c2e58b35f69b9009413bdd,492
configs/phase6/group_b_ambiguous/CREATEORDER_V2_C1_F4_P10_C50_S7001.yaml,ecec7da2a4f50d506e4d4cf7ff7cf6f2b3768954190f925acbf7cfea2496b7bc,492
configs/phase6/group_b_ambiguous/CREATEORDER_V2_C1_F4_P10_C50_S7002.yaml,204954728f196adf0dca9bb3dfb622ad72bdc8c350d4b3a7807b174d8159a380,492
configs/phase6/group_b_ambiguous/CREATEORDER_V2_C1_F4_P10_C50_S7003.yaml,d2d27f31ec105285c42e6fd1d37011397e246c37bdfe7f936d55bda8844c565a,492
configs/phase6/group_b_ambiguous/CREATEORDER_V2_C1_F4_P10_C50_S7004.yaml,91d6ef2a9d703d432a0ff9ad317e1d250320c3e8a7e3e8acf27c52ca243a9193,492
configs/phase6/group_b_ambiguous/CREATEORDER_V2_C1_F4_P10_C50_S7005.yaml,b7a2bf82e6488446c261c0fef8f9b20cb151c22a770e609ee9ed01a68d5890bf,492
configs/phase6/group_b_ambiguous/CREATEORDER_V2_C1_F4_P10_C50_S7006.yaml,6dbd132df9bffebefaef51a6badf07ccaeded73191573dacc93ddfe7eeb8b5d6,492
configs/phase6/group_b_ambiguous/CREATEORDER_V2_C1_F4_P10_C50_S7007.yaml,f1fb9a6100ef7898280026e3ed12138c3cc65be5130167cedbc4ace71a2bad7a,492
configs/phase6/group_b_ambiguous/CREATEORDER_V2_C1_F4_P10_C50_S7008.yaml,e6ddd51eb9bd83d8da221845a0d17aab187461a7720f8780f8e45b6db6e39a34,492
configs/phase6/group_b_ambiguous/CREATEORDER_V2_C1_F4_P10_C50_S7009.yaml,5dfae03a81fc8170ffb78de23df97fd01a98be5eb4fff01ca1498478b99e75d5,492
configs/phase6/group_b_ambiguous/CREATEORDER_V2_C1_F4_P1_C10_S7000.yaml,224098d562f80779ff29cfb74c1038616c8f71f8c27b3067a6c7326709bfdd17,492
configs/phase6/group_b_ambiguous/CREATEORDER_V2_C1_F4_P1_C10_S7001.yaml,00eb08cadbf203494b86f6e4b4a0c11e3f1ff1fdbe8d6f8840ea1e9bf6908b20,492
configs/phase6/group_b_ambiguous/CREATEORDER_V2_C1_F4_P1_C10_S7002.yaml,6dfbccb65f288c5f723db837c2cb3e4e751fd4eb409374e923c00201cd165b1a,492
configs/phase6/group_b_ambiguous/CREATEORDER_V2_C1_F4_P1_C10_S7003.yaml,c3e67fb54645b6b1da132b273957280366d31ec2c5ba8c25919ab9fdf9158653,492
configs/phase6/group_b_ambiguous/CREATEORDER_V2_C1_F4_P1_C10_S7004.yaml,7f953c704be5398373400d484d7d44ea6660c09da3f26e3a297e49a13fcbd17f,492
configs/phase6/group_b_ambiguous/CREATEORDER_V2_C1_F4_P1_C10_S7005.yaml,24f028fb5207f1ebe10a31c209f545b557cba2feaf975dc6aab36d3f38d53937,492
configs/phase6/group_b_ambiguous/CREATEORDER_V2_C1_F4_P1_C10_S7006.yaml,7ba8837aba19ed2401c28052251667739f2bb3eeeac8b657a2fb0daa39db47be,492
configs/phase6/group_b_ambiguous/CREATEORDER_V2_C1_F4_P1_C10_S7007.yaml,4b24f45effb6e0aca2ab64f4f640d8340c1d62cc89866d360cfda49925689767,492
configs/phase6/group_b_ambiguous/CREATEORDER_V2_C1_F4_P1_C10_S7008.yaml,fbfee238800d629507afd45b4a2ac3cf916257e6987cf2108a5a17b582457abf,492
configs/phase6/group_b_ambiguous/CREATEORDER_V2_C1_F4_P1_C10_S7009.yaml,21fb6aa774fb96f70e941c814e56102852e505f1e0e10fa917942739f764359a,492
configs/phase6/group_b_ambiguous/CREATEORDER_V2_C1_F4_P1_C50_S7000.yaml,1d773b7139c48e97587ff47cf3c47afa2767ee7c532b5b0f1b0c76fa31f158b2,492
configs/phase6/group_b_ambiguous/CREATEORDER_V2_C1_F4_P1_C50_S7001.yaml,f950acb50803afd81af8a43e59d30adbb7a6e7361208cc430b90919f8d5c6168,492
configs/phase6/group_b_ambiguous/CREATEORDER_V2_C1_F4_P1_C50_S7002.yaml,9eb3edab83fedd80e9cb673433b8baf5b1d8081c6653c270589f4c4287cec332,492
configs/phase6/group_b_ambiguous/CREATEORDER_V2_C1_F4_P1_C50_S7003.yaml,c0d8b42548f16f70117a44c83bbbec683e01a47f5bf5c0e05c0d676e4ba2b18f,492
configs/phase6/group_b_ambiguous/CREATEORDER_V2_C1_F4_P1_C50_S7004.yaml,d9b71cf0b62bf2bbaf450b77594834f0592606381f9c98f5fac4c1631007d5d0,492
configs/phase6/group_b_ambiguous/CREATEORDER_V2_C1_F4_P1_C50_S7005.yaml,29c706c7330378a4274d34712073c45f421e77f731696992f2c6c61f1efc9b39,492
configs/phase6/group_b_ambiguous/CREATEORDER_V2_C1_F4_P1_C50_S7006.yaml,3b30bd18d85097b2bd3ff2c55a364ae1e3e917c65d4e0f056e0fab5b77c31b5d,492
configs/phase6/group_b_ambiguous/CREATEORDER_V2_C1_F4_P1_C50_S7007.yaml,61f21a99721f0bcb5d0bc1ad3179bdbbf48a5aaf170dfa390a7b39002a600085,492
configs/phase6/group_b_ambiguous/CREATEORDER_V2_C1_F4_P1_C50_S7008.yaml,d501a187beb34f060043bed65ca78d82d857f94877ec8ff3c43c654f00987f54,492
configs/phase6/group_b_ambiguous/CREATEORDER_V2_C1_F4_P1_C50_S7009.yaml,6bcd2d4f8f5825bf5ce2468b21a165c62afaace6487dd0fde5f774ff5366bf21,492
configs/phase6/group_b_ambiguous/CREATEORDER_V2_C1_F4_P20_C10_S7000.yaml,ba366f395644e826d53e2a3c0ebf67dd46cd4278f05376f79f6111112cb573ce,492
configs/phase6/group_b_ambiguous/CREATEORDER_V2_C1_F4_P20_C10_S7001.yaml,ac312bc553d8ac37dff13c23b68c98ad0410dffb334dd4e3d1bef5c2d68a0ce5,492
configs/phase6/group_b_ambiguous/CREATEORDER_V2_C1_F4_P20_C10_S7002.yaml,e22661b5550a94efae98d797e3e229220d19bbb4b06843a69b562b4011befd88,492
configs/phase6/group_b_ambiguous/CREATEORDER_V2_C1_F4_P20_C10_S7003.yaml,9c9e096797ef6207a805c54298ed04d522cbfaaeb94b84ed926f638929a926ee,492
configs/phase6/group_b_ambiguous/CREATEORDER_V2_C1_F4_P20_C10_S7004.yaml,6775aa99f2e4e5bedcc79e4e1ffc9f0590b6c2c9f162507b7f419ff58afc5b6d,492
configs/phase6/group_b_ambiguous/CREATEORDER_V2_C1_F4_P20_C10_S7005.yaml,6ae20e426e6ba39227141b5c42e8246e065784c18ea0dc1160a366f684763038,492
configs/phase6/group_b_ambiguous/CREATEORDER_V2_C1_F4_P20_C10_S7006.yaml,fe97e27695c5a2ed1e972bf83f3a3e36e6abbfec2085dbcd8399d51921a97867,492
configs/phase6/group_b_ambiguous/CREATEORDER_V2_C1_F4_P20_C10_S7007.yaml,28b3f13c3e6c490d66ababc173b1802d616a59ef3a28fab396c45cffff4addb7,492
configs/phase6/group_b_ambiguous/CREATEORDER_V2_C1_F4_P20_C10_S7008.yaml,36ab144a7b8ecefe82a179057cb5090d1665b4d68ca4d743a33885467a396211,492
configs/phase6/group_b_ambiguous/CREATEORDER_V2_C1_F4_P20_C10_S7009.yaml,0ea57d2d7d344372d6dc03f2e40f573567e8dddeb1565345a823055264234b03,492
configs/phase6/group_b_ambiguous/CREATEORDER_V2_C1_F4_P20_C50_S7000.yaml,fab1aaf7f62dfcfd76d4386c7925a622ee758d73580b5bba9eaa1dcc05f3b504,492
configs/phase6/group_b_ambiguous/CREATEORDER_V2_C1_F4_P20_C50_S7001.yaml,00909f3ab9d5620b786907c96a000b06649ff392bac87ed05757596eb4f1c924,492
configs/phase6/group_b_ambiguous/CREATEORDER_V2_C1_F4_P20_C50_S7002.yaml,9798cec840ede80a1905626e6ec53f0d17219dfdbe4917f9bfc785acf8373e14,492
configs/phase6/group_b_ambiguous/CREATEORDER_V2_C1_F4_P20_C50_S7003.yaml,012920bb846e95a528e4930ccfedebef7b69ce3306cd0f2d674d169de1d1e34c,492
configs/phase6/group_b_ambiguous/CREATEORDER_V2_C1_F4_P20_C50_S7004.yaml,dbf1c54418e07afbc41efb406aae76b35eb988936b899bb02833e0a65674dbd0,492
configs/phase6/group_b_ambiguous/CREATEORDER_V2_C1_F4_P20_C50_S7005.yaml,01694044ebcb368d605e7cbebfebbeb5e5174c0fbcb1655cb264522b3c29fd40,492
configs/phase6/group_b_ambiguous/CREATEORDER_V2_C1_F4_P20_C50_S7006.yaml,4d598055b829124e8b13212d40dfd3522244aa6574ffd8a6cb9a955335e020e3,492
configs/phase6/group_b_ambiguous/CREATEORDER_V2_C1_F4_P20_C50_S7007.yaml,36a291705488c78cc76fb65fee01127a1cd9864b0e031c5b00b2c335f8ec5046,492
configs/phase6/group_b_ambiguous/CREATEORDER_V2_C1_F4_P20_C50_S7008.yaml,18a3be2760d92bd567bf1c10050d67016af01091370f1f50398c4f7fd32d55c6,492
configs/phase6/group_b_ambiguous/CREATEORDER_V2_C1_F4_P20_C50_S7009.yaml,aeff0f70663d700adf78e5b33dddea4d38f5fd742333201d65ce8322720f4474,492
configs/phase6/group_b_ambiguous/CREATEORDER_V2_C1_F4_P5_C10_S7000.yaml,618b52dfc37b04893c1dfdad7ff1e32d7e0edf2e5da488c3232e4cde7b82ab02,492
configs/phase6/group_b_ambiguous/CREATEORDER_V2_C1_F4_P5_C10_S7001.yaml,29dea1cabcb8cd504c7e9ceb09f544ec72321dfae201e061d86e477d19a6324c,492
configs/phase6/group_b_ambiguous/CREATEORDER_V2_C1_F4_P5_C10_S7002.yaml,808f820eb7e6c6396547538fe7ab30cd32843af9822f96f8cbdc24dd4b312711,492
configs/phase6/group_b_ambiguous/CREATEORDER_V2_C1_F4_P5_C10_S7003.yaml,25e1820ec2766a92158aa61305fe34d5069c03632257b5a15cb95b2c7f435fd2,492
configs/phase6/group_b_ambiguous/CREATEORDER_V2_C1_F4_P5_C10_S7004.yaml,50d11b1734858354d52195924e2f77c85c487b9d37ba760ae19e7dd08e2341d4,492
configs/phase6/group_b_ambiguous/CREATEORDER_V2_C1_F4_P5_C10_S7005.yaml,cc25d61ce56d97dea82559f17ce2d95a8aace28f25b741fac287fe1526c876a8,492
configs/phase6/group_b_ambiguous/CREATEORDER_V2_C1_F4_P5_C10_S7006.yaml,b25efbaf121cf6cc938d06695303bcc5c508621d3c8189bc5746267acbb3f139,492
configs/phase6/group_b_ambiguous/CREATEORDER_V2_C1_F4_P5_C10_S7007.yaml,12512990e3b33009dfb7ba1c1269005b526a74a0a803da14896aed813b8d5f6c,492
configs/phase6/group_b_ambiguous/CREATEORDER_V2_C1_F4_P5_C10_S7008.yaml,0f89251dac377097a3153efb7f68a39d0fba2ee5f9a36a4940d00b2415213bf4,492
configs/phase6/group_b_ambiguous/CREATEORDER_V2_C1_F4_P5_C10_S7009.yaml,910ca743572f01eea3f595775c8d3e14b309539b490bca4229ff3f9da4105122,492
configs/phase6/group_b_ambiguous/CREATEORDER_V2_C1_F4_P5_C50_S7000.yaml,f303454f92412d17cd6dbe6f093b4e983ff8389cc5362008d788bd4f8e7f9b50,492
configs/phase6/group_b_ambiguous/CREATEORDER_V2_C1_F4_P5_C50_S7001.yaml,7d9e37f436f4ee5e91ed863e63660b436041dcdc8581c807d12ad1d901d0d7a9,492
configs/phase6/group_b_ambiguous/CREATEORDER_V2_C1_F4_P5_C50_S7002.yaml,092b265a24d82ef1b22fffb7b23e6319acf94c57070586b4352c1cae97dd088b,492
configs/phase6/group_b_ambiguous/CREATEORDER_V2_C1_F4_P5_C50_S7003.yaml,612694c3bac09d7eb1a5b0c082656307fcecf54fe88f473f476bfc46fda48557,492
configs/phase6/group_b_ambiguous/CREATEORDER_V2_C1_F4_P5_C50_S7004.yaml,56bd0c3dff423daae00de69545653bffdf66220887641a4a320a8afc7025aa04,492
configs/phase6/group_b_ambiguous/CREATEORDER_V2_C1_F4_P5_C50_S7005.yaml,cd543b15bf1d0a40bfbd5fb7ccde81695e41ba79982af4dd3c7c0b0fea861f7d,492
configs/phase6/group_b_ambiguous/CREATEORDER_V2_C1_F4_P5_C50_S7006.yaml,da82c0881e10f4a2e5c5e694d5ba60f6b78832529497a28de23017767bbbfde3,492
configs/phase6/group_b_ambiguous/CREATEORDER_V2_C1_F4_P5_C50_S7007.yaml,bc33e421c3444ce43cdd5a886ed8d4e47416c2a924de08b6435641cc5bbd8219,492
configs/phase6/group_b_ambiguous/CREATEORDER_V2_C1_F4_P5_C50_S7008.yaml,6c0d57fcf3e5c7055684a4f96db24729a06aa1a818486348a54fc06afe68e339,492
configs/phase6/group_b_ambiguous/CREATEORDER_V2_C1_F4_P5_C50_S7009.yaml,ca67aa4927363ced124971053032e632ec5c59878a230229aab5d98133121ab6,492
configs/phase6/group_b_ambiguous/CREATEORDER_V2_C1_F8_P10_C10_S7000.yaml,7279cea01a352bc72eae28643223c1d5f9912574d1d74b982d1943573e38935a,492
configs/phase6/group_b_ambiguous/CREATEORDER_V2_C1_F8_P10_C10_S7001.yaml,6e7ad7dc78d920d2332f342a2d72eabe9f5f9245a7ba603b6db0057cd03bd1f9,492
configs/phase6/group_b_ambiguous/CREATEORDER_V2_C1_F8_P10_C10_S7002.yaml,c3b789d91313fd6d9326b2aef612a55dd82ba1de3d5587c42476112bf4a6950e,492
configs/phase6/group_b_ambiguous/CREATEORDER_V2_C1_F8_P10_C10_S7003.yaml,66e88e74706e50bc3541fb1ce54820941384382acb94b9505bcc9584d444303c,492
configs/phase6/group_b_ambiguous/CREATEORDER_V2_C1_F8_P10_C10_S7004.yaml,f993545454e17378b9b5d3ad62565f502a39ae6e15f5afbeb1d6f99006fa34df,492
configs/phase6/group_b_ambiguous/CREATEORDER_V2_C1_F8_P10_C10_S7005.yaml,44b9c9c17cf5e28e00546e77c5c37a71630e108de07c1ee01ef4caa71716b7b6,492
configs/phase6/group_b_ambiguous/CREATEORDER_V2_C1_F8_P10_C10_S7006.yaml,6c73a8b86e37a0bce060127c4134cf108f5a25cb3e1149bf3320eeb127f262f8,492
configs/phase6/group_b_ambiguous/CREATEORDER_V2_C1_F8_P10_C10_S7007.yaml,e8ad0151cdad65ce65662cb4f8110d9a05958e6d9ef00fd574829352af3bf4f5,492
configs/phase6/group_b_ambiguous/CREATEORDER_V2_C1_F8_P10_C10_S7008.yaml,aa6b40acc7468539f6641dee042c728c7930340c6364b50e5b4492368fd9707e,492
configs/phase6/group_b_ambiguous/CREATEORDER_V2_C1_F8_P10_C10_S7009.yaml,af587128d0133b187064e992f6f5516374bdcce3a661d28f12a5e9eeb170dc97,492
configs/phase6/group_b_ambiguous/CREATEORDER_V2_C1_F8_P10_C50_S7000.yaml,0a7ca25af559987dff62a979a184a30b9785c4107374250919781112c78c0b55,492
configs/phase6/group_b_ambiguous/CREATEORDER_V2_C1_F8_P10_C50_S7001.yaml,19ed9133a98f556230ce884134eea589c5e21befa524142dc2999a3eb2bac241,492
configs/phase6/group_b_ambiguous/CREATEORDER_V2_C1_F8_P10_C50_S7002.yaml,6f4742e8e66e9d8096c49622c05e881e3f69ab17ac1ef58f6d4e2b4da969e17b,492
configs/phase6/group_b_ambiguous/CREATEORDER_V2_C1_F8_P10_C50_S7003.yaml,f87330a3ce69fc9e6e595086ecd824db7c2e6eab3ac5ac230360f478add541cf,492
configs/phase6/group_b_ambiguous/CREATEORDER_V2_C1_F8_P10_C50_S7004.yaml,b890c6b7bc201f2bf2b9b2a14e0fff8aac3ad19a4ee593658e661baa8baaf5b8,492
configs/phase6/group_b_ambiguous/CREATEORDER_V2_C1_F8_P10_C50_S7005.yaml,569c7abcfe8616b2a3d17dbd1aaf665a235ead65e4c73154ff294058a24e983e,492
configs/phase6/group_b_ambiguous/CREATEORDER_V2_C1_F8_P10_C50_S7006.yaml,59b814240c06e91215827aa14233e55bda8850bb4bcdcd4c1d419f01a80bb1f5,492
configs/phase6/group_b_ambiguous/CREATEORDER_V2_C1_F8_P10_C50_S7007.yaml,2a62c477f53ad0cdbb6328b2355cb196337da180c74c0345b718ca97db7189e3,492
configs/phase6/group_b_ambiguous/CREATEORDER_V2_C1_F8_P10_C50_S7008.yaml,63519b7b31ac0739e5379d43ee5628c236e3750a7eebdf330d47fb0498c88ba3,492
configs/phase6/group_b_ambiguous/CREATEORDER_V2_C1_F8_P10_C50_S7009.yaml,08970c4dc036c87ff68d48c29fd620f6f5fdf6125ea44525a42d4da3f8a58957,492
configs/phase6/group_b_ambiguous/CREATEORDER_V2_C1_F8_P1_C10_S7000.yaml,d97ae44e8412855b4b172d77e73f6db31d65363ba31fc0790ed55102955daa02,492
configs/phase6/group_b_ambiguous/CREATEORDER_V2_C1_F8_P1_C10_S7001.yaml,6611c9603e6797ab40fbd05018e2be3503421158a6537996ff1f3828beaffad9,492
configs/phase6/group_b_ambiguous/CREATEORDER_V2_C1_F8_P1_C10_S7002.yaml,ea27856e9d5b3429c8d19171d48d1df1077d10dbd2e4050309e74cd79c46403f,492
configs/phase6/group_b_ambiguous/CREATEORDER_V2_C1_F8_P1_C10_S7003.yaml,2e4fb5c3ea0350ed9adda0caa689feeab4cfd90aeb721a6a2389e5ec0b4a3f16,492
configs/phase6/group_b_ambiguous/CREATEORDER_V2_C1_F8_P1_C10_S7004.yaml,9a2cf294a4872a057c105b5e6f9a446da87aae924c3a848e40e2f91f2f3e6199,492
configs/phase6/group_b_ambiguous/CREATEORDER_V2_C1_F8_P1_C10_S7005.yaml,42b321bda6bd6c672789b89887da5e5f86607b8124f4cc6ca69b883c2ecfe55d,492
configs/phase6/group_b_ambiguous/CREATEORDER_V2_C1_F8_P1_C10_S7006.yaml,9767d7952833261eaf4836aa1d6bee0d2914b83f6518d43ad9d8e073e030848d,492
configs/phase6/group_b_ambiguous/CREATEORDER_V2_C1_F8_P1_C10_S7007.yaml,83628375e2f9ce311eb565edfbc45ee2a55839e0c7d3fc5f10193a99c29679fe,492
configs/phase6/group_b_ambiguous/CREATEORDER_V2_C1_F8_P1_C10_S7008.yaml,9b0914ecc6feba392638828e19e61a688c8b68fee5df04d285790a0f7c4c2a6a,492
configs/phase6/group_b_ambiguous/CREATEORDER_V2_C1_F8_P1_C10_S7009.yaml,97564fd0527d01df37cf28fd5ffe1ac9fc1ef221adbe841e203ce0c663824e42,492
configs/phase6/group_b_ambiguous/CREATEORDER_V2_C1_F8_P1_C50_S7000.yaml,36bc66a04d30b5a0c6a310ef11ab2a1e86b2d16747688d80247a5245c9817003,492
configs/phase6/group_b_ambiguous/CREATEORDER_V2_C1_F8_P1_C50_S7001.yaml,6bfe334ba51430bcb8e225622cb7a4163109dfde831636f84a4752017031f794,492
configs/phase6/group_b_ambiguous/CREATEORDER_V2_C1_F8_P1_C50_S7002.yaml,a059089615814c75376337c5a913e3fdaccf32baf0a967035d14527e0a0bb73b,492
configs/phase6/group_b_ambiguous/CREATEORDER_V2_C1_F8_P1_C50_S7003.yaml,ccb756046ddda7203f42f0461b806bc71200dc014c05a210327411c01bcaea83,492
configs/phase6/group_b_ambiguous/CREATEORDER_V2_C1_F8_P1_C50_S7004.yaml,4be9dbabe595b1a13755702674f2f8e3b7d6cd108f6982e7c7913d0eb126ff6c,492
configs/phase6/group_b_ambiguous/CREATEORDER_V2_C1_F8_P1_C50_S7005.yaml,463ebc7dcac9fe4ccb9c506d8d1655112c80615241fd3bfbda8d68a08003a68c,492
configs/phase6/group_b_ambiguous/CREATEORDER_V2_C1_F8_P1_C50_S7006.yaml,1a60de37633c29e50dd52ccf8a8739444cbdf4f67119495ba2adb98a502c4630,492
configs/phase6/group_b_ambiguous/CREATEORDER_V2_C1_F8_P1_C50_S7007.yaml,93ddd9aa65b540b312b9c96c353086b84326dc44ff1d708d5ef7e14a25a9c2f8,492
configs/phase6/group_b_ambiguous/CREATEORDER_V2_C1_F8_P1_C50_S7008.yaml,0b5b8fdfa84a8a17aa4b57f106024460a9c0f295855f029475b493ee3ea7716e,492
configs/phase6/group_b_ambiguous/CREATEORDER_V2_C1_F8_P1_C50_S7009.yaml,e5950836f993eacaad8a9b104de63aa1ae6fa411e0dda49834bca15eeb377699,492
configs/phase6/group_b_ambiguous/CREATEORDER_V2_C1_F8_P20_C10_S7000.yaml,f2437acd1bd98a7221f95a99ed577271a5d2e7d83f710c197dfd62d2706d2cd0,492
configs/phase6/group_b_ambiguous/CREATEORDER_V2_C1_F8_P20_C10_S7001.yaml,6add1c0933d3d6fa5892a80d6ea9ca531a75847d63f7795efe4bbc0ee1aa6766,492
configs/phase6/group_b_ambiguous/CREATEORDER_V2_C1_F8_P20_C10_S7002.yaml,cf1aea43d5bcbc2b634210c5b6a0040bf33ba0cdd1354c49331fd969084cde31,492
configs/phase6/group_b_ambiguous/CREATEORDER_V2_C1_F8_P20_C10_S7003.yaml,65b345a7c7dcadaee5af7f348b01c167c3cb0bec49555a7e2eab3d3014ae025d,492
configs/phase6/group_b_ambiguous/CREATEORDER_V2_C1_F8_P20_C10_S7004.yaml,583f7e5653fc17cde68cf998265f59c54c304aeb04c0669c9ed4bafe037d4681,492
configs/phase6/group_b_ambiguous/CREATEORDER_V2_C1_F8_P20_C10_S7005.yaml,d17b39b4294a10fab59920ed4bb1e7c82935a0c97575df8c93e1e0a5c9d154d6,492
configs/phase6/group_b_ambiguous/CREATEORDER_V2_C1_F8_P20_C10_S7006.yaml,5ee234a088164c440043fd147be3b703e935497de10f4b268d032301b64a9bed,492
configs/phase6/group_b_ambiguous/CREATEORDER_V2_C1_F8_P20_C10_S7007.yaml,2e99df14adf47e4fdd675119293597380e1757cd8b66a9dd034fcbff36093fb5,492
configs/phase6/group_b_ambiguous/CREATEORDER_V2_C1_F8_P20_C10_S7008.yaml,60e6d198784a98d8336c00f3cd3c602bc2e7d2e98c0ce418b212f01755ed62b6,492
configs/phase6/group_b_ambiguous/CREATEORDER_V2_C1_F8_P20_C10_S7009.yaml,8ecfaabec3c2c3485de5f8c95a194a9b06e5785d4a33ea78558e8c655e9d80fe,492
configs/phase6/group_b_ambiguous/CREATEORDER_V2_C1_F8_P20_C50_S7000.yaml,bca7eabdaaaa9e2c7e6f6725e50e1f8c3f5d69dc4c743e68eb0782a522d2aee2,492
configs/phase6/group_b_ambiguous/CREATEORDER_V2_C1_F8_P20_C50_S7001.yaml,a6520a94101d8916af207e2b61e4bba09d120ad72374120b0e7e5eb3f482192b,492
configs/phase6/group_b_ambiguous/CREATEORDER_V2_C1_F8_P20_C50_S7002.yaml,132cfc5920fb726cbfd73e67271f22bb672c9aff227f85016d91e01d45b94565,492
configs/phase6/group_b_ambiguous/CREATEORDER_V2_C1_F8_P20_C50_S7003.yaml,18a3ffc48ed2a31d6048b2304694eac94958e42e55800042dfd4e0dd41b804cf,492
configs/phase6/group_b_ambiguous/CREATEORDER_V2_C1_F8_P20_C50_S7004.yaml,4f8205de7a9552e98d36c0759525d4d59a19637b749228cdf4199fca0c6167e0,492
configs/phase6/group_b_ambiguous/CREATEORDER_V2_C1_F8_P20_C50_S7005.yaml,da5491315aa09dfed38aa5281dc3893f320dee09637661a86e9d943ae2755ab5,492
configs/phase6/group_b_ambiguous/CREATEORDER_V2_C1_F8_P20_C50_S7006.yaml,64c337b2a070fc6af589bac27eaa06fcbda8e9a41d18f7322fe6daa52b8ff2c3,492
configs/phase6/group_b_ambiguous/CREATEORDER_V2_C1_F8_P20_C50_S7007.yaml,6c6f95831fa7c4ddeb792d5d2da7ef61494a8e93d8fa20d6535abc48c09dcb1f,492
configs/phase6/group_b_ambiguous/CREATEORDER_V2_C1_F8_P20_C50_S7008.yaml,7567a4dcc56ea322792d8a965c986e3f36c0ee1cd1952277599c067e6b33474d,492
configs/phase6/group_b_ambiguous/CREATEORDER_V2_C1_F8_P20_C50_S7009.yaml,b8389ce4981682dd4f480441399312a71904eb5a2880cbeddd5c51fe74a67590,492
configs/phase6/group_b_ambiguous/CREATEORDER_V2_C1_F8_P5_C10_S7000.yaml,cc580bf402d5957325abe5f8f62f39cbfaf9f3339e61a0dd55f46872ddf9e066,492
configs/phase6/group_b_ambiguous/CREATEORDER_V2_C1_F8_P5_C10_S7001.yaml,ee701d7872a0e2cf6149e9a19518229dc8ee5740df988e6503b984785ea76d73,492
configs/phase6/group_b_ambiguous/CREATEORDER_V2_C1_F8_P5_C10_S7002.yaml,36d4a2827553cd15a79e8d843e66916115a343fa43877edd1c431a3fb2363c03,492
configs/phase6/group_b_ambiguous/CREATEORDER_V2_C1_F8_P5_C10_S7003.yaml,8501f4d9f2fbf65fa7b691250f4bb2b5d4cf33e4d65c08a5727fe17551836c55,492
configs/phase6/group_b_ambiguous/CREATEORDER_V2_C1_F8_P5_C10_S7004.yaml,86826d8373d650e12ef4fd203bd0c756b543fea447519e32b382de4d5c4a0af2,492
configs/phase6/group_b_ambiguous/CREATEORDER_V2_C1_F8_P5_C10_S7005.yaml,e2368e0c51ec63f00e2bc10b3187cda40e4e44f76f3c9fa535781f2a423c239f,492
configs/phase6/group_b_ambiguous/CREATEORDER_V2_C1_F8_P5_C10_S7006.yaml,1192c6fc3bdde154d15f752f3ff8cd71a8cd900c92d3422dcd1121bd8d3ddac6,492
configs/phase6/group_b_ambiguous/CREATEORDER_V2_C1_F8_P5_C10_S7007.yaml,721761b884c0104083a8376b3b92f8af7cedc941992c69242553617b7c909963,492
configs/phase6/group_b_ambiguous/CREATEORDER_V2_C1_F8_P5_C10_S7008.yaml,08dfb1c54fb051fd6dd1a073e9c14e614cf1cddbd999364602678d6bbe03dbf8,492
configs/phase6/group_b_ambiguous/CREATEORDER_V2_C1_F8_P5_C10_S7009.yaml,a8ca841f60555915eb0b60f52efb51874013d7236a7e8d5684d55a8a768296e8,492
configs/phase6/group_b_ambiguous/CREATEORDER_V2_C1_F8_P5_C50_S7000.yaml,a304c5ff6b3c24a943797ecc81ad382339e7b04c60fad030eca6f22c10b7d772,492
configs/phase6/group_b_ambiguous/CREATEORDER_V2_C1_F8_P5_C50_S7001.yaml,c08cc6dcc73417c4665bd7c7caa269352632e9ecdd704d242ed020db7bc69d84,492
configs/phase6/group_b_ambiguous/CREATEORDER_V2_C1_F8_P5_C50_S7002.yaml,a43e177ba0818cc6373b8eb8d99a9e78e421e827474c52a9faf3c48b6ea22919,492
configs/phase6/group_b_ambiguous/CREATEORDER_V2_C1_F8_P5_C50_S7003.yaml,b7b18c225487be7eedaf12afc48f56c4b173112a8f49bfb6599ae7a1aff1d6ff,492
configs/phase6/group_b_ambiguous/CREATEORDER_V2_C1_F8_P5_C50_S7004.yaml,7957805fc73fa78de2e7cd2ada5fb45cf0a85716161e337893bfd8f07fe03b60,492
configs/phase6/group_b_ambiguous/CREATEORDER_V2_C1_F8_P5_C50_S7005.yaml,0fbe895360917bd0913ef72654ee176bbd9c7f46d98ffcc3480c5fe032f1cee1,492
configs/phase6/group_b_ambiguous/CREATEORDER_V2_C1_F8_P5_C50_S7006.yaml,586abcfd7dbd2557d0faf4a89ee473e5ccac40957580722797f6b4c718b33ebc,492
configs/phase6/group_b_ambiguous/CREATEORDER_V2_C1_F8_P5_C50_S7007.yaml,c70fd4bba698c094d5c6cbe7bdba8b226df103d665b45b226a0111f04f284d8f,492
configs/phase6/group_b_ambiguous/CREATEORDER_V2_C1_F8_P5_C50_S7008.yaml,2a31aa37905fbb5b03ec2c932dc825b8574df8da200d2e169906099edf9be5d6,492
configs/phase6/group_b_ambiguous/CREATEORDER_V2_C1_F8_P5_C50_S7009.yaml,099938f7412ac5dd7317e6a2a2fd43e92d9d9d71e638257b2b09abcd285dc9b9,492
configs/phase6/group_b_ambiguous/CREATEORDER_V2_C1_F9_P10_C10_S7000.yaml,1b4e7e90a6d6ca356ed5ed702ce57dc0da264a2054abcf5ba4a50e7ea31117a0,492
configs/phase6/group_b_ambiguous/CREATEORDER_V2_C1_F9_P10_C10_S7001.yaml,a233f91dbad9d4392c4341dc0c964535b4d108875e0d9eae26ed118b090cedab,492
configs/phase6/group_b_ambiguous/CREATEORDER_V2_C1_F9_P10_C10_S7002.yaml,a6bf13feba5109ab709cd6a7838e7362fa08dcbe3f0518f116b68791f92f4a36,492
configs/phase6/group_b_ambiguous/CREATEORDER_V2_C1_F9_P10_C10_S7003.yaml,e1b330e0abb19d7fd0993a90c15f2ff5540a596131bb10dee68c9ac053fd5cde,492
configs/phase6/group_b_ambiguous/CREATEORDER_V2_C1_F9_P10_C10_S7004.yaml,b10aacec2e57712b57689e70aa657023c1e31a249120dc45b5e37823d52bfa36,492
configs/phase6/group_b_ambiguous/CREATEORDER_V2_C1_F9_P10_C10_S7005.yaml,ade9d5746fcdf9915872d4ef944fd766af7b13f1ea7e963020d2371473b4d1c2,492
configs/phase6/group_b_ambiguous/CREATEORDER_V2_C1_F9_P10_C10_S7006.yaml,eb574444757c55cebcd444169f4a3541db60de68c00d0b00052ce402c990a4b8,492
configs/phase6/group_b_ambiguous/CREATEORDER_V2_C1_F9_P10_C10_S7007.yaml,f8f046eb67f49194290d04a41d62e9186193cdf842469a9e8dbf393733efd2a2,492
configs/phase6/group_b_ambiguous/CREATEORDER_V2_C1_F9_P10_C10_S7008.yaml,5596d5f9c7fa6690f88f82954e2a4643c9419749128f268923aae1715bef4a6e,492
configs/phase6/group_b_ambiguous/CREATEORDER_V2_C1_F9_P10_C10_S7009.yaml,978b1b4eac4d755f108260799cc3fcdb27a47d34d5db55575c663a9785637c2c,492
configs/phase6/group_b_ambiguous/CREATEORDER_V2_C1_F9_P10_C50_S7000.yaml,ffdeac2143c2ddf03cb48fde40e2c4e44d0fd1e33611be7801aeb34fe617604d,492
configs/phase6/group_b_ambiguous/CREATEORDER_V2_C1_F9_P10_C50_S7001.yaml,f84009331b2d533f2f98f17215e471385d17741934c25a5495179346d7bf2d8f,492
configs/phase6/group_b_ambiguous/CREATEORDER_V2_C1_F9_P10_C50_S7002.yaml,544bf2d5777f6ddb48cd4291008625b67c6a72c0c36d4bd4b2baa264f4d3f565,492
configs/phase6/group_b_ambiguous/CREATEORDER_V2_C1_F9_P10_C50_S7003.yaml,02d1f213c52fb97305f308dbd52ab0c306326f867634a2ea08fa814f45267bf5,492
configs/phase6/group_b_ambiguous/CREATEORDER_V2_C1_F9_P10_C50_S7004.yaml,d625172f3b75688a39c3bc32e02e773ea7c53d2b84737f6c22b8e9de960f36fd,492
configs/phase6/group_b_ambiguous/CREATEORDER_V2_C1_F9_P10_C50_S7005.yaml,47b6e7c66ea0ae0b0b3c6ac6d12c15e76146288f0d6cf56c43e6556a4efaf5b4,492
configs/phase6/group_b_ambiguous/CREATEORDER_V2_C1_F9_P10_C50_S7006.yaml,b5bf88b88470f7cff6185c8fedb1d4f7f221a891a99856abdc1db870b7eed4b3,492
configs/phase6/group_b_ambiguous/CREATEORDER_V2_C1_F9_P10_C50_S7007.yaml,e1f1a2b0635f8641cdfe0480185cdc189321b49e77e0a31b19a05807b6707d7d,492
configs/phase6/group_b_ambiguous/CREATEORDER_V2_C1_F9_P10_C50_S7008.yaml,964077cbae545d5906f88b03e84b82bb340755b6649c4338c39e3a1c66dfbdda,492
configs/phase6/group_b_ambiguous/CREATEORDER_V2_C1_F9_P10_C50_S7009.yaml,bab81f916974568ac7ab9bc2eb01e00cbbc04477373ad57a1685d35f447bfcd9,492
configs/phase6/group_b_ambiguous/CREATEORDER_V2_C1_F9_P1_C10_S7000.yaml,e906b18f30a8fd0816c84500bc8334e6cd859493b974b7849b323f3eb90341e4,492
configs/phase6/group_b_ambiguous/CREATEORDER_V2_C1_F9_P1_C10_S7001.yaml,7f1ea9493cda3003234c4a635b32c962f512c8db55c5a4a0da45113817060334,492
configs/phase6/group_b_ambiguous/CREATEORDER_V2_C1_F9_P1_C10_S7002.yaml,0844327e52ae100443f5c8c15777d2a65ca2c61301ea2eb689b67ee342b22c97,492
configs/phase6/group_b_ambiguous/CREATEORDER_V2_C1_F9_P1_C10_S7003.yaml,b3baf650ac25d261848ff2a9afa7a07a609af6c994f791ac93c8aff3c735fa7d,492
configs/phase6/group_b_ambiguous/CREATEORDER_V2_C1_F9_P1_C10_S7004.yaml,02e2857d6f994f0ce0f3ce7938cff555f163d8507353ffaeaeeb18200ce437a1,492
configs/phase6/group_b_ambiguous/CREATEORDER_V2_C1_F9_P1_C10_S7005.yaml,8c7fb5fb5454a574b048ffe6b26d81c01b8fdab6241f4ae761ce7bb460c50abb,492
configs/phase6/group_b_ambiguous/CREATEORDER_V2_C1_F9_P1_C10_S7006.yaml,e7acf9d6602105150671db43aabe04cec600ac65f18f35a5c592a6297040965e,492
configs/phase6/group_b_ambiguous/CREATEORDER_V2_C1_F9_P1_C10_S7007.yaml,d46dd704a296fd0fc19375ac6de41bed5f348b940946796be280d37e4f18c4e5,492
configs/phase6/group_b_ambiguous/CREATEORDER_V2_C1_F9_P1_C10_S7008.yaml,1482725237704a7ac7adf0862fab96891768096ff9f62494bfceb11d9012468e,492
configs/phase6/group_b_ambiguous/CREATEORDER_V2_C1_F9_P1_C10_S7009.yaml,8e8605f574290a7437981a645a1d357a5d5df4231d17239755daf5cac0d06a0d,492
configs/phase6/group_b_ambiguous/CREATEORDER_V2_C1_F9_P1_C50_S7000.yaml,c6c87e8428f1f0a78f8c1ff87307cbcee1672faa363ba0d14f475ec44e41185f,492
configs/phase6/group_b_ambiguous/CREATEORDER_V2_C1_F9_P1_C50_S7001.yaml,730b7a485c659d844c15db21901dcb3f213b020288579a099875f7290a9a1f2f,492
configs/phase6/group_b_ambiguous/CREATEORDER_V2_C1_F9_P1_C50_S7002.yaml,1b81b7da0b247576547bdff628e445d30c5996eca965888dce7498d39e614ba9,492
configs/phase6/group_b_ambiguous/CREATEORDER_V2_C1_F9_P1_C50_S7003.yaml,84260b7f8f5bfb095bc29148c2f1a4e9996522317d93baeee142119dace08e69,492
configs/phase6/group_b_ambiguous/CREATEORDER_V2_C1_F9_P1_C50_S7004.yaml,f57bbad24152a6a7f0543905140dde24d6506eb9418d7924b88487f6dc9d52c3,492
configs/phase6/group_b_ambiguous/CREATEORDER_V2_C1_F9_P1_C50_S7005.yaml,b1e12a983bbb0ebed69a93157af551dfc01489bd94fec99545de571236e8e393,492
configs/phase6/group_b_ambiguous/CREATEORDER_V2_C1_F9_P1_C50_S7006.yaml,4641039f03200a9ad92d0057d5258fe0f4a9a9adb55546f0f38d49b7658b1dff,492
configs/phase6/group_b_ambiguous/CREATEORDER_V2_C1_F9_P1_C50_S7007.yaml,5e5b7fbccbf791dc7815e6dd9fbcdf7374b7ad319474ae28311f411fbfb6f0de,492
configs/phase6/group_b_ambiguous/CREATEORDER_V2_C1_F9_P1_C50_S7008.yaml,c72929a0da28f62e6d2b169cae39247a9807a2180f3d42714506a52cbf48649d,492
configs/phase6/group_b_ambiguous/CREATEORDER_V2_C1_F9_P1_C50_S7009.yaml,8640d3f85bbaefd14c9b90cad9da97b140f16024e229a33f87425a7b8a79f574,492
configs/phase6/group_b_ambiguous/CREATEORDER_V2_C1_F9_P20_C10_S7000.yaml,260e935127cc95364c896af20541723da4908e9d2a0aae0a948d931ba501abbc,492
configs/phase6/group_b_ambiguous/CREATEORDER_V2_C1_F9_P20_C10_S7001.yaml,359de420bb819379cebbbfaeff1bdc46ac356beb753784abe4402745eb3dce74,492
configs/phase6/group_b_ambiguous/CREATEORDER_V2_C1_F9_P20_C10_S7002.yaml,9ce884e7066cbc415abfa1edc8e6d2fe7b0a44853eaaba90d1124e78aea8b482,492
configs/phase6/group_b_ambiguous/CREATEORDER_V2_C1_F9_P20_C10_S7003.yaml,181d69caacdb31b962bd94d4e44a026f8b2fa615de710d36c5ea64924e643294,492
configs/phase6/group_b_ambiguous/CREATEORDER_V2_C1_F9_P20_C10_S7004.yaml,742021d97b3152566634312939e107e0f15e483d997a1534d7b6597d42fbb116,492
configs/phase6/group_b_ambiguous/CREATEORDER_V2_C1_F9_P20_C10_S7005.yaml,d195e8be210d034676200a7f4fc65b13d01287d421e1e381db6039fcdf7fc48f,492
configs/phase6/group_b_ambiguous/CREATEORDER_V2_C1_F9_P20_C10_S7006.yaml,ba0c62765bf4639a33d3a505ccc92d320313ed27f2fa29a9b82376bc23796a41,492
configs/phase6/group_b_ambiguous/CREATEORDER_V2_C1_F9_P20_C10_S7007.yaml,8391b674633f28f9ee85f25f74303f4c7b2286934f0d56e6acf97acfbc6ad209,492
configs/phase6/group_b_ambiguous/CREATEORDER_V2_C1_F9_P20_C10_S7008.yaml,90f8613a233b7b68917559cf5c5e54b1263ff5f8004dd6fdcb0c9cdf5f080ab9,492
configs/phase6/group_b_ambiguous/CREATEORDER_V2_C1_F9_P20_C10_S7009.yaml,580ed290cd0cb4bece97c74f590e662ba29bf662a674a2284f30fc0258c95e27,492
configs/phase6/group_b_ambiguous/CREATEORDER_V2_C1_F9_P20_C50_S7000.yaml,1cc38ee5f907af2c7f54e391eefe459c114c5f6d4b75a17e5be7d3e6bf20f887,492
configs/phase6/group_b_ambiguous/CREATEORDER_V2_C1_F9_P20_C50_S7001.yaml,f7dfc9cba56aa988c584c833490398018763e7947be18144eb2c015bc018468b,492
configs/phase6/group_b_ambiguous/CREATEORDER_V2_C1_F9_P20_C50_S7002.yaml,ec34daac0e453d37620cdac1a18f7b854c48d3eaf2a1ee860f0385708d7318a9,492
configs/phase6/group_b_ambiguous/CREATEORDER_V2_C1_F9_P20_C50_S7003.yaml,777cc0111bf26246688daedb3d6b289ade9063eaac23b5dbd6428043e1391dba,492
configs/phase6/group_b_ambiguous/CREATEORDER_V2_C1_F9_P20_C50_S7004.yaml,835e4c1101d778f7d91fdfd45b309fbc22fa474cc23f0656f3a23c3983a95076,492
configs/phase6/group_b_ambiguous/CREATEORDER_V2_C1_F9_P20_C50_S7005.yaml,09706a362eec898cc90381b9bacd18b374719a4c5f106ec8fd447049c7fe94a5,492
configs/phase6/group_b_ambiguous/CREATEORDER_V2_C1_F9_P20_C50_S7006.yaml,44d76324d6eea052b55b6a5b81f4f90ab9e0bb4c9bed122ef7048b28ae66a214,492
configs/phase6/group_b_ambiguous/CREATEORDER_V2_C1_F9_P20_C50_S7007.yaml,c84fd7e4b760c73bae4240f81c4abcd8e29654f11fa079fb68c3ef8465a98a1b,492
configs/phase6/group_b_ambiguous/CREATEORDER_V2_C1_F9_P20_C50_S7008.yaml,9f7ba528e464b9929a502be6c96d2fa854a30d8a04cfa1c269f8c8d81125b844,492
configs/phase6/group_b_ambiguous/CREATEORDER_V2_C1_F9_P20_C50_S7009.yaml,ba609021eeaed3a30f53923a8b1294a77c1f996dc42909fee9b60cb9ecc5e085,492
configs/phase6/group_b_ambiguous/CREATEORDER_V2_C1_F9_P5_C10_S7000.yaml,b9022b2406df9ae50b52eb155d838a15f0492f8268caf7c0dcf05bb5fd8f1de8,492
configs/phase6/group_b_ambiguous/CREATEORDER_V2_C1_F9_P5_C10_S7001.yaml,878e8a00c38216bf2fa4a5f8bb7325a6f6aafe12834c246ff5f8674ad0b8f0fe,492
configs/phase6/group_b_ambiguous/CREATEORDER_V2_C1_F9_P5_C10_S7002.yaml,ad10be6ab5e2935e49a923f892026d85bac9a9bb83c56b3b08ab0e0d09fa5e99,492
configs/phase6/group_b_ambiguous/CREATEORDER_V2_C1_F9_P5_C10_S7003.yaml,d6d4495fe8336961f167f86a3f436651515f45dc0dbc74f939222178bc4184d0,492
configs/phase6/group_b_ambiguous/CREATEORDER_V2_C1_F9_P5_C10_S7004.yaml,11981b2fd48f99f60ca4f0806f35adc2dc8fbb34ca7c1a82cb8d23668811b03f,492
configs/phase6/group_b_ambiguous/CREATEORDER_V2_C1_F9_P5_C10_S7005.yaml,a53ebb4541cd59193b6c3c8aa5b8c64bfe0ea692c6c8e966b3ffe23c10903f32,492
configs/phase6/group_b_ambiguous/CREATEORDER_V2_C1_F9_P5_C10_S7006.yaml,e59e28e89ce9f939c5d32cc8a9fb2958a0aa4b70677e75bb6eda0080b8a76fd4,492
configs/phase6/group_b_ambiguous/CREATEORDER_V2_C1_F9_P5_C10_S7007.yaml,ad9778f02e3d299b587f152bb8b12336c4aaa3fea52788d9966f9351489fdeca,492
configs/phase6/group_b_ambiguous/CREATEORDER_V2_C1_F9_P5_C10_S7008.yaml,64396e1b8d1ddd1672aea4e066908077249d2ff339ad818ebc6f316d6d7ca21c,492
configs/phase6/group_b_ambiguous/CREATEORDER_V2_C1_F9_P5_C10_S7009.yaml,e1cbf3ce53c1d6e0ef8957984c8ddcff62493c02d759f442795993d6e7797f74,492
configs/phase6/group_b_ambiguous/CREATEORDER_V2_C1_F9_P5_C50_S7000.yaml,84ae5abc025a11c9efd1691e10598e7f20d8fa94e9f14504ebb25f92cdb50b95,492
configs/phase6/group_b_ambiguous/CREATEORDER_V2_C1_F9_P5_C50_S7001.yaml,de798e99ec8f12702aea8dc84908abc3e8b7a4f8276ff3d424b736a2c7638f64,492
configs/phase6/group_b_ambiguous/CREATEORDER_V2_C1_F9_P5_C50_S7002.yaml,56e3881ac100f911df54370969fcb11e051096b9f3820e001dff5384ae5c12b9,492
configs/phase6/group_b_ambiguous/CREATEORDER_V2_C1_F9_P5_C50_S7003.yaml,a44aad46a6c4db5b4f3aca0f127588c3a2b7bcf29a22161f4e5620c156eade35,492
configs/phase6/group_b_ambiguous/CREATEORDER_V2_C1_F9_P5_C50_S7004.yaml,a0c46565a2756ab7122a058196aeda72473610baad3e3550bcdb3f9b0ffca8e9,492
configs/phase6/group_b_ambiguous/CREATEORDER_V2_C1_F9_P5_C50_S7005.yaml,024c7112f4c45f8b637e9525beb1c11b11a9e02ff4d1dcaefd3d39e73e624613,492
configs/phase6/group_b_ambiguous/CREATEORDER_V2_C1_F9_P5_C50_S7006.yaml,4c7184813a52f98aec659849ecd81299b94477a8e354f6c6d54d62711184086d,492
configs/phase6/group_b_ambiguous/CREATEORDER_V2_C1_F9_P5_C50_S7007.yaml,29dd7976aa4e718ab26013d991bb3575a873acba2e5fd8da9f7f29c20fc0f2ed,492
configs/phase6/group_b_ambiguous/CREATEORDER_V2_C1_F9_P5_C50_S7008.yaml,a4a27a47968754bcbf853b99b0c421685c89ca86d7943251e8d31efb87071a6c,492
configs/phase6/group_b_ambiguous/CREATEORDER_V2_C1_F9_P5_C50_S7009.yaml,edd664b201d2b27f03ad7760e7a6f3d40e479e73b3a1b7ebcea25e94679f4793,492
configs/phase6/group_b_ambiguous/CREATEORDER_V3_C1_F3_P10_C10_S7000.yaml,d7c050d50f8b3cfcfafa4a1190e042af6384b52cd00d6b69bd145275f40b1f78,492
configs/phase6/group_b_ambiguous/CREATEORDER_V3_C1_F3_P10_C10_S7001.yaml,82d334a5cc2b9120068543be5324a150a0c689b03c8f2e017acc50f594348d6a,492
configs/phase6/group_b_ambiguous/CREATEORDER_V3_C1_F3_P10_C10_S7002.yaml,453b8070f00034d01d9cdccb2f066d420cabaeccb91c37b332be727a208d15fa,492
configs/phase6/group_b_ambiguous/CREATEORDER_V3_C1_F3_P10_C10_S7003.yaml,4f184f9b9a7648dc16b4f9aef904de984ed85d6dacb77c1209da91793d7ad4b9,492
configs/phase6/group_b_ambiguous/CREATEORDER_V3_C1_F3_P10_C10_S7004.yaml,c51d57aebd0bb0386a977517a665a8873bee29488a773ad424c7c63337fce5fe,492
configs/phase6/group_b_ambiguous/CREATEORDER_V3_C1_F3_P10_C10_S7005.yaml,8d02ddfd60d85433b6932c3d02acb9ab24d43eb225b850fc0c9c604720fffe1c,492
configs/phase6/group_b_ambiguous/CREATEORDER_V3_C1_F3_P10_C10_S7006.yaml,1603a8ca318d01b168773b5394b31b1d11310933eccec75de200fc8acdf18585,492
configs/phase6/group_b_ambiguous/CREATEORDER_V3_C1_F3_P10_C10_S7007.yaml,a55dc265390cadffd22f0c5627b64989f902282c9133009b79a5ba41bd9126a4,492
configs/phase6/group_b_ambiguous/CREATEORDER_V3_C1_F3_P10_C10_S7008.yaml,ef92949bb2e1fcded3b2e7033197fd34f8b708e95952f432c690c793102ac578,492
configs/phase6/group_b_ambiguous/CREATEORDER_V3_C1_F3_P10_C10_S7009.yaml,181b720bbad0134c11c688806ce362dae3e7fc2dc24c43553052ab776e879608,492
configs/phase6/group_b_ambiguous/CREATEORDER_V3_C1_F3_P10_C50_S7000.yaml,cb3a5f4f60e2bf5a13389b368c9c84b1bc1fae186397fe5a98c0f8070a05a06d,492
configs/phase6/group_b_ambiguous/CREATEORDER_V3_C1_F3_P10_C50_S7001.yaml,8b5cf74697255aa4502d06d80cf6b03eae3dabc66c053c7fd2a83f29fe871526,492
configs/phase6/group_b_ambiguous/CREATEORDER_V3_C1_F3_P10_C50_S7002.yaml,5cd6e0b00450c92faa025f8ff930a1b695c0a5737ae87c3e3c2027e7580fd595,492
configs/phase6/group_b_ambiguous/CREATEORDER_V3_C1_F3_P10_C50_S7003.yaml,0f9f71110ac8c50deb0e68e6e3e10ecf04b3297c4a727441cc321485aa756f11,492
configs/phase6/group_b_ambiguous/CREATEORDER_V3_C1_F3_P10_C50_S7004.yaml,08aaffa8c0412b57bc547e0cda7cfde7d51fd805e4c64678b5e16e0b879bb51e,492
configs/phase6/group_b_ambiguous/CREATEORDER_V3_C1_F3_P10_C50_S7005.yaml,3e4607493a7bad0a9d71701c4de36a544786fcb53a046029c7d326f09cd73d0c,492
configs/phase6/group_b_ambiguous/CREATEORDER_V3_C1_F3_P10_C50_S7006.yaml,d18e11603ee7979075b92ea632cd3a1d703d8c719192a6da819bdee80d6115d6,492
configs/phase6/group_b_ambiguous/CREATEORDER_V3_C1_F3_P10_C50_S7007.yaml,a98760ff1d9bbb0af07f7f9fd94c2c07c7a2e88c98f4a33bf5f734d4ea22a06c,492
configs/phase6/group_b_ambiguous/CREATEORDER_V3_C1_F3_P10_C50_S7008.yaml,557b721c68a9ef45032b83e3f6b21f7ffa0c6eddcffbb7147a14bb1c6ab65277,492
configs/phase6/group_b_ambiguous/CREATEORDER_V3_C1_F3_P10_C50_S7009.yaml,49acfc0d45c06cb09e6d22bdcba72c88ab8cc45105e301eccb2ce95df998837c,492
configs/phase6/group_b_ambiguous/CREATEORDER_V3_C1_F3_P1_C10_S7000.yaml,320e8dc6c19940218b1aa9e2a1bea74da143449f9d4810bd59692ec5b95dabc2,492
configs/phase6/group_b_ambiguous/CREATEORDER_V3_C1_F3_P1_C10_S7001.yaml,e947a96cc7e7610cac2f9c2a522df085cef90642a7fa323e83d46f3993883f57,492
configs/phase6/group_b_ambiguous/CREATEORDER_V3_C1_F3_P1_C10_S7002.yaml,163149a2beb51a31754aa84d57b388723afa8cba1ea2b494f6ef9c0238e9a01a,492
configs/phase6/group_b_ambiguous/CREATEORDER_V3_C1_F3_P1_C10_S7003.yaml,0678b6e4a435cfe44d8a1719e0749e819c909867d56ec081cff87ded72e481e6,492
configs/phase6/group_b_ambiguous/CREATEORDER_V3_C1_F3_P1_C10_S7004.yaml,197b9078ef2cc11ad609db32d7bca4d271f84c7a975db1d71b9929fb3511fadc,492
configs/phase6/group_b_ambiguous/CREATEORDER_V3_C1_F3_P1_C10_S7005.yaml,fa524c85e8897bf0cb816749819b44354dc8fa21fbb7a314672a53141093a5ee,492
configs/phase6/group_b_ambiguous/CREATEORDER_V3_C1_F3_P1_C10_S7006.yaml,c988b958fbde2e789c1ffe67612960a6c5ab68164832d28e69edc2cc86394a8f,492
configs/phase6/group_b_ambiguous/CREATEORDER_V3_C1_F3_P1_C10_S7007.yaml,8fabe200f3bdf96056f3ab72970f113cb14ea0ce9e5387eaedfc54b21d951460,492
configs/phase6/group_b_ambiguous/CREATEORDER_V3_C1_F3_P1_C10_S7008.yaml,c26f73be198bc6d6a6171a3fd338838744f66e66b90c3b3bdad27b40bebfbc5b,492
configs/phase6/group_b_ambiguous/CREATEORDER_V3_C1_F3_P1_C10_S7009.yaml,a2769ec6ecebe4fbcce9a0f39c97b4459c604232c1be8eafce1878c61287199e,492
configs/phase6/group_b_ambiguous/CREATEORDER_V3_C1_F3_P1_C50_S7000.yaml,fef642358d58b953133c3537718d9a1c5932c71ce12373f6997a601d56e401ca,492
configs/phase6/group_b_ambiguous/CREATEORDER_V3_C1_F3_P1_C50_S7001.yaml,f32a5dc9cf1d660e69e1324e41479f14e4c1912cc1f3857bf30ded036f3fa70d,492
configs/phase6/group_b_ambiguous/CREATEORDER_V3_C1_F3_P1_C50_S7002.yaml,74acbd05e4d59d6c324a4df39a165a1ac9151ed48ad8495af40cc024177ab631,492
configs/phase6/group_b_ambiguous/CREATEORDER_V3_C1_F3_P1_C50_S7003.yaml,a0f769e9b85040b884b728ffbb1cc81415993ce30432cda527164ad75baeceb9,492
configs/phase6/group_b_ambiguous/CREATEORDER_V3_C1_F3_P1_C50_S7004.yaml,921a36bbe0942112be39d32ef74a9010f63d2564f8fb6964714428b22f22ccea,492
configs/phase6/group_b_ambiguous/CREATEORDER_V3_C1_F3_P1_C50_S7005.yaml,19f2f48c052a1b58029da5e881dfb8c578dfa1b61a5da01d18705e647ef052b7,492
configs/phase6/group_b_ambiguous/CREATEORDER_V3_C1_F3_P1_C50_S7006.yaml,9ac935503dd5d21c3affe87f535d473cfbcf606332caa1c44c880b224fe50f62,492
configs/phase6/group_b_ambiguous/CREATEORDER_V3_C1_F3_P1_C50_S7007.yaml,bcff45acca5c48b85342dabcd4cace931db24234be6552832b8053325223d967,492
configs/phase6/group_b_ambiguous/CREATEORDER_V3_C1_F3_P1_C50_S7008.yaml,7c522dc42fd63dfb2fbe051cb516016fe3e255f2c1195f55c1e3cd1a3c8becaa,492
configs/phase6/group_b_ambiguous/CREATEORDER_V3_C1_F3_P1_C50_S7009.yaml,3f67c1df4c49f8aef321f86fe8c454375c6694e6eb4e0556643b32a606aab8f6,492
configs/phase6/group_b_ambiguous/CREATEORDER_V3_C1_F3_P20_C10_S7000.yaml,f6819015e3bb5a3ba735c22871335ba1552c5dacb91933b11d7088100cd2f1e1,492
configs/phase6/group_b_ambiguous/CREATEORDER_V3_C1_F3_P20_C10_S7001.yaml,96e0eb4c8d3f5bf36ebcb4b9134120236bddc7bef2503c07afeb48da891930a9,492
configs/phase6/group_b_ambiguous/CREATEORDER_V3_C1_F3_P20_C10_S7002.yaml,c568aa929431f7a240d76324f609c7315711fd4d02c51e3ede25ff976abe7264,492
configs/phase6/group_b_ambiguous/CREATEORDER_V3_C1_F3_P20_C10_S7003.yaml,2e07be3cfe51781eaf48e27e63cff05cb58dfc9ef3b587c13511cc3d69989b97,492
configs/phase6/group_b_ambiguous/CREATEORDER_V3_C1_F3_P20_C10_S7004.yaml,964ca260f39085087741c92b6766bf1225fe874d09083983378d0228656c9ebb,492
configs/phase6/group_b_ambiguous/CREATEORDER_V3_C1_F3_P20_C10_S7005.yaml,afa59139c47a214d71df0d2ab44df40a0abb6c19e163340c49de81c550ff8eaf,492
configs/phase6/group_b_ambiguous/CREATEORDER_V3_C1_F3_P20_C10_S7006.yaml,ea97219cc7ef156f112049d3a2609499836927120992705302b8aec981191514,492
configs/phase6/group_b_ambiguous/CREATEORDER_V3_C1_F3_P20_C10_S7007.yaml,477e4116dea03e383abc3520a54ac27a1bcf3d05bc64a178b3fecbf23faa68c0,492
configs/phase6/group_b_ambiguous/CREATEORDER_V3_C1_F3_P20_C10_S7008.yaml,fb7a2e53d5f251629c8f6fa4d4c63468a0c5a109ac09b7679e9c582acef33bd8,492
configs/phase6/group_b_ambiguous/CREATEORDER_V3_C1_F3_P20_C10_S7009.yaml,6126cb03c063f74256a8d298a2b7203637ad1eb0cfdb842f4c256e96a2586ffd,492
configs/phase6/group_b_ambiguous/CREATEORDER_V3_C1_F3_P20_C50_S7000.yaml,fa27ad62fe9783abb26f61d1b78d3a9f97c2853809419292ab462d99e44e8fae,492
configs/phase6/group_b_ambiguous/CREATEORDER_V3_C1_F3_P20_C50_S7001.yaml,578e581d9549f30423283eb61099d3ddbbcbc8211bebf73efa79189764884833,492
configs/phase6/group_b_ambiguous/CREATEORDER_V3_C1_F3_P20_C50_S7002.yaml,e766141930e20fc89f2daa4ffb1ee11e679c80ec02c6bcba71905ad8ed818191,492
configs/phase6/group_b_ambiguous/CREATEORDER_V3_C1_F3_P20_C50_S7003.yaml,5c598ecc672b8bd211030835206ca4d7087b0e51928508d4642c63878bd95deb,492
configs/phase6/group_b_ambiguous/CREATEORDER_V3_C1_F3_P20_C50_S7004.yaml,c51bec71ddb939b7618d5b17d19b3d7bb12e9376d055f07993df04f3b20bd499,492
configs/phase6/group_b_ambiguous/CREATEORDER_V3_C1_F3_P20_C50_S7005.yaml,12826dfc19cc0a9cfc8a7cf81714279a3b5ad70e75e711e1034a856396c53897,492
configs/phase6/group_b_ambiguous/CREATEORDER_V3_C1_F3_P20_C50_S7006.yaml,28e45c48d7d9e4bc6370e8de1007f9d093ec06ca4a79121c2ad5a0beb3e16db0,492
configs/phase6/group_b_ambiguous/CREATEORDER_V3_C1_F3_P20_C50_S7007.yaml,4037d4da3352f3c80bd6ac3ffc37b97f7f189e87ce04c55e75b16e614145fdb3,492
configs/phase6/group_b_ambiguous/CREATEORDER_V3_C1_F3_P20_C50_S7008.yaml,3c2e91d31d8347ef9c41ba232ced3f43b231802f4ef2f9374c9af02e555db85d,492
configs/phase6/group_b_ambiguous/CREATEORDER_V3_C1_F3_P20_C50_S7009.yaml,759d254a95e9e7b092752a7790e4c1bdfcafd7726372a709196d97e87a01a18a,492
configs/phase6/group_b_ambiguous/CREATEORDER_V3_C1_F3_P5_C10_S7000.yaml,8bfd59651bdd59691eefa16b2f797945ff61d193a105232896022a53e7c8c6cc,492
configs/phase6/group_b_ambiguous/CREATEORDER_V3_C1_F3_P5_C10_S7001.yaml,43fcd534081e3d9ba49bf03d6143e96769af8efafc4be7055dc56e44d1df084f,492
configs/phase6/group_b_ambiguous/CREATEORDER_V3_C1_F3_P5_C10_S7002.yaml,f53223598844cd76e2fa990302f435ea51a0072ff11da1f07ccdbcfcde5b67a5,492
configs/phase6/group_b_ambiguous/CREATEORDER_V3_C1_F3_P5_C10_S7003.yaml,5404f5fcaa9d3bcb1f4572332d8dd2ba116a17b0a699f504a9c0aec7b5f10f21,492
configs/phase6/group_b_ambiguous/CREATEORDER_V3_C1_F3_P5_C10_S7004.yaml,94d8136b7962ff5f073237a733895f061915a4560836bdad59e5988bfb84964c,492
configs/phase6/group_b_ambiguous/CREATEORDER_V3_C1_F3_P5_C10_S7005.yaml,bbad3d752f1e8d08c40136159e5b9d3f260b3379cbc21e30e15735af603ceb10,492
configs/phase6/group_b_ambiguous/CREATEORDER_V3_C1_F3_P5_C10_S7006.yaml,44e04c2dc6812f58dafa79d6032a6f0aa3b4d467d1644f9ad26ac462c95a081b,492
configs/phase6/group_b_ambiguous/CREATEORDER_V3_C1_F3_P5_C10_S7007.yaml,7d064007c3c5d05068aaff3fc59150fb33e47a9eb2c8989e57fbdef6e0906187,492
configs/phase6/group_b_ambiguous/CREATEORDER_V3_C1_F3_P5_C10_S7008.yaml,6a4e365ed17a49fed81e95763083a8f6de3685735e41633942f4f29f931732db,492
configs/phase6/group_b_ambiguous/CREATEORDER_V3_C1_F3_P5_C10_S7009.yaml,654f2c9dfb54e8181569352694e0b56dcc1391a50772579890cc1ba73d5baa48,492
configs/phase6/group_b_ambiguous/CREATEORDER_V3_C1_F3_P5_C50_S7000.yaml,9af55edde9b1c3bc969d6f36932fac3aa253166b1099ef7f89f5ef6afb8efe3f,492
configs/phase6/group_b_ambiguous/CREATEORDER_V3_C1_F3_P5_C50_S7001.yaml,b0e96ee10bd3a327ae38fbdc915326e8f58b2c6983bcf8af4c62ad64e829b3b3,492
configs/phase6/group_b_ambiguous/CREATEORDER_V3_C1_F3_P5_C50_S7002.yaml,173cb66125a5b335752ebbe062aa2c03332e4bc9518cc8b2d81c7fb5c06ab8ae,492
configs/phase6/group_b_ambiguous/CREATEORDER_V3_C1_F3_P5_C50_S7003.yaml,3854709ed77e77e79fb3715e7258060af391bcb75274fe2bdc1210504f9ad878,492
configs/phase6/group_b_ambiguous/CREATEORDER_V3_C1_F3_P5_C50_S7004.yaml,54efeb94ba668c0db41f8afba466c6ad35ba56d9e50dfea7879d8c2a2264f8aa,492
configs/phase6/group_b_ambiguous/CREATEORDER_V3_C1_F3_P5_C50_S7005.yaml,4cefa718f0e8e765fcb03ff3ff6e538793dcd14dbb06ab0ac54489432a06e8a4,492
configs/phase6/group_b_ambiguous/CREATEORDER_V3_C1_F3_P5_C50_S7006.yaml,f6c7762ea999e5ca2cf44708836be834044c9e7fb2bd80988b6a53123e9167f8,492
configs/phase6/group_b_ambiguous/CREATEORDER_V3_C1_F3_P5_C50_S7007.yaml,6db7a4356fb71f94f4dc75ae4c94a348c64d5259a3809f0f9fadeff9eab53cf8,492
configs/phase6/group_b_ambiguous/CREATEORDER_V3_C1_F3_P5_C50_S7008.yaml,121665de8c5814bccc6c1f9d8018b037ffc42201224d7cc1b61f05b30539c8b4,492
configs/phase6/group_b_ambiguous/CREATEORDER_V3_C1_F3_P5_C50_S7009.yaml,2adb90ab33235969f02cdf1a550a7814ec908d74b7223501f8eedb583b3bceac,492
configs/phase6/group_b_ambiguous/CREATEORDER_V3_C1_F4_P10_C10_S7000.yaml,dcb1a77d72973679a5775959e033f85fd2fbbcb64bbda72d30e7793c5f96ad4d,492
configs/phase6/group_b_ambiguous/CREATEORDER_V3_C1_F4_P10_C10_S7001.yaml,41677dcebe64c082e49d8b4d4a8931aa6418434ba7d774d00ddce618900cbfca,492
configs/phase6/group_b_ambiguous/CREATEORDER_V3_C1_F4_P10_C10_S7002.yaml,c117e9f01d4365cccaf0b061022f4e2aefba2c4303c478a8146c16704b87ba85,492
configs/phase6/group_b_ambiguous/CREATEORDER_V3_C1_F4_P10_C10_S7003.yaml,4ac4c8236a7ec474271d850eb2680f6c2756251d5aa4731f00fa7bc990c7e5da,492
configs/phase6/group_b_ambiguous/CREATEORDER_V3_C1_F4_P10_C10_S7004.yaml,dcd204342763ec14d856cfde3c606358245c36f711b94a79285399386d88e317,492
configs/phase6/group_b_ambiguous/CREATEORDER_V3_C1_F4_P10_C10_S7005.yaml,bc657f91f9ba82bca747c08c3de5ca8341e1dabdf7cc2eac6b92f85a385d746b,492
configs/phase6/group_b_ambiguous/CREATEORDER_V3_C1_F4_P10_C10_S7006.yaml,7b1b63638509610ae06cf60539ec41fc0ff5a8cd43a162ac6270a551393c15e9,492
configs/phase6/group_b_ambiguous/CREATEORDER_V3_C1_F4_P10_C10_S7007.yaml,9199ad3c24ecd7ee70e0776c286e93dcadf0aec160d3b8803bc3fe9ee60f93d8,492
configs/phase6/group_b_ambiguous/CREATEORDER_V3_C1_F4_P10_C10_S7008.yaml,b2e896d02402a963a326657955b104a74333307ce129f29b59fcb98d13bc40a1,492
configs/phase6/group_b_ambiguous/CREATEORDER_V3_C1_F4_P10_C10_S7009.yaml,9adff78ca17a9c041e2e60690ab1b1e9f0362897a0132806c563276bd62132d4,492
configs/phase6/group_b_ambiguous/CREATEORDER_V3_C1_F4_P10_C50_S7000.yaml,78ca858cc11fa933bdbb6138ea44f3de0fcf8967d3dd8e412b2a8e3e189901c5,492
configs/phase6/group_b_ambiguous/CREATEORDER_V3_C1_F4_P10_C50_S7001.yaml,ce3aac11fbf2b1ab921dd4bcd4194f4cdb45adc5538ff15444e5bfa2be5feca4,492
configs/phase6/group_b_ambiguous/CREATEORDER_V3_C1_F4_P10_C50_S7002.yaml,f755e4396e69d8af48744b1c14a0c5b265de491bf0b61bd405d8ee5e41e1dde2,492
configs/phase6/group_b_ambiguous/CREATEORDER_V3_C1_F4_P10_C50_S7003.yaml,3dfe01a3dc9158e4447a0f6d7ab478a349744af882ca37ad2e1b329f3d02d193,492
configs/phase6/group_b_ambiguous/CREATEORDER_V3_C1_F4_P10_C50_S7004.yaml,b447f89d8d95b645a869ef652e76a879f256cd7d9806820fcec014280aaa7b53,492
configs/phase6/group_b_ambiguous/CREATEORDER_V3_C1_F4_P10_C50_S7005.yaml,823d9518ee21dc6f2da3b3d606ce2df04f578de4a0950b4f09421b87d6d6af4c,492
configs/phase6/group_b_ambiguous/CREATEORDER_V3_C1_F4_P10_C50_S7006.yaml,549202648ec9a651752391003ee918dd9402ad42e5bbab069fb7073032c6a36f,492
configs/phase6/group_b_ambiguous/CREATEORDER_V3_C1_F4_P10_C50_S7007.yaml,a0bdf8fbdff35957669ca95d07848d1c0e30ee562f15ee4da0c1e104e94438ac,492
configs/phase6/group_b_ambiguous/CREATEORDER_V3_C1_F4_P10_C50_S7008.yaml,71c420be04a71f1962ad2d354804bbb5cb2dbfb031027952550ae000412b9980,492
configs/phase6/group_b_ambiguous/CREATEORDER_V3_C1_F4_P10_C50_S7009.yaml,925eb439277738966db70879860061b34abba4140bab3521260b77f6a6bb2146,492
configs/phase6/group_b_ambiguous/CREATEORDER_V3_C1_F4_P1_C10_S7000.yaml,89021e2f5611b4b019653db32d6b70880d86bea02479892d050502d3995da49f,492
configs/phase6/group_b_ambiguous/CREATEORDER_V3_C1_F4_P1_C10_S7001.yaml,5de3d6034d964cab2ca072650f86ab8aad9bd89c4aac56fe20d02f4c7e905b0c,492
configs/phase6/group_b_ambiguous/CREATEORDER_V3_C1_F4_P1_C10_S7002.yaml,05cb5fe021470362ca1b07dbee8a1c9d2584164bc81b7ab376d8e638b27afa90,492
configs/phase6/group_b_ambiguous/CREATEORDER_V3_C1_F4_P1_C10_S7003.yaml,6b8516f7434eae87457a8e35581461992bb3f07f64aab15b4b88bf22ba62d640,492
configs/phase6/group_b_ambiguous/CREATEORDER_V3_C1_F4_P1_C10_S7004.yaml,57b5de16e5e352e5f0f8650a7c401673dbf15e4a4ae5e089b93fbb7ebb9b491e,492
configs/phase6/group_b_ambiguous/CREATEORDER_V3_C1_F4_P1_C10_S7005.yaml,edc5e06de84d998aa9afa68e0de618ce2b43aa8d73aa938bb89b397c140259c6,492
configs/phase6/group_b_ambiguous/CREATEORDER_V3_C1_F4_P1_C10_S7006.yaml,0b62a297db01f2dfd5c039b0cced10dd4cc12ffecfd229eb0e670e885d7d6a11,492
configs/phase6/group_b_ambiguous/CREATEORDER_V3_C1_F4_P1_C10_S7007.yaml,adb7913c042b0cc18dd336a43ea969c874815846ce90477c16e1f0be8329a951,492
configs/phase6/group_b_ambiguous/CREATEORDER_V3_C1_F4_P1_C10_S7008.yaml,51436e5c25048b822cd855dc2dd95ac62a0181d10cef4c7c2a15cb6d63a30e2a,492
configs/phase6/group_b_ambiguous/CREATEORDER_V3_C1_F4_P1_C10_S7009.yaml,5c1fcbe755972acef12dff9d7b2f721625d98ba011e3891c7288a0b591206893,492
configs/phase6/group_b_ambiguous/CREATEORDER_V3_C1_F4_P1_C50_S7000.yaml,5433944afcfbf4ec0a02f829bcd6ef6da53c3be40b529365e414364f05a1462d,492
configs/phase6/group_b_ambiguous/CREATEORDER_V3_C1_F4_P1_C50_S7001.yaml,dbed8c949d3bb8e3aebfc3857691cfc2f12f4d62129ea7a6df7ef63a0d502749,492
configs/phase6/group_b_ambiguous/CREATEORDER_V3_C1_F4_P1_C50_S7002.yaml,8cdfee2d2c1b89586b61e3f0a1fdc67ba681a2c0378de084d363299c768f5699,492
configs/phase6/group_b_ambiguous/CREATEORDER_V3_C1_F4_P1_C50_S7003.yaml,0210b095a31c5d999ee24c70ae0aeb361b55cc743530a97fea529d1120d6345d,492
configs/phase6/group_b_ambiguous/CREATEORDER_V3_C1_F4_P1_C50_S7004.yaml,2530e3ad6922df7c11b498ab413fd56ce6c6834ccf90ebe1ac43b00d1e57c76e,492
configs/phase6/group_b_ambiguous/CREATEORDER_V3_C1_F4_P1_C50_S7005.yaml,451bbe8f8205f5d5c1afc938f068fb69d768c57b683f193db46adcc3ed4cca58,492
configs/phase6/group_b_ambiguous/CREATEORDER_V3_C1_F4_P1_C50_S7006.yaml,ca0cb4f34703e9bc75093002d793240462336721b144f5ef74a5d3e7bb0cbb76,492
configs/phase6/group_b_ambiguous/CREATEORDER_V3_C1_F4_P1_C50_S7007.yaml,98609c50f7cacba47c946819ed2d7c5500a9a6310cda3a857fd6dd5f07ee7627,492
configs/phase6/group_b_ambiguous/CREATEORDER_V3_C1_F4_P1_C50_S7008.yaml,6d655f2c4c090c168e31bde6e035f550fbf9012133097a04b9a7d73de285f8e0,492
configs/phase6/group_b_ambiguous/CREATEORDER_V3_C1_F4_P1_C50_S7009.yaml,e53c426af2f5c157ae25480d2ae36244bdee2ba59fefd1740dbdc3ef984d05ff,492
configs/phase6/group_b_ambiguous/CREATEORDER_V3_C1_F4_P20_C10_S7000.yaml,6b6e85722881149be45afbb3fea8761d92a440cc448ecbf0a9a75e0c4bf3d4b6,492
configs/phase6/group_b_ambiguous/CREATEORDER_V3_C1_F4_P20_C10_S7001.yaml,d736c8b4b7cf60678c324c31c7437930450c34b0904be3da6f88bb0e25d08d3f,492
configs/phase6/group_b_ambiguous/CREATEORDER_V3_C1_F4_P20_C10_S7002.yaml,82195535ff6cd869b8cf5a37636c9d568d5d1c43479da73b99d7e7dd9dddc6fc,492
configs/phase6/group_b_ambiguous/CREATEORDER_V3_C1_F4_P20_C10_S7003.yaml,6e8ef8e340042ea14a0680d7585cd0468a3dfa41a875ae3109b578f8668b3118,492
configs/phase6/group_b_ambiguous/CREATEORDER_V3_C1_F4_P20_C10_S7004.yaml,c50b1ceafb51bc5f48bc463420200ce4747b97bf9a350a6b34d610cbd2556c56,492
configs/phase6/group_b_ambiguous/CREATEORDER_V3_C1_F4_P20_C10_S7005.yaml,7b52f7d281f9a82c3dde5d554f172afeba765f280162e136c081fa837eeddbed,492
configs/phase6/group_b_ambiguous/CREATEORDER_V3_C1_F4_P20_C10_S7006.yaml,214594acb1f3c0ab12bc3f8bfb2ddea0d5ff5b3db27f1a5764a1bd9dcfc82d70,492
configs/phase6/group_b_ambiguous/CREATEORDER_V3_C1_F4_P20_C10_S7007.yaml,27570f17137fe737f9361181c99076c633a763ed4f6516b11e020d4d200f5df5,492
configs/phase6/group_b_ambiguous/CREATEORDER_V3_C1_F4_P20_C10_S7008.yaml,a9156bf2f33101c7275c4e9baf8d6c22617cfd88c56c7c4c3d0bfc2a79d97b70,492
configs/phase6/group_b_ambiguous/CREATEORDER_V3_C1_F4_P20_C10_S7009.yaml,c806400ce87d938eba093ca3a59da8900de79153c0ba9389a9cf1a0e47d4f0f0,492
configs/phase6/group_b_ambiguous/CREATEORDER_V3_C1_F4_P20_C50_S7000.yaml,16ba6be3886688eee25018236eb912b1002af216a0542d2d43b09aabe4312346,492
configs/phase6/group_b_ambiguous/CREATEORDER_V3_C1_F4_P20_C50_S7001.yaml,233d1221122d6a9a193ef6dfea2224b682e29f5cfaf08f36a0a3a5e0e5064b1b,492
configs/phase6/group_b_ambiguous/CREATEORDER_V3_C1_F4_P20_C50_S7002.yaml,89208f6fe30ef7fc49bd5ba57a96601a59a36e4dea64a33cebd2e79e07a5ae00,492
configs/phase6/group_b_ambiguous/CREATEORDER_V3_C1_F4_P20_C50_S7003.yaml,7391090cbb53a04c108e92dd8413390047ac675a9fa4099d2c14d06221cd39f0,492
configs/phase6/group_b_ambiguous/CREATEORDER_V3_C1_F4_P20_C50_S7004.yaml,b246005bc633ab062304eb4158d91467ffd310cffd7d4115f18a54abea403f86,492
configs/phase6/group_b_ambiguous/CREATEORDER_V3_C1_F4_P20_C50_S7005.yaml,8ac77b4af8b4a559a09aae5529756e4afa18acca772b2616df7c2cda9d8bb261,492
configs/phase6/group_b_ambiguous/CREATEORDER_V3_C1_F4_P20_C50_S7006.yaml,449cafaef86590fd1704bbf6644e603d71325492f77f1888c2dd62e94fbf6b3f,492
configs/phase6/group_b_ambiguous/CREATEORDER_V3_C1_F4_P20_C50_S7007.yaml,16c39f6d772f402f095b1d34d59cbf2cf175dcb994ebe633d1c4f9a81aec430e,492
configs/phase6/group_b_ambiguous/CREATEORDER_V3_C1_F4_P20_C50_S7008.yaml,43c00f82103e6866dbdcd4c9672dbc7fcf41e8616222a2247cc2a15c40b36974,492
configs/phase6/group_b_ambiguous/CREATEORDER_V3_C1_F4_P20_C50_S7009.yaml,b1e3a42fbe4d053476143407a47a63aec4ee4194f4b55a31e319fff59435bea7,492
configs/phase6/group_b_ambiguous/CREATEORDER_V3_C1_F4_P5_C10_S7000.yaml,0738029f0740ebd568f9f78e00294382d6099915f233cf2e26fa5054e4017e3c,492
configs/phase6/group_b_ambiguous/CREATEORDER_V3_C1_F4_P5_C10_S7001.yaml,c8d7d90206a8683816730909188fec6ba244648494e2f9241aa7515d1447e745,492
configs/phase6/group_b_ambiguous/CREATEORDER_V3_C1_F4_P5_C10_S7002.yaml,d1b7004c0a93109a2f53916ecf4523a973910641339a4e785c6f48c509eccbc9,492
configs/phase6/group_b_ambiguous/CREATEORDER_V3_C1_F4_P5_C10_S7003.yaml,fba76332a158031a706b9399b12142a54f932eaf43a24a92d84a26cd96bb77ec,492
configs/phase6/group_b_ambiguous/CREATEORDER_V3_C1_F4_P5_C10_S7004.yaml,b318bd83bb800cb09f4cc8f8b00c74db3776ca7f4ec7c53b253dff94e81eec5f,492
configs/phase6/group_b_ambiguous/CREATEORDER_V3_C1_F4_P5_C10_S7005.yaml,c458b6e92827161b6c5ab2291e35a31dd8421cf08e6dc64cb754a4eeaed338b4,492
configs/phase6/group_b_ambiguous/CREATEORDER_V3_C1_F4_P5_C10_S7006.yaml,504b99dfdb6ba75a32dd60724931654dfa75675e897eb6986df079ce95da1102,492
configs/phase6/group_b_ambiguous/CREATEORDER_V3_C1_F4_P5_C10_S7007.yaml,54173eba1d1745c4b7089331ff420b2da68f157a3bb287b270ac8d8950cab9ef,492
configs/phase6/group_b_ambiguous/CREATEORDER_V3_C1_F4_P5_C10_S7008.yaml,fee1b997739d92ab66e9698dd5ed116794b8874a4fde49124ac08e2d077a717f,492
configs/phase6/group_b_ambiguous/CREATEORDER_V3_C1_F4_P5_C10_S7009.yaml,3b04d8750bbf4db02f45cb1af21bc1aa02ea3d3074a541c9dd8e3a2dd5a613ab,492
configs/phase6/group_b_ambiguous/CREATEORDER_V3_C1_F4_P5_C50_S7000.yaml,0bf1a9b5c50b82ac908f5a79154d0299c80bf918819170fd570deada431b7fdb,492
configs/phase6/group_b_ambiguous/CREATEORDER_V3_C1_F4_P5_C50_S7001.yaml,d70241bfc7dd89289e8ce0f1be0619a656d1e485355896a813d8be933e8445de,492
configs/phase6/group_b_ambiguous/CREATEORDER_V3_C1_F4_P5_C50_S7002.yaml,967fb859f7889a34004c426ae0c90c327161efa742912db6e15a97b8480f5361,492
configs/phase6/group_b_ambiguous/CREATEORDER_V3_C1_F4_P5_C50_S7003.yaml,53fdd6e9933da926e096ee132c64c6fcfec0f7368c089399b8e818adb852e274,492
configs/phase6/group_b_ambiguous/CREATEORDER_V3_C1_F4_P5_C50_S7004.yaml,549af29cf79430757d0d63e54af4cc342fc28f548366aaa6ea9115626b144e8e,492
configs/phase6/group_b_ambiguous/CREATEORDER_V3_C1_F4_P5_C50_S7005.yaml,b34b47fa9b9695f397bd909f342fc9840c8a76288ad97173d0ad2b22cbf83918,492
configs/phase6/group_b_ambiguous/CREATEORDER_V3_C1_F4_P5_C50_S7006.yaml,fc479c10445168705324ef690579a2c44db437116dd2eb747386c0d7965cbaed,492
configs/phase6/group_b_ambiguous/CREATEORDER_V3_C1_F4_P5_C50_S7007.yaml,52f962a3078bc9394c031b60e9136fc86b283fe7e57107106ea66b2773143dee,492
configs/phase6/group_b_ambiguous/CREATEORDER_V3_C1_F4_P5_C50_S7008.yaml,c6a3d22efaeac5768e0177fe1b691a23a080273f47b6e6c9be90dabd4d434980,492
configs/phase6/group_b_ambiguous/CREATEORDER_V3_C1_F4_P5_C50_S7009.yaml,3a0970b473f71fa5b7dfd5efd69aae257da20eb1575298e0e8ea979f3e1346cf,492
configs/phase6/group_b_ambiguous/CREATEORDER_V3_C1_F8_P10_C10_S7000.yaml,07e60f48c77ce535c33f57ef2f57a7da0f48248acd4b028eed4ae81f3a2aceab,492
configs/phase6/group_b_ambiguous/CREATEORDER_V3_C1_F8_P10_C10_S7001.yaml,83279679b9d9184356d857c729e077d2e4da343761886aaef99b791ee8942efe,492
configs/phase6/group_b_ambiguous/CREATEORDER_V3_C1_F8_P10_C10_S7002.yaml,d7d6aeea1dbcaf64575c2bfac3752753838a4d46064a61931536edba2dee4301,492
configs/phase6/group_b_ambiguous/CREATEORDER_V3_C1_F8_P10_C10_S7003.yaml,834dd3e60fd4fee690c9592bf648ff292223a16040b57871ea737e4b49875741,492
configs/phase6/group_b_ambiguous/CREATEORDER_V3_C1_F8_P10_C10_S7004.yaml,5b9af468135c233a4dfe2668dde3120f58938a3abf300343773353d799726585,492
configs/phase6/group_b_ambiguous/CREATEORDER_V3_C1_F8_P10_C10_S7005.yaml,4577f3ad9434f4d04c9f6dce16852e705b2b827d26f2d4579be2773389e9af76,492
configs/phase6/group_b_ambiguous/CREATEORDER_V3_C1_F8_P10_C10_S7006.yaml,0cd0d11f75c991a4fa54a089883a8fe71538436a5c23ebc11a0db66723cd4b54,492
configs/phase6/group_b_ambiguous/CREATEORDER_V3_C1_F8_P10_C10_S7007.yaml,dbf3432f16bdbd5369187c1d81c10144a1d1b356e9d38c0a5bc185667dd95142,492
configs/phase6/group_b_ambiguous/CREATEORDER_V3_C1_F8_P10_C10_S7008.yaml,f7d15e0beb90f14feba04b4cea2e9ff64d61faf555b66cec21ae812c413ab0a6,492
configs/phase6/group_b_ambiguous/CREATEORDER_V3_C1_F8_P10_C10_S7009.yaml,9b0196d755aeee34962f0b9f59f93355a35247a666fb8ae213519611fa01f1c2,492
configs/phase6/group_b_ambiguous/CREATEORDER_V3_C1_F8_P10_C50_S7000.yaml,bada83f043152cc14d913bfdd8da72b25587024d3d050888fe679601597f3a12,492
configs/phase6/group_b_ambiguous/CREATEORDER_V3_C1_F8_P10_C50_S7001.yaml,7d2c72f25c815c3da83262dffb8a609d8d1c9bc6fbc4c66bfa0336ef9dae982c,492
configs/phase6/group_b_ambiguous/CREATEORDER_V3_C1_F8_P10_C50_S7002.yaml,006d952108abbb5c335bfac17ce4a10bc499596652dcdf41207c51e9af99abbf,492
configs/phase6/group_b_ambiguous/CREATEORDER_V3_C1_F8_P10_C50_S7003.yaml,bb7829d67afa362fbdd743dc36777f33ec3655bca227921d83207b65e2f943dc,492
configs/phase6/group_b_ambiguous/CREATEORDER_V3_C1_F8_P10_C50_S7004.yaml,4670299606c04db602dee576bda58e2362654d76d37f5754198b36308136e379,492
configs/phase6/group_b_ambiguous/CREATEORDER_V3_C1_F8_P10_C50_S7005.yaml,58c03d2fcad03bc0cc3dcd382a5a0342a85cedcb31468e494c8381b881505198,492
configs/phase6/group_b_ambiguous/CREATEORDER_V3_C1_F8_P10_C50_S7006.yaml,20992dc622d5539f73509f8112e760431d46a9708bb41d0f75cfbc2c7842ffbf,492
configs/phase6/group_b_ambiguous/CREATEORDER_V3_C1_F8_P10_C50_S7007.yaml,b95190eb35748aad525dbee5de1a2c39f92e2aa50b6ca0891fecd446eba14b3e,492
configs/phase6/group_b_ambiguous/CREATEORDER_V3_C1_F8_P10_C50_S7008.yaml,08d8a6c78adb93d0a6268c84968a26cd25bbc00bb0e1e56bf07184511b65e8e6,492
configs/phase6/group_b_ambiguous/CREATEORDER_V3_C1_F8_P10_C50_S7009.yaml,eb213f6020dea67397181509535ac1f2b148c6a974fc4e87dc6b69001ec56f9f,492
configs/phase6/group_b_ambiguous/CREATEORDER_V3_C1_F8_P1_C10_S7000.yaml,2af9d220d885bbdb1be2ea2ca2767f2917016c6c5a480a92283295aa0cc30511,492
configs/phase6/group_b_ambiguous/CREATEORDER_V3_C1_F8_P1_C10_S7001.yaml,6625152b1e72f77f26fb42951d0c8774650928437e708c59fd131ce2028432b5,492
configs/phase6/group_b_ambiguous/CREATEORDER_V3_C1_F8_P1_C10_S7002.yaml,8bc0ed545ad82d469b11c5f9c794b9e401389f0053c276278044de54280ac93f,492
configs/phase6/group_b_ambiguous/CREATEORDER_V3_C1_F8_P1_C10_S7003.yaml,1caad86486bbcf4e110c9c2275b409d768f0826baeed87bf2388fd48cec1cafa,492
configs/phase6/group_b_ambiguous/CREATEORDER_V3_C1_F8_P1_C10_S7004.yaml,061be58a8b5eba8dc0808b51a6a1cbbb1c8f248ce0edaa00f83b6c776f2b4117,492
configs/phase6/group_b_ambiguous/CREATEORDER_V3_C1_F8_P1_C10_S7005.yaml,8b3160634b83ab140ecb29f6dce58d5e7ad8a62a739ff14f0759055c2a50fe6f,492
configs/phase6/group_b_ambiguous/CREATEORDER_V3_C1_F8_P1_C10_S7006.yaml,829100d4fd94c926e5c3ed6b9f3b758f859e6ed53f505ce3eff2141ceaa9d2c9,492
configs/phase6/group_b_ambiguous/CREATEORDER_V3_C1_F8_P1_C10_S7007.yaml,ca8a7d22bd74ea54c932796f37a4829794e6d6a16507256ef56784c4cfab20c3,492
configs/phase6/group_b_ambiguous/CREATEORDER_V3_C1_F8_P1_C10_S7008.yaml,f82deb764777bf3bae44f5ca3caeba7e5a2834d95b4e75acce0984c300e422ef,492
configs/phase6/group_b_ambiguous/CREATEORDER_V3_C1_F8_P1_C10_S7009.yaml,4d29746930b6213129b7412fb6b5549d7c1fa372db93102d3b77741fad845fa0,492
configs/phase6/group_b_ambiguous/CREATEORDER_V3_C1_F8_P1_C50_S7000.yaml,0903a8f9aa0a9b4ebf781150bed48cacf7c7475bb331842676b0b5bc26a12f48,492
configs/phase6/group_b_ambiguous/CREATEORDER_V3_C1_F8_P1_C50_S7001.yaml,9c09bee7d555fcb36963f3a19908a62f981714cb576773c232c5c44220a5c656,492
configs/phase6/group_b_ambiguous/CREATEORDER_V3_C1_F8_P1_C50_S7002.yaml,db317a4b44c09e2e31ec70be027b2e0a8a2b787ed9b8f4782f83edeedeeebb63,492
configs/phase6/group_b_ambiguous/CREATEORDER_V3_C1_F8_P1_C50_S7003.yaml,2c974b86d39b79a3766910aeb9d0b16f0aad13ad0d675526d16b7f4a094877af,492
configs/phase6/group_b_ambiguous/CREATEORDER_V3_C1_F8_P1_C50_S7004.yaml,459ef2e09ffeaa2ed0b468d2eadbe027b1dbe697255c0a4b826598d473cbe194,492
configs/phase6/group_b_ambiguous/CREATEORDER_V3_C1_F8_P1_C50_S7005.yaml,cdff43f18e112ea15b15dee42114701e4d845fb17822c867d41558a793aa7a3f,492
configs/phase6/group_b_ambiguous/CREATEORDER_V3_C1_F8_P1_C50_S7006.yaml,7026cb7519a6ec343c0cf7b0b7fccda668cfae687b5d4a34ae2b89f856792ab9,492
configs/phase6/group_b_ambiguous/CREATEORDER_V3_C1_F8_P1_C50_S7007.yaml,7af24e7d48214367c82273e38fc908455362b82b99e84eb39258b9080611b028,492
configs/phase6/group_b_ambiguous/CREATEORDER_V3_C1_F8_P1_C50_S7008.yaml,15fec480c6b0161f3886bd10b16978fb360217d6d95e9b0164b4379cfc7218ff,492
configs/phase6/group_b_ambiguous/CREATEORDER_V3_C1_F8_P1_C50_S7009.yaml,481376fd72cab84bcc2031caf02e43fa66ee8edb597dbd632541900dd5e5f078,492
configs/phase6/group_b_ambiguous/CREATEORDER_V3_C1_F8_P20_C10_S7000.yaml,efe06d2c317b6997440b07a510dd3dffa366f6f8c611d4cb5455b35d8a5d8b28,492
configs/phase6/group_b_ambiguous/CREATEORDER_V3_C1_F8_P20_C10_S7001.yaml,fb5294853e15568833d6e03bd7caadb3b839d36dde264b7c83c46211b085ea5b,492
configs/phase6/group_b_ambiguous/CREATEORDER_V3_C1_F8_P20_C10_S7002.yaml,d5f45e09f3b2d073d42f863ff1496cd0b68809b656f48dc8728931f0f3bf4cd0,492
configs/phase6/group_b_ambiguous/CREATEORDER_V3_C1_F8_P20_C10_S7003.yaml,beb81ed4a21616f4a6ff9e4dc0f8f526423733aae6ff1c9020d0aea94e394ece,492
configs/phase6/group_b_ambiguous/CREATEORDER_V3_C1_F8_P20_C10_S7004.yaml,63323ea7bfccf007908b7d62dd806ed27c47e0c2864ca657940cd5e8e753ba9b,492
configs/phase6/group_b_ambiguous/CREATEORDER_V3_C1_F8_P20_C10_S7005.yaml,7df99747ab36976dac641471addbca62af6c6770883dae750e00f462133f9e03,492
configs/phase6/group_b_ambiguous/CREATEORDER_V3_C1_F8_P20_C10_S7006.yaml,2a120e0bfa0553f1343b458a8e04f6a0c6c809a73e7daf1b14f8d66fa640f53c,492
configs/phase6/group_b_ambiguous/CREATEORDER_V3_C1_F8_P20_C10_S7007.yaml,8d9ba9e035a56429432e5293594aa33b08cc6170549895e077a3cac27799c84e,492
configs/phase6/group_b_ambiguous/CREATEORDER_V3_C1_F8_P20_C10_S7008.yaml,c7864b02356d0a444f7993574af0256186cc754db4710620d390a2a0f1d17542,492
configs/phase6/group_b_ambiguous/CREATEORDER_V3_C1_F8_P20_C10_S7009.yaml,6628dc15c9e887bf4b6d8b492158975bed9ec99248b332a8b0048cfb41786d1d,492
configs/phase6/group_b_ambiguous/CREATEORDER_V3_C1_F8_P20_C50_S7000.yaml,9825697c66b30ae9706353a4b7d8b3002b37e66592d9aa82bbbd8b14159a16a5,492
configs/phase6/group_b_ambiguous/CREATEORDER_V3_C1_F8_P20_C50_S7001.yaml,3a09439a424077eacb953fe377609b5ddb5f56d4bc7ad8043ffbcc514cd116aa,492
configs/phase6/group_b_ambiguous/CREATEORDER_V3_C1_F8_P20_C50_S7002.yaml,1b21dc9fa99ed82ec4e6c1394b0c526d4b9634855b51e6d057959ab529794c14,492
configs/phase6/group_b_ambiguous/CREATEORDER_V3_C1_F8_P20_C50_S7003.yaml,0c00bbbe73de0e7df79293a637ca465a634bf6f03ee60f70e4c060cb7064601a,492
configs/phase6/group_b_ambiguous/CREATEORDER_V3_C1_F8_P20_C50_S7004.yaml,12456e38aec1825d80ee8c8a0c2957a25530cf4636ee7436160095007198e3b8,492
configs/phase6/group_b_ambiguous/CREATEORDER_V3_C1_F8_P20_C50_S7005.yaml,b81b2e8807a81e10d33d4b87c1238b5ed9fbe28f6de856d3bec38d2238b17809,492
configs/phase6/group_b_ambiguous/CREATEORDER_V3_C1_F8_P20_C50_S7006.yaml,44fc467aa326e75d2e727ecd12f5e61eeba0c2244d54d83c96fa075d5f24033f,492
configs/phase6/group_b_ambiguous/CREATEORDER_V3_C1_F8_P20_C50_S7007.yaml,616d4373d55fb0752156d7e47821ae4c52a343535276f11f0cb229e7c4e21b58,492
configs/phase6/group_b_ambiguous/CREATEORDER_V3_C1_F8_P20_C50_S7008.yaml,612ff4a2603217984e406627a7fa13f6c865f0a1967d71588c3f3a91080a3ec6,492
configs/phase6/group_b_ambiguous/CREATEORDER_V3_C1_F8_P20_C50_S7009.yaml,0edb37c3a91440f7d5f0354e5adc4ffae69248db4e16007d564e636845e1d0f5,492
configs/phase6/group_b_ambiguous/CREATEORDER_V3_C1_F8_P5_C10_S7000.yaml,c1ffdd2333e0a4ae870407074c15f8a7c455d6b80f92741f511aa64607ca109e,492
configs/phase6/group_b_ambiguous/CREATEORDER_V3_C1_F8_P5_C10_S7001.yaml,3387320da590f4e8fac78040359bcf054832df4888b93f5b736ba9363c1997eb,492
configs/phase6/group_b_ambiguous/CREATEORDER_V3_C1_F8_P5_C10_S7002.yaml,c4c44f6f3f62311176f42671f999ded34d63b51eefa0af3cfc963c63b42f83b7,492
configs/phase6/group_b_ambiguous/CREATEORDER_V3_C1_F8_P5_C10_S7003.yaml,c5a7eebe980842058fa054361fe3f98b291ceea876c2c013809d9f5c3e23d806,492
configs/phase6/group_b_ambiguous/CREATEORDER_V3_C1_F8_P5_C10_S7004.yaml,177af83087e4169e31ceaac7f9cc878cd5c1c20c4e62cbb0fda34e2a0b383f7f,492
configs/phase6/group_b_ambiguous/CREATEORDER_V3_C1_F8_P5_C10_S7005.yaml,b44836ad5b5f93c5ce0aeac4beb5039c1357acdb577a29e3d2b00e5a846d19d8,492
configs/phase6/group_b_ambiguous/CREATEORDER_V3_C1_F8_P5_C10_S7006.yaml,07d30e4528c77e320bfd61aa69edcf63718faae23949cd1db03b007c68cb241c,492
configs/phase6/group_b_ambiguous/CREATEORDER_V3_C1_F8_P5_C10_S7007.yaml,993f31ec18f984459d3d07fa555b4c1d21e89ab604cd5634307cf17f64bcc4bc,492
configs/phase6/group_b_ambiguous/CREATEORDER_V3_C1_F8_P5_C10_S7008.yaml,2cd231db43eafcdc6b2114a9f7ff854d5b2f6d7c3a1af6783cfd339822a8392e,492
configs/phase6/group_b_ambiguous/CREATEORDER_V3_C1_F8_P5_C10_S7009.yaml,a5e88b5eed8df5aacadec259de0be33f5e5443781d7ebf44597fb2c3ca63515c,492
configs/phase6/group_b_ambiguous/CREATEORDER_V3_C1_F8_P5_C50_S7000.yaml,8bc33d775897c0aa60279f9266ff8c3fc97fdc3f3cb38911c7618609ed969279,492
configs/phase6/group_b_ambiguous/CREATEORDER_V3_C1_F8_P5_C50_S7001.yaml,9bce1c601ff80926da8dd105a346d6ca48fe1535a658409e7d0e30b7ad04798a,492
configs/phase6/group_b_ambiguous/CREATEORDER_V3_C1_F8_P5_C50_S7002.yaml,1e7ba8bb74141033c373d585ca41b4524c952e1bbff77adcd12f4f02b9adb56a,492
configs/phase6/group_b_ambiguous/CREATEORDER_V3_C1_F8_P5_C50_S7003.yaml,8c43f88331bb68f5e9b3f556e862559dbf1a095c4abe29d751bd524e45d10ed1,492
configs/phase6/group_b_ambiguous/CREATEORDER_V3_C1_F8_P5_C50_S7004.yaml,b7386c86f218b72e562d31b2511d5e98346348f86066cb890e70d8f94b4fba4b,492
configs/phase6/group_b_ambiguous/CREATEORDER_V3_C1_F8_P5_C50_S7005.yaml,94c1f003524efd2679b3a6fed9749740c5bf75f47deb42a08a9f542327df4b44,492
configs/phase6/group_b_ambiguous/CREATEORDER_V3_C1_F8_P5_C50_S7006.yaml,09fe781103ce1820b95f6c603e89a081fe9bc8a9285f62308e66c2634b258f91,492
configs/phase6/group_b_ambiguous/CREATEORDER_V3_C1_F8_P5_C50_S7007.yaml,2007ee66c542dd5fd3efb9b4efbafb61e685e47c164cf57834f30263da75f731,492
configs/phase6/group_b_ambiguous/CREATEORDER_V3_C1_F8_P5_C50_S7008.yaml,137bb9375ae21bfff1fc1480aee1c71ce51dae5e9268b652468105a1891205b5,492
configs/phase6/group_b_ambiguous/CREATEORDER_V3_C1_F8_P5_C50_S7009.yaml,09d06aa7bbd14269f7f9115d645598d2c0b917f9b964036deb8bfa56fe82f1e3,492
configs/phase6/group_b_ambiguous/CREATEORDER_V3_C1_F9_P10_C10_S7000.yaml,78af9a51c59ff81d30c41583cb9ef8f78fcb61efdf3ddcb337eecffa72e4cca6,492
configs/phase6/group_b_ambiguous/CREATEORDER_V3_C1_F9_P10_C10_S7001.yaml,0aca16af4d0825340e76db2fc8272321f6374c0eedf2b97e3fe86269851a5155,492
configs/phase6/group_b_ambiguous/CREATEORDER_V3_C1_F9_P10_C10_S7002.yaml,ba37828f7fc16fb250e551c8268cca7fa03f7478c27d47bb536647a7f17f9a51,492
configs/phase6/group_b_ambiguous/CREATEORDER_V3_C1_F9_P10_C10_S7003.yaml,9beb9a8d078530849fa6555e649e58af940ba22a60f3f4f4781e5fbf395a5c8c,492
configs/phase6/group_b_ambiguous/CREATEORDER_V3_C1_F9_P10_C10_S7004.yaml,2932a85bff8a3983bf033823a3cf1df83bc09f52023c1db642f462ad61830753,492
configs/phase6/group_b_ambiguous/CREATEORDER_V3_C1_F9_P10_C10_S7005.yaml,3100cf3418c403768a5d2bbc9e488bf7b3dea0bffc2008f391ba978ac0f95fbc,492
configs/phase6/group_b_ambiguous/CREATEORDER_V3_C1_F9_P10_C10_S7006.yaml,87c9678af83deb57d5f7d1248c7f359c7fff664b1dbae5b345d5b3a8bf9ca06b,492
configs/phase6/group_b_ambiguous/CREATEORDER_V3_C1_F9_P10_C10_S7007.yaml,ec73ac7e8439077dbcff1422355ae8c69b807dea4d73102f3f50465ecb7749ee,492
configs/phase6/group_b_ambiguous/CREATEORDER_V3_C1_F9_P10_C10_S7008.yaml,a9738cc887708c503968b568b0e91c27ff7d0657dac950acb9cb5baa130b7bbe,492
configs/phase6/group_b_ambiguous/CREATEORDER_V3_C1_F9_P10_C10_S7009.yaml,3a71efa3bc4dd2ee40e9fc81cd6c240fd5776d04f774180f373d7c787287d766,492
configs/phase6/group_b_ambiguous/CREATEORDER_V3_C1_F9_P10_C50_S7000.yaml,bb414e0d29952e551018d388f5c6ae9c191eb08e813bdcd3f5362bee7364c4da,492
configs/phase6/group_b_ambiguous/CREATEORDER_V3_C1_F9_P10_C50_S7001.yaml,97b92eedb9e1d535c400d4e6109bb21c1fa38e57c9f266404c381502e84806b5,492
configs/phase6/group_b_ambiguous/CREATEORDER_V3_C1_F9_P10_C50_S7002.yaml,13f63294df0ed0bf0149dbbaa8495489edd81f33e02d4880e92950246a1a7a85,492
configs/phase6/group_b_ambiguous/CREATEORDER_V3_C1_F9_P10_C50_S7003.yaml,970c037ea01cb78276dc41c834fa4d1e03a90629cbc88659d7d10931f5045f20,492
configs/phase6/group_b_ambiguous/CREATEORDER_V3_C1_F9_P10_C50_S7004.yaml,b2d3dd9d7fbcee4cb3e0027906c27074d3479f9dd9d6445d2133a65618ff252c,492
configs/phase6/group_b_ambiguous/CREATEORDER_V3_C1_F9_P10_C50_S7005.yaml,d82cb8d3039bbbcaff0fa54d907755d8a3f9d7ff0da7fd7f349faea3f8727a7a,492
configs/phase6/group_b_ambiguous/CREATEORDER_V3_C1_F9_P10_C50_S7006.yaml,4080ee26d276d5779f1dc63e39ecc6223a69eacd3c2b555ec20d5cbec00c90f5,492
configs/phase6/group_b_ambiguous/CREATEORDER_V3_C1_F9_P10_C50_S7007.yaml,d5a9fc42123223d5275a30e0dfeb0861d80a7b79cfcf729e645e6a71a17045cc,492
configs/phase6/group_b_ambiguous/CREATEORDER_V3_C1_F9_P10_C50_S7008.yaml,d4fe8693c9da95e9427436d2725d4c027d215a20ee4c0456ca0b5a13c30ee0b2,492
configs/phase6/group_b_ambiguous/CREATEORDER_V3_C1_F9_P10_C50_S7009.yaml,f33299c9e244cb503efad3b755b5ad1aacc7e5867e0f5caabbe6856c60505b5a,492
configs/phase6/group_b_ambiguous/CREATEORDER_V3_C1_F9_P1_C10_S7000.yaml,afba88871f14b8dfaba1c7ab07d4b8c814bef00fb0d8ce8ae3dbcec60559ba5a,492
configs/phase6/group_b_ambiguous/CREATEORDER_V3_C1_F9_P1_C10_S7001.yaml,3105896c5c97def9851c753f01c3c96efa7fea94e4e637da62c2e5caa402fde8,492
configs/phase6/group_b_ambiguous/CREATEORDER_V3_C1_F9_P1_C10_S7002.yaml,3e2ed26e315151cd177eb3719dc4610777e127c93cdb578645ec253c98861dd4,492
configs/phase6/group_b_ambiguous/CREATEORDER_V3_C1_F9_P1_C10_S7003.yaml,80a755b2af05be29e13e50c48b30cf170051deacb575f532a6e07e4753eb95ff,492
configs/phase6/group_b_ambiguous/CREATEORDER_V3_C1_F9_P1_C10_S7004.yaml,e0870e865376dc3a71ed73d454e58be2d6e2e0cf4921221fa123e90c15b18cd1,492
configs/phase6/group_b_ambiguous/CREATEORDER_V3_C1_F9_P1_C10_S7005.yaml,7c5e4c1a4cdaf19f1fd22928e7f6bd9c86075de759861a69f46498df0ce1be4f,492
configs/phase6/group_b_ambiguous/CREATEORDER_V3_C1_F9_P1_C10_S7006.yaml,5475d32dc6102b725673dcdf9e1b7b8a85a7312ca38f69d5769ec5a3d6caf924,492
configs/phase6/group_b_ambiguous/CREATEORDER_V3_C1_F9_P1_C10_S7007.yaml,513050c0b7475c166cb21e283a4feb90f3c0f2be5aa7ef0c9b8fac80ff057851,492
configs/phase6/group_b_ambiguous/CREATEORDER_V3_C1_F9_P1_C10_S7008.yaml,f293ae452751578787c76b7535e37d6a4bd1e49a736477fa39eea633525b9d9c,492
configs/phase6/group_b_ambiguous/CREATEORDER_V3_C1_F9_P1_C10_S7009.yaml,694d9e39d1f47a2c3581da3545856cacc3e5ad17e56cc831d252361068aed451,492
configs/phase6/group_b_ambiguous/CREATEORDER_V3_C1_F9_P1_C50_S7000.yaml,db5367089a4d31d1acd3108bb285aaaeab4f47bf2739ca64eb21cd271c04075c,492
configs/phase6/group_b_ambiguous/CREATEORDER_V3_C1_F9_P1_C50_S7001.yaml,b8837c6973ce207129411a7cb409ce70dae5b0f9ca0117b81aede5955cf7aec2,492
configs/phase6/group_b_ambiguous/CREATEORDER_V3_C1_F9_P1_C50_S7002.yaml,e71d9264c5b109b384559e06cc7bce074c649aa2cfdd58cce752e0e162e4c3b5,492
configs/phase6/group_b_ambiguous/CREATEORDER_V3_C1_F9_P1_C50_S7003.yaml,2b5c69ce97e83edfd0e56021949e38dc13d01862bee8544c7e7a4beddce87048,492
configs/phase6/group_b_ambiguous/CREATEORDER_V3_C1_F9_P1_C50_S7004.yaml,d32808f4c91f28992369c3d23cc9c965a0943825b91b155540124c3b5d76d8ea,492
configs/phase6/group_b_ambiguous/CREATEORDER_V3_C1_F9_P1_C50_S7005.yaml,184481a4e028db0c50f2eb948ac1e69114d305ac3106aa3922e182cdf6c15ea3,492
configs/phase6/group_b_ambiguous/CREATEORDER_V3_C1_F9_P1_C50_S7006.yaml,059df67d0d359aa672b226f708c2e1f7938391a4b829025ac394740089db140f,492
configs/phase6/group_b_ambiguous/CREATEORDER_V3_C1_F9_P1_C50_S7007.yaml,dac227d99039eb534d230ed7518aa8b056542899883230ee01280ff419d4e6bc,492
configs/phase6/group_b_ambiguous/CREATEORDER_V3_C1_F9_P1_C50_S7008.yaml,58468dad5f3f8e4431873113beb4dc07cd5119ec02bf588e389eb3a4afbac59f,492
configs/phase6/group_b_ambiguous/CREATEORDER_V3_C1_F9_P1_C50_S7009.yaml,94715376314cf48035fd708acde9f9601356a8b28860ad56dd9321891a7a5a39,492
configs/phase6/group_b_ambiguous/CREATEORDER_V3_C1_F9_P20_C10_S7000.yaml,b4c704f9a1d47cf8c707caefad93c531be5da1570d29618ca75b342955915393,492
configs/phase6/group_b_ambiguous/CREATEORDER_V3_C1_F9_P20_C10_S7001.yaml,249d142be6e8945645e3b5fc88bfd0b39829e81505946dd41e17f5c159b625c6,492
configs/phase6/group_b_ambiguous/CREATEORDER_V3_C1_F9_P20_C10_S7002.yaml,46f002b10453dc1f5a404f56c6c32c1947c7063810876d0245ae698f14602f8b,492
configs/phase6/group_b_ambiguous/CREATEORDER_V3_C1_F9_P20_C10_S7003.yaml,b822378820ddfcf46b1ec7b1a13eb7ac56d352f79756864f015e708feb4fb69e,492
configs/phase6/group_b_ambiguous/CREATEORDER_V3_C1_F9_P20_C10_S7004.yaml,a8a26e285b70389af6e0a3f3dee7de1c6bf0b8a2825aca174e9b9eb2eca6cc59,492
configs/phase6/group_b_ambiguous/CREATEORDER_V3_C1_F9_P20_C10_S7005.yaml,40a61473396cac590a7fc54c91c961c5823e233a77b9751bb02108c9aedaf153,492
configs/phase6/group_b_ambiguous/CREATEORDER_V3_C1_F9_P20_C10_S7006.yaml,3a5fe7228ff4ba5a74c9391489aad832f60b42ab76d2a1768ff68469b79dfeb4,492
configs/phase6/group_b_ambiguous/CREATEORDER_V3_C1_F9_P20_C10_S7007.yaml,4b76996a195c209fadb8ec405e4ff7e2b817536cf3c12c55ef206601e6ee9a79,492
configs/phase6/group_b_ambiguous/CREATEORDER_V3_C1_F9_P20_C10_S7008.yaml,95a2da6024279565bb89b3a08e0ca24a21ad2c74db2a7df2068dd9eb4c30acfe,492
configs/phase6/group_b_ambiguous/CREATEORDER_V3_C1_F9_P20_C10_S7009.yaml,cef82357ff5cd325828a585c693dbb9c252b603bfd59c163f93cf646fe060c5f,492
configs/phase6/group_b_ambiguous/CREATEORDER_V3_C1_F9_P20_C50_S7000.yaml,dfa6389cd373a9cbd6a2b1939c817368b5775fe2aac1103c9b1c24c42da39263,492
configs/phase6/group_b_ambiguous/CREATEORDER_V3_C1_F9_P20_C50_S7001.yaml,82caa5708cd0f3bca29ea177170b8c50248250d200c5b35d226a547304a9caab,492
configs/phase6/group_b_ambiguous/CREATEORDER_V3_C1_F9_P20_C50_S7002.yaml,e901791ab6c163588f7f2a859de1532193ee7f546072593403b5f1a41e348074,492
configs/phase6/group_b_ambiguous/CREATEORDER_V3_C1_F9_P20_C50_S7003.yaml,64c59e627c55603a7ddebf63bef1d19a9ac182b7cf4912e3bb0182e9d903838c,492
configs/phase6/group_b_ambiguous/CREATEORDER_V3_C1_F9_P20_C50_S7004.yaml,bcfebab125f8f3bf0047aed191331054e4219fd281a0c9bab89948970fc9cd82,492
configs/phase6/group_b_ambiguous/CREATEORDER_V3_C1_F9_P20_C50_S7005.yaml,c1c09397a854611de9a59448e48748dbfe789d5a31697311e69c441b4d328af9,492
configs/phase6/group_b_ambiguous/CREATEORDER_V3_C1_F9_P20_C50_S7006.yaml,8a338e50725115447a1dd574cd7e53b05d548f7ced430e4ff57d835c80fe99ff,492
configs/phase6/group_b_ambiguous/CREATEORDER_V3_C1_F9_P20_C50_S7007.yaml,366c308242e5d51489e3799b66e0fb59279a58eef7d1f3711551b2896e6b6443,492
configs/phase6/group_b_ambiguous/CREATEORDER_V3_C1_F9_P20_C50_S7008.yaml,9b2c5d4ce9c7e3afd331ba8748520904db5a1db0ee925864ed733f35182b7728,492
configs/phase6/group_b_ambiguous/CREATEORDER_V3_C1_F9_P20_C50_S7009.yaml,56d5128283629d307583a247d134dfc6ef074fefddea7e9863062833fc440995,492
configs/phase6/group_b_ambiguous/CREATEORDER_V3_C1_F9_P5_C10_S7000.yaml,5c02910b96c4e1bf8f245e1592ac433a1245a30319a587c37c0cf25dd1722c42,492
configs/phase6/group_b_ambiguous/CREATEORDER_V3_C1_F9_P5_C10_S7001.yaml,79fbf5d71675b12e2f0a5b5e46f28462d97fed4e19f18ff096b20fd4a27a913c,492
configs/phase6/group_b_ambiguous/CREATEORDER_V3_C1_F9_P5_C10_S7002.yaml,66a73e9928cc8ed535101975628a94998324a974bb2723628f7c5aa73ce12dd7,492
configs/phase6/group_b_ambiguous/CREATEORDER_V3_C1_F9_P5_C10_S7003.yaml,079b88f3044468991fdf4be445fbc288268314f2bd5c55f047815730deadeb48,492
configs/phase6/group_b_ambiguous/CREATEORDER_V3_C1_F9_P5_C10_S7004.yaml,1763f4b8776e9744a361b67dc25ab22ad587453e13e7bde2d17ce65e32b890dc,492
configs/phase6/group_b_ambiguous/CREATEORDER_V3_C1_F9_P5_C10_S7005.yaml,afa41ce0dcb7014c0811aaf38eab060569620e431b31886d0542fffb41950a54,492
configs/phase6/group_b_ambiguous/CREATEORDER_V3_C1_F9_P5_C10_S7006.yaml,376f32b13ae3064e25cff7d52c2a0cae4141c7e95f962e2219a2906293359c0d,492
configs/phase6/group_b_ambiguous/CREATEORDER_V3_C1_F9_P5_C10_S7007.yaml,f375fa0e11c85f40f79c3b6624005e1f364a96a9ff6a7121f57013f5de730c22,492
configs/phase6/group_b_ambiguous/CREATEORDER_V3_C1_F9_P5_C10_S7008.yaml,ff050b2f4bea9aa59b4833e0da2b7e8c8a5068c383b7e6a647a9946af973a7cb,492
configs/phase6/group_b_ambiguous/CREATEORDER_V3_C1_F9_P5_C10_S7009.yaml,a43e36888e296c2f53cd3bb5e6b13656079db67117b1724971077bba38916c06,492
configs/phase6/group_b_ambiguous/CREATEORDER_V3_C1_F9_P5_C50_S7000.yaml,decb4116847ca9cedd06dbdbfbb0497d044e63fcbddd0e0b9d451a33f8dd612c,492
configs/phase6/group_b_ambiguous/CREATEORDER_V3_C1_F9_P5_C50_S7001.yaml,f9ba1945b58ddc9edd47ce1e8871570a9b44e96cd68d0f62cd0a7a04363e11e8,492
configs/phase6/group_b_ambiguous/CREATEORDER_V3_C1_F9_P5_C50_S7002.yaml,e87d7447b1d740caf47a7cb6d30118cbe6d5a7e79e871a5bd5f41dd80ad80f51,492
configs/phase6/group_b_ambiguous/CREATEORDER_V3_C1_F9_P5_C50_S7003.yaml,f72107cc3515e52a9c44e791c3907c71612af4b3d00f5c953a19238cf053aad3,492
configs/phase6/group_b_ambiguous/CREATEORDER_V3_C1_F9_P5_C50_S7004.yaml,d97432c872424bd2c7da6958c63bfeecc5b6cf718a040264be7fcc9bf3f02984,492
configs/phase6/group_b_ambiguous/CREATEORDER_V3_C1_F9_P5_C50_S7005.yaml,dae617e33e214d9278d0be69bc519478874400fa4f180a8471d6ac8104a47b52,492
configs/phase6/group_b_ambiguous/CREATEORDER_V3_C1_F9_P5_C50_S7006.yaml,d820164b53e2cf2f97f60091be357473bf458c99180ba6808fc6a203da484710,492
configs/phase6/group_b_ambiguous/CREATEORDER_V3_C1_F9_P5_C50_S7007.yaml,c8cde01890900442e264da9142b5a75bfc545b6458c6514d397cb4126ff0af2d,492
configs/phase6/group_b_ambiguous/CREATEORDER_V3_C1_F9_P5_C50_S7008.yaml,90b6f42a073099141342ebfbe4cf109c9752964d4190baa0a57c42d03bb15a61,492
configs/phase6/group_b_ambiguous/CREATEORDER_V3_C1_F9_P5_C50_S7009.yaml,4f2fbbf0b1f1336fae9e811813e9c9ce63ef58c77178765615fa100b01f8c8ea,492
configs/phase6/group_b_ambiguous/CREATEORDER_V4_C1_F3_P10_C10_S7000.yaml,a033e94be7e39d85e022fffa74d6156e76385b6d8415bfabca54ed3cb2a5a6b9,492
configs/phase6/group_b_ambiguous/CREATEORDER_V4_C1_F3_P10_C10_S7001.yaml,45629c072c87ecda86bfdcfc7408e4eb3748b30e32809a17a307eeadeabc92e1,492
configs/phase6/group_b_ambiguous/CREATEORDER_V4_C1_F3_P10_C10_S7002.yaml,28419fee5cd8b9dd4147f91fc1ad59b751d111ecb8669ebf5c0ab3b6ad834b2f,492
configs/phase6/group_b_ambiguous/CREATEORDER_V4_C1_F3_P10_C10_S7003.yaml,a2299a4944b5c9be33a05bf18450b0854b4eb80f8a4d87ebeea7bfc95ac28282,492
configs/phase6/group_b_ambiguous/CREATEORDER_V4_C1_F3_P10_C10_S7004.yaml,7c09bd3f9f731b77479fee3856fdcf0edc44662813a803041de145c701e3fce7,492
configs/phase6/group_b_ambiguous/CREATEORDER_V4_C1_F3_P10_C10_S7005.yaml,72f3b30a34fe81eb880a026ba00d21f8624c24a7a7086656ddb69c112b2c1f1a,492
configs/phase6/group_b_ambiguous/CREATEORDER_V4_C1_F3_P10_C10_S7006.yaml,8cfdc9b7c1d21530ca4a439961974aa95b0953ecc5ca5c13b8057dd44b166880,492
configs/phase6/group_b_ambiguous/CREATEORDER_V4_C1_F3_P10_C10_S7007.yaml,82838927f64cc164caebe7728d19e6e90668cd5222a6c40dd803070b9d64720d,492
configs/phase6/group_b_ambiguous/CREATEORDER_V4_C1_F3_P10_C10_S7008.yaml,af5bc3e2de025f7e69895e73c47b576fbd6c2b5aba507485412764b3c38d3e9a,492
configs/phase6/group_b_ambiguous/CREATEORDER_V4_C1_F3_P10_C10_S7009.yaml,03fd3ed68c6b7e1c55a769e0d642dd0eca9922fc72f49ff24c079815023958db,492
configs/phase6/group_b_ambiguous/CREATEORDER_V4_C1_F3_P10_C50_S7000.yaml,06f4fcda7c3c7f76707c035d18101d9c187a3eb9b9f3e017ad11b7e219660000,492
configs/phase6/group_b_ambiguous/CREATEORDER_V4_C1_F3_P10_C50_S7001.yaml,d31cffa8a83c39c7ab674771200597a82c4685c3a5c59bbd6d182ffc2553c0cf,492
configs/phase6/group_b_ambiguous/CREATEORDER_V4_C1_F3_P10_C50_S7002.yaml,3ee4394f21b4673109d8f4683604cb7f349687ed644b79d0f79f153fae690add,492
configs/phase6/group_b_ambiguous/CREATEORDER_V4_C1_F3_P10_C50_S7003.yaml,ce54b8e9a9b2c4bcd733d0640239e5bf2999e73bef3957ebed6592ef1700e137,492
configs/phase6/group_b_ambiguous/CREATEORDER_V4_C1_F3_P10_C50_S7004.yaml,f39fe7c3e3ed079e02af04e1a621b3d4592de68fbb2966a6fd43db2a14f9d956,492
configs/phase6/group_b_ambiguous/CREATEORDER_V4_C1_F3_P10_C50_S7005.yaml,2af7106eea337d759222888e46799ee5e4f9c45d599507382f4d080f123d03b7,492
configs/phase6/group_b_ambiguous/CREATEORDER_V4_C1_F3_P10_C50_S7006.yaml,912da496681bb8dfecc653c6dd54324d0e584727c223ba8cbe086d72e5f85e14,492
configs/phase6/group_b_ambiguous/CREATEORDER_V4_C1_F3_P10_C50_S7007.yaml,4d1a6cd36e3860b6767bd38833f4a031a751b156214167ae5c62618840c8823c,492
configs/phase6/group_b_ambiguous/CREATEORDER_V4_C1_F3_P10_C50_S7008.yaml,e580976b1aad83d8711a31ba51ac2d77b24010a5b925888002e077a8fda75937,492
configs/phase6/group_b_ambiguous/CREATEORDER_V4_C1_F3_P10_C50_S7009.yaml,fd8b32fe493e2836978ad6b755361d4b5c6d7025acfd4427fcf7bb11093e35b4,492
configs/phase6/group_b_ambiguous/CREATEORDER_V4_C1_F3_P1_C10_S7000.yaml,0526a020554135e72e6128d0fd9ddccda4d63941d15754c483945a33919eae25,492
configs/phase6/group_b_ambiguous/CREATEORDER_V4_C1_F3_P1_C10_S7001.yaml,f513be610c6323663a5455aacad8b62a8ad98366d5345067738ca8069753513a,492
configs/phase6/group_b_ambiguous/CREATEORDER_V4_C1_F3_P1_C10_S7002.yaml,78cf3d7a9a1f3fa6dab4e2a9cb958b545686f6fc1d56182794f61230b7f967ac,492
configs/phase6/group_b_ambiguous/CREATEORDER_V4_C1_F3_P1_C10_S7003.yaml,cd898b76ec3c8d453eb7ddcba32a90559d96f22dcca23fadc4b0e0260f889a56,492
configs/phase6/group_b_ambiguous/CREATEORDER_V4_C1_F3_P1_C10_S7004.yaml,686c897dacbd26f7c84581858c3d71bec2e74c7fa7d8233f6029b6468e10c5a8,492
configs/phase6/group_b_ambiguous/CREATEORDER_V4_C1_F3_P1_C10_S7005.yaml,0d5bbfba5d98aaf3b182e560537798fd16905cce5593cb8dae965d1011f8c1be,492
configs/phase6/group_b_ambiguous/CREATEORDER_V4_C1_F3_P1_C10_S7006.yaml,f5af447c82c9142b712008fb94fe1fb69fbe5edec769f35fae1bbce77616c049,492
configs/phase6/group_b_ambiguous/CREATEORDER_V4_C1_F3_P1_C10_S7007.yaml,e5f43673beeb60573d96fd904e381b63c01d0331ea8e4541e0539eaea6ae7a20,492
configs/phase6/group_b_ambiguous/CREATEORDER_V4_C1_F3_P1_C10_S7008.yaml,398e78f30e5be5b1c57bdd68ff9a69c8b33cb201805bb1fd97817b96fdde5adb,492
configs/phase6/group_b_ambiguous/CREATEORDER_V4_C1_F3_P1_C10_S7009.yaml,9586cebb2c6ac3b06c647e82f48fdcfa3840376035e8c2d6d0b54b1f6e157c17,492
configs/phase6/group_b_ambiguous/CREATEORDER_V4_C1_F3_P1_C50_S7000.yaml,49c10a69c4af6dbb75596af6e127cccd22a11e133acbd7b115cf7f5a3aef29bd,492
configs/phase6/group_b_ambiguous/CREATEORDER_V4_C1_F3_P1_C50_S7001.yaml,50ee8c13c50401da2547e9c000c8760b5f508b4bd83f9ff54e757870adba383f,492
configs/phase6/group_b_ambiguous/CREATEORDER_V4_C1_F3_P1_C50_S7002.yaml,525c4edbd75d6b2b5f7c6a53385f80eaf383fb154b98f2c5b1168886e47df4de,492
configs/phase6/group_b_ambiguous/CREATEORDER_V4_C1_F3_P1_C50_S7003.yaml,cfc0f9ddf50d75a4b330a9fcd7b3b72e9cd5a0caab5d7dfdfdc318ba78e84aea,492
configs/phase6/group_b_ambiguous/CREATEORDER_V4_C1_F3_P1_C50_S7004.yaml,c25592e9c1ba77e4544b5f53ea5590b6be320e7cd8e1f9aa968b3d5e65c46fe7,492
configs/phase6/group_b_ambiguous/CREATEORDER_V4_C1_F3_P1_C50_S7005.yaml,4648939a788cf4cdaebbadacebd3f9a469e4d2d1941826861acdaa7aa14c4409,492
configs/phase6/group_b_ambiguous/CREATEORDER_V4_C1_F3_P1_C50_S7006.yaml,af156d2a40c035cf388f983e32c2d6a87f32cee22bfee9d00d33282fbdd1488b,492
configs/phase6/group_b_ambiguous/CREATEORDER_V4_C1_F3_P1_C50_S7007.yaml,d94b14e894218af817437635bc12cde9f09c02721edea54f102b812547ff287f,492
configs/phase6/group_b_ambiguous/CREATEORDER_V4_C1_F3_P1_C50_S7008.yaml,7fdfaf997ae7606e703ba92a8e64b6278ad95a9ba87f09f566bc80bbba8b0c1a,492
configs/phase6/group_b_ambiguous/CREATEORDER_V4_C1_F3_P1_C50_S7009.yaml,1d622e9c3914c87de6ca9cee837a23d5cf7b1bba96212cc43d603f446e4091ae,492
configs/phase6/group_b_ambiguous/CREATEORDER_V4_C1_F3_P20_C10_S7000.yaml,f1a5561c9567ed6e2b00c0fd5a8d248449c0e77762426346706b2a7730de463b,492
configs/phase6/group_b_ambiguous/CREATEORDER_V4_C1_F3_P20_C10_S7001.yaml,aad7e93c4a66c24cded153b25ae02f12f2d31bc901a6930944e96f0f2b511dc1,492
configs/phase6/group_b_ambiguous/CREATEORDER_V4_C1_F3_P20_C10_S7002.yaml,c9d30611bf385875ffb2da7ccb52bdc9c6bbcb5d7d0cd9469873608957242009,492
configs/phase6/group_b_ambiguous/CREATEORDER_V4_C1_F3_P20_C10_S7003.yaml,73ae24614d1e4b7aba21e9d1376ebaea4077863be39acd44f1dc3d3cbd0ae295,492
configs/phase6/group_b_ambiguous/CREATEORDER_V4_C1_F3_P20_C10_S7004.yaml,25e12c373f48455873f18072fa6e2e6ee188f32843acae12928b2b3bd851c55a,492
configs/phase6/group_b_ambiguous/CREATEORDER_V4_C1_F3_P20_C10_S7005.yaml,4dcd23576ad0db6bcc127de25010f1597433bba76b5f0a241f03bf282ab9b457,492
configs/phase6/group_b_ambiguous/CREATEORDER_V4_C1_F3_P20_C10_S7006.yaml,3d56c01251fd42ef0bc45112e511b234934d2ebabbc924fb955abdf42918839d,492
configs/phase6/group_b_ambiguous/CREATEORDER_V4_C1_F3_P20_C10_S7007.yaml,3dcecc7bcfa91121fcfd5ccc29bb11c453b79aa525f0a73ada7fe19e788a5aa0,492
configs/phase6/group_b_ambiguous/CREATEORDER_V4_C1_F3_P20_C10_S7008.yaml,f71887d4092b3ce57fdb94d91f8be31c1869981af75b56b4fe3adbcb5f2694f9,492
configs/phase6/group_b_ambiguous/CREATEORDER_V4_C1_F3_P20_C10_S7009.yaml,0ee3555bb8a3f95a22111465a8defd1da80f4d2ee5d37117693a6090375a0388,492
configs/phase6/group_b_ambiguous/CREATEORDER_V4_C1_F3_P20_C50_S7000.yaml,147e524fc168732d9eae6023e7239718cc766309dbae0bfe54dd67e08f90a2c6,492
configs/phase6/group_b_ambiguous/CREATEORDER_V4_C1_F3_P20_C50_S7001.yaml,4812ba85b55daa15ade1e0bdd909dd142cc0876cbdd734869b5193a07dca0aa7,492
configs/phase6/group_b_ambiguous/CREATEORDER_V4_C1_F3_P20_C50_S7002.yaml,857e564794c073b6a730edcdb76dd06902b52604cef113c57f3959442766b780,492
configs/phase6/group_b_ambiguous/CREATEORDER_V4_C1_F3_P20_C50_S7003.yaml,28b6be3e745ee142b7ec2f6140fedec4f800689248084b29f44ee7b0e1d78081,492
configs/phase6/group_b_ambiguous/CREATEORDER_V4_C1_F3_P20_C50_S7004.yaml,43cd5cb5d6567735918b13b4b53ecfbfec717c354ebd469d40ff65e5c7ecc70c,492
configs/phase6/group_b_ambiguous/CREATEORDER_V4_C1_F3_P20_C50_S7005.yaml,7d631c4310258fae565272e08627722e30c4726f0773f3358be09ec92b98e6de,492
configs/phase6/group_b_ambiguous/CREATEORDER_V4_C1_F3_P20_C50_S7006.yaml,727903d08c4e06ec7a05aaff350c5badaea139b2e5a7b87926f0a569fd1fd260,492
configs/phase6/group_b_ambiguous/CREATEORDER_V4_C1_F3_P20_C50_S7007.yaml,68cfcd1112def765ad557f24f9a0df70aeea1e25332b5babc93a74427d44b8b7,492
configs/phase6/group_b_ambiguous/CREATEORDER_V4_C1_F3_P20_C50_S7008.yaml,a4f9162031079e527c729ea1b141ab3c6adf19d2ead0d6d328983460ae0317fc,492
configs/phase6/group_b_ambiguous/CREATEORDER_V4_C1_F3_P20_C50_S7009.yaml,63d2d3eef3fae76f653404dc689412fbcba7df2408ec062dec5d62d78af06293,492
configs/phase6/group_b_ambiguous/CREATEORDER_V4_C1_F3_P5_C10_S7000.yaml,4cae09f284d657cfd45862cf05da187c4134b81841907213d6d0215616fc35ce,492
configs/phase6/group_b_ambiguous/CREATEORDER_V4_C1_F3_P5_C10_S7001.yaml,e6d2baf02079680ff69e626d10ad7a87603d1597c6e2c706f97098d5ba8ecfbf,492
configs/phase6/group_b_ambiguous/CREATEORDER_V4_C1_F3_P5_C10_S7002.yaml,351f1f7cf0ee31be54dd655a87644909984725b72c1f07f8ece4bf75828523fb,492
configs/phase6/group_b_ambiguous/CREATEORDER_V4_C1_F3_P5_C10_S7003.yaml,e0de828207b6e918b6c7755c4167837fde901cfe81efbe9dfc9cece9fe3e78d1,492
configs/phase6/group_b_ambiguous/CREATEORDER_V4_C1_F3_P5_C10_S7004.yaml,11bef540f14c05db1253513e80298afe5b55335a740fe78ddc47e3e51d9d56f4,492
configs/phase6/group_b_ambiguous/CREATEORDER_V4_C1_F3_P5_C10_S7005.yaml,cc6a2f3b19428b46bf6ae63cef489460e86acb17bcde11e283fe0293038a9a2e,492
configs/phase6/group_b_ambiguous/CREATEORDER_V4_C1_F3_P5_C10_S7006.yaml,bbec78e7961e3902c4a47f99b0e6765b8403b3b3581f1145689814826d8816c7,492
configs/phase6/group_b_ambiguous/CREATEORDER_V4_C1_F3_P5_C10_S7007.yaml,e431d3adc04bfecb15903b81dbf93049528720008c3fe68fc318fce3f636f9fc,492
configs/phase6/group_b_ambiguous/CREATEORDER_V4_C1_F3_P5_C10_S7008.yaml,ca58b1740d7703145e5f4a44151352fdefdf4bc129a026702161fef976274b44,492
configs/phase6/group_b_ambiguous/CREATEORDER_V4_C1_F3_P5_C10_S7009.yaml,158d75bc88b1fc2778a44a29459e7ae125872bec450089bc4d904c763f67d046,492
configs/phase6/group_b_ambiguous/CREATEORDER_V4_C1_F3_P5_C50_S7000.yaml,ef305dd2fda8c8bfde5359bba93426cc9c91e00bef590288825a9d79166074c2,492
configs/phase6/group_b_ambiguous/CREATEORDER_V4_C1_F3_P5_C50_S7001.yaml,45a44cf83ff39d5ab25814993590c728fa0cd61f464f7372e689d04278827874,492
configs/phase6/group_b_ambiguous/CREATEORDER_V4_C1_F3_P5_C50_S7002.yaml,cf38c6031f4411fb3b85349a0cfba47d420495374c8fcda3816aa0926ab69a4f,492
configs/phase6/group_b_ambiguous/CREATEORDER_V4_C1_F3_P5_C50_S7003.yaml,cd1797766e20d995cb46e8c1e211de58b4dab2edc772b2958aa833e10b0b8204,492
configs/phase6/group_b_ambiguous/CREATEORDER_V4_C1_F3_P5_C50_S7004.yaml,49127f094a0090c9f5d0f149cf1c033e5df300f4da53a0894ef432f9f10c1abb,492
configs/phase6/group_b_ambiguous/CREATEORDER_V4_C1_F3_P5_C50_S7005.yaml,3d76c87c72d1740dd8d34da760e96babdad85ef0eaf639bca336b542418212c8,492
configs/phase6/group_b_ambiguous/CREATEORDER_V4_C1_F3_P5_C50_S7006.yaml,ef6ebc23511ea82f0e1069aff2220dc345f12ff74848d5da2d39e3cfdcbb0fbd,492
configs/phase6/group_b_ambiguous/CREATEORDER_V4_C1_F3_P5_C50_S7007.yaml,5d06098641643e24f27995af8712cb2509c834bcf9fa42f91b79f108bac1fada,492
configs/phase6/group_b_ambiguous/CREATEORDER_V4_C1_F3_P5_C50_S7008.yaml,d8fc79d21e84c652e3e79b0a2a7f3204bafd86772aadd998f7a284f367b14377,492
configs/phase6/group_b_ambiguous/CREATEORDER_V4_C1_F3_P5_C50_S7009.yaml,037ec7bc485d37d174bc99e5f00b521f6512460b5d384fdf781714dc93a1beb4,492
configs/phase6/group_b_ambiguous/CREATEORDER_V4_C1_F4_P10_C10_S7000.yaml,331ec4b95ac6f8c0ad2bf1af2c7e77a316285e5997753b1f64521f153adc7c10,492
configs/phase6/group_b_ambiguous/CREATEORDER_V4_C1_F4_P10_C10_S7001.yaml,47913ed3cf0e95b9e06d90f62bfe10da396acdf05a8be8dce752c7835b9752c1,492
configs/phase6/group_b_ambiguous/CREATEORDER_V4_C1_F4_P10_C10_S7002.yaml,6b9296fbb620c539f1e7d45a4c31c79a7bc94cac8ead7e4d4524898316b8f188,492
configs/phase6/group_b_ambiguous/CREATEORDER_V4_C1_F4_P10_C10_S7003.yaml,d87e7ea5897f438ae784ccfdd19abb2b2ff68d0fb51adbe7e44ee639b3d86bd8,492
configs/phase6/group_b_ambiguous/CREATEORDER_V4_C1_F4_P10_C10_S7004.yaml,257725e796a28153fcc18c2621a938e424fb080bb22ac95d037a8017f3b1ec20,492
configs/phase6/group_b_ambiguous/CREATEORDER_V4_C1_F4_P10_C10_S7005.yaml,9cce3ce071158bba161c9637c45cead178e1cb1501b1fcb725926a6e7fe7754a,492
configs/phase6/group_b_ambiguous/CREATEORDER_V4_C1_F4_P10_C10_S7006.yaml,48a750878b82f2fd66388ca6a989a767d25f812beefbf255922fd267fbc7f11f,492
configs/phase6/group_b_ambiguous/CREATEORDER_V4_C1_F4_P10_C10_S7007.yaml,a996ec3409f92329894b81a0f04f589cbe62e6b53c52afbde7ed008ead0f57d8,492
configs/phase6/group_b_ambiguous/CREATEORDER_V4_C1_F4_P10_C10_S7008.yaml,7f73b041cf324db48e1628b20443975e2da34d41966fe1f0baae1c8436888df6,492
configs/phase6/group_b_ambiguous/CREATEORDER_V4_C1_F4_P10_C10_S7009.yaml,78c134ae8e90fef88428d2b8dd474747f2e0bc507ce70655b8903dc02c90f679,492
configs/phase6/group_b_ambiguous/CREATEORDER_V4_C1_F4_P10_C50_S7000.yaml,b1e31c32245c604e5a30ed7845ed9307352df172f7dddaa6b1a71a09fc504854,492
configs/phase6/group_b_ambiguous/CREATEORDER_V4_C1_F4_P10_C50_S7001.yaml,efdf4a85d27353ae9dbcf90dccb981073342d38ec35896fa2ab816a0218e7893,492
configs/phase6/group_b_ambiguous/CREATEORDER_V4_C1_F4_P10_C50_S7002.yaml,410f580299142347ce4417f22015ad6516d051bad3feb61b09ba959051aa7b3c,492
configs/phase6/group_b_ambiguous/CREATEORDER_V4_C1_F4_P10_C50_S7003.yaml,b45ddcdbfca0bfe74e7398d2752f8568f5ebb968f727c01aee5f6fce9276530f,492
configs/phase6/group_b_ambiguous/CREATEORDER_V4_C1_F4_P10_C50_S7004.yaml,e648fdd68f2e48a221cd20c9f22409b739497b2af08c9ade3043baacf0702228,492
configs/phase6/group_b_ambiguous/CREATEORDER_V4_C1_F4_P10_C50_S7005.yaml,631ba1a900e3a249a202ccc7fb70aeb2db2b45ab45020104fab6b50f21a58f7b,492
configs/phase6/group_b_ambiguous/CREATEORDER_V4_C1_F4_P10_C50_S7006.yaml,5dc64189dd052e1fafe1c1b0f4a52771d48d44fc3c23261702cf340e6ba35ea1,492
configs/phase6/group_b_ambiguous/CREATEORDER_V4_C1_F4_P10_C50_S7007.yaml,c13bca33d4bcabd7ec9090fec0ea1028c4d391d60c7b7f5ca5fcaf19a3b191ef,492
configs/phase6/group_b_ambiguous/CREATEORDER_V4_C1_F4_P10_C50_S7008.yaml,84541f744db52e0ccecdaadc20ce8c62c4b3c03d5ae787a7eaa17696ff8aec44,492
configs/phase6/group_b_ambiguous/CREATEORDER_V4_C1_F4_P10_C50_S7009.yaml,3bd2260de0fd067ea1e864f5cc0d1658693c772a8687684c237f78896feb58b0,492
configs/phase6/group_b_ambiguous/CREATEORDER_V4_C1_F4_P1_C10_S7000.yaml,f3c0273ee83e80bace97ec0d42082f884ce02d13c82fed1ed3d9fb0f2e529a5c,492
configs/phase6/group_b_ambiguous/CREATEORDER_V4_C1_F4_P1_C10_S7001.yaml,48dbd3ec5d52d1b741f1bed8cb429787ffbb1f65e7335bb10d1ac378e122f234,492
configs/phase6/group_b_ambiguous/CREATEORDER_V4_C1_F4_P1_C10_S7002.yaml,90194a29dcdaa0497370892166486ec5e576fe882027f2f7ba1805f42f90fef6,492
configs/phase6/group_b_ambiguous/CREATEORDER_V4_C1_F4_P1_C10_S7003.yaml,bcc79851fdf202788187793b7b7c6cd5eb732801c44a35714d7e04bd75b65e26,492
configs/phase6/group_b_ambiguous/CREATEORDER_V4_C1_F4_P1_C10_S7004.yaml,b29c369170f95c51e59e8518186c1065588657b07ebd3152c20ab6d80d409deb,492
configs/phase6/group_b_ambiguous/CREATEORDER_V4_C1_F4_P1_C10_S7005.yaml,d7fe9c1d8a56d73a7941320ea39b1542a8bcc98da7519eaed62aeef05090eca3,492
configs/phase6/group_b_ambiguous/CREATEORDER_V4_C1_F4_P1_C10_S7006.yaml,3856b926eb5860b28f4b198b644041198e5941ecd4b92dbaa5866ed362341a21,492
configs/phase6/group_b_ambiguous/CREATEORDER_V4_C1_F4_P1_C10_S7007.yaml,3f4a7fb58a951af5aa88c0834d5e85ba550327b0bca6cbd24223fd32debf8a1e,492
configs/phase6/group_b_ambiguous/CREATEORDER_V4_C1_F4_P1_C10_S7008.yaml,4dc387e8affb3150dd5d3bdd59b3aeb16901d7c0bc56c092c744e741d33c7232,492
configs/phase6/group_b_ambiguous/CREATEORDER_V4_C1_F4_P1_C10_S7009.yaml,f1b7184d8cb64787a29f3fac3041f41e92792d38fa67fb22c251ae3555469938,492
configs/phase6/group_b_ambiguous/CREATEORDER_V4_C1_F4_P1_C50_S7000.yaml,c97ae728679f1b7a654954f088c9df32fc03d5b1c159a8f45cf6c2fcdffb5152,492
configs/phase6/group_b_ambiguous/CREATEORDER_V4_C1_F4_P1_C50_S7001.yaml,39e315b9ef0840cbaa4bdbe2d24bc0e353156f93a44d55401561ef30ef8686d0,492
configs/phase6/group_b_ambiguous/CREATEORDER_V4_C1_F4_P1_C50_S7002.yaml,d680396f19880ee7318cc91cd8bad17edfdca678a0a39d08e77edbc9874200f3,492
configs/phase6/group_b_ambiguous/CREATEORDER_V4_C1_F4_P1_C50_S7003.yaml,fdc16419dfb5b7a87d7ddff6243e687694276c704856146d9745bedea5e46db1,492
configs/phase6/group_b_ambiguous/CREATEORDER_V4_C1_F4_P1_C50_S7004.yaml,584ab776e339b118f5167e48aa22e21ae0e2c9b246620befdb7b24687b39370f,492
configs/phase6/group_b_ambiguous/CREATEORDER_V4_C1_F4_P1_C50_S7005.yaml,0fda7599a886c4563bcfaa02154b9d2d106e98c31a9572e99025a9433b7fa7be,492
configs/phase6/group_b_ambiguous/CREATEORDER_V4_C1_F4_P1_C50_S7006.yaml,f36e450910597e51a1b8b798b345fb26d762c66dde64ee4648ea15ef1d973118,492
configs/phase6/group_b_ambiguous/CREATEORDER_V4_C1_F4_P1_C50_S7007.yaml,056d10eb0435e429913f838d639d7fd49b1f100abeea15a50ba9de3c4462d1eb,492
configs/phase6/group_b_ambiguous/CREATEORDER_V4_C1_F4_P1_C50_S7008.yaml,2135c61d8502f117f1b01eed116f862591cc1dba443e43a8affdbdb995a060bd,492
configs/phase6/group_b_ambiguous/CREATEORDER_V4_C1_F4_P1_C50_S7009.yaml,fbec9d8a84a59248a67cdd689de1314e63b14a1af9b62a1e47df05999bda1ada,492
configs/phase6/group_b_ambiguous/CREATEORDER_V4_C1_F4_P20_C10_S7000.yaml,8dee1daa42dfc034e9d804b2aaa4697b7479715bba820e10721b6ee07e4d86aa,492
configs/phase6/group_b_ambiguous/CREATEORDER_V4_C1_F4_P20_C10_S7001.yaml,dd637db43fbe383d1c06e96e3c44972335960bac1351df482a334da3a6e8bfef,492
configs/phase6/group_b_ambiguous/CREATEORDER_V4_C1_F4_P20_C10_S7002.yaml,1b013778bae06a213719a900cbc12ac844343921c1e4a353ba042f944b46ad3b,492
configs/phase6/group_b_ambiguous/CREATEORDER_V4_C1_F4_P20_C10_S7003.yaml,0f39e391d78248607192fdcf04d290318d0f03c2f58275c3efc4bceac1a05d3a,492
configs/phase6/group_b_ambiguous/CREATEORDER_V4_C1_F4_P20_C10_S7004.yaml,377d41ce43c596a35075b8888bb434ae69d237482bca4f245d639fa0cc084387,492
configs/phase6/group_b_ambiguous/CREATEORDER_V4_C1_F4_P20_C10_S7005.yaml,ab076bf1d985291ba2c9eb69c648e86cd3dc4c736ccebf137a1a766dd654d3b7,492
configs/phase6/group_b_ambiguous/CREATEORDER_V4_C1_F4_P20_C10_S7006.yaml,1cae914290e15c38a789c8dfb53394a8452dc9fc9a0056592b2b1c63bdab1246,492
configs/phase6/group_b_ambiguous/CREATEORDER_V4_C1_F4_P20_C10_S7007.yaml,560bf0eed0012e7a0541dc2d5ce673ae20b9dd01090dfbe1efed94d2ba96b7fa,492
configs/phase6/group_b_ambiguous/CREATEORDER_V4_C1_F4_P20_C10_S7008.yaml,2032ce28cf79f8ae4c4daa0f9bf0e524e68c88cde412f85be805a59159bf07b1,492
configs/phase6/group_b_ambiguous/CREATEORDER_V4_C1_F4_P20_C10_S7009.yaml,f8002cf2fdf665bf0645098899911247f9d4be7d65feca482b7698828aacdbc4,492
configs/phase6/group_b_ambiguous/CREATEORDER_V4_C1_F4_P20_C50_S7000.yaml,36046b81cd12db0da2d95a2fa627851ae51d3acd66c6a93e7f66f0705ca8750b,492
configs/phase6/group_b_ambiguous/CREATEORDER_V4_C1_F4_P20_C50_S7001.yaml,abd31ab9c1fc0450eb50637dfe6f115230c95684e4c5646ef56695f51ae976f7,492
configs/phase6/group_b_ambiguous/CREATEORDER_V4_C1_F4_P20_C50_S7002.yaml,15664827a92f15efef3bb356f1eab67a8abc8163e26b2af1c99ab5c9d9358f41,492
configs/phase6/group_b_ambiguous/CREATEORDER_V4_C1_F4_P20_C50_S7003.yaml,3ada0f9ed8d191a42fedee4d10b2a80ef3a6198e269634cc927bf71eb15c598b,492
configs/phase6/group_b_ambiguous/CREATEORDER_V4_C1_F4_P20_C50_S7004.yaml,789e2a459b0978731d3dbfd2ab20cd429095a1d78f7e69cd54798ecf9bdeca51,492
configs/phase6/group_b_ambiguous/CREATEORDER_V4_C1_F4_P20_C50_S7005.yaml,ddfd17d822d1ebc3581f2ca7e1fa7b395e7ac644ec6becabbab55046cf8f2c7f,492
configs/phase6/group_b_ambiguous/CREATEORDER_V4_C1_F4_P20_C50_S7006.yaml,5d643d5ea6368f940b42b54269b735d233e652ad74ceca2143be481c3963fea0,492
configs/phase6/group_b_ambiguous/CREATEORDER_V4_C1_F4_P20_C50_S7007.yaml,960c11010e9b28bb3c25854b4447bc46ce0d18b069c6f0a319a68cd57b2ded07,492
configs/phase6/group_b_ambiguous/CREATEORDER_V4_C1_F4_P20_C50_S7008.yaml,3bb134f05ad02c5d0334834466cddf659f4cdb6842e07349ac66fb6ae9778286,492
configs/phase6/group_b_ambiguous/CREATEORDER_V4_C1_F4_P20_C50_S7009.yaml,62e525a715dc246e0b05c6396f549d682a8f02236cc26a1b5983fdff4b67a331,492
configs/phase6/group_b_ambiguous/CREATEORDER_V4_C1_F4_P5_C10_S7000.yaml,da4653a8076de41a2564c707b04e94c84d5abb753c12704a0578676f3d0c5976,492
configs/phase6/group_b_ambiguous/CREATEORDER_V4_C1_F4_P5_C10_S7001.yaml,c95d19b6f88a075ebd9631cad141fca725d629bdc2d38075cc82034348db0d84,492
configs/phase6/group_b_ambiguous/CREATEORDER_V4_C1_F4_P5_C10_S7002.yaml,b8bd5e4b80d79aca83901058d3d18782b991f6ded451316860bcb989629a548b,492
configs/phase6/group_b_ambiguous/CREATEORDER_V4_C1_F4_P5_C10_S7003.yaml,a30879314c547263708909c447a06c98acdbac5cdb9208268f00992cdf9346a1,492
configs/phase6/group_b_ambiguous/CREATEORDER_V4_C1_F4_P5_C10_S7004.yaml,467df513c69e73e11a6c60cbe2cd1f8183c0454f0625d10fc884e92f211a724a,492
configs/phase6/group_b_ambiguous/CREATEORDER_V4_C1_F4_P5_C10_S7005.yaml,ae6320bc69aeb0dd02cbfc7ea97122615f4418faaea9678266fda0b8b1618316,492
configs/phase6/group_b_ambiguous/CREATEORDER_V4_C1_F4_P5_C10_S7006.yaml,91ec5662ea9164ec5b44eca3a08914cd64c4c39b11acad8b1e04b6f1e4e68fc7,492
configs/phase6/group_b_ambiguous/CREATEORDER_V4_C1_F4_P5_C10_S7007.yaml,78c02211ab59effd84aab8975dd512bebf7747584d9aede60495e23fa59a8e56,492
configs/phase6/group_b_ambiguous/CREATEORDER_V4_C1_F4_P5_C10_S7008.yaml,5d51756eae054f1203a607545570a7bfd6c10b0b4bff79aaff2493f6a8b9639d,492
configs/phase6/group_b_ambiguous/CREATEORDER_V4_C1_F4_P5_C10_S7009.yaml,c717635f4f658c7be8971feb3f7946eede5ef319883931cad4d44f55ccc2e91a,492
configs/phase6/group_b_ambiguous/CREATEORDER_V4_C1_F4_P5_C50_S7000.yaml,d3e9ffbb6f2093c603e4f4bd26fee965d674606f113ac5b125d6ec5ddb034ab3,492
configs/phase6/group_b_ambiguous/CREATEORDER_V4_C1_F4_P5_C50_S7001.yaml,9c6f8a6ee4c9c8c57ecbdebd20089e59ec3c597667b1dcdc576b14a0f73c76f5,492
configs/phase6/group_b_ambiguous/CREATEORDER_V4_C1_F4_P5_C50_S7002.yaml,78c5a4fad94260df97811f7da1ffa1235a183b0ceaafc67137756a68526767d5,492
configs/phase6/group_b_ambiguous/CREATEORDER_V4_C1_F4_P5_C50_S7003.yaml,779826e30a123585d8f259755cb88742f218d8892e9d4081d0d4d1683c30ff93,492
configs/phase6/group_b_ambiguous/CREATEORDER_V4_C1_F4_P5_C50_S7004.yaml,28f09f37aa5da3c91c99222627f5385abf074296a69246d2447b76e072c68881,492
configs/phase6/group_b_ambiguous/CREATEORDER_V4_C1_F4_P5_C50_S7005.yaml,446bda5b9f1e3c98a5d730ec4ea47af911548328304f2895e36212794ca3b264,492
configs/phase6/group_b_ambiguous/CREATEORDER_V4_C1_F4_P5_C50_S7006.yaml,2c04acdee093285d6ef8e50dc7c2982ddeb2deeaaba8cd2c1ae31863286032c4,492
configs/phase6/group_b_ambiguous/CREATEORDER_V4_C1_F4_P5_C50_S7007.yaml,bff47406b650e1ebee87fd1743e6b80580a7695e4fc95f7304caea0acc7dc860,492
configs/phase6/group_b_ambiguous/CREATEORDER_V4_C1_F4_P5_C50_S7008.yaml,6ed09ac6459c1043be3f9ec7c69713d7262aa9e4afae83ef3d70cd5ce755933f,492
configs/phase6/group_b_ambiguous/CREATEORDER_V4_C1_F4_P5_C50_S7009.yaml,0638d1886715474eca177e4aaab2a623de186ebfd0dcfc6835b69e0c11a8c79d,492
configs/phase6/group_b_ambiguous/CREATEORDER_V4_C1_F8_P10_C10_S7000.yaml,19c507b026fef64ca51b614aef60db79e908d66b62ac291b093e1583c63c6ddf,492
configs/phase6/group_b_ambiguous/CREATEORDER_V4_C1_F8_P10_C10_S7001.yaml,39ec0ed148265c4a0e784193ea310ea905d551400714fec1bf5e68b36e77f83c,492
configs/phase6/group_b_ambiguous/CREATEORDER_V4_C1_F8_P10_C10_S7002.yaml,6c10da078c8d9491259e7987f5d11f2246a9e9603d7174e5d3b3f0be10556b28,492
configs/phase6/group_b_ambiguous/CREATEORDER_V4_C1_F8_P10_C10_S7003.yaml,bb984f6c6d194ba363fc5b35f83d92f9d6276b960c2bad459a5391c7e61a7d44,492
configs/phase6/group_b_ambiguous/CREATEORDER_V4_C1_F8_P10_C10_S7004.yaml,05f96e3590acc41975cae0f429ce08129d98735087b847c3ca76b5b26aecdda6,492
configs/phase6/group_b_ambiguous/CREATEORDER_V4_C1_F8_P10_C10_S7005.yaml,ae4a94e70f3cd224f61cff2c4f00e7688db08a642063bd416c1a93a0b9b6097d,492
configs/phase6/group_b_ambiguous/CREATEORDER_V4_C1_F8_P10_C10_S7006.yaml,1a5b9d06bdfda1f718537c5c8e26bc403d49923570dafd69495e52770fd08659,492
configs/phase6/group_b_ambiguous/CREATEORDER_V4_C1_F8_P10_C10_S7007.yaml,7c2aac36c661613325c23234e9e5e41fb6e14a285ee22ac8ede6f7dcd515eae9,492
configs/phase6/group_b_ambiguous/CREATEORDER_V4_C1_F8_P10_C10_S7008.yaml,3de7cfb88bf2faf85fca8ece8b10c87b98f810c9133f2815d2d6a8026e269c26,492
configs/phase6/group_b_ambiguous/CREATEORDER_V4_C1_F8_P10_C10_S7009.yaml,7df562fcbce4b17bd9c056e9c4489c064ed2a1f15a23f1d11e389de127ca7a24,492
configs/phase6/group_b_ambiguous/CREATEORDER_V4_C1_F8_P10_C50_S7000.yaml,6f16ec07fc8045000d9ba4b2b9027c75a4689a3266007f4540d310e3dc865a6c,492
configs/phase6/group_b_ambiguous/CREATEORDER_V4_C1_F8_P10_C50_S7001.yaml,fff6819d5a8df3ca14a823deb6486e229b336aaf5e33990ddbed48857d0e29ce,492
configs/phase6/group_b_ambiguous/CREATEORDER_V4_C1_F8_P10_C50_S7002.yaml,38dcb4ab3b645f8f8186a3499e72a8244c9f21f1307405ca7ebe19fdd8281563,492
configs/phase6/group_b_ambiguous/CREATEORDER_V4_C1_F8_P10_C50_S7003.yaml,d318bdceb5cd0a60aecf1a8f78082dda47efc04a32c783f16d7d7afde386764f,492
configs/phase6/group_b_ambiguous/CREATEORDER_V4_C1_F8_P10_C50_S7004.yaml,dd847ed74db6d0b7e1e817c0046019e48dd29b0ec119ae5c0bc6ab7ade73a97b,492
configs/phase6/group_b_ambiguous/CREATEORDER_V4_C1_F8_P10_C50_S7005.yaml,21ffa24130a6c9fd7544502f4c71bf51f83edf00cd4224014b94404fc8cd05d6,492
configs/phase6/group_b_ambiguous/CREATEORDER_V4_C1_F8_P10_C50_S7006.yaml,dc27ce6164fb5ef2d2ac6f30408fa084bcffd0482ac87c2e2f4ba0d84753a299,492
configs/phase6/group_b_ambiguous/CREATEORDER_V4_C1_F8_P10_C50_S7007.yaml,d34acb504f1de9a059b04baa707c42b0882e02739758b4e74539c580b140e60b,492
configs/phase6/group_b_ambiguous/CREATEORDER_V4_C1_F8_P10_C50_S7008.yaml,b7271abab3cda3fff461df865b1e4d8c3bdaeb2c209b1befd7a166ae0d129886,492
configs/phase6/group_b_ambiguous/CREATEORDER_V4_C1_F8_P10_C50_S7009.yaml,5183f04df187b64bcac39c80fc5dea44e68e5f1bb01c2a2d5a939d3494982a06,492
configs/phase6/group_b_ambiguous/CREATEORDER_V4_C1_F8_P1_C10_S7000.yaml,6a8010844f919a50ddf669358da5904ba9dc57f4d0c356a5e47594fcfa0ecd51,492
configs/phase6/group_b_ambiguous/CREATEORDER_V4_C1_F8_P1_C10_S7001.yaml,46f9a0b27cc4d972afa55d8c6dcd5bb9d62bbdcd3bd45ead916d797f96b067ad,492
configs/phase6/group_b_ambiguous/CREATEORDER_V4_C1_F8_P1_C10_S7002.yaml,9c160ef7177aafe15981f298da391e97ba78454bc8054011c94e4dda024b00c5,492
configs/phase6/group_b_ambiguous/CREATEORDER_V4_C1_F8_P1_C10_S7003.yaml,e2b004bb5fc242675375c97dda831542566a4c71fcaa2dc52ae8255987e5444c,492
configs/phase6/group_b_ambiguous/CREATEORDER_V4_C1_F8_P1_C10_S7004.yaml,623bcfd746ed1db67ad98e17b5e4446767ec164cf8dd0fab5ac5a282cd084642,492
configs/phase6/group_b_ambiguous/CREATEORDER_V4_C1_F8_P1_C10_S7005.yaml,49a5ded9e2a0be4809a36d4c7978fed25e00746790518821b6b29874e00860d6,492
configs/phase6/group_b_ambiguous/CREATEORDER_V4_C1_F8_P1_C10_S7006.yaml,d34235e342b53d2279921a4789c1aca975f2e9c8659ad04fe57bf1a647196cb7,492
configs/phase6/group_b_ambiguous/CREATEORDER_V4_C1_F8_P1_C10_S7007.yaml,b96a7afdf7e7a988f498bf0e2ba8036c0eb0859780960aa3bc00ff47583c0f79,492
configs/phase6/group_b_ambiguous/CREATEORDER_V4_C1_F8_P1_C10_S7008.yaml,b996794a10e28ce5e01999ef622d7281878966790c2c6cc3d8ad74ddcf5558d5,492
configs/phase6/group_b_ambiguous/CREATEORDER_V4_C1_F8_P1_C10_S7009.yaml,fa80dd32b36d8d181638db577e543669653514c5ff0d43b41c98ac7fad95c95b,492
configs/phase6/group_b_ambiguous/CREATEORDER_V4_C1_F8_P1_C50_S7000.yaml,a8d749a7ed52d852b08a47887318eed0e9ba37407485c9b3e2d4f043dabf43a2,492
configs/phase6/group_b_ambiguous/CREATEORDER_V4_C1_F8_P1_C50_S7001.yaml,07356d067f04c5cdec1e6e134bdcf8896905b2b5b3b879dbfceb569c6baf3a1c,492
configs/phase6/group_b_ambiguous/CREATEORDER_V4_C1_F8_P1_C50_S7002.yaml,b4a8930eab8aa8c57919283b3ff572b05a13c489317dba6a750d04dd84c6a5f0,492
configs/phase6/group_b_ambiguous/CREATEORDER_V4_C1_F8_P1_C50_S7003.yaml,ef85341e04e986f52abc615ddd1e9842d70d3b904496e6e86f72d061b55e49a3,492
configs/phase6/group_b_ambiguous/CREATEORDER_V4_C1_F8_P1_C50_S7004.yaml,a922fea39ec694166e8d72e936aad546a34097ed1583a989caf158c6139f0757,492
configs/phase6/group_b_ambiguous/CREATEORDER_V4_C1_F8_P1_C50_S7005.yaml,55d5740e4584db0fa6d80cf371e88b6ce5044ce46fc715f1d170606ce2b730a3,492
configs/phase6/group_b_ambiguous/CREATEORDER_V4_C1_F8_P1_C50_S7006.yaml,d26cf5e2f0a6baf877c500e769ebfb7459da62b64b96455bc7994a3748e6296e,492
configs/phase6/group_b_ambiguous/CREATEORDER_V4_C1_F8_P1_C50_S7007.yaml,12ea4f338f479aa9815ddc4e16e4081b58a63a90d9405bbddf3817e4855ea530,492
configs/phase6/group_b_ambiguous/CREATEORDER_V4_C1_F8_P1_C50_S7008.yaml,bcc34c1fe52f3b9ec24ba388b65e463ca2633de4d967c0f79568f4ff12b15df4,492
configs/phase6/group_b_ambiguous/CREATEORDER_V4_C1_F8_P1_C50_S7009.yaml,198ebf0b8af361492c6aa83298a7750a5ec88e3bc8075e6aa69efd755fab1138,492
configs/phase6/group_b_ambiguous/CREATEORDER_V4_C1_F8_P20_C10_S7000.yaml,3e1d1d3f3877d5f51d5fdc86bf59060ede0e43624ce910fdf85077de9cd11a3d,492
configs/phase6/group_b_ambiguous/CREATEORDER_V4_C1_F8_P20_C10_S7001.yaml,25cff07726a6a800762be6c5efad467942949dbdc6d48a726e1d6be179e4a1c9,492
configs/phase6/group_b_ambiguous/CREATEORDER_V4_C1_F8_P20_C10_S7002.yaml,2e673752c06beb0674b7bbcb449790544c04cc63e0b3f199fa798298be410bdf,492
configs/phase6/group_b_ambiguous/CREATEORDER_V4_C1_F8_P20_C10_S7003.yaml,b5d4be6fe514b23c5416b01c78900a41abe76907ccd59f05f11f13ff34176ff5,492
configs/phase6/group_b_ambiguous/CREATEORDER_V4_C1_F8_P20_C10_S7004.yaml,8c6c3fa51c763fba8f002538e0cf0d9bb18c13f8ee62c641a3c8ec72aa3d77bd,492
configs/phase6/group_b_ambiguous/CREATEORDER_V4_C1_F8_P20_C10_S7005.yaml,5497500a2546ed86bb948222fc0cebaa17c0c1129600d601581e7ae2611f2b00,492
configs/phase6/group_b_ambiguous/CREATEORDER_V4_C1_F8_P20_C10_S7006.yaml,dff83dccf3bf83f7cd94a01cec056f492951046d570eb2fd6e20377be633eb45,492
configs/phase6/group_b_ambiguous/CREATEORDER_V4_C1_F8_P20_C10_S7007.yaml,c824e8eff7ea2864e0ab865e472bfb7bba24cff509399cfd1012b8ef340ceef7,492
configs/phase6/group_b_ambiguous/CREATEORDER_V4_C1_F8_P20_C10_S7008.yaml,fe78dbf4accbf63fd0bb405aa513058e8895a15dd4f3b78b2851c15ab45f7444,492
configs/phase6/group_b_ambiguous/CREATEORDER_V4_C1_F8_P20_C10_S7009.yaml,3f96c3e5978a9ac2e994d9d7dd68bdc78478f66afe1ea42150073fa9f3e1a012,492
configs/phase6/group_b_ambiguous/CREATEORDER_V4_C1_F8_P20_C50_S7000.yaml,ccf12de48daa373dcbc6f456f1701c1fbb3fb80ce762d4cdc06f485294533a72,492
configs/phase6/group_b_ambiguous/CREATEORDER_V4_C1_F8_P20_C50_S7001.yaml,e5c9f93743a2f477ae12635e044951f1c4e020c822ccf047948d2acc6524a28d,492
configs/phase6/group_b_ambiguous/CREATEORDER_V4_C1_F8_P20_C50_S7002.yaml,12b659aecc662fd5b19d2a718a93891116232e6643914434ef3a84cd7810459c,492
configs/phase6/group_b_ambiguous/CREATEORDER_V4_C1_F8_P20_C50_S7003.yaml,1b6ae672ef0cd49fea9b8170818bbd345f06c5a79c9006ce9312afd0104329e1,492
configs/phase6/group_b_ambiguous/CREATEORDER_V4_C1_F8_P20_C50_S7004.yaml,eac12696b99e168424add8626a98bc29d7e250dd330944fc5fe675554635417a,492
configs/phase6/group_b_ambiguous/CREATEORDER_V4_C1_F8_P20_C50_S7005.yaml,5c9bf6ec023fa8ff3e3f84802b256f46b08ac6cacb3000f637ae6b0ffe3968f9,492
configs/phase6/group_b_ambiguous/CREATEORDER_V4_C1_F8_P20_C50_S7006.yaml,23125cab810763113f2a1fab1812167ed19868464f076e639d5ce64b737e184a,492
configs/phase6/group_b_ambiguous/CREATEORDER_V4_C1_F8_P20_C50_S7007.yaml,4de8501eb04480ecebdef76138069b68d24726c22958bcae913e3b847011dfbc,492
configs/phase6/group_b_ambiguous/CREATEORDER_V4_C1_F8_P20_C50_S7008.yaml,962e586ce2f4da7d2e440a9f31c6b15b9367e64297c09b037117a24447c1509b,492
configs/phase6/group_b_ambiguous/CREATEORDER_V4_C1_F8_P20_C50_S7009.yaml,e8b8bc82f6526369da311c0694498d3303546b7b5abc3455271d5f21ea47f746,492
configs/phase6/group_b_ambiguous/CREATEORDER_V4_C1_F8_P5_C10_S7000.yaml,b5aae881ba704500984621fb1e06f0616e4eadb76b0de7279c2e030f0a9db418,492
configs/phase6/group_b_ambiguous/CREATEORDER_V4_C1_F8_P5_C10_S7001.yaml,56e94246f15a593f8c448f4d9b44c2774e7aee36b2f2ba0474cfd6c57863e057,492
configs/phase6/group_b_ambiguous/CREATEORDER_V4_C1_F8_P5_C10_S7002.yaml,bd4cde24ee40a17554cdae2a34b42f5bd005c385944c75ae33d71de5bde44a7f,492
configs/phase6/group_b_ambiguous/CREATEORDER_V4_C1_F8_P5_C10_S7003.yaml,e6bcd4a5597387f22bd2af39542a249fd859a36cceeb336605d953dc67048ffe,492
configs/phase6/group_b_ambiguous/CREATEORDER_V4_C1_F8_P5_C10_S7004.yaml,b80f2bf094b9bcda615bf65e4aae442ea8cfa34e9504933c49a97ce0668ac7e3,492
configs/phase6/group_b_ambiguous/CREATEORDER_V4_C1_F8_P5_C10_S7005.yaml,5f7e52585cb96e221f2abfc8468608aebe0d63b3ffbf81c6cb383f1fbc4a9427,492
configs/phase6/group_b_ambiguous/CREATEORDER_V4_C1_F8_P5_C10_S7006.yaml,16d13b87469a2048ac4daeccca0719e065d4681f98c8529787ee437d92b26846,492
configs/phase6/group_b_ambiguous/CREATEORDER_V4_C1_F8_P5_C10_S7007.yaml,5bee4895b7e0170cd2778c38c827aba02b884236968935eda68b54fdf2198b80,492
configs/phase6/group_b_ambiguous/CREATEORDER_V4_C1_F8_P5_C10_S7008.yaml,26b8e18ebb912714b3eb357a19e2182e0130139d19fd2e0995b87f6a6e901186,492
configs/phase6/group_b_ambiguous/CREATEORDER_V4_C1_F8_P5_C10_S7009.yaml,31ca7a0d98aeb431521f8b35b12231f69c6d98eb9ff3cbfbc3bbc50ea1414fcd,492
configs/phase6/group_b_ambiguous/CREATEORDER_V4_C1_F8_P5_C50_S7000.yaml,d8f7680120dc537839d50557559b9366b42e0e4b1efd9a0c72325cb84caa2979,492
configs/phase6/group_b_ambiguous/CREATEORDER_V4_C1_F8_P5_C50_S7001.yaml,5f3bf4b9601d1652f3e31b4e546b2b2ebd7bc2b55791af1bf9f8235bb7e12edf,492
configs/phase6/group_b_ambiguous/CREATEORDER_V4_C1_F8_P5_C50_S7002.yaml,80e7e99e9d8213ecee1d23d0dd820eab5c4cd572102a7958b676f0e0cfb7cc69,492
configs/phase6/group_b_ambiguous/CREATEORDER_V4_C1_F8_P5_C50_S7003.yaml,38ca08a1398fa267aa2bc8885efcdab43f9d26114d4f500b72a03b1d14d78df0,492
configs/phase6/group_b_ambiguous/CREATEORDER_V4_C1_F8_P5_C50_S7004.yaml,876228dbcfe4af8354ced42539b597a4017c2d9274ce517bb48eac369eea1685,492
configs/phase6/group_b_ambiguous/CREATEORDER_V4_C1_F8_P5_C50_S7005.yaml,2641ba86fa0519456e7acd945c2732b20ce9dfd31cd851a7955a76485da6a01e,492
configs/phase6/group_b_ambiguous/CREATEORDER_V4_C1_F8_P5_C50_S7006.yaml,4c18b60b3718eb8be2c15e7c90e9f53fa82a9fbc8eedf9a20978cde455ecc63e,492
configs/phase6/group_b_ambiguous/CREATEORDER_V4_C1_F8_P5_C50_S7007.yaml,169b011a0e5cf9fdd6f53e775a8fed348933ce9d4fe27d25c9558986cb1a104c,492
configs/phase6/group_b_ambiguous/CREATEORDER_V4_C1_F8_P5_C50_S7008.yaml,81b27b8751d15f28f7ced23c7a450879e1514618824c75eba8a53ab7d98d5446,492
configs/phase6/group_b_ambiguous/CREATEORDER_V4_C1_F8_P5_C50_S7009.yaml,73cadc5c4dc1441ddbeef1097c9e20bb108a39f88a46196ca20b3b8503b48da5,492
configs/phase6/group_b_ambiguous/CREATEORDER_V4_C1_F9_P10_C10_S7000.yaml,8b713d0f6f3b443094a7f39d888bd91b9b6c64e414c5ef082c4eda64e0996f2e,492
configs/phase6/group_b_ambiguous/CREATEORDER_V4_C1_F9_P10_C10_S7001.yaml,3810374f139319f6978fa63237a46714874626b92aec9b4042d2e9a56f369cb0,492
configs/phase6/group_b_ambiguous/CREATEORDER_V4_C1_F9_P10_C10_S7002.yaml,9596f5a9c0eef060c7387e5424d9c193d0d363bc697a9d04d93c9a77a1fe0c51,492
configs/phase6/group_b_ambiguous/CREATEORDER_V4_C1_F9_P10_C10_S7003.yaml,fb83cc46e13c4759c753ccad6bd331770c79bc6309b2f9d01a9e63b31fb13633,492
configs/phase6/group_b_ambiguous/CREATEORDER_V4_C1_F9_P10_C10_S7004.yaml,1da44f892dc0f4ec738dd9e9dc3015346a08c75d566f07c4f6e40841062d30ca,492
configs/phase6/group_b_ambiguous/CREATEORDER_V4_C1_F9_P10_C10_S7005.yaml,34494e3bfe342f5ee2356f317063df636c1efbb56d0e3e3432770783c9bb2a50,492
configs/phase6/group_b_ambiguous/CREATEORDER_V4_C1_F9_P10_C10_S7006.yaml,fc94c580b5ffe118ec2a57e7a5751ed2b030332f10103e3a12f8a6df0bc48d5e,492
configs/phase6/group_b_ambiguous/CREATEORDER_V4_C1_F9_P10_C10_S7007.yaml,05cb6b53092581ccc023d235b56a8e88921845934679b811b6ba3994ff252b32,492
configs/phase6/group_b_ambiguous/CREATEORDER_V4_C1_F9_P10_C10_S7008.yaml,6db3fafaa6dbc5cfb6cd41427405523b2be43d80de81b2fcc8e410ad28abc7bb,492
configs/phase6/group_b_ambiguous/CREATEORDER_V4_C1_F9_P10_C10_S7009.yaml,9e30c581f9a7e7a1e69bdb4f9d6f2ef34c5a4adad9107a08eed7bf265516236c,492
configs/phase6/group_b_ambiguous/CREATEORDER_V4_C1_F9_P10_C50_S7000.yaml,b713de84c08a439808fbe739e747a52c77d813c2454452d1fc3b7e4d0eaf4c23,492
configs/phase6/group_b_ambiguous/CREATEORDER_V4_C1_F9_P10_C50_S7001.yaml,7b7dd27ea916b3d3c9de5bf9f1644057d46ac35d636dd5f9cf43bff4ed235374,492
configs/phase6/group_b_ambiguous/CREATEORDER_V4_C1_F9_P10_C50_S7002.yaml,549d8f2f6d3d16f071f483ff262ba7b7c3b0c65a61fc09bf5ea3d2cb3bd11a12,492
configs/phase6/group_b_ambiguous/CREATEORDER_V4_C1_F9_P10_C50_S7003.yaml,ec6b9611f16dca1f138f4dbc2892f8ac67c59cf4e64403f5897f864645661d03,492
configs/phase6/group_b_ambiguous/CREATEORDER_V4_C1_F9_P10_C50_S7004.yaml,71d353f48431d804a294d490374d99e9c2a2199dd381c0fd816c1a4d96e87ae8,492
configs/phase6/group_b_ambiguous/CREATEORDER_V4_C1_F9_P10_C50_S7005.yaml,594f7ea10ea58c630ea56cecb5e5c76667bc2799e80a4eea888ed1b7764c303d,492
configs/phase6/group_b_ambiguous/CREATEORDER_V4_C1_F9_P10_C50_S7006.yaml,24421168018751bc791cfbf3f7b5f61404907dc6ce413131106e83c1ddf0a146,492
configs/phase6/group_b_ambiguous/CREATEORDER_V4_C1_F9_P10_C50_S7007.yaml,69170c59d4d3ca27a341da23938a33d64a6d3e7998c96ab4d09162d08f253d63,492
configs/phase6/group_b_ambiguous/CREATEORDER_V4_C1_F9_P10_C50_S7008.yaml,a054ffaa8cdba5fd5900bfe9bb6b9cc6642e6a06fc288aadde5479d3d939843c,492
configs/phase6/group_b_ambiguous/CREATEORDER_V4_C1_F9_P10_C50_S7009.yaml,79a6009a1cab86d09338e372249f371c34943d82199fbff43a39c3b2ff4a5251,492
configs/phase6/group_b_ambiguous/CREATEORDER_V4_C1_F9_P1_C10_S7000.yaml,66944833958b136fedbd8a43fb7e24e1602c744a978e7cfe7d6f08eeda234c91,492
configs/phase6/group_b_ambiguous/CREATEORDER_V4_C1_F9_P1_C10_S7001.yaml,0f496a51ca4b31dae2aac96245dc632e7953df3bf596e8e989d5b64b4564845a,492
configs/phase6/group_b_ambiguous/CREATEORDER_V4_C1_F9_P1_C10_S7002.yaml,842d15f40353128d69527d0f73d5ed03e33817651020f6d5b0a96218802e0bca,492
configs/phase6/group_b_ambiguous/CREATEORDER_V4_C1_F9_P1_C10_S7003.yaml,573972c91baa670815fb448fed63749da4919dbf5640fa0216b8dfc8b8b39607,492
configs/phase6/group_b_ambiguous/CREATEORDER_V4_C1_F9_P1_C10_S7004.yaml,02921444f96c474acce08639cced7951cdfa02c44db5d883a5e2368864b48eee,492
configs/phase6/group_b_ambiguous/CREATEORDER_V4_C1_F9_P1_C10_S7005.yaml,48adbc75258214a16835d75288fd14942fe95567033f09e21dcf5abddcad27b5,492
configs/phase6/group_b_ambiguous/CREATEORDER_V4_C1_F9_P1_C10_S7006.yaml,bebdaf87bb9971dc41b447946c58bb15e9b15fe3e45f2e9e22ec58f0ce3df8e9,492
configs/phase6/group_b_ambiguous/CREATEORDER_V4_C1_F9_P1_C10_S7007.yaml,eba8c288bee975042e28d1ea4b2910175d7193694feb355b79e5ca8522c1771a,492
configs/phase6/group_b_ambiguous/CREATEORDER_V4_C1_F9_P1_C10_S7008.yaml,c2971289889fadbb5a57112f7acfd36d8efcad90be7c2d89b3be07ae70ceb567,492
configs/phase6/group_b_ambiguous/CREATEORDER_V4_C1_F9_P1_C10_S7009.yaml,f1401d8f0035b0606b1fd051948ac9f26567d36de519f3130f509866f4509f28,492
configs/phase6/group_b_ambiguous/CREATEORDER_V4_C1_F9_P1_C50_S7000.yaml,3082df61f91335e7760a8bd716d6dca3496d0864d1b59ca7472420141453ec2b,492
configs/phase6/group_b_ambiguous/CREATEORDER_V4_C1_F9_P1_C50_S7001.yaml,d420d4d8fec3b1ada39f3b2295804b8ed93ab7ab3cf9b418a8da60b37401d360,492
configs/phase6/group_b_ambiguous/CREATEORDER_V4_C1_F9_P1_C50_S7002.yaml,bbe1f06505ebed11e452e89e53ab55724147b02fbe17998d32910a323e183c1c,492
configs/phase6/group_b_ambiguous/CREATEORDER_V4_C1_F9_P1_C50_S7003.yaml,6df7b7ae0f3ef8cea4ef1c7b00c1b6c9838608b11a720b726ada090608ea82a2,492
configs/phase6/group_b_ambiguous/CREATEORDER_V4_C1_F9_P1_C50_S7004.yaml,4626f9f62a6e651840d4863f6353acc684b439156f15f2a3690db40c6cf8a934,492
configs/phase6/group_b_ambiguous/CREATEORDER_V4_C1_F9_P1_C50_S7005.yaml,21e5c20f5cf68ef3882369950d53891c545a40f7901fb736b4af973d5ee2bd50,492
configs/phase6/group_b_ambiguous/CREATEORDER_V4_C1_F9_P1_C50_S7006.yaml,75b0b86ba31c49aff2b13bc684fe88b7c1c2631ef452c3a1e1957e3527a8a3e2,492
configs/phase6/group_b_ambiguous/CREATEORDER_V4_C1_F9_P1_C50_S7007.yaml,881ff554c6b12bc9c7650f52ec2c729e0582d218227ebd9412dfd6e98014cda9,492
configs/phase6/group_b_ambiguous/CREATEORDER_V4_C1_F9_P1_C50_S7008.yaml,d105d1923fb5325ee70e150ce797aea3cffe9bcce25a97ef219eff2c66d3bdd6,492
configs/phase6/group_b_ambiguous/CREATEORDER_V4_C1_F9_P1_C50_S7009.yaml,fbf28286ddad6f94e899927842efe99fcdac8e86144b210621086ba73c450411,492
configs/phase6/group_b_ambiguous/CREATEORDER_V4_C1_F9_P20_C10_S7000.yaml,9f1ffd07106cdbf33b8134c83c43f8a879eca2b5d727a98d7c47b2ae467a656b,492
configs/phase6/group_b_ambiguous/CREATEORDER_V4_C1_F9_P20_C10_S7001.yaml,07db3e9cfba427415672240a20bed0e59e35b404b7beda37cfd09846278f07b9,492
configs/phase6/group_b_ambiguous/CREATEORDER_V4_C1_F9_P20_C10_S7002.yaml,7ead12b6e987dcf8a465b824480001e49b6e384db41b311cc5eca2629ba9d691,492
configs/phase6/group_b_ambiguous/CREATEORDER_V4_C1_F9_P20_C10_S7003.yaml,f3807b208ccc45272b14a36855cb755d16cb8115ae7f6680f09de4b8a1ce884f,492
configs/phase6/group_b_ambiguous/CREATEORDER_V4_C1_F9_P20_C10_S7004.yaml,511e740e63f0596f7d666e79fe3020563c388ce312386fa7f1cf81424dc2af8c,492
configs/phase6/group_b_ambiguous/CREATEORDER_V4_C1_F9_P20_C10_S7005.yaml,682b37511c59b454d081a28a17ffb96aa87c9bd9b4eee0ecf29660361274a3eb,492
configs/phase6/group_b_ambiguous/CREATEORDER_V4_C1_F9_P20_C10_S7006.yaml,16bc1aef5e391778128f86fffd56790409aef66aa6aca63036b749a1c2e540f1,492
configs/phase6/group_b_ambiguous/CREATEORDER_V4_C1_F9_P20_C10_S7007.yaml,f1da0c027861cd8b9771fe6ac5393c4ea5341115ef5b2c2641206b8bfa16ebdd,492
configs/phase6/group_b_ambiguous/CREATEORDER_V4_C1_F9_P20_C10_S7008.yaml,6b93f936ad379f2fdfe14cbf8c89d9648a257aa2660d777f56e48f6c23bf2a8b,492
configs/phase6/group_b_ambiguous/CREATEORDER_V4_C1_F9_P20_C10_S7009.yaml,c884a97d618a97fa6ff1b2471923e7148d71ac9ed6f8a29145a020b12cc4dbfa,492
configs/phase6/group_b_ambiguous/CREATEORDER_V4_C1_F9_P20_C50_S7000.yaml,b90d9425a874ab25fbea56db140d80ac6afc3fec696ce1b52555f0181217c06e,492
configs/phase6/group_b_ambiguous/CREATEORDER_V4_C1_F9_P20_C50_S7001.yaml,3cbbe4e12585b6a29456979ff4fcf187099188894200b6122db3c5bc1f0f95f8,492
configs/phase6/group_b_ambiguous/CREATEORDER_V4_C1_F9_P20_C50_S7002.yaml,c25fa8127a0d8af588ad8e6dc19e1d5c005b2341156980ac08a35d2aa000ec32,492
configs/phase6/group_b_ambiguous/CREATEORDER_V4_C1_F9_P20_C50_S7003.yaml,a21a200d1260141a70c0d4c8e4ed3594abf58a75b8b397949dfdf0cc21efce35,492
configs/phase6/group_b_ambiguous/CREATEORDER_V4_C1_F9_P20_C50_S7004.yaml,d8d1d128da1e2ed248ddfc78c69e77e6687ba8b02a803921a813319b4c24ad51,492
configs/phase6/group_b_ambiguous/CREATEORDER_V4_C1_F9_P20_C50_S7005.yaml,4c8dee3642c4d66fe6f7eea756e9f7756d6ecb0630a727c44edba3e132ed88a5,492
configs/phase6/group_b_ambiguous/CREATEORDER_V4_C1_F9_P20_C50_S7006.yaml,b231192b408c2e9552589f4ba64ae0edcffc965b24be5b24edf207d44e10ba25,492
configs/phase6/group_b_ambiguous/CREATEORDER_V4_C1_F9_P20_C50_S7007.yaml,0adda630946b81f96581e176a7aa61ac3107431f035a3bc00beefe3e29e5bc9a,492
configs/phase6/group_b_ambiguous/CREATEORDER_V4_C1_F9_P20_C50_S7008.yaml,1787f3ebf5b9ea2410bd399295fbcef38880ac29030fe8a37f2a75f78aea6988,492
configs/phase6/group_b_ambiguous/CREATEORDER_V4_C1_F9_P20_C50_S7009.yaml,d01318ad7c07896737b4f9db88ce9710f668e02cf413048f5cf8491f43f5ec2c,492
configs/phase6/group_b_ambiguous/CREATEORDER_V4_C1_F9_P5_C10_S7000.yaml,5e9281a3a2ece243ecab2e459f1c77effaff796398f0aad73243748635f38477,492
configs/phase6/group_b_ambiguous/CREATEORDER_V4_C1_F9_P5_C10_S7001.yaml,88931d6663ba9162482e86f0c8679561efe11e904bd2b310c4045de062767bb3,492
configs/phase6/group_b_ambiguous/CREATEORDER_V4_C1_F9_P5_C10_S7002.yaml,6f8bde7582dad29e54b8b3159b8d8222fad975b99de051de3ac17c91d5a2b3d6,492
configs/phase6/group_b_ambiguous/CREATEORDER_V4_C1_F9_P5_C10_S7003.yaml,49dd8304e88319f3efe34f58ffcc10f60180c37e9d48b4b22ed8b712d0492028,492
configs/phase6/group_b_ambiguous/CREATEORDER_V4_C1_F9_P5_C10_S7004.yaml,9aa8556b10563b2eaaa32e13676cd27817abb023e2108766d744e1eef78ae369,492
configs/phase6/group_b_ambiguous/CREATEORDER_V4_C1_F9_P5_C10_S7005.yaml,436d6a4a8e196de1da970cdbf7de5c950285a831e4722c07ad4c9a3ba6a7baa4,492
configs/phase6/group_b_ambiguous/CREATEORDER_V4_C1_F9_P5_C10_S7006.yaml,d5b73e188c8376a216931c7c0c896f2a0bdf6915ae27f772d9a2927c7dad6a69,492
configs/phase6/group_b_ambiguous/CREATEORDER_V4_C1_F9_P5_C10_S7007.yaml,5d68bd41e55bf75026743f2982a2cfc00a440fba1efaf977bea0f08c6f1ca6f8,492
configs/phase6/group_b_ambiguous/CREATEORDER_V4_C1_F9_P5_C10_S7008.yaml,21d0cd5d0dad0228735d48ef679957348fd8ffa21dcda1cabc2bad886c6fc238,492
configs/phase6/group_b_ambiguous/CREATEORDER_V4_C1_F9_P5_C10_S7009.yaml,38578d72e5e571e360efbad87c81c300cf56cc013bfa6d40bb9b87f9f2950b75,492
configs/phase6/group_b_ambiguous/CREATEORDER_V4_C1_F9_P5_C50_S7000.yaml,3e842a4dfdd88edc1f171a0a323ed678a08a36977362b7afba1d583653cdc8d4,492
configs/phase6/group_b_ambiguous/CREATEORDER_V4_C1_F9_P5_C50_S7001.yaml,1d8aaba25b9238e70d7cd617f74e359dded23509e2ebda1bb4fa019018a16985,492
configs/phase6/group_b_ambiguous/CREATEORDER_V4_C1_F9_P5_C50_S7002.yaml,17824908a83781c00ed8c20278e0cc00b1c00b4785bc8a4f0066923f302c432c,492
configs/phase6/group_b_ambiguous/CREATEORDER_V4_C1_F9_P5_C50_S7003.yaml,0f674baf031e0c450efc226f8dee84b0b289c89a0a6a0d07a8f37073b7fc3188,492
configs/phase6/group_b_ambiguous/CREATEORDER_V4_C1_F9_P5_C50_S7004.yaml,28648c030e1a5bbe7d5d150054e1beacf0ae0c7cbd6519478e80e6ee22bb311b,492
configs/phase6/group_b_ambiguous/CREATEORDER_V4_C1_F9_P5_C50_S7005.yaml,5b2364b38562f9a211ebd6728bd323b2e2a052bb599428fe00edd02d04f4e2f0,492
configs/phase6/group_b_ambiguous/CREATEORDER_V4_C1_F9_P5_C50_S7006.yaml,c5f9d9600eca095b9b89dcda678325eb23c9458bd58772b55418d93d991dadb8,492
configs/phase6/group_b_ambiguous/CREATEORDER_V4_C1_F9_P5_C50_S7007.yaml,8b49046e99b95abf33954ce89ffd255326338819bef2ec52bf8020624e9bddf5,492
configs/phase6/group_b_ambiguous/CREATEORDER_V4_C1_F9_P5_C50_S7008.yaml,031183568df7598524617bcfe80f4abdd005412a3142b0966853cf92ec0bbdcd,492
configs/phase6/group_b_ambiguous/CREATEORDER_V4_C1_F9_P5_C50_S7009.yaml,d72a2cd218b7d982eb00c0f86c27a4a36abe9f44d2562c5e18b1ca4e119cd2c8,492
configs/phase6/group_b_ambiguous/CREATEORDER_V5_C2_F3_P10_C10_S7000.yaml,c380c3131a03d4a124b7edf81138cba0dcba11afcc1fdb294f3cf61523573b93,492
configs/phase6/group_b_ambiguous/CREATEORDER_V5_C2_F3_P10_C10_S7001.yaml,ab73496755e9b43eadde7097cdcb2343d8d110e0942369a67e69df128d87d705,492
configs/phase6/group_b_ambiguous/CREATEORDER_V5_C2_F3_P10_C10_S7002.yaml,add513be4a2f56ab7227d5b6cb8f9ed96eb8fbac487c892a9df681ef22cee0c3,492
configs/phase6/group_b_ambiguous/CREATEORDER_V5_C2_F3_P10_C10_S7003.yaml,acb1c86ac15e1b77375d58b850c01672431d5ca852851d1ae2dcf999ae39d4dc,492
configs/phase6/group_b_ambiguous/CREATEORDER_V5_C2_F3_P10_C10_S7004.yaml,c528b52be5dd80feea648bfbdc29c0133df52a6c04c15b5ac889eb33b3ecc74c,492
configs/phase6/group_b_ambiguous/CREATEORDER_V5_C2_F3_P10_C10_S7005.yaml,e872a859022925dd35a73adb1bb4f2d60ca39145b773ee98f257bea45df71dd2,492
configs/phase6/group_b_ambiguous/CREATEORDER_V5_C2_F3_P10_C10_S7006.yaml,5113600a51a45061728154f25f0f582b5973f3d29883cce3463b45e07c3d666b,492
configs/phase6/group_b_ambiguous/CREATEORDER_V5_C2_F3_P10_C10_S7007.yaml,10e50791d2ea4cbc3dbc6364a45707a2f09a285b6bcf2848789a6ea8540fef99,492
configs/phase6/group_b_ambiguous/CREATEORDER_V5_C2_F3_P10_C10_S7008.yaml,d9bb93e92f2f756c48104a3fdc495ca9d7f93725e1aee3560d86130687307fae,492
configs/phase6/group_b_ambiguous/CREATEORDER_V5_C2_F3_P10_C10_S7009.yaml,6c53830d09a36295edca6cede9286868b4c08e18c7c8d66afcc90640b9db1028,492
configs/phase6/group_b_ambiguous/CREATEORDER_V5_C2_F3_P10_C50_S7000.yaml,ea1d6f0751fab4b2e48eaa179723c801384a914f1c2e37217bd4c85070c91d07,492
configs/phase6/group_b_ambiguous/CREATEORDER_V5_C2_F3_P10_C50_S7001.yaml,b69d963eb83b00856b23e9c0e82e8d6a57281410193b382d80f1b93df6e31d89,492
configs/phase6/group_b_ambiguous/CREATEORDER_V5_C2_F3_P10_C50_S7002.yaml,d7a82fa16922db089b312eebf7998dbbba98c41d76b0db7df2428cc8ed2a15f3,492
configs/phase6/group_b_ambiguous/CREATEORDER_V5_C2_F3_P10_C50_S7003.yaml,0b598942e03437d6b7caba729c1023f27a30b24828b98c9f05b58f91a7f8414c,492
configs/phase6/group_b_ambiguous/CREATEORDER_V5_C2_F3_P10_C50_S7004.yaml,4352baa93a03216175fbb282bc1e709d28b260322f52876cbb221c288da1d1cd,492
configs/phase6/group_b_ambiguous/CREATEORDER_V5_C2_F3_P10_C50_S7005.yaml,d7b0ad469923e39db79f5a171ae024bd56184f8a8ab5a43b43a5de73573eea04,492
configs/phase6/group_b_ambiguous/CREATEORDER_V5_C2_F3_P10_C50_S7006.yaml,2c5ed1431aea66801364dc93054f3b45039660d01b8ab94f9981f4b94dd50db7,492
configs/phase6/group_b_ambiguous/CREATEORDER_V5_C2_F3_P10_C50_S7007.yaml,557f8d5b05b62e922f563cdc304351cd34c65a9d826525555e89ed1e8b9e1e0e,492
configs/phase6/group_b_ambiguous/CREATEORDER_V5_C2_F3_P10_C50_S7008.yaml,88101ad911410652a074dca0471678eceb0b7e93a10e2aa87edc5f79c56493bc,492
configs/phase6/group_b_ambiguous/CREATEORDER_V5_C2_F3_P10_C50_S7009.yaml,1a2b063454129f555133cfc4d65e498f4f3708340fccf356fe8c1b5ca6bba0a8,492
configs/phase6/group_b_ambiguous/CREATEORDER_V5_C2_F3_P1_C10_S7000.yaml,148a58818d2fc90c103969ada59233b6f7fefaf46aaf9ec2140d4e80d936c537,492
configs/phase6/group_b_ambiguous/CREATEORDER_V5_C2_F3_P1_C10_S7001.yaml,bafd874e6c3d65a7a6ae3a59bc7fd4e7d61db87d300942641d0d5ef4db11f8c3,492
configs/phase6/group_b_ambiguous/CREATEORDER_V5_C2_F3_P1_C10_S7002.yaml,081e64803e6ea00d50d2709d400e02cd8ced1fce733b18f083e7727e80b17e09,492
configs/phase6/group_b_ambiguous/CREATEORDER_V5_C2_F3_P1_C10_S7003.yaml,4934d214b82e21a09dcc132bbc8adfe1562bd9a3856d305d3b83ee863cbc002c,492
configs/phase6/group_b_ambiguous/CREATEORDER_V5_C2_F3_P1_C10_S7004.yaml,d89458683228ae3aa66e57f71830878da523dddf9adee58ff3fe392c9bdf535a,492
configs/phase6/group_b_ambiguous/CREATEORDER_V5_C2_F3_P1_C10_S7005.yaml,364bee4263f852bb87d9ee72daf76690c03d7c401c6627dc4a4d98766a954ee0,492
configs/phase6/group_b_ambiguous/CREATEORDER_V5_C2_F3_P1_C10_S7006.yaml,b530df06342e868266b59bf4bfb5c1349d0a8fcdecebee9ab95a502d2935de8f,492
configs/phase6/group_b_ambiguous/CREATEORDER_V5_C2_F3_P1_C10_S7007.yaml,629ad01f573e002f27a9500cf8194e4bd29f19811d32ee95e55d02373621d57e,492
configs/phase6/group_b_ambiguous/CREATEORDER_V5_C2_F3_P1_C10_S7008.yaml,c23c28308e2a12e8eaf6e686badf6a6d639e420209fc5dabaa08997f59abc17f,492
configs/phase6/group_b_ambiguous/CREATEORDER_V5_C2_F3_P1_C10_S7009.yaml,f4b58fbd9ecce67c92a198c75093fc16f453b56184120a2769490fce47e91b57,492
configs/phase6/group_b_ambiguous/CREATEORDER_V5_C2_F3_P1_C50_S7000.yaml,30dce38993637f58c7c5404e0e519141694afe42206fe4b5b897af1759b82e9c,492
configs/phase6/group_b_ambiguous/CREATEORDER_V5_C2_F3_P1_C50_S7001.yaml,54df2857d33060204c4f877de61f4cb19a14848f4fbbf3e30b302782c085a826,492
configs/phase6/group_b_ambiguous/CREATEORDER_V5_C2_F3_P1_C50_S7002.yaml,b092f6bcae4f9ec22b8fb2654195e3799452e6dc83d7a376f71915dcae539fd7,492
configs/phase6/group_b_ambiguous/CREATEORDER_V5_C2_F3_P1_C50_S7003.yaml,33386cadb1fb8ae617c8e7e684ed53a159e578b6dd266bec8ee7b4e9a90be666,492
configs/phase6/group_b_ambiguous/CREATEORDER_V5_C2_F3_P1_C50_S7004.yaml,6c4d291c1698b13e4573acf5f1e0861842ca3283f92b7ab10665e3a6e8b2bacc,492
configs/phase6/group_b_ambiguous/CREATEORDER_V5_C2_F3_P1_C50_S7005.yaml,e364338672ba877cf07aa37f7b126cb71aa89fc4b1c0087efb9d13978802a5b5,492
configs/phase6/group_b_ambiguous/CREATEORDER_V5_C2_F3_P1_C50_S7006.yaml,48d0bc758a9034241775c3ddc2fd8a3c4db8a3d4648c3e74ae95ff4c1295d9ec,492
configs/phase6/group_b_ambiguous/CREATEORDER_V5_C2_F3_P1_C50_S7007.yaml,766654255906e9dc40a94ebb4b89f31a0f69c67ad9d411debcc3b09eac8da9bf,492
configs/phase6/group_b_ambiguous/CREATEORDER_V5_C2_F3_P1_C50_S7008.yaml,123229336e95bd01e53f77347113d89c02e719b1be573ff7d9b70c5ee81fcfbf,492
configs/phase6/group_b_ambiguous/CREATEORDER_V5_C2_F3_P1_C50_S7009.yaml,186df5134befd81253c54cd8b602123f6059f2a9af701387b127af6e65aa1ecc,492
configs/phase6/group_b_ambiguous/CREATEORDER_V5_C2_F3_P20_C10_S7000.yaml,f9c22f5320d054e5873e4df5dcc05e227f53e9eb25421a2e7810405b5c253bc5,492
configs/phase6/group_b_ambiguous/CREATEORDER_V5_C2_F3_P20_C10_S7001.yaml,fac2161a925dc78c424d4455c5f84c1964f9d6c002fb83a97623ab14958ae3ed,492
configs/phase6/group_b_ambiguous/CREATEORDER_V5_C2_F3_P20_C10_S7002.yaml,146af486c6bfa739b860226916a6ed508e21caa22705af6e6f891ecdea4383bf,492
configs/phase6/group_b_ambiguous/CREATEORDER_V5_C2_F3_P20_C10_S7003.yaml,ca4cd8536644d4169c086f74787f0d6d4e8f1b1305961dd1c220d829290d085f,492
configs/phase6/group_b_ambiguous/CREATEORDER_V5_C2_F3_P20_C10_S7004.yaml,92588937cbd62514008a91842761d02255afbbfa6473b5aa6d234dc9a261c627,492
configs/phase6/group_b_ambiguous/CREATEORDER_V5_C2_F3_P20_C10_S7005.yaml,a42d232a26a0485dd46a120f6631c960879d5a2e6ea1b78b7fc1ff3e62395bba,492
configs/phase6/group_b_ambiguous/CREATEORDER_V5_C2_F3_P20_C10_S7006.yaml,1a0b6499674a994179c0306c24bfa018a6ec3c2e3f73cf76f9ba73966b238a10,492
configs/phase6/group_b_ambiguous/CREATEORDER_V5_C2_F3_P20_C10_S7007.yaml,ba24caa8f7debd35ee65b6de4d3a985654110e23a40412fba5cee5e640638b6d,492
configs/phase6/group_b_ambiguous/CREATEORDER_V5_C2_F3_P20_C10_S7008.yaml,3ba45371bb173f8c7caa51ae0271002936b5163c03f377971b8e02e0fca157c7,492
configs/phase6/group_b_ambiguous/CREATEORDER_V5_C2_F3_P20_C10_S7009.yaml,9f9e76ab3efe3c37891f5c2c1155e1269c98883976bee6394ca0dc3b24bc15fc,492
configs/phase6/group_b_ambiguous/CREATEORDER_V5_C2_F3_P20_C50_S7000.yaml,05003144671691ff90eba46aeb42b25bf44454f20aec742fe3b126f9ecd4e7fb,492
configs/phase6/group_b_ambiguous/CREATEORDER_V5_C2_F3_P20_C50_S7001.yaml,46e1ff4313c856181e0830ebf92a08983043e099690123443ee8d5951147fec0,492
configs/phase6/group_b_ambiguous/CREATEORDER_V5_C2_F3_P20_C50_S7002.yaml,b2651137814cd00dc240e1b7593c00baec2952b8cbcc2a858eee2b881ad67ae0,492
configs/phase6/group_b_ambiguous/CREATEORDER_V5_C2_F3_P20_C50_S7003.yaml,4e4256f4d079bef230f4f5af8699076be756aa6cd2d45cd0709d96a8eb5990f2,492
configs/phase6/group_b_ambiguous/CREATEORDER_V5_C2_F3_P20_C50_S7004.yaml,6ba60ae2b105d87dff076cec1d96bcc175edec6366489bb86db6c2209c152c51,492
configs/phase6/group_b_ambiguous/CREATEORDER_V5_C2_F3_P20_C50_S7005.yaml,757704b9ba76d762e351fbc284f0cd553b6a38988d619ea773e1e725588df698,492
configs/phase6/group_b_ambiguous/CREATEORDER_V5_C2_F3_P20_C50_S7006.yaml,ca8833e161144b98e384a374d50061050c15880159e1b65547811b9d3abdc140,492
configs/phase6/group_b_ambiguous/CREATEORDER_V5_C2_F3_P20_C50_S7007.yaml,609328d3f0d3c91ecc1bd5414863dc855a8ef37d9016e6a7ada37c84fca8b1ff,492
configs/phase6/group_b_ambiguous/CREATEORDER_V5_C2_F3_P20_C50_S7008.yaml,ca44ea7f78cd7f245b3b6d4242717b886f8f64433011df92bd45a9bdf9e0c86e,492
configs/phase6/group_b_ambiguous/CREATEORDER_V5_C2_F3_P20_C50_S7009.yaml,edb93531d9ab6e75cb9202f2b2eb1fc32ee01660faff8748491b6dbc7a93a88b,492
configs/phase6/group_b_ambiguous/CREATEORDER_V5_C2_F3_P5_C10_S7000.yaml,cf81b6102dcd6954d55fc727b5bcf699660e3b3766c333dd4c813c97c373e1a2,492
configs/phase6/group_b_ambiguous/CREATEORDER_V5_C2_F3_P5_C10_S7001.yaml,831fcb92cb9d2efa69ee9fd781234e816f97109bb7c6e82a8901e821faf7e452,492
configs/phase6/group_b_ambiguous/CREATEORDER_V5_C2_F3_P5_C10_S7002.yaml,fb52ebe20fbadc6d67410288b02b8ccc6a423e75e7c73070ca03b8e22e3336a3,492
configs/phase6/group_b_ambiguous/CREATEORDER_V5_C2_F3_P5_C10_S7003.yaml,4809fc2e783bfa44b727ceb2602119792892dcb5ea0592b7d91b01e930af4f46,492
configs/phase6/group_b_ambiguous/CREATEORDER_V5_C2_F3_P5_C10_S7004.yaml,862b56140a453cba841da287e559e8840393cac3ba46544b69d076875fc184d4,492
configs/phase6/group_b_ambiguous/CREATEORDER_V5_C2_F3_P5_C10_S7005.yaml,688d405bc03e24f5b8b2a4cbba9e48f868b2f284f1226f3cf3a5ca8f82396d4c,492
configs/phase6/group_b_ambiguous/CREATEORDER_V5_C2_F3_P5_C10_S7006.yaml,6f4ae9537b518b4ac03087798dd6cd6ecb9869fe3ac74e291c683266e2d2a4e8,492
configs/phase6/group_b_ambiguous/CREATEORDER_V5_C2_F3_P5_C10_S7007.yaml,970174927a88887088c08d722c140f62c921b842174a28eddf20574d5a3af12d,492
configs/phase6/group_b_ambiguous/CREATEORDER_V5_C2_F3_P5_C10_S7008.yaml,7ebf4665032ef1a86b2a02bc030dc9b9c717387384f84aaa807b370fcaf52f4f,492
configs/phase6/group_b_ambiguous/CREATEORDER_V5_C2_F3_P5_C10_S7009.yaml,69112b48fc033752e3f04bc6f190417d551d06f55ee451055fe7cb7ab7e18131,492
configs/phase6/group_b_ambiguous/CREATEORDER_V5_C2_F3_P5_C50_S7000.yaml,64583185b2d8ac7d61654c9961f7614810fd5ed428702e6868aaded2b174ca4d,492
configs/phase6/group_b_ambiguous/CREATEORDER_V5_C2_F3_P5_C50_S7001.yaml,e08a030fb608c48a1cc912a4c040769ea53a9f837827c2dbd3a64a685f1560a4,492
configs/phase6/group_b_ambiguous/CREATEORDER_V5_C2_F3_P5_C50_S7002.yaml,0949dcfdede4b5b320ffbfc590b7f165405d36dbdd20d3e34c02cafdab34cefb,492
configs/phase6/group_b_ambiguous/CREATEORDER_V5_C2_F3_P5_C50_S7003.yaml,9d3253797173f1312e622ba6234e2289919ae632b5177e7cc86c935fc35d5e7c,492
configs/phase6/group_b_ambiguous/CREATEORDER_V5_C2_F3_P5_C50_S7004.yaml,92dc94a1d8b665576bb73ec0ba25020b4494cb72e7528be60e9190135e2ecee8,492
configs/phase6/group_b_ambiguous/CREATEORDER_V5_C2_F3_P5_C50_S7005.yaml,aabad446c6f63f8f7efd048b5a0109bad0e725dd7d812429fe86c22a342a9dc0,492
configs/phase6/group_b_ambiguous/CREATEORDER_V5_C2_F3_P5_C50_S7006.yaml,26b092a366f3288a7ea671f9ac35ef0a2dc2cf062e5201a70e81411c211ffebd,492
configs/phase6/group_b_ambiguous/CREATEORDER_V5_C2_F3_P5_C50_S7007.yaml,330473c7bfc554e6b664cad24bb3f1e11f37ea5bd72f3c81725fa497c81a58b4,492
configs/phase6/group_b_ambiguous/CREATEORDER_V5_C2_F3_P5_C50_S7008.yaml,bf1f1c45003d9aabf0e15f028447ca2fcb2e7abc24ddf4ef1d522be14d1f6916,492
configs/phase6/group_b_ambiguous/CREATEORDER_V5_C2_F3_P5_C50_S7009.yaml,ab21a3eb8c19c8efa2d29ae6f70282ffe514bc43398ead938f8df32c6ee90a31,492
configs/phase6/group_b_ambiguous/CREATEORDER_V5_C2_F4_P10_C10_S7000.yaml,243947e866f8f438ea9034f931b2dd421ca20b083b89c3b0e3d05ba2daf86ba8,492
configs/phase6/group_b_ambiguous/CREATEORDER_V5_C2_F4_P10_C10_S7001.yaml,9965b5321384024ec96de7ae27cde424d1dc683203d8a2be1101051b2a6b5973,492
configs/phase6/group_b_ambiguous/CREATEORDER_V5_C2_F4_P10_C10_S7002.yaml,5de2ce90175f2d97b97f76594bb144d5609d2d44c08ddee15e86ea1c138d72fc,492
configs/phase6/group_b_ambiguous/CREATEORDER_V5_C2_F4_P10_C10_S7003.yaml,5a96e496b971a00db0f31d238b7ec1bdaacc3d3760b578602cb7efde6346cf4c,492
configs/phase6/group_b_ambiguous/CREATEORDER_V5_C2_F4_P10_C10_S7004.yaml,f77b28a910b4364b5ccdb1f4a2e6cad15d2370469f5f4bf43a0b3be4df5cc647,492
configs/phase6/group_b_ambiguous/CREATEORDER_V5_C2_F4_P10_C10_S7005.yaml,d62799c151aa6ef1658bf225d5a30bd6c367767e8428c6a587b4222cb3505bda,492
configs/phase6/group_b_ambiguous/CREATEORDER_V5_C2_F4_P10_C10_S7006.yaml,2dab81283e38e7555a56f286c509c04cb47b10f9d7d8a71b6da4328c7d8edfc5,492
configs/phase6/group_b_ambiguous/CREATEORDER_V5_C2_F4_P10_C10_S7007.yaml,60a1b4fe563e89d25fc359d917c2c240acc164cf9da06f322f0c272015f2c45c,492
configs/phase6/group_b_ambiguous/CREATEORDER_V5_C2_F4_P10_C10_S7008.yaml,afc164cc294b91336cc90e437ab6937de42dcd03f6b5a1be78c1f3422f5087e7,492
configs/phase6/group_b_ambiguous/CREATEORDER_V5_C2_F4_P10_C10_S7009.yaml,f09dac9274fe111ecc2fef29af142b3600dc6e2e963012abaee7c9e26fe0ef74,492
configs/phase6/group_b_ambiguous/CREATEORDER_V5_C2_F4_P10_C50_S7000.yaml,ce4fc3e9608398c4698f8313d4a42138b81c0e7edf7fa9d624904dab58917055,492
configs/phase6/group_b_ambiguous/CREATEORDER_V5_C2_F4_P10_C50_S7001.yaml,dc3b19914257210e14f9036f2a81b51f2aa0bbb2d8fde4d74d37528d667d2cb8,492
configs/phase6/group_b_ambiguous/CREATEORDER_V5_C2_F4_P10_C50_S7002.yaml,d80c5c42d93d9bf5ecd33caebf0ccdca8fdf9842a57c3579f4efeb89f9c0e429,492
configs/phase6/group_b_ambiguous/CREATEORDER_V5_C2_F4_P10_C50_S7003.yaml,801f0e5be1c31bf408b1a1b7c7ab6f9cd2366ac10cecd5672c36177ea8242e69,492
configs/phase6/group_b_ambiguous/CREATEORDER_V5_C2_F4_P10_C50_S7004.yaml,f379a980b69e039d68ce2fb3559e3fd2770ad43c8efa11be40c133faafe26fe1,492
configs/phase6/group_b_ambiguous/CREATEORDER_V5_C2_F4_P10_C50_S7005.yaml,3f46445f795ef60367c97f39e4c3e46ff2491d67661f455f38dcde3de937a6db,492
configs/phase6/group_b_ambiguous/CREATEORDER_V5_C2_F4_P10_C50_S7006.yaml,b3615c52c7ed139396c4c58a0e4148ac8ae20b3a20dbbf30cdc6c88590c98f90,492
configs/phase6/group_b_ambiguous/CREATEORDER_V5_C2_F4_P10_C50_S7007.yaml,788b350b2318854925a31ef7ce12353c0f48760c193015d5ae1c353a5e70aebd,492
configs/phase6/group_b_ambiguous/CREATEORDER_V5_C2_F4_P10_C50_S7008.yaml,e11069fa9a7b22013f6c29267642c9e67f448a800b75a288dcb0218220a67a0f,492
configs/phase6/group_b_ambiguous/CREATEORDER_V5_C2_F4_P10_C50_S7009.yaml,8561cf37e04c442bfa38078cb3b38506eea5352fb207ba3f757b18d4f93227f0,492
configs/phase6/group_b_ambiguous/CREATEORDER_V5_C2_F4_P1_C10_S7000.yaml,426bb292ac236f364637bd8fdef75deafd6f8651534059ebb3b9c46582c80784,492
configs/phase6/group_b_ambiguous/CREATEORDER_V5_C2_F4_P1_C10_S7001.yaml,e12ef68a1de16d2b048ab08bbbdea91461a1ba28da4307fef6797b600d671a09,492
configs/phase6/group_b_ambiguous/CREATEORDER_V5_C2_F4_P1_C10_S7002.yaml,a3113d32f05af9cf5919c524eb34b6793403ac7ef23d066102b32a4636ad6603,492
configs/phase6/group_b_ambiguous/CREATEORDER_V5_C2_F4_P1_C10_S7003.yaml,d89738a7bc4279ce47df03540d646b9caeb3af45e86e7578b148e88606dfb3f5,492
configs/phase6/group_b_ambiguous/CREATEORDER_V5_C2_F4_P1_C10_S7004.yaml,305b4a573764fc7f3abacc13e40cbee629e7ebdae07c836b845934f8bb844006,492
configs/phase6/group_b_ambiguous/CREATEORDER_V5_C2_F4_P1_C10_S7005.yaml,501fae3bb78e1a7e2174858154f6900a5450a568b1cd2b4d62157a6acabc7616,492
configs/phase6/group_b_ambiguous/CREATEORDER_V5_C2_F4_P1_C10_S7006.yaml,33da57f8c4d3c70bc1a835b91165ac22a6ecfba191f84f1ce2990ab2ac4e5aae,492
configs/phase6/group_b_ambiguous/CREATEORDER_V5_C2_F4_P1_C10_S7007.yaml,bd81f1068c3326998baaf28150a597d763ad992095218540ff3f7cfa98f536eb,492
configs/phase6/group_b_ambiguous/CREATEORDER_V5_C2_F4_P1_C10_S7008.yaml,01f41a801c1e1b65f34264e77eefc988249433ea666f15c77d85efecf5bebeda,492
configs/phase6/group_b_ambiguous/CREATEORDER_V5_C2_F4_P1_C10_S7009.yaml,82ad347a537f2f9190660540aa8d6717c4befeb1271bf7d84f8234ec5510d95a,492
configs/phase6/group_b_ambiguous/CREATEORDER_V5_C2_F4_P1_C50_S7000.yaml,b37d7509981545d6299e9a94b65f60aacfbcf06364fea43b5f5f60e49b83b545,492
configs/phase6/group_b_ambiguous/CREATEORDER_V5_C2_F4_P1_C50_S7001.yaml,d3cfd29838b1f51a76df8926341837169cd52634c7b686656973a42552ed61d7,492
configs/phase6/group_b_ambiguous/CREATEORDER_V5_C2_F4_P1_C50_S7002.yaml,5f36fccf8953446b51afba89b11a09291a3c4723fad5c0f9cff788533ac78283,492
configs/phase6/group_b_ambiguous/CREATEORDER_V5_C2_F4_P1_C50_S7003.yaml,381b06ef3760801222fe8109f6115fbb96f15605f143e96799f67621aa85247b,492
configs/phase6/group_b_ambiguous/CREATEORDER_V5_C2_F4_P1_C50_S7004.yaml,5af5d414f318a0e61002dba047a084e872a822f1196b8c1a720e0e9e40254090,492
configs/phase6/group_b_ambiguous/CREATEORDER_V5_C2_F4_P1_C50_S7005.yaml,10c2365281b57c83db0c2110a663a8496c3c767c309390cb0a1111071cbee051,492
configs/phase6/group_b_ambiguous/CREATEORDER_V5_C2_F4_P1_C50_S7006.yaml,27eb673406a9120e44bae6721b5c7866a48788eaf58ad57cdfa6ebc0b847567b,492
configs/phase6/group_b_ambiguous/CREATEORDER_V5_C2_F4_P1_C50_S7007.yaml,aaf05a3cb034e1469dd5f4ad0ee8138d2338f9109b55bf6c3c79ecf7e8cc4e51,492
configs/phase6/group_b_ambiguous/CREATEORDER_V5_C2_F4_P1_C50_S7008.yaml,5edd2ff7dd63dc19e00d076a2b7e353a13c1c6f5cee18c3bb65f71f42397a694,492
configs/phase6/group_b_ambiguous/CREATEORDER_V5_C2_F4_P1_C50_S7009.yaml,2ee9ef7b80f8823cf13e5203fed31b27f127b98d19b4a57e82a218016f8fa782,492
configs/phase6/group_b_ambiguous/CREATEORDER_V5_C2_F4_P20_C10_S7000.yaml,40333805ef78814be9a7b218c3928a2a81d7b79ca639bbc88f4862bfd0c28eb2,492
configs/phase6/group_b_ambiguous/CREATEORDER_V5_C2_F4_P20_C10_S7001.yaml,d01a8bf8f77612439cc71495dbce295322880b6239eea255a0da4112ddaf5179,492
configs/phase6/group_b_ambiguous/CREATEORDER_V5_C2_F4_P20_C10_S7002.yaml,fe1863b70870ffe005244bc38bcfbe6ac97a7a430cd6fb859fdc5a79b5bc1d66,492
configs/phase6/group_b_ambiguous/CREATEORDER_V5_C2_F4_P20_C10_S7003.yaml,ccb1e464d09772aa67d0944049cbe1058c23d60643c07ab6ac5d8fc6dd79ad62,492
configs/phase6/group_b_ambiguous/CREATEORDER_V5_C2_F4_P20_C10_S7004.yaml,fa1d4485b804fbc9e56a65d07cd3f8a5b1eb61850525a8d0656b8699dd47acb5,492
configs/phase6/group_b_ambiguous/CREATEORDER_V5_C2_F4_P20_C10_S7005.yaml,1494b8f129c4c80dd2d519c784ce7b3a8b8aabced760f175db1da19e4ca8e1f9,492
configs/phase6/group_b_ambiguous/CREATEORDER_V5_C2_F4_P20_C10_S7006.yaml,92b83de46783bec85023f565a3cc3f1f2c3b334f3d3a4b7c3e3ffa11f088230a,492
configs/phase6/group_b_ambiguous/CREATEORDER_V5_C2_F4_P20_C10_S7007.yaml,35400ae21a66fbbcfa7c798e8697be617627dabd8f74e72efeee00f3cba26067,492
configs/phase6/group_b_ambiguous/CREATEORDER_V5_C2_F4_P20_C10_S7008.yaml,b7e44ddca01d9121090099968975023b9f78217c3bb96402a6193a957bd31fbb,492
configs/phase6/group_b_ambiguous/CREATEORDER_V5_C2_F4_P20_C10_S7009.yaml,ef7da89d9b0bc774ad0182d6f0fd0fed6c91257ae6635ad5aa2badb8945c24e9,492
configs/phase6/group_b_ambiguous/CREATEORDER_V5_C2_F4_P20_C50_S7000.yaml,f6cd2170e949f5176563325de22e0d913cc1d7fe4251b3f80fe54d0256fde8a3,492
configs/phase6/group_b_ambiguous/CREATEORDER_V5_C2_F4_P20_C50_S7001.yaml,9120d0bf9683f04e9b7f63251559afae7bcbd7f61f37dbdb82f9605960d12a79,492
configs/phase6/group_b_ambiguous/CREATEORDER_V5_C2_F4_P20_C50_S7002.yaml,18dcfd538633c33aaeaa93d587f25c02efee5726cd189ce5060d70de7cd8c078,492
configs/phase6/group_b_ambiguous/CREATEORDER_V5_C2_F4_P20_C50_S7003.yaml,3e90e477a251cfed5000d7996c014334405217f7c98915c9dc1a0b10e5f2894b,492
configs/phase6/group_b_ambiguous/CREATEORDER_V5_C2_F4_P20_C50_S7004.yaml,8a5d65c087c262616f7ebc8f91aba1ebf74e310af81bd2f837ede8685ddb0091,492
configs/phase6/group_b_ambiguous/CREATEORDER_V5_C2_F4_P20_C50_S7005.yaml,fcc5965fb71091009f056216ec7cde617522f5830d1077551d111fcc6bae59c1,492
configs/phase6/group_b_ambiguous/CREATEORDER_V5_C2_F4_P20_C50_S7006.yaml,809953cd6a166c1a09cdaf5563c7c6de6374f0567db6c4233b0c473d3a126455,492
configs/phase6/group_b_ambiguous/CREATEORDER_V5_C2_F4_P20_C50_S7007.yaml,0a34767c35046660ba6290ad29d09848e68cf61d721955ef5f1c3d905a45ca46,492
configs/phase6/group_b_ambiguous/CREATEORDER_V5_C2_F4_P20_C50_S7008.yaml,e17f0cdc0f12293c1695b3b5fc38162a4ba43f4a17a091584799856a63d25c56,492
configs/phase6/group_b_ambiguous/CREATEORDER_V5_C2_F4_P20_C50_S7009.yaml,384a93e15ec8d532a13886d702bde0287b4d7b5b47bae52db8746c9a57649133,492
configs/phase6/group_b_ambiguous/CREATEORDER_V5_C2_F4_P5_C10_S7000.yaml,b31542263cdaa059cafa84ffda5d86be8f216ec1d1501f828765d7d2cb4d7887,492
configs/phase6/group_b_ambiguous/CREATEORDER_V5_C2_F4_P5_C10_S7001.yaml,0d5058efb440213d06c9b194c26547aa526e6ea9710d83ec4985feebe31ba143,492
configs/phase6/group_b_ambiguous/CREATEORDER_V5_C2_F4_P5_C10_S7002.yaml,94f20cc2ba2ea024bb9be1ee073501ef0bed63782ae86a7daf2644cb89a21f30,492
configs/phase6/group_b_ambiguous/CREATEORDER_V5_C2_F4_P5_C10_S7003.yaml,2db5f9b5d27054e70600dc866896594860528f6c79d4be8d9fb231bccb69ff3b,492
configs/phase6/group_b_ambiguous/CREATEORDER_V5_C2_F4_P5_C10_S7004.yaml,67540df2dc279168a1affcfa044f3dbee175a7953483d88313858630d98ddc87,492
configs/phase6/group_b_ambiguous/CREATEORDER_V5_C2_F4_P5_C10_S7005.yaml,cf7d6a03cbe572e766940799ecfea6fffc3389f5916d9198568761cdb40fd597,492
configs/phase6/group_b_ambiguous/CREATEORDER_V5_C2_F4_P5_C10_S7006.yaml,ebf20d464e46b0034e38d8bc53c3fa583880582f349b4306683030f79cb13817,492
configs/phase6/group_b_ambiguous/CREATEORDER_V5_C2_F4_P5_C10_S7007.yaml,c7daf06dafc2ffae6090fe4c3ebc673b34fba46087799f902ba6f1568f3cd7a5,492
configs/phase6/group_b_ambiguous/CREATEORDER_V5_C2_F4_P5_C10_S7008.yaml,47f7697eb03359ae509cdd338b5566cc83f5868b74c395156e36756526d3e36a,492
configs/phase6/group_b_ambiguous/CREATEORDER_V5_C2_F4_P5_C10_S7009.yaml,94b5a4cbef5ec5c85e1ca18674344b3d3584cbca08385ab3db482e00ed211856,492
configs/phase6/group_b_ambiguous/CREATEORDER_V5_C2_F4_P5_C50_S7000.yaml,b9aa89155f9a24106e2d2e30755a9f9b48b176b01eea6521a24df4a05552d7f6,492
configs/phase6/group_b_ambiguous/CREATEORDER_V5_C2_F4_P5_C50_S7001.yaml,4366bc649de1ed81da5d72da442f7947a547915210d544ff74f273f5cf6b32be,492
configs/phase6/group_b_ambiguous/CREATEORDER_V5_C2_F4_P5_C50_S7002.yaml,946165a5fc9eefa44825f20104ec2cc32944f32a21f1bdd8886b3a6e0ec3ea3a,492
configs/phase6/group_b_ambiguous/CREATEORDER_V5_C2_F4_P5_C50_S7003.yaml,c2896b4ea8d3f3f4d240508dd12443435ed698e0e43289cd1d555943102b7d71,492
configs/phase6/group_b_ambiguous/CREATEORDER_V5_C2_F4_P5_C50_S7004.yaml,1d6fcc852cf4932687b9d1661a514592bf517432eb279c6fe152c1973024b902,492
configs/phase6/group_b_ambiguous/CREATEORDER_V5_C2_F4_P5_C50_S7005.yaml,6517caa1610bf6283487e6cd605bddaaec8c9f4558c467d40661fd124e05e61e,492
configs/phase6/group_b_ambiguous/CREATEORDER_V5_C2_F4_P5_C50_S7006.yaml,4324ee9fa757a8ab61f8c280347096d12f961ffde5e09290841c74d443e16d7a,492
configs/phase6/group_b_ambiguous/CREATEORDER_V5_C2_F4_P5_C50_S7007.yaml,735e205bc69d376e37b4e58e1bbc9d934da286c61c59979b028f41236e3148e9,492
configs/phase6/group_b_ambiguous/CREATEORDER_V5_C2_F4_P5_C50_S7008.yaml,c95ed21b5d116ee549b7f1b69cc5e07dce5afed7297557da76f5cea6f385d46e,492
configs/phase6/group_b_ambiguous/CREATEORDER_V5_C2_F4_P5_C50_S7009.yaml,f5d65d314abc5e5cc7594b43be24cf464c13dececd6c7cb19b915739935b7fa2,492
configs/phase6/group_b_ambiguous/CREATEORDER_V5_C2_F8_P10_C10_S7000.yaml,e5c814729046fe3e3e1023c58634480527fa1e70c2df47ddef23680ae4858417,492
configs/phase6/group_b_ambiguous/CREATEORDER_V5_C2_F8_P10_C10_S7001.yaml,10520ea9bf3b4a8815ffd6a3163ad47f3d58b19cc3115771caa07ffe1e95d3ff,492
configs/phase6/group_b_ambiguous/CREATEORDER_V5_C2_F8_P10_C10_S7002.yaml,b125a5ccc64a74877558be231d1ece0808559e27bb9ec7bf140b497fe35f9c36,492
configs/phase6/group_b_ambiguous/CREATEORDER_V5_C2_F8_P10_C10_S7003.yaml,9440972d5235cc93928bb84b102940e88c8909074b37f4486a24bff1dfc698b2,492
configs/phase6/group_b_ambiguous/CREATEORDER_V5_C2_F8_P10_C10_S7004.yaml,c4c37883ca4fade1b38b9a6122681ad1076ec47736cc7e5199c6f3ffa5f97ad2,492
configs/phase6/group_b_ambiguous/CREATEORDER_V5_C2_F8_P10_C10_S7005.yaml,a3f3deca5ad7c864c042c5a90a3e13efd6c490f82bbb6bb3a8d5cf4f647af8fc,492
configs/phase6/group_b_ambiguous/CREATEORDER_V5_C2_F8_P10_C10_S7006.yaml,e53af9a6575989874ce7ce7c15b70262a5483cc23e84cf68122ec3d8a25de09a,492
configs/phase6/group_b_ambiguous/CREATEORDER_V5_C2_F8_P10_C10_S7007.yaml,b0d7a77d40b6ef6aceb4ef14528238c0b840ef14d9b226d6a5add85e6dab895c,492
configs/phase6/group_b_ambiguous/CREATEORDER_V5_C2_F8_P10_C10_S7008.yaml,0d0027ea158f63be0cf94ec6901a21cf4d40aacaa569797f0e1f40a42984f68a,492
configs/phase6/group_b_ambiguous/CREATEORDER_V5_C2_F8_P10_C10_S7009.yaml,880ca5f9291a56563dd2b8df077b8429f9f32a0480a236364d44aafe4a74a82d,492
configs/phase6/group_b_ambiguous/CREATEORDER_V5_C2_F8_P10_C50_S7000.yaml,d8de6e22add3d0b8499b03459873ae90f160bf90e2ae48834d08255ea645795e,492
configs/phase6/group_b_ambiguous/CREATEORDER_V5_C2_F8_P10_C50_S7001.yaml,72f2c59a0db84f6b6a570db8a3a022b44d0d85ba3b4ce975ef68e10530c7303c,492
configs/phase6/group_b_ambiguous/CREATEORDER_V5_C2_F8_P10_C50_S7002.yaml,1a4c88d7d1426e5c896baea7f0052a05956d3c46904675dde2a416b601bfff34,492
configs/phase6/group_b_ambiguous/CREATEORDER_V5_C2_F8_P10_C50_S7003.yaml,97aaae41d4fa72bbe7762bf0cd79a7755a4a50d575244b246495702bedea2999,492
configs/phase6/group_b_ambiguous/CREATEORDER_V5_C2_F8_P10_C50_S7004.yaml,56658eaa3634384c990522b39d48ceb5efb95200df39ab64dbaccaeaf245e3f7,492
configs/phase6/group_b_ambiguous/CREATEORDER_V5_C2_F8_P10_C50_S7005.yaml,60b01fe2f1c9220f83be096d7d92b9a13dbdae4d564b7904bcc43f5ee71fe2ea,492
configs/phase6/group_b_ambiguous/CREATEORDER_V5_C2_F8_P10_C50_S7006.yaml,db717d981ae23f318de3f3a8890eb1d905df4291dadfd22f0cfb056c9a229209,492
configs/phase6/group_b_ambiguous/CREATEORDER_V5_C2_F8_P10_C50_S7007.yaml,d83ed53ece0e8dc74c14901d1ab51f65a691909b7f4bbcd05b4f2d3430e7f237,492
configs/phase6/group_b_ambiguous/CREATEORDER_V5_C2_F8_P10_C50_S7008.yaml,5c0784294eb4c097d1ad136525ad8408b8e283be4af63dfaab3281d85164df9d,492
configs/phase6/group_b_ambiguous/CREATEORDER_V5_C2_F8_P10_C50_S7009.yaml,7fc16982105a8bbbd00146390e66d0b4bcf2f2f9e54c9e3b3bd7ac8bf5ee28e0,492
configs/phase6/group_b_ambiguous/CREATEORDER_V5_C2_F8_P1_C10_S7000.yaml,7f1a45ed529697d9e9d0d1cdb2dcc9ab089d4f3423b08d3a024a7c9c159150b1,492
configs/phase6/group_b_ambiguous/CREATEORDER_V5_C2_F8_P1_C10_S7001.yaml,d7e7aa4f955fab83c4ee7968cf197e63d5ea4a6aea944b93753ea373bda0cfe7,492
configs/phase6/group_b_ambiguous/CREATEORDER_V5_C2_F8_P1_C10_S7002.yaml,2913892e7e7a776ef5a5f71c3b17240661d60d5e665834ae4e21c6678c48382f,492
configs/phase6/group_b_ambiguous/CREATEORDER_V5_C2_F8_P1_C10_S7003.yaml,0ed672cd7f09c43100fe01a85fe6fef6931fa830cb5f56d3a3da054828fcbc26,492
configs/phase6/group_b_ambiguous/CREATEORDER_V5_C2_F8_P1_C10_S7004.yaml,3c8488f4e04f5c9d493b4fc06d5f4dc7ee6e87156df02f8c96c1bc6312e596de,492
configs/phase6/group_b_ambiguous/CREATEORDER_V5_C2_F8_P1_C10_S7005.yaml,aa4c149fb094788c50070e9a0e9a9cf7adfc602422fbb0e1129d81da88c1f3eb,492
configs/phase6/group_b_ambiguous/CREATEORDER_V5_C2_F8_P1_C10_S7006.yaml,517f2f396b21aeaa702c7940ce6bdeebf2bdd87e3822963b635876f0d8e3cfd0,492
configs/phase6/group_b_ambiguous/CREATEORDER_V5_C2_F8_P1_C10_S7007.yaml,591088c3271bce090f6c38e9016123fa7df47c627603daddab83c11add41bb90,492
configs/phase6/group_b_ambiguous/CREATEORDER_V5_C2_F8_P1_C10_S7008.yaml,8f96f8f0472c9df0e298e6c6ff0d75c4b44a76acd7c63a63ca5f9645c9d217ac,492
configs/phase6/group_b_ambiguous/CREATEORDER_V5_C2_F8_P1_C10_S7009.yaml,540b0d0e15a4044d463f2101772cf39f81d96a33a142003f8324ea1dae5c2856,492
configs/phase6/group_b_ambiguous/CREATEORDER_V5_C2_F8_P1_C50_S7000.yaml,a133127516003ddf43b75772f5d2b296e93cd9fbb93795047824e8345bf56dbb,492
configs/phase6/group_b_ambiguous/CREATEORDER_V5_C2_F8_P1_C50_S7001.yaml,6e7be0f283a92db844686203d1f79f536f43d2858af749b45e767a73b96dd009,492
configs/phase6/group_b_ambiguous/CREATEORDER_V5_C2_F8_P1_C50_S7002.yaml,e28de170ad2d650104df953d8e073a4623f3e178b81d4ecc249fea8d82a9ee43,492
configs/phase6/group_b_ambiguous/CREATEORDER_V5_C2_F8_P1_C50_S7003.yaml,a50a357a0c3ab4427839689bc4ce0e820ab9f643c814e32aa1221d19f0b1ce55,492
configs/phase6/group_b_ambiguous/CREATEORDER_V5_C2_F8_P1_C50_S7004.yaml,32c8bbbec6d379c03a062404a8f9e4d18aed3ba9832fbd7c196cf8087f128a0e,492
configs/phase6/group_b_ambiguous/CREATEORDER_V5_C2_F8_P1_C50_S7005.yaml,c8106efa3b1d69e0672286f403ef4a09330d2d429f6dc53cd3716fb7b2146b63,492
configs/phase6/group_b_ambiguous/CREATEORDER_V5_C2_F8_P1_C50_S7006.yaml,138e218184fb6e710bf66aa9887c2fc32c6f44255ce0a6238befaf1a3eeb7534,492
configs/phase6/group_b_ambiguous/CREATEORDER_V5_C2_F8_P1_C50_S7007.yaml,0d74d68d42d0020da1e80f019d76053646c6f232d03cc7e4136e05e637e81448,492
configs/phase6/group_b_ambiguous/CREATEORDER_V5_C2_F8_P1_C50_S7008.yaml,10d6a68e30b294c47ff49c2819a6390fb662448511e42396c3dce8cdf08c9e14,492
configs/phase6/group_b_ambiguous/CREATEORDER_V5_C2_F8_P1_C50_S7009.yaml,95568820b83cb936d189b7ed630f5a6737f01a213576a7c844d4f9950807ad6c,492
configs/phase6/group_b_ambiguous/CREATEORDER_V5_C2_F8_P20_C10_S7000.yaml,59f292a6bfa89c77eddfc75e92da2d827012239e9ce1432cc8ec8c7ecd78605d,492
configs/phase6/group_b_ambiguous/CREATEORDER_V5_C2_F8_P20_C10_S7001.yaml,4b47fb0578a5d39321198ce8c36bc108196b329725599908f22ba5bc3b343687,492
configs/phase6/group_b_ambiguous/CREATEORDER_V5_C2_F8_P20_C10_S7002.yaml,04a7425067c31aceb366735643db0a173656a284b69a22c22db1f529086c1e9e,492
configs/phase6/group_b_ambiguous/CREATEORDER_V5_C2_F8_P20_C10_S7003.yaml,55dfc4d4bbe30ea52acfb17dcb9d5d80cb073bf4d0f2d6536f63042bad93b179,492
configs/phase6/group_b_ambiguous/CREATEORDER_V5_C2_F8_P20_C10_S7004.yaml,449746089b3d1ec3a25bea1c89dca051c8b8974be8478314116c2113a3b9daa0,492
configs/phase6/group_b_ambiguous/CREATEORDER_V5_C2_F8_P20_C10_S7005.yaml,17fb9c5f7e15b79efb916a837698d45c9d42c0fa098a86594e62de81cead891b,492
configs/phase6/group_b_ambiguous/CREATEORDER_V5_C2_F8_P20_C10_S7006.yaml,e4b21ae9ba63be7fc6cbc424af6b006a0533c6ba10ac1f16ecdc6ad5e7063c58,492
configs/phase6/group_b_ambiguous/CREATEORDER_V5_C2_F8_P20_C10_S7007.yaml,53316176dd38fa06a7da4fc8ec5a2c7c2c4d7f0f3afe0eba62f01897d767c866,492
configs/phase6/group_b_ambiguous/CREATEORDER_V5_C2_F8_P20_C10_S7008.yaml,dcf711ae56f6ed33f3fc763d852a0506c4f1272b30d9b89dff328ff6aaa2dc77,492
configs/phase6/group_b_ambiguous/CREATEORDER_V5_C2_F8_P20_C10_S7009.yaml,2e4989db535c3a68f79f9b8e7ee309189648c38ed703c5044870ba2cab1cdb0c,492
configs/phase6/group_b_ambiguous/CREATEORDER_V5_C2_F8_P20_C50_S7000.yaml,e1f3eaddf6154531b3151cc06a2ab776af4f3d7d13c14ac7b24333b78972fe38,492
configs/phase6/group_b_ambiguous/CREATEORDER_V5_C2_F8_P20_C50_S7001.yaml,d97aecaac391ff45231afd80b79250b62f55d0c45cb49ba098770e35ce5e4761,492
configs/phase6/group_b_ambiguous/CREATEORDER_V5_C2_F8_P20_C50_S7002.yaml,375d97ab741efa06111338eff644d3bd15eb860f5dc65e840aec16ea552f33a7,492
configs/phase6/group_b_ambiguous/CREATEORDER_V5_C2_F8_P20_C50_S7003.yaml,bd159b4530d5f5165034a798615f2e251d53db60019516eae98c16a19e59adbf,492
configs/phase6/group_b_ambiguous/CREATEORDER_V5_C2_F8_P20_C50_S7004.yaml,ef03008b5efb1cf23495b99f512206fb8e2cbffba766ca8524ba033017586a32,492
configs/phase6/group_b_ambiguous/CREATEORDER_V5_C2_F8_P20_C50_S7005.yaml,42ef1062abbd302977cc5171d937c9301a32bf1793a10f99a4d9ff7932043b24,492
configs/phase6/group_b_ambiguous/CREATEORDER_V5_C2_F8_P20_C50_S7006.yaml,27be565bec207a2c3812c34d252a19d2c263ee4365f1a548a3ad2649d5ce52d4,492
configs/phase6/group_b_ambiguous/CREATEORDER_V5_C2_F8_P20_C50_S7007.yaml,a1f40800394d61d52fe54192971e6a4c488ed497433e4185c7c199d5807da30d,492
configs/phase6/group_b_ambiguous/CREATEORDER_V5_C2_F8_P20_C50_S7008.yaml,ce225a89c95b9b7ab1e6470dffed4ab4abc9ef384ee84a1ed1b53de6e6e3f8cc,492
configs/phase6/group_b_ambiguous/CREATEORDER_V5_C2_F8_P20_C50_S7009.yaml,d2a0e42d98bb4a8b70c70615f98c75dcb1080055fd47108e7d285620a412c8d6,492
configs/phase6/group_b_ambiguous/CREATEORDER_V5_C2_F8_P5_C10_S7000.yaml,9f5ed80bcfc9869dd3ea67dba6b5bacd2e10528e5ce99e71385baf451885c1aa,492
configs/phase6/group_b_ambiguous/CREATEORDER_V5_C2_F8_P5_C10_S7001.yaml,e7d71090394e5d4c0698f3823ace3390d82b1f8717703618908e6cb6453a3a91,492
configs/phase6/group_b_ambiguous/CREATEORDER_V5_C2_F8_P5_C10_S7002.yaml,fa4e0fcb5321cf6808613b76742d8a582f8c19f3b9f218c920024650df027356,492
configs/phase6/group_b_ambiguous/CREATEORDER_V5_C2_F8_P5_C10_S7003.yaml,ede50a3a5fc5f9247cd87bf45cfe1e43deb83b5b218754ee200a79a0fb0ee539,492
configs/phase6/group_b_ambiguous/CREATEORDER_V5_C2_F8_P5_C10_S7004.yaml,b0806622ea09f51b71ac5caf1c9d7bc984b5c26e78e97c1660e82d0aabdc3461,492
configs/phase6/group_b_ambiguous/CREATEORDER_V5_C2_F8_P5_C10_S7005.yaml,c738041143da57793fd0887cfe977453ce655a24ada476ee4aa2daecdbc897bf,492
configs/phase6/group_b_ambiguous/CREATEORDER_V5_C2_F8_P5_C10_S7006.yaml,b3684e60be6f8f78e07f3eff9d4d588c89b96a0ede6a31e92e20437e4b4cbcc2,492
configs/phase6/group_b_ambiguous/CREATEORDER_V5_C2_F8_P5_C10_S7007.yaml,66586e1f02794c99fa80fc6862c4ad62729ebef644dea06b55577b03325249ee,492
configs/phase6/group_b_ambiguous/CREATEORDER_V5_C2_F8_P5_C10_S7008.yaml,c9752506ab736c4e957e28a34384b435a98168de79f47adc5bf541b4fd0924e1,492
configs/phase6/group_b_ambiguous/CREATEORDER_V5_C2_F8_P5_C10_S7009.yaml,4f7b84ef8ad1c5a89df7a14ab01d1b712cbf3fb840c62c0c3c633f2dbc0d3423,492
configs/phase6/group_b_ambiguous/CREATEORDER_V5_C2_F8_P5_C50_S7000.yaml,2b16a303e20778cba66b98b75bb8093c17ddb06d821d0cb134cb4250266c4b9e,492
configs/phase6/group_b_ambiguous/CREATEORDER_V5_C2_F8_P5_C50_S7001.yaml,1764153ddde11eb24661a64b39a94bbf20559b32a26aed20b81b9cb63396724b,492
configs/phase6/group_b_ambiguous/CREATEORDER_V5_C2_F8_P5_C50_S7002.yaml,dec751e1c0c05d17c1a8fed2a9647e2feca4c4d71795dee9898f061b7910df12,492
configs/phase6/group_b_ambiguous/CREATEORDER_V5_C2_F8_P5_C50_S7003.yaml,1234f761e18933375cc8e058a78a74c47bbba06661ed55f30b21f409140668e6,492
configs/phase6/group_b_ambiguous/CREATEORDER_V5_C2_F8_P5_C50_S7004.yaml,30e2c5ae2a79f0a7b5d2043dc59f12638ce3ccaa041ae5138a9830b6208049fd,492
configs/phase6/group_b_ambiguous/CREATEORDER_V5_C2_F8_P5_C50_S7005.yaml,cec3a1779a3363e8df9173ab1e843045effb7cdd236203577cd4f01996e09438,492
configs/phase6/group_b_ambiguous/CREATEORDER_V5_C2_F8_P5_C50_S7006.yaml,3acc809a17f460b146b81c4a7199cc16ba6ca221751ce9a97b7e23aad2df31aa,492
configs/phase6/group_b_ambiguous/CREATEORDER_V5_C2_F8_P5_C50_S7007.yaml,9ec4f42f6e0db3dd5a33a046f3fd75e5d93105d31a0b65ff432af9f0152d9b88,492
configs/phase6/group_b_ambiguous/CREATEORDER_V5_C2_F8_P5_C50_S7008.yaml,df993c54764d89bade24752eddb28b24ed8c78b9c7b0b5a11f0b9e5eed1e28dd,492
configs/phase6/group_b_ambiguous/CREATEORDER_V5_C2_F8_P5_C50_S7009.yaml,a04b427de969bf2bf3e028629c465ce77aef3422dbc3010de060928786ff72fb,492
configs/phase6/group_b_ambiguous/CREATEORDER_V5_C2_F9_P10_C10_S7000.yaml,bab76bdcada6546be7c3c6bc21551b6e932fbf68d853e2194e1ad5d7969d69b5,492
configs/phase6/group_b_ambiguous/CREATEORDER_V5_C2_F9_P10_C10_S7001.yaml,8dc3d54ca1d585b1fa426a640e8794df4db67d3ee422c3710c94fea8d937479c,492
configs/phase6/group_b_ambiguous/CREATEORDER_V5_C2_F9_P10_C10_S7002.yaml,4beed9d65b7d95cbba03fba8d85b1929ef4b1bedd5d6afadfb625b6ac6d3c483,492
configs/phase6/group_b_ambiguous/CREATEORDER_V5_C2_F9_P10_C10_S7003.yaml,d2dd4a82f613e83e58ffd737de805c81fcc1770b6036c087513240b4b431fe84,492
configs/phase6/group_b_ambiguous/CREATEORDER_V5_C2_F9_P10_C10_S7004.yaml,723f9909191056184fdb6abea9e93e0d1dc4b9eb6de1fd917d60f8220f822ee0,492
configs/phase6/group_b_ambiguous/CREATEORDER_V5_C2_F9_P10_C10_S7005.yaml,2c8f7f4572b7f3d85b2eb2ebc5c613ff3eb2feb1624d21e7008baa2749fd769b,492
configs/phase6/group_b_ambiguous/CREATEORDER_V5_C2_F9_P10_C10_S7006.yaml,2482a73c47dec29bd2b807fb828ccc3c4ac3a9f8b33567c4280ab563a7c419d2,492
configs/phase6/group_b_ambiguous/CREATEORDER_V5_C2_F9_P10_C10_S7007.yaml,f706fe9ecf633987c2fe42121fa439036406bcafeca621467beea27f2c6a878e,492
configs/phase6/group_b_ambiguous/CREATEORDER_V5_C2_F9_P10_C10_S7008.yaml,f140778242de47015b4e87b153960efe0e696191aa54669e27fb127a0db4742a,492
configs/phase6/group_b_ambiguous/CREATEORDER_V5_C2_F9_P10_C10_S7009.yaml,44c1f94c64b0acf4c0f7acfc1c25dba828c3350d5b9526e37956057ec2fa4ab2,492
configs/phase6/group_b_ambiguous/CREATEORDER_V5_C2_F9_P10_C50_S7000.yaml,7f47fb5968b53e2ec764faa8c73bfe57a42137acd352f4bf5331044c0f26e6ed,492
configs/phase6/group_b_ambiguous/CREATEORDER_V5_C2_F9_P10_C50_S7001.yaml,497cc740ef565d26fdd676a2c7a2bb028b60da1c2072884e9e6c83927547ff3c,492
configs/phase6/group_b_ambiguous/CREATEORDER_V5_C2_F9_P10_C50_S7002.yaml,ec5a8c2a1e3fb6cbdf6ef811d98e24f14e767d02d5b9b68986e750dffd6e9247,492
configs/phase6/group_b_ambiguous/CREATEORDER_V5_C2_F9_P10_C50_S7003.yaml,504c744fda463ef8fbf1db7fb7243ffd8ae49087666ce02299e794dde1bbc7cf,492
configs/phase6/group_b_ambiguous/CREATEORDER_V5_C2_F9_P10_C50_S7004.yaml,c506929d2750a0976e4c1aaf374be7dc9436f129f5c869bf51822e292e6e6ffc,492
configs/phase6/group_b_ambiguous/CREATEORDER_V5_C2_F9_P10_C50_S7005.yaml,cbfa796e0294863cd03319965c6e9261d515836aaaa4e83b5bbf74bd3e87c68b,492
configs/phase6/group_b_ambiguous/CREATEORDER_V5_C2_F9_P10_C50_S7006.yaml,005179b1e6a88239eae3171e42365a1bea27accdef5f84d04ede433f433cac7d,492
configs/phase6/group_b_ambiguous/CREATEORDER_V5_C2_F9_P10_C50_S7007.yaml,4e5017c8791c91a306562e045a872e1f4aabd2177d8269285aab0683982f2c44,492
configs/phase6/group_b_ambiguous/CREATEORDER_V5_C2_F9_P10_C50_S7008.yaml,31ca95745f492a619b3d90485ca169b6832f77d1a86123d0201094b7744acca1,492
configs/phase6/group_b_ambiguous/CREATEORDER_V5_C2_F9_P10_C50_S7009.yaml,d3a84dc5b6a534f13437748f1d204fbdbddc6ff66b400276efb28776965b0d44,492
configs/phase6/group_b_ambiguous/CREATEORDER_V5_C2_F9_P1_C10_S7000.yaml,cfd5ed263808b18c8e07829c1cd59bbae9c3ffc4d4a407632ea3134ff9f312cc,492
configs/phase6/group_b_ambiguous/CREATEORDER_V5_C2_F9_P1_C10_S7001.yaml,c7edaf856a5afded5d9b7fb2152c264c3aae9510aec1e8744d162135dbc5dfe6,492
configs/phase6/group_b_ambiguous/CREATEORDER_V5_C2_F9_P1_C10_S7002.yaml,7772eaeed2b3cff694cf73014c127d89f70b4fac38702e2ff3e6be957f43e1bb,492
configs/phase6/group_b_ambiguous/CREATEORDER_V5_C2_F9_P1_C10_S7003.yaml,00b368d887c1f9e29a0733b4c10b4691d498f6226513582d2e29d57dfe9d547d,492
configs/phase6/group_b_ambiguous/CREATEORDER_V5_C2_F9_P1_C10_S7004.yaml,243cec7ac9f32ea70a9501cf8e60a5fc981cafeb56fb6ae2d4ac516ab5af0e82,492
configs/phase6/group_b_ambiguous/CREATEORDER_V5_C2_F9_P1_C10_S7005.yaml,268fb9ce1772b8c1fed4d6bb8f44b2e32e34762a86f71dcf66e9e9eaab15b352,492
configs/phase6/group_b_ambiguous/CREATEORDER_V5_C2_F9_P1_C10_S7006.yaml,7ad38b031a65a7993a486cb7bc7b0f28e057d74daa11d4f80e3d4aba649bd5fa,492
configs/phase6/group_b_ambiguous/CREATEORDER_V5_C2_F9_P1_C10_S7007.yaml,546865e89184495495cfeb364cecade53c72fcaa417eff0ef88a7902407d2edc,492
configs/phase6/group_b_ambiguous/CREATEORDER_V5_C2_F9_P1_C10_S7008.yaml,6bd1f65dcbc74b5e5dc8e901c90ffd62b597f361579bc5727b3a7e06acfbee47,492
configs/phase6/group_b_ambiguous/CREATEORDER_V5_C2_F9_P1_C10_S7009.yaml,3989c36fc5b6bc832de74a992db8a1a006e4e2d3e1682aa1bd8617af2abae19f,492
configs/phase6/group_b_ambiguous/CREATEORDER_V5_C2_F9_P1_C50_S7000.yaml,7dab8159d2eb2f41aa6ad2ecb418343b0761f27e98150bd3a5f0fb06d2db3d7d,492
configs/phase6/group_b_ambiguous/CREATEORDER_V5_C2_F9_P1_C50_S7001.yaml,999500e08ff88fa3e17751a507c2c817fca20d3f917f48d7ea37b669e793cfaf,492
configs/phase6/group_b_ambiguous/CREATEORDER_V5_C2_F9_P1_C50_S7002.yaml,791ee033f70015655d4c06ab694bde6d1ff7974e1ca574eeeae2b5d9c5b8ae08,492
configs/phase6/group_b_ambiguous/CREATEORDER_V5_C2_F9_P1_C50_S7003.yaml,a47d6f362b0d1517abf537c30ac4ca8233b3413b224c7e5b9451ec77c388a4f5,492
configs/phase6/group_b_ambiguous/CREATEORDER_V5_C2_F9_P1_C50_S7004.yaml,083c6189f4d59d427b2c49a14cf612bb6778860beb1babe8bcd2d05ca3643c12,492
configs/phase6/group_b_ambiguous/CREATEORDER_V5_C2_F9_P1_C50_S7005.yaml,a02f494a758508aa1a5a18ecc1b2c2e8f9a678f0671f7b8742a091f123fe6bd0,492
configs/phase6/group_b_ambiguous/CREATEORDER_V5_C2_F9_P1_C50_S7006.yaml,0ac99b16d59b50ba8fd56570d5cf529b4b9f4f7c2ce212fc87690b6b367aca34,492
configs/phase6/group_b_ambiguous/CREATEORDER_V5_C2_F9_P1_C50_S7007.yaml,77cb7f36eca0c6b25f69f62511ccb1d4cae9f0fa80f25c8cadd2ecebecee2a69,492
configs/phase6/group_b_ambiguous/CREATEORDER_V5_C2_F9_P1_C50_S7008.yaml,d851b6e34d0a268b5414c5ff2d9642cefed30c2b1da840acdddf02fabd48b7a7,492
configs/phase6/group_b_ambiguous/CREATEORDER_V5_C2_F9_P1_C50_S7009.yaml,78c1ca8309fbcd9ac09710527e784323fdde6db2d9d1a11a4242916be731f4cb,492
configs/phase6/group_b_ambiguous/CREATEORDER_V5_C2_F9_P20_C10_S7000.yaml,065d4b356d3b3bce9a091a1d5e92dc19dd02baace828223728cd90b66ccb254c,492
configs/phase6/group_b_ambiguous/CREATEORDER_V5_C2_F9_P20_C10_S7001.yaml,5d5d914613f39df258c9fa8aeb2d5501e77a7c0d8cf7ad7ef260feee266e5111,492
configs/phase6/group_b_ambiguous/CREATEORDER_V5_C2_F9_P20_C10_S7002.yaml,d08679ec75375de4542633b3c02635aafb8dde3b3f959e2fe3488bcb41713eaa,492
configs/phase6/group_b_ambiguous/CREATEORDER_V5_C2_F9_P20_C10_S7003.yaml,8f91d8c4677e513b9a3d2bfb2f57ce6a6cfacbb2e8dddc937cc8aefb1f3f84eb,492
configs/phase6/group_b_ambiguous/CREATEORDER_V5_C2_F9_P20_C10_S7004.yaml,32d877b5431d83336642018a4d7cea1b772ed5d66b362ba8ed30a367a7260295,492
configs/phase6/group_b_ambiguous/CREATEORDER_V5_C2_F9_P20_C10_S7005.yaml,29f0a8f116ce2457cc4ad0e17331f7b38e4b60cc7b2e4209cbbf70940e6ddffd,492
configs/phase6/group_b_ambiguous/CREATEORDER_V5_C2_F9_P20_C10_S7006.yaml,e2abd4ed7dbeec2ae1e36850a2a78530cdf15dcb3bd058a6a0dcb4fe5bcf7b9c,492
configs/phase6/group_b_ambiguous/CREATEORDER_V5_C2_F9_P20_C10_S7007.yaml,c29a7682a72af47276ab660f8c9373b075500e75aff853b941345329c39c1369,492
configs/phase6/group_b_ambiguous/CREATEORDER_V5_C2_F9_P20_C10_S7008.yaml,2d67bc348030e6cf463d2325a40bb1f0e554ae8d86cd4aa29c20acd939c5d52c,492
configs/phase6/group_b_ambiguous/CREATEORDER_V5_C2_F9_P20_C10_S7009.yaml,a0d78b7277701f0a5eb01dabda2f9b837b0173f10d8e44142081517c8ef23986,492
configs/phase6/group_b_ambiguous/CREATEORDER_V5_C2_F9_P20_C50_S7000.yaml,93fc5b3b897b0f4d324cfa7e4dbf2e6b2a487f4a8f2ea2452eaab94122635753,492
configs/phase6/group_b_ambiguous/CREATEORDER_V5_C2_F9_P20_C50_S7001.yaml,3cf3c9f4d32f50db1461bcd9068534b413fc0b1bbb62502a40365bc4b5d07342,492
configs/phase6/group_b_ambiguous/CREATEORDER_V5_C2_F9_P20_C50_S7002.yaml,18fe2572d2142642036cfcd203257984e727e1dd8fcc16fc742c2b5b78197aa8,492
configs/phase6/group_b_ambiguous/CREATEORDER_V5_C2_F9_P20_C50_S7003.yaml,5d8a873314391f2f8878c267c3f88f2901dcde50fc6ec9e45b821fb5f5f23a1e,492
configs/phase6/group_b_ambiguous/CREATEORDER_V5_C2_F9_P20_C50_S7004.yaml,8757782940b8d60e45ceb49d2002cf113fa01f1673deb51772a4fe5732d31b1b,492
configs/phase6/group_b_ambiguous/CREATEORDER_V5_C2_F9_P20_C50_S7005.yaml,ef33d1d12a84f12dde9be587649d2eaf6806342c8c72f85117a2a7e79538adb8,492
configs/phase6/group_b_ambiguous/CREATEORDER_V5_C2_F9_P20_C50_S7006.yaml,4b32a1847cf1de77bb15afccd59be2b9a328c1dd92d6b5ddb9edeef44ea44026,492
configs/phase6/group_b_ambiguous/CREATEORDER_V5_C2_F9_P20_C50_S7007.yaml,838630f634c8f0d09f47a7da9bd13159ab75db3750e824fb2dba3f0395688762,492
configs/phase6/group_b_ambiguous/CREATEORDER_V5_C2_F9_P20_C50_S7008.yaml,74ddc191ca02f872d0fe04b8b90f555bad7a749ff99780aaa289cfc8a03b2f40,492
configs/phase6/group_b_ambiguous/CREATEORDER_V5_C2_F9_P20_C50_S7009.yaml,24bb55916be4934d77022b6410cd333ed2d5d654be3a64650f4d204efb86cd53,492
configs/phase6/group_b_ambiguous/CREATEORDER_V5_C2_F9_P5_C10_S7000.yaml,3a29854f6a4f4caecad24b198c361a02352fd8306ced99de1db4391585f0568c,492
configs/phase6/group_b_ambiguous/CREATEORDER_V5_C2_F9_P5_C10_S7001.yaml,802ff4294ca7d9aed2dd21921bc2aad8fef1af7c88ca28ac40797ff539407d9b,492
configs/phase6/group_b_ambiguous/CREATEORDER_V5_C2_F9_P5_C10_S7002.yaml,39abe5e61bdb6c40da3817f0d995432332f1ee637be075ba84011a775126088b,492
configs/phase6/group_b_ambiguous/CREATEORDER_V5_C2_F9_P5_C10_S7003.yaml,6bec15b85315dc95c2c41b272edadef53f2a3f146547f47871f1dfa7f0922268,492
configs/phase6/group_b_ambiguous/CREATEORDER_V5_C2_F9_P5_C10_S7004.yaml,46c3f2d2fc6dc0fb0c4d8887bda5e42ebf4041843d88c8b78638f5b0a8b75a6c,492
configs/phase6/group_b_ambiguous/CREATEORDER_V5_C2_F9_P5_C10_S7005.yaml,3cf3c3c250f88fd58808aaea60d45bac4f25b3383594bb232e0be872b83e14de,492
configs/phase6/group_b_ambiguous/CREATEORDER_V5_C2_F9_P5_C10_S7006.yaml,784725abefb618d94ff135dc48608699c26ce60e83fa3d0146d89fcf84919fbc,492
configs/phase6/group_b_ambiguous/CREATEORDER_V5_C2_F9_P5_C10_S7007.yaml,2e205a062875eb392c97a208c7684ea8114c0c76bede60acb3cb1f501200529f,492
configs/phase6/group_b_ambiguous/CREATEORDER_V5_C2_F9_P5_C10_S7008.yaml,9d41c0a30c1e3ae04a948f515fb360acb826fd44da472f376590e14134d06c76,492
configs/phase6/group_b_ambiguous/CREATEORDER_V5_C2_F9_P5_C10_S7009.yaml,93daed10280288e07a4021a7ecf9cd827c6b2b8f69e25855e3f40aefeb6ed246,492
configs/phase6/group_b_ambiguous/CREATEORDER_V5_C2_F9_P5_C50_S7000.yaml,4060ee8c915e036d9663826fb400a8bff6389a3a7fe65ea5a6a7d9ac07b1b118,492
configs/phase6/group_b_ambiguous/CREATEORDER_V5_C2_F9_P5_C50_S7001.yaml,b27c9fe318bbdf1e23887c1c594c7b3b61e7194db5c448407840cf1877590cd8,492
configs/phase6/group_b_ambiguous/CREATEORDER_V5_C2_F9_P5_C50_S7002.yaml,50cd442f6777839fcb77a94113df2c84989ed565bd5f1608da18a409186dc6ed,492
configs/phase6/group_b_ambiguous/CREATEORDER_V5_C2_F9_P5_C50_S7003.yaml,89d0aac901bf6c828227e8a0b0057ae7c94bd9335d2e57a91a3e7df1f228f567,492
configs/phase6/group_b_ambiguous/CREATEORDER_V5_C2_F9_P5_C50_S7004.yaml,79dda82588f41fcbf78ffaf48014a4e4a624734861f7415d8f669c00e9774a6b,492
configs/phase6/group_b_ambiguous/CREATEORDER_V5_C2_F9_P5_C50_S7005.yaml,5d4566342f481e7a08d40c4f38e0933a582a0551ccea5b0e30bb47971f455c9f,492
configs/phase6/group_b_ambiguous/CREATEORDER_V5_C2_F9_P5_C50_S7006.yaml,4858179844a71f0c468fbb784d16b889487743ced48ae9c39f6b6c0d61fac679,492
configs/phase6/group_b_ambiguous/CREATEORDER_V5_C2_F9_P5_C50_S7007.yaml,fd7c668bb7b6801bb95fd6a8f4ceca2cfcffffcf84b8f68b7cfbdca3c5526304,492
configs/phase6/group_b_ambiguous/CREATEORDER_V5_C2_F9_P5_C50_S7008.yaml,3e87269d77637cc28e74134829ef455dad7351067e89a2f9532746c650b90bd9,492
configs/phase6/group_b_ambiguous/CREATEORDER_V5_C2_F9_P5_C50_S7009.yaml,f8dd38c9165963fb35bfb8a3c6039ac1675dfbd8048c18f09a23381c4fe017e1,492
configs/phase6/group_c_duplicates/CREATEORDER_V0_C0_F11_P0_C50_FAN10_S7000.yaml,99dfb5cad59f03353f446933c0560bcd1f2bef1db3347de0106996f304304d41,541
configs/phase6/group_c_duplicates/CREATEORDER_V0_C0_F11_P0_C50_FAN10_S7001.yaml,97ee67ba69ce4a5adfb47c5fa32b00c7fe1f4e5a79c8b5023dca5af1bf5c1b03,541
configs/phase6/group_c_duplicates/CREATEORDER_V0_C0_F11_P0_C50_FAN10_S7002.yaml,4c6feea46ca607c6a61995a15ebd0590b271cfbb1e12781b2fa0cb21e4323068,541
configs/phase6/group_c_duplicates/CREATEORDER_V0_C0_F11_P0_C50_FAN10_S7003.yaml,790e5575e03c80ef4cca4815b997354995e1d9a36e319a9c025be872c0b35cbe,541
configs/phase6/group_c_duplicates/CREATEORDER_V0_C0_F11_P0_C50_FAN10_S7004.yaml,9802b1c9603ba9f67abfccca3f73a55bf42a4ea15a9eb048160874dff36f956d,541
configs/phase6/group_c_duplicates/CREATEORDER_V0_C0_F11_P0_C50_FAN10_S7005.yaml,a9da0a7ba2cd4d6e7165f6d0ae4547474b172da273aec641d227c389d296df45,541
configs/phase6/group_c_duplicates/CREATEORDER_V0_C0_F11_P0_C50_FAN10_S7006.yaml,5d222e3bed1b22bc4651f6ebed2d4268746a97ae02ac8cb09085d8076d551c94,541
configs/phase6/group_c_duplicates/CREATEORDER_V0_C0_F11_P0_C50_FAN10_S7007.yaml,a18b5ed656cd1dd1bf6d6e6d53e1845a2af87e7fd40b7f75e3901bbded64d93d,541
configs/phase6/group_c_duplicates/CREATEORDER_V0_C0_F11_P0_C50_FAN10_S7008.yaml,026d8a40a67f53b786f554d8d19e113d9a6881d1db70ca1f543548c9db3e0960,541
configs/phase6/group_c_duplicates/CREATEORDER_V0_C0_F11_P0_C50_FAN10_S7009.yaml,57cd32b83f2893f2c301fd14ccded8b80062a83536227cb24516df2d17623497,541
configs/phase6/group_c_duplicates/CREATEORDER_V0_C0_F11_P0_C50_FAN2_S7000.yaml,30eddde1cead26ea5b94945e0f42c285f129c4aba5af38f006e42f5668ae6f21,538
configs/phase6/group_c_duplicates/CREATEORDER_V0_C0_F11_P0_C50_FAN2_S7001.yaml,800d1cd47f8cfee0d59985b6c7a994360805f65e002bb0054f1801222ced6b2c,538
configs/phase6/group_c_duplicates/CREATEORDER_V0_C0_F11_P0_C50_FAN2_S7002.yaml,ccdd20623896d2de10cebf946652c7b1b2dab1858a14a00e361c0c752d925f50,538
configs/phase6/group_c_duplicates/CREATEORDER_V0_C0_F11_P0_C50_FAN2_S7003.yaml,dac878a8eb4fea122a0cdc58f81eaa0e9d54cc1e63c04850d9b3c9e806054f83,538
configs/phase6/group_c_duplicates/CREATEORDER_V0_C0_F11_P0_C50_FAN2_S7004.yaml,85b5093df40accbe1d5ffe7d2eb4a68c8cc990dfee902a6307d5c3838ae7cefd,538
configs/phase6/group_c_duplicates/CREATEORDER_V0_C0_F11_P0_C50_FAN2_S7005.yaml,c2aabad449ee61783528c0d51a36a710a2993d5bfbcc5af3b6b900cb4038dedc,538
configs/phase6/group_c_duplicates/CREATEORDER_V0_C0_F11_P0_C50_FAN2_S7006.yaml,e1622060240466ba8d511f3442e9031aa29ee95e9fba8f4d6be3ff797d129e71,538
configs/phase6/group_c_duplicates/CREATEORDER_V0_C0_F11_P0_C50_FAN2_S7007.yaml,97de621a7b8ae5e38052fe40606abc4d326e1dfc02a6d85b18046d7a4eae83bf,538
configs/phase6/group_c_duplicates/CREATEORDER_V0_C0_F11_P0_C50_FAN2_S7008.yaml,12acc0761d448884f62ecdff6309e7700e5a8ae6d32b344ded1558ac096a49ac,538
configs/phase6/group_c_duplicates/CREATEORDER_V0_C0_F11_P0_C50_FAN2_S7009.yaml,ca13b45907b4ff8b6d9969370383e2dca3f568af6ae1ec331f23c0f5d304d9d6,538
configs/phase6/group_c_duplicates/CREATEORDER_V0_C0_F11_P0_C50_FAN5_S7000.yaml,a3ed3d2d4a331928d7b9dfa1dc5e1e113f895ff51fabe891b0694eecee40b566,538
configs/phase6/group_c_duplicates/CREATEORDER_V0_C0_F11_P0_C50_FAN5_S7001.yaml,89ff8a4c63ebb658e2b9eff684a4650c6fab04d1b81e3b28f2fc7cb7e1dd2cdf,538
configs/phase6/group_c_duplicates/CREATEORDER_V0_C0_F11_P0_C50_FAN5_S7002.yaml,858daa5a7026cf7b09edba26e7ea3466a130fca5415027c994fbc77180f6b210,538
configs/phase6/group_c_duplicates/CREATEORDER_V0_C0_F11_P0_C50_FAN5_S7003.yaml,77995ce56135f0d6c4dc64b236a6cfa56c5ee9503b39faf058413bff5e12f45b,538
configs/phase6/group_c_duplicates/CREATEORDER_V0_C0_F11_P0_C50_FAN5_S7004.yaml,07adaa29e1ae3c8e0395b64536726e8ffd0c35778061f2c37496813de9b3a9f4,538
configs/phase6/group_c_duplicates/CREATEORDER_V0_C0_F11_P0_C50_FAN5_S7005.yaml,db956e9576a832e5256bdd3b98419edff634d2f6601b9ef576c6cc8b87848c84,538
configs/phase6/group_c_duplicates/CREATEORDER_V0_C0_F11_P0_C50_FAN5_S7006.yaml,ad92ab9db156a7da33023da6a2ff7eafc3eaf1dedba76848af5f8867a57b0670,538
configs/phase6/group_c_duplicates/CREATEORDER_V0_C0_F11_P0_C50_FAN5_S7007.yaml,1e8c8beeac40984115ca3d091695885bdf6cc8355f9ba5aa2658a259489c6c06,538
configs/phase6/group_c_duplicates/CREATEORDER_V0_C0_F11_P0_C50_FAN5_S7008.yaml,75a18ae909df7ae45e1d27505ac33db4229294831dbd8dd5ada8f44689e8a948,538
configs/phase6/group_c_duplicates/CREATEORDER_V0_C0_F11_P0_C50_FAN5_S7009.yaml,4d90af8b7b341ca70137df4a050b9eeefdfca2bf8689f0e48780c9d19a68d4db,538
configs/phase6/group_c_duplicates/CREATEORDER_V0_C0_F11_P0_C50_S7000.yaml,22359b8878e71ec256fe703dc6ba4e22f67fe52343c0cdd8f24a8e2729b43a30,535
configs/phase6/group_c_duplicates/CREATEORDER_V0_C0_F11_P0_C50_S7001.yaml,83a83e6a1885bf31d9c660b3d969d360fb58db4cb916bd6e17e5c2c2088bdecf,535
configs/phase6/group_c_duplicates/CREATEORDER_V0_C0_F11_P0_C50_S7002.yaml,e9cee44481a87ea22b8d0b9c5f14e24c9c0bab977583d3a476b88381ea856ca8,535
configs/phase6/group_c_duplicates/CREATEORDER_V0_C0_F11_P0_C50_S7003.yaml,bd9e09580abe8534058c4d4af8050f27c7fb723fd8c1bc8c16a5bc6d1cb51a5d,535
configs/phase6/group_c_duplicates/CREATEORDER_V0_C0_F11_P0_C50_S7004.yaml,07ea27894bff0efd27ac5d380079512732094dfda91062db7b7f289fff85e12a,535
configs/phase6/group_c_duplicates/CREATEORDER_V0_C0_F11_P0_C50_S7005.yaml,3bf723092e9bcaf2d68ed563fca662ac5a60ce63f81282679d9c040ea345d2f0,535
configs/phase6/group_c_duplicates/CREATEORDER_V0_C0_F11_P0_C50_S7006.yaml,7e8c77fe20294c53cbfd70008d31cb2cd0b7eccd703f71eaaaf27543d5f019f9,535
configs/phase6/group_c_duplicates/CREATEORDER_V0_C0_F11_P0_C50_S7007.yaml,924dd27c8d3ac4b705ee5f8e2f23586dbb5883c28ef78d43f171d284683c4255,535
configs/phase6/group_c_duplicates/CREATEORDER_V0_C0_F11_P0_C50_S7008.yaml,911e82163a56cc4ebc7ed7f1edc61c6784e93549183fd9331ae86ad660379e55,535
configs/phase6/group_c_duplicates/CREATEORDER_V0_C0_F11_P0_C50_S7009.yaml,9d6658fd7353ee3a2ecd4adc6a7af0c15fc900855803b81ad04025c902bcec14,535
configs/phase6/group_c_duplicates/CREATEORDER_V0_C0_F5_P0_C50_FAN10_S7000.yaml,1d86c62b2c10cdea82ff955a60cde1ed29141dd42e03d9d169f3e72e8c4aafff,539
configs/phase6/group_c_duplicates/CREATEORDER_V0_C0_F5_P0_C50_FAN10_S7001.yaml,5c5c697a5b7af6c1771c1eb4127c4e7cefb8f07ede2c57e9bd2f89aaad438c27,539
configs/phase6/group_c_duplicates/CREATEORDER_V0_C0_F5_P0_C50_FAN10_S7002.yaml,65bb85277fa173bbef434c79ba250fbef127cfd36db99224a5676d08efd0f10a,539
configs/phase6/group_c_duplicates/CREATEORDER_V0_C0_F5_P0_C50_FAN10_S7003.yaml,c726bd1dd0965931231007313445067c2ec41b7c8c1e1a2bb24cd643743d1d8e,539
configs/phase6/group_c_duplicates/CREATEORDER_V0_C0_F5_P0_C50_FAN10_S7004.yaml,834684438277598faa57a1c084a34005507a4f1ae250ae7b4b61380529266ec3,539
configs/phase6/group_c_duplicates/CREATEORDER_V0_C0_F5_P0_C50_FAN10_S7005.yaml,4a2c332e0fe0e8768b0c1a741f19061e66746c014c1ebb66675a6d0eb8a5f316,539
configs/phase6/group_c_duplicates/CREATEORDER_V0_C0_F5_P0_C50_FAN10_S7006.yaml,50b3941ac5c5349bb7e2563ed6cad28a9995ef781e6aa1ea94bc6f5fb453ffde,539
configs/phase6/group_c_duplicates/CREATEORDER_V0_C0_F5_P0_C50_FAN10_S7007.yaml,38509898066b7060bc0e5ba6084fdf1d355a744fa66f1d936243b7d62bc4cf4d,539
configs/phase6/group_c_duplicates/CREATEORDER_V0_C0_F5_P0_C50_FAN10_S7008.yaml,8d8c6543731f873b4cb4210e7ebc6152162478ff9906950c93c7f2d6e98fc73f,539
configs/phase6/group_c_duplicates/CREATEORDER_V0_C0_F5_P0_C50_FAN10_S7009.yaml,2e051a34042ad9829b6907907880f43f7ae8cd202ac31cd46274d426873f92fb,539
configs/phase6/group_c_duplicates/CREATEORDER_V0_C0_F5_P0_C50_FAN2_S7000.yaml,d0bd96ad1c8ea6778180a3e9720b328cecbf6c0736f88a70194b9292bc556f80,536
configs/phase6/group_c_duplicates/CREATEORDER_V0_C0_F5_P0_C50_FAN2_S7001.yaml,2e761f66e98af95da5a9f5c484835b2e7ba128f627abcf0c2d63df189afe59d4,536
configs/phase6/group_c_duplicates/CREATEORDER_V0_C0_F5_P0_C50_FAN2_S7002.yaml,0f051572ba7cfe05c85a1cccc2031ade203c0a07431312fdf7718bfc008a7053,536
configs/phase6/group_c_duplicates/CREATEORDER_V0_C0_F5_P0_C50_FAN2_S7003.yaml,bd2f91e41b2e28b4be47559462e8fa73d46f49addaac35f79e6e8e2a75f85846,536
configs/phase6/group_c_duplicates/CREATEORDER_V0_C0_F5_P0_C50_FAN2_S7004.yaml,576c80189b8c1cd5e56c4cb2db31a9859043b63d5939ffc5653829e410290f72,536
configs/phase6/group_c_duplicates/CREATEORDER_V0_C0_F5_P0_C50_FAN2_S7005.yaml,9d536bd3b20194ca56a47ca546bbc5895a3c9437f3b9d7c3853cc7b6e1728a4c,536
configs/phase6/group_c_duplicates/CREATEORDER_V0_C0_F5_P0_C50_FAN2_S7006.yaml,bff5c73aff086fb912316e0dd796dc2c3e54f8a9cff361cb846ba2b0b1b49414,536
configs/phase6/group_c_duplicates/CREATEORDER_V0_C0_F5_P0_C50_FAN2_S7007.yaml,142aa53626aadccfd9fa66a280cf20597138f9fbae83142fd879931045ac85e3,536
configs/phase6/group_c_duplicates/CREATEORDER_V0_C0_F5_P0_C50_FAN2_S7008.yaml,3eb19dfce43031fe279e4911b9a8d2b2d3ce039212baf4eca9173efb0e037744,536
configs/phase6/group_c_duplicates/CREATEORDER_V0_C0_F5_P0_C50_FAN2_S7009.yaml,5dd68446819d5b8f9ae6626d3ec69f2ac46cb596910f2e83dc8641ad02813471,536
configs/phase6/group_c_duplicates/CREATEORDER_V0_C0_F5_P0_C50_FAN5_S7000.yaml,4bea3b5bf418ab39905e97d6bd8e1dc9f312063f14df555f8e1e3f21a8207cdf,536
configs/phase6/group_c_duplicates/CREATEORDER_V0_C0_F5_P0_C50_FAN5_S7001.yaml,088c36cabc581d05c48587c34761acf01dec0cc72ecb635a0746a3c4ea7b6253,536
configs/phase6/group_c_duplicates/CREATEORDER_V0_C0_F5_P0_C50_FAN5_S7002.yaml,7207be9f299c05e59e52a0872c7a0b00457a0982ed83dde5be603c3be9839fa5,536
configs/phase6/group_c_duplicates/CREATEORDER_V0_C0_F5_P0_C50_FAN5_S7003.yaml,85b62ead3430c285377e038d5633c20ef884058f30aef60d14f1fccb41f6d009,536
configs/phase6/group_c_duplicates/CREATEORDER_V0_C0_F5_P0_C50_FAN5_S7004.yaml,a5a2c7d741b7b7257fa275c52f5e5b40feb2f9283d54e57995ac0a536b748d24,536
configs/phase6/group_c_duplicates/CREATEORDER_V0_C0_F5_P0_C50_FAN5_S7005.yaml,85655de622eb0a83f8e2b93ea3d2ae2499dcf818bf4e0ce4da02c0e6f390c2f0,536
configs/phase6/group_c_duplicates/CREATEORDER_V0_C0_F5_P0_C50_FAN5_S7006.yaml,16a05d8f708aec5de5f175a7abda5bdbca2f5b38e6eeae3321985c7cacdc89fe,536
configs/phase6/group_c_duplicates/CREATEORDER_V0_C0_F5_P0_C50_FAN5_S7007.yaml,b4c77dfb6cf7fb5eb299924e90f7cc32521c0234bc65ed8280b1e12960588f4a,536
configs/phase6/group_c_duplicates/CREATEORDER_V0_C0_F5_P0_C50_FAN5_S7008.yaml,1caa727fd2a7a4bed83351a1912a5046843de03d4905e342a01fed660410058b,536
configs/phase6/group_c_duplicates/CREATEORDER_V0_C0_F5_P0_C50_FAN5_S7009.yaml,9eea9fd9575a341e30ff47216eb1c99130f5cf51854454fe6314e0015db4c825,536
configs/phase6/group_c_duplicates/CREATEORDER_V0_C0_F5_P0_C50_S7000.yaml,a7a4494ed03402894d7e31c175cab1f7493ea7e010f46caf8e2dc82b46d087bd,533
configs/phase6/group_c_duplicates/CREATEORDER_V0_C0_F5_P0_C50_S7001.yaml,c7fbea761bc201a56e21f83ea3a5ce9585ed97f6f100c8b458f2ca3e62ffd944,533
configs/phase6/group_c_duplicates/CREATEORDER_V0_C0_F5_P0_C50_S7002.yaml,c63e9bcb3fc8e3800432baaf531d8de075ad141bc6c5fede1062828f202fabd5,533
configs/phase6/group_c_duplicates/CREATEORDER_V0_C0_F5_P0_C50_S7003.yaml,8695e3c80b78799cb04e75772db5bccde85459b3c6b4f31ad0fbbc80696a5c07,533
configs/phase6/group_c_duplicates/CREATEORDER_V0_C0_F5_P0_C50_S7004.yaml,43c22ff056cdc6bdf0dbdd955ae15861fdf2cadf660d16de50f86596547bf7d9,533
configs/phase6/group_c_duplicates/CREATEORDER_V0_C0_F5_P0_C50_S7005.yaml,1a3ec789f3c37f1ef02adf483261000a8d4c409dbc7a97a6ab87dcb2ca22d89d,533
configs/phase6/group_c_duplicates/CREATEORDER_V0_C0_F5_P0_C50_S7006.yaml,49429937e0e5be335876e3dfffa42a3bb1ecfd6785ef603be4a6bf12be0fb61d,533
configs/phase6/group_c_duplicates/CREATEORDER_V0_C0_F5_P0_C50_S7007.yaml,6a2c9046abe620b9508c381c99186aa41a5846b15506aef60b2c0821093d3c10,533
configs/phase6/group_c_duplicates/CREATEORDER_V0_C0_F5_P0_C50_S7008.yaml,ae71e8703c79085432a633d49eed01db18cf8b95e56acb9dd92b18c30e01ab17,533
configs/phase6/group_c_duplicates/CREATEORDER_V0_C0_F5_P0_C50_S7009.yaml,414bfa45e2d1c498947f376bd625da9faaf13f0b479c058c2aad1c06d0178fa6,533
configs/phase6/group_c_duplicates/CREATEORDER_V0_C0_F6_P0_C50_FAN10_S7000.yaml,994ba21484a39fd662aa8507d6dfa3532287550709cfd0f515743ff94304cbbc,539
configs/phase6/group_c_duplicates/CREATEORDER_V0_C0_F6_P0_C50_FAN10_S7001.yaml,ace1669d0f68c7369759a4ab1725ddb3d658fcfe5e9eaef852eb38bd43645c21,539
configs/phase6/group_c_duplicates/CREATEORDER_V0_C0_F6_P0_C50_FAN10_S7002.yaml,6f9ce206d59292ce31a2496ed571cadb4079a9cbbebb3785051490d491f9ec69,539
configs/phase6/group_c_duplicates/CREATEORDER_V0_C0_F6_P0_C50_FAN10_S7003.yaml,400a2f9552b36aee9ed8e1c130e8b8e6327db0efe083e816e67e5bc23b60ec1d,539
configs/phase6/group_c_duplicates/CREATEORDER_V0_C0_F6_P0_C50_FAN10_S7004.yaml,d72729bc1b9360e6f2ea6a23da944bf272d67953cc9fd9d970d34f807767f2dc,539
configs/phase6/group_c_duplicates/CREATEORDER_V0_C0_F6_P0_C50_FAN10_S7005.yaml,584219fd1da1d65fcb27b9cb5a177b7368b169d66482f939af759fd236402787,539
configs/phase6/group_c_duplicates/CREATEORDER_V0_C0_F6_P0_C50_FAN10_S7006.yaml,7cceef30a494e97121385136c51f4e11a89bd0ca14c2c8d0c66ea1ede7ddcde5,539
configs/phase6/group_c_duplicates/CREATEORDER_V0_C0_F6_P0_C50_FAN10_S7007.yaml,40cce7af1a3d2ed69fe3d0db09ebfa072b3e1819670188b136dd325907e624f2,539
configs/phase6/group_c_duplicates/CREATEORDER_V0_C0_F6_P0_C50_FAN10_S7008.yaml,d816338af082fde63273573d674d8851df89ede550ec6fce7e969e59a128c204,539
configs/phase6/group_c_duplicates/CREATEORDER_V0_C0_F6_P0_C50_FAN10_S7009.yaml,3d14817c00310baa2335dd6440b6d15984627e72c6e392d82c6586211b5637f8,539
configs/phase6/group_c_duplicates/CREATEORDER_V0_C0_F6_P0_C50_FAN2_S7000.yaml,a86c2e05177587e64e4158213ee3c89b5098cbc1499e80ffeafe14c2eb5b5a42,536
configs/phase6/group_c_duplicates/CREATEORDER_V0_C0_F6_P0_C50_FAN2_S7001.yaml,7a63ebb1326af697dfa5c2b4f3ecd98709299aeeb200b7090891c28899210e55,536
configs/phase6/group_c_duplicates/CREATEORDER_V0_C0_F6_P0_C50_FAN2_S7002.yaml,12cec5bf709203258e4cafdde5b5ddc68b378fa49a3dc01e032ed0715879051b,536
configs/phase6/group_c_duplicates/CREATEORDER_V0_C0_F6_P0_C50_FAN2_S7003.yaml,b92856f17272399a51f1706a122e4884b021b3e19eb8b40b7c76ba72f5dbd183,536
configs/phase6/group_c_duplicates/CREATEORDER_V0_C0_F6_P0_C50_FAN2_S7004.yaml,2586084eca51e1dc9a33bb73e799f17f3fb1781be2cd15f551c7ba3c3ad32986,536
configs/phase6/group_c_duplicates/CREATEORDER_V0_C0_F6_P0_C50_FAN2_S7005.yaml,1b4bd49c038171c79d7729124384d7b6318a8aadecdcffc1083c697811da05f9,536
configs/phase6/group_c_duplicates/CREATEORDER_V0_C0_F6_P0_C50_FAN2_S7006.yaml,76226f23c82c82f19ec28ae1bc0f81a28bd376dc5eeba4bb925f93bcebce2532,536
configs/phase6/group_c_duplicates/CREATEORDER_V0_C0_F6_P0_C50_FAN2_S7007.yaml,9631d1a41692edf880aed6100ff4afbd368e6f91281dc0bf1abc4901d536e3c9,536
configs/phase6/group_c_duplicates/CREATEORDER_V0_C0_F6_P0_C50_FAN2_S7008.yaml,b9f38ecd180fe39f3ac57a4e9a55da2e40a78466f2ddb4e40eee2074c8e88977,536
configs/phase6/group_c_duplicates/CREATEORDER_V0_C0_F6_P0_C50_FAN2_S7009.yaml,b8a21add9a09763c0c54d41c9ee7dccb667e3c888b451eaae70513c0717bc299,536
configs/phase6/group_c_duplicates/CREATEORDER_V0_C0_F6_P0_C50_FAN5_S7000.yaml,ae30e3bfe28a5d0c388a417a596a366ca9f5a8aafd258502a1850adb3ba12665,536
configs/phase6/group_c_duplicates/CREATEORDER_V0_C0_F6_P0_C50_FAN5_S7001.yaml,6f1e64137060d2b41bdb2600d9f8db7a9b508067caf2665e58e6b0f7a31606db,536
configs/phase6/group_c_duplicates/CREATEORDER_V0_C0_F6_P0_C50_FAN5_S7002.yaml,c842b4bc7b9abcbfa16d07093b0d515a9a20b4e908831b41c701c680ab50ee52,536
configs/phase6/group_c_duplicates/CREATEORDER_V0_C0_F6_P0_C50_FAN5_S7003.yaml,f29fa5a3de4bf6fc6fdfc1a06e4a5ca7421f0ee5ccd5586e3620c752d29c0d81,536
configs/phase6/group_c_duplicates/CREATEORDER_V0_C0_F6_P0_C50_FAN5_S7004.yaml,961e0b756cb645f010fb6758063c2012de577e873f269a9ebc8500309ee23622,536
configs/phase6/group_c_duplicates/CREATEORDER_V0_C0_F6_P0_C50_FAN5_S7005.yaml,64237084cf54506e7426d12d11a16460a0353a7301d558f2c16f943e5372a555,536
configs/phase6/group_c_duplicates/CREATEORDER_V0_C0_F6_P0_C50_FAN5_S7006.yaml,770f9d3ad8fd1776a53278e122c6acb55f8db98e8e4dbb63aeff0da14e4bd35f,536
configs/phase6/group_c_duplicates/CREATEORDER_V0_C0_F6_P0_C50_FAN5_S7007.yaml,96764d9d8cfe6fa4ade490b1332cccbf4f498d038138abc59b048202c1b513c4,536
configs/phase6/group_c_duplicates/CREATEORDER_V0_C0_F6_P0_C50_FAN5_S7008.yaml,b9be94845738927e36d0e8cab466a71876610848ea4f5ba87566f06db51b5465,536
configs/phase6/group_c_duplicates/CREATEORDER_V0_C0_F6_P0_C50_FAN5_S7009.yaml,bcc6b66d05aba6422269e3d8942e3cdcd73285f21d4ee7835d5c46b8951d09ae,536
configs/phase6/group_c_duplicates/CREATEORDER_V0_C0_F6_P0_C50_S7000.yaml,7adf45b3fbd938fcf9878546a9b6ef4f6aed858b863da6a2216583a7b17e4406,533
configs/phase6/group_c_duplicates/CREATEORDER_V0_C0_F6_P0_C50_S7001.yaml,d805b1d152df02ea1a95fbd2f433e8ab066e06ffd1c7a5cd47894586891e626b,533
configs/phase6/group_c_duplicates/CREATEORDER_V0_C0_F6_P0_C50_S7002.yaml,d34cffe6c39b487a75fe242ab1c58646c0bf16b5136d5951ab732a123d9ba57e,533
configs/phase6/group_c_duplicates/CREATEORDER_V0_C0_F6_P0_C50_S7003.yaml,f27a60275713923a29e9d559de5e49a9a0b429d972d7108bce4753403430932e,533
configs/phase6/group_c_duplicates/CREATEORDER_V0_C0_F6_P0_C50_S7004.yaml,9431e320a68832d5bc4a9198ebe6f73e17c973ee8d1e506983663fc51086eb8d,533
configs/phase6/group_c_duplicates/CREATEORDER_V0_C0_F6_P0_C50_S7005.yaml,237520a4378c3f36cbbf4794117dfa75b53d6b7d5b9654add4ea3c3a055b9da8,533
configs/phase6/group_c_duplicates/CREATEORDER_V0_C0_F6_P0_C50_S7006.yaml,afc8a98201288e9358b6bf6ecd32786b0f62cf6b2caca57cc45e69cbc0bc9ea7,533
configs/phase6/group_c_duplicates/CREATEORDER_V0_C0_F6_P0_C50_S7007.yaml,a4873346bedd0ab85a0ac1b2ecbe8024cfa179c5614f313645fbe9d4963a11de,533
configs/phase6/group_c_duplicates/CREATEORDER_V0_C0_F6_P0_C50_S7008.yaml,69ca1811e6d12b2b213f5eddaceb90d2702f22ffb86a2f16bfa53e104b48a30e,533
configs/phase6/group_c_duplicates/CREATEORDER_V0_C0_F6_P0_C50_S7009.yaml,2e3ac2e5ca067f5dfe8988cbef9679738bb15b6875db41e6bd517c27bdb02ff4,533
configs/phase6/group_c_duplicates/CREATEORDER_V1_C1_F11_P0_C50_FAN10_S7000.yaml,4a2226c5e3b43bd622ff67124e028cca19cb329d18fd8be3126adeabaa1d59c1,541
configs/phase6/group_c_duplicates/CREATEORDER_V1_C1_F11_P0_C50_FAN10_S7001.yaml,bd22e235f37714737d56fc308237dae88a8d1062538be5946854db7e2fb4bfbc,541
configs/phase6/group_c_duplicates/CREATEORDER_V1_C1_F11_P0_C50_FAN10_S7002.yaml,e414685bbd9184fd3882c9db034253f2a4d06b05b449a0906434a79bce26df9d,541
configs/phase6/group_c_duplicates/CREATEORDER_V1_C1_F11_P0_C50_FAN10_S7003.yaml,59daa8d820af57554620a5e0fa9988307f39f56144fbf04a5690b8d4ac64a27b,541
configs/phase6/group_c_duplicates/CREATEORDER_V1_C1_F11_P0_C50_FAN10_S7004.yaml,f5d0245920a57ac31b5e24ae6e32ab915bde77eb0e6902fb7edf0d3d317e3f47,541
configs/phase6/group_c_duplicates/CREATEORDER_V1_C1_F11_P0_C50_FAN10_S7005.yaml,9f866dc4ddc809e932fd90012c73b9a24f7369a9717dbabb3f831edb021aa14a,541
configs/phase6/group_c_duplicates/CREATEORDER_V1_C1_F11_P0_C50_FAN10_S7006.yaml,d51bc044798a5c59f035c7e64f103a43a9ce60989582681b377f671d9cac7799,541
configs/phase6/group_c_duplicates/CREATEORDER_V1_C1_F11_P0_C50_FAN10_S7007.yaml,a22c80d092db629f5f7127707eab132a8302541acbc1a9a1253231bf94a2baff,541
configs/phase6/group_c_duplicates/CREATEORDER_V1_C1_F11_P0_C50_FAN10_S7008.yaml,2666325495fe9cbbcd753c1dce455aa0053aea86369f982da75382d03860e19a,541
configs/phase6/group_c_duplicates/CREATEORDER_V1_C1_F11_P0_C50_FAN10_S7009.yaml,fb4d40970c2bd0138ec6e3be6a5f0cb68893007a89277714a474b6f53e4ade07,541
configs/phase6/group_c_duplicates/CREATEORDER_V1_C1_F11_P0_C50_FAN2_S7000.yaml,6b418debc56679391e18cc979509f3a0d859ddb88e0d1752b538b0840bdd8f0d,538
configs/phase6/group_c_duplicates/CREATEORDER_V1_C1_F11_P0_C50_FAN2_S7001.yaml,654e7b6a10b5c46ad1c92f23d2835e2856766b21a775188ce3299552f94d6a4b,538
configs/phase6/group_c_duplicates/CREATEORDER_V1_C1_F11_P0_C50_FAN2_S7002.yaml,c18ef0ef15ee47b186a2dfb1c064a86458f9f37b7484e9ace1a22d22862d78e4,538
configs/phase6/group_c_duplicates/CREATEORDER_V1_C1_F11_P0_C50_FAN2_S7003.yaml,0f33c42b2f8572daabf6109b97c8770b0eb85c126714db55e12fe671b1843278,538
configs/phase6/group_c_duplicates/CREATEORDER_V1_C1_F11_P0_C50_FAN2_S7004.yaml,133a8eea5d3f70e95dfda2457b7c1af47fdc5311aa3c0f9f4ef21970320dd5a1,538
configs/phase6/group_c_duplicates/CREATEORDER_V1_C1_F11_P0_C50_FAN2_S7005.yaml,48ebd68f78caaa3c310aedb8c91402363ac448fb9bf0245722d59e0781b6722f,538
configs/phase6/group_c_duplicates/CREATEORDER_V1_C1_F11_P0_C50_FAN2_S7006.yaml,14e1caa9fb8588cd196797206927c4ca3da9154040e3774bb73b990bc06df4b8,538
configs/phase6/group_c_duplicates/CREATEORDER_V1_C1_F11_P0_C50_FAN2_S7007.yaml,8ab4e6fb616942c2f7fe58db7375cb93d8d3de99bc083bbcf77f4fadb60a0bf2,538
configs/phase6/group_c_duplicates/CREATEORDER_V1_C1_F11_P0_C50_FAN2_S7008.yaml,c2191ff84aef60d867dfe04bda577e40ff550ee1a932f37ae1ee4ec2975e86e8,538
configs/phase6/group_c_duplicates/CREATEORDER_V1_C1_F11_P0_C50_FAN2_S7009.yaml,d89d2df8b5a264e33bb085fa7eac81121664e011fda1048c0a06b7db3d26218a,538
configs/phase6/group_c_duplicates/CREATEORDER_V1_C1_F11_P0_C50_FAN5_S7000.yaml,bbbbbd3c7665822674630f3bc1d1664d7725c9c48b66d8ed3f696b62cd8f400a,538
configs/phase6/group_c_duplicates/CREATEORDER_V1_C1_F11_P0_C50_FAN5_S7001.yaml,cf32490036e2be20a6945813718ecabe0932d34054391c876ad26906ce540fc1,538
configs/phase6/group_c_duplicates/CREATEORDER_V1_C1_F11_P0_C50_FAN5_S7002.yaml,75ba8c9243eb6bc4f3a71af3df47216763ed8ff0c3a5656610df19e294143a08,538
configs/phase6/group_c_duplicates/CREATEORDER_V1_C1_F11_P0_C50_FAN5_S7003.yaml,dc4ff4b66cb893069d9e13ac2dbcef26562a7ff90a0aa84888f7b6f4921881aa,538
configs/phase6/group_c_duplicates/CREATEORDER_V1_C1_F11_P0_C50_FAN5_S7004.yaml,a518752dd4ac07f0bb5d4e4dec6cc2505866cb21fecca5ae37a072e12cecc895,538
configs/phase6/group_c_duplicates/CREATEORDER_V1_C1_F11_P0_C50_FAN5_S7005.yaml,e3a25db47f81f670f7646384c5de565647c67aa3e51219096f3a55a956f61b66,538
configs/phase6/group_c_duplicates/CREATEORDER_V1_C1_F11_P0_C50_FAN5_S7006.yaml,9a442d7a0e5356ca88f0076f61b94a60c2006ce3c47b33379e6d01e41651f574,538
configs/phase6/group_c_duplicates/CREATEORDER_V1_C1_F11_P0_C50_FAN5_S7007.yaml,dbdc9cf4586bcc576a6fbfdf9ac0dd3a77d9f1b255f5127710fea84e28e3e421,538
configs/phase6/group_c_duplicates/CREATEORDER_V1_C1_F11_P0_C50_FAN5_S7008.yaml,68ba01b1c52e96831a1a10dedf2678bf483f5294eb72b0fb75f218908f3545d7,538
configs/phase6/group_c_duplicates/CREATEORDER_V1_C1_F11_P0_C50_FAN5_S7009.yaml,a2584c621033d3e5e445b8d0b8b4e06273cdb0c0808f96a0866fac6d88fb134e,538
configs/phase6/group_c_duplicates/CREATEORDER_V1_C1_F11_P0_C50_S7000.yaml,251cdc78833353a0c501e8ce4fe160dc7a0a9b165e52b0826fbda1f16b111ed4,535
configs/phase6/group_c_duplicates/CREATEORDER_V1_C1_F11_P0_C50_S7001.yaml,8bb6ebf08abbfb1b57d80be4ef4a0149b4cf6dd14d03d5312c0225565a73e3c7,535
configs/phase6/group_c_duplicates/CREATEORDER_V1_C1_F11_P0_C50_S7002.yaml,67bb3bcd878577c8f0e7c4873f5c0e0f5e47c4e263ba0bed51c6875b2824cd70,535
configs/phase6/group_c_duplicates/CREATEORDER_V1_C1_F11_P0_C50_S7003.yaml,4170c22c52009107df930e9793092ad37322a37e28f24b53ddbce72276aaf7f8,535
configs/phase6/group_c_duplicates/CREATEORDER_V1_C1_F11_P0_C50_S7004.yaml,091dc3309de6e1b1c34bb435324f6ddd3ddadbef0e313b8a38ebecbffca2273d,535
configs/phase6/group_c_duplicates/CREATEORDER_V1_C1_F11_P0_C50_S7005.yaml,26c5166c6241588fc80b0ad648015967f920cd4642cba3f523a80474bdfb1a91,535
configs/phase6/group_c_duplicates/CREATEORDER_V1_C1_F11_P0_C50_S7006.yaml,a4f44dac522849c138c166bb7cfe21d6472723e54332e3c257a4e18341652dcb,535
configs/phase6/group_c_duplicates/CREATEORDER_V1_C1_F11_P0_C50_S7007.yaml,38e3d02ee7f7dcbb17e08eaa2309a26eb2574f8f6542e2831c6f1eab43cc3eee,535
configs/phase6/group_c_duplicates/CREATEORDER_V1_C1_F11_P0_C50_S7008.yaml,a609da91d5becbe6f8ec3fcca5e2a195d5f392b0e0d7e566a2c7a97cf93819d1,535
configs/phase6/group_c_duplicates/CREATEORDER_V1_C1_F11_P0_C50_S7009.yaml,e4b9fde4f4d0f39329fe4ebc0436fae52e42a418444aee3594495bde114ef080,535
configs/phase6/group_c_duplicates/CREATEORDER_V1_C1_F5_P0_C50_FAN10_S7000.yaml,2e375c6489d4c82553686cf6be06646b85378eae417bf6a1534d12bee643d975,539
configs/phase6/group_c_duplicates/CREATEORDER_V1_C1_F5_P0_C50_FAN10_S7001.yaml,6b586d26db6556c7284a74f460e54c72bb9634285228a886500b2990408c5347,539
configs/phase6/group_c_duplicates/CREATEORDER_V1_C1_F5_P0_C50_FAN10_S7002.yaml,c63221572167a563ddcd6d4c0071e95e8af96e7adb989c36163462bfda33f95d,539
configs/phase6/group_c_duplicates/CREATEORDER_V1_C1_F5_P0_C50_FAN10_S7003.yaml,c89fe33b75d7381ccd53da180938d1764b2f25819a1fbacbfacdba205bd979ce,539
configs/phase6/group_c_duplicates/CREATEORDER_V1_C1_F5_P0_C50_FAN10_S7004.yaml,fffb6161850d0d526df5dd4f0cdebee6ded65154270a80855a4d98eaab8ae279,539
configs/phase6/group_c_duplicates/CREATEORDER_V1_C1_F5_P0_C50_FAN10_S7005.yaml,3ed6cf1c328dd97bf28d863f8561053bef185331af46db9a208c646f9b7fec66,539
configs/phase6/group_c_duplicates/CREATEORDER_V1_C1_F5_P0_C50_FAN10_S7006.yaml,144d00a525d3f479267ede0d23c0ab6e9d369b3d559c302b12d756f3f26d5946,539
configs/phase6/group_c_duplicates/CREATEORDER_V1_C1_F5_P0_C50_FAN10_S7007.yaml,4b58e5ec4cc44f590cc0984f72153eb96c4e23e2d6c4a3f3b73d697c8bf129cf,539
configs/phase6/group_c_duplicates/CREATEORDER_V1_C1_F5_P0_C50_FAN10_S7008.yaml,3a92e5145584944d5e5446a62a89118f48579f1169f591ec519cce939f5492e1,539
configs/phase6/group_c_duplicates/CREATEORDER_V1_C1_F5_P0_C50_FAN10_S7009.yaml,e5c2e3953a00e7fc05b32338c30c2b862382b5a294c8242d17c0be3e31fe338a,539
configs/phase6/group_c_duplicates/CREATEORDER_V1_C1_F5_P0_C50_FAN2_S7000.yaml,e8f3449e7a7d732c933677e06701356eb86fd771d19687ec1cec90c99daab38a,536
configs/phase6/group_c_duplicates/CREATEORDER_V1_C1_F5_P0_C50_FAN2_S7001.yaml,2476f9f0fb53f409c311919592228b85b85fc1b1963b4fcd4663cd1bb3a0ecdc,536
configs/phase6/group_c_duplicates/CREATEORDER_V1_C1_F5_P0_C50_FAN2_S7002.yaml,7c9fdb101cf219c4c5323a2d82ee56fbd2bc1c9f72e63e9fdcf6e8fae8f3f1dd,536
configs/phase6/group_c_duplicates/CREATEORDER_V1_C1_F5_P0_C50_FAN2_S7003.yaml,7682c506d306753f0158956c190a4f21ccc757ee24a2144912a24eac8d4a2d0f,536
configs/phase6/group_c_duplicates/CREATEORDER_V1_C1_F5_P0_C50_FAN2_S7004.yaml,31839db31ce6c7af653f131039a36c792d46575dfa07409a2185bfa54fd3d4cf,536
configs/phase6/group_c_duplicates/CREATEORDER_V1_C1_F5_P0_C50_FAN2_S7005.yaml,841ddddd6f88eb8f826699c24fc474228b94f3b69ccb41e55db1491b301aef5a,536
configs/phase6/group_c_duplicates/CREATEORDER_V1_C1_F5_P0_C50_FAN2_S7006.yaml,86b0edef7a08f69e0d2736dd0234e39ab7091afbaab051229c0c9d167b3615f5,536
configs/phase6/group_c_duplicates/CREATEORDER_V1_C1_F5_P0_C50_FAN2_S7007.yaml,a05effdf85298d8ed2ab05ee6fe31f9b8ac7084fc2fb9bc60210d8be4d30cb07,536
configs/phase6/group_c_duplicates/CREATEORDER_V1_C1_F5_P0_C50_FAN2_S7008.yaml,c95a5b3422ce9736fd9670e210c1ab7d8fb1fc4300a538c294b672192a7d20de,536
configs/phase6/group_c_duplicates/CREATEORDER_V1_C1_F5_P0_C50_FAN2_S7009.yaml,0fa3504bf423c298b881524534533c608330a910497354b5cc7186ae4ea48169,536
configs/phase6/group_c_duplicates/CREATEORDER_V1_C1_F5_P0_C50_FAN5_S7000.yaml,da5ed4708b808717dc3c504dbbf1d7937c72aece8d0a9b5022147070afd497e6,536
configs/phase6/group_c_duplicates/CREATEORDER_V1_C1_F5_P0_C50_FAN5_S7001.yaml,5ff9f8efe5fd0e192077849e185984e262a922264361ebcaa91b043fb21defa0,536
configs/phase6/group_c_duplicates/CREATEORDER_V1_C1_F5_P0_C50_FAN5_S7002.yaml,c9c0ad5210d77d2d7f1e055ee8f2be0847f6d6badde051eab311b1472f24f9b6,536
configs/phase6/group_c_duplicates/CREATEORDER_V1_C1_F5_P0_C50_FAN5_S7003.yaml,b83646e4515388648402b6b7043447fbdbef0095fef2536008f3ce351af36272,536
configs/phase6/group_c_duplicates/CREATEORDER_V1_C1_F5_P0_C50_FAN5_S7004.yaml,a769ccdfb916ac811316cea206e34c0c1f6b7f28c4458648e12791896f7a1223,536
configs/phase6/group_c_duplicates/CREATEORDER_V1_C1_F5_P0_C50_FAN5_S7005.yaml,949107a046f8c8bb26dcdc657b34a2b3877e21a36da1d7e67c2208183b334521,536
configs/phase6/group_c_duplicates/CREATEORDER_V1_C1_F5_P0_C50_FAN5_S7006.yaml,afc1793a2601418c7f5d317b118440fb643d4896560228469ae27945933579df,536
configs/phase6/group_c_duplicates/CREATEORDER_V1_C1_F5_P0_C50_FAN5_S7007.yaml,856d8ec5a6af1ff7ac8be7cae26642b8e542487cc77e1e435fcf97bbb7b45e8e,536
configs/phase6/group_c_duplicates/CREATEORDER_V1_C1_F5_P0_C50_FAN5_S7008.yaml,3c7901262c6ae4f3c721f11166d70184f1ff8b04814d5ce35cc2d9a5b61ac350,536
configs/phase6/group_c_duplicates/CREATEORDER_V1_C1_F5_P0_C50_FAN5_S7009.yaml,f31a3d6c3900fffa69d229d938946fa19c56ac7361cac9459905d29a841790f9,536
configs/phase6/group_c_duplicates/CREATEORDER_V1_C1_F5_P0_C50_S7000.yaml,2a687ee3e493232d5b85ff269450b6b22261a461a690a465535e05fb0abdb493,533
configs/phase6/group_c_duplicates/CREATEORDER_V1_C1_F5_P0_C50_S7001.yaml,cc6254af4b32155665f10f06cfa27c0f308f1658f2d6313a48025fdf072d5036,533
configs/phase6/group_c_duplicates/CREATEORDER_V1_C1_F5_P0_C50_S7002.yaml,c1035ca75e89e5d4759c9f7ee0a6bceae78640248fbfc389ff4cdb1a5cc85de7,533
configs/phase6/group_c_duplicates/CREATEORDER_V1_C1_F5_P0_C50_S7003.yaml,8ca6a536975e968dcecc5b0b60f64d6e7870d8d3ce99880c36e1e1a5fae33d59,533
configs/phase6/group_c_duplicates/CREATEORDER_V1_C1_F5_P0_C50_S7004.yaml,1563aab16cb92e02c8486fee85ea6bcb17ef742f0d6976108b47280b8dcfaec5,533
configs/phase6/group_c_duplicates/CREATEORDER_V1_C1_F5_P0_C50_S7005.yaml,c414a0aac41064e842f0f08b0e6110b3d865bef9f789f079ab395b3a1c85ebbb,533
configs/phase6/group_c_duplicates/CREATEORDER_V1_C1_F5_P0_C50_S7006.yaml,d1e07b81978c0558fbb35bc44eb7d18e8ab970d2319085c52cf4dd4adab360c0,533
configs/phase6/group_c_duplicates/CREATEORDER_V1_C1_F5_P0_C50_S7007.yaml,f466f35634bf8df9f8b84567df5486a801d9a29516f8c39f18cf286d9acc55c8,533
configs/phase6/group_c_duplicates/CREATEORDER_V1_C1_F5_P0_C50_S7008.yaml,ebe89e22d098bc6ffadaf5cfd5a29b0787717fcd2c2e6950266a3c4b0c690530,533
configs/phase6/group_c_duplicates/CREATEORDER_V1_C1_F5_P0_C50_S7009.yaml,c5f058b0aa901cdced175c8ed5d56b4047d7f903f4089d2c70bafe3dc7dcf54d,533
configs/phase6/group_c_duplicates/CREATEORDER_V1_C1_F6_P0_C50_FAN10_S7000.yaml,a304588df13733d1bc4eadf1c17bfc334689d34a6c12e122a24e151683a9dcb8,539
configs/phase6/group_c_duplicates/CREATEORDER_V1_C1_F6_P0_C50_FAN10_S7001.yaml,e77e6f1c2c1bbb49515fd13c918672b78d223a2c513b94b1b410fcfb16d99b62,539
configs/phase6/group_c_duplicates/CREATEORDER_V1_C1_F6_P0_C50_FAN10_S7002.yaml,c55aeb91c126381ce7ca50a2197561ce9701f42af48eb322af62fdc3348241a4,539
configs/phase6/group_c_duplicates/CREATEORDER_V1_C1_F6_P0_C50_FAN10_S7003.yaml,797dbb4e6541943ff99bcd2373fc1a98fcee4d68160e721125e5a3b266d3e825,539
configs/phase6/group_c_duplicates/CREATEORDER_V1_C1_F6_P0_C50_FAN10_S7004.yaml,1bc7687f4b2cdb4bf7cd8bfc2ebe1f408f14972de026f5b5eae3962eff474a8d,539
configs/phase6/group_c_duplicates/CREATEORDER_V1_C1_F6_P0_C50_FAN10_S7005.yaml,845a32c83ab2b694efe88aace986beb7f85745b17a608877975f3ccc5af9871c,539
configs/phase6/group_c_duplicates/CREATEORDER_V1_C1_F6_P0_C50_FAN10_S7006.yaml,890b5124251b641a7b3004217cc5d447aa5c75be40b371f90be8660aebbd69b8,539
configs/phase6/group_c_duplicates/CREATEORDER_V1_C1_F6_P0_C50_FAN10_S7007.yaml,6ba5cfb6783b236a4debaad1d1a899f7c5d7e2a3f016bd7750a52b82e80c5ca4,539
configs/phase6/group_c_duplicates/CREATEORDER_V1_C1_F6_P0_C50_FAN10_S7008.yaml,827bb403c667364ca560b536a98dbcedf315ed9653c1629e1b9dc17219081c06,539
configs/phase6/group_c_duplicates/CREATEORDER_V1_C1_F6_P0_C50_FAN10_S7009.yaml,cbc95467d636c8e830a884ffe4d9e0cc84f176fe65587b6f9ba8c81abdf27b09,539
configs/phase6/group_c_duplicates/CREATEORDER_V1_C1_F6_P0_C50_FAN2_S7000.yaml,8d1773e770cf81ad2001efadaeb23c04f2f9894b088c48cb68cdf3d880c7e5d4,536
configs/phase6/group_c_duplicates/CREATEORDER_V1_C1_F6_P0_C50_FAN2_S7001.yaml,524dc376ca9d22aac4331ca997fcb571bd084e5ddd7e1a2c33ff00a6d3d2a488,536
configs/phase6/group_c_duplicates/CREATEORDER_V1_C1_F6_P0_C50_FAN2_S7002.yaml,6c9bcb1738acea5eed7a07e53aa46ed003feaf9a0b9ac9afcade3326a7d3f7bf,536
configs/phase6/group_c_duplicates/CREATEORDER_V1_C1_F6_P0_C50_FAN2_S7003.yaml,6fb1d4452e1c5396b3a60a0d861224d3da01452c58f55cd619404522d415ac40,536
configs/phase6/group_c_duplicates/CREATEORDER_V1_C1_F6_P0_C50_FAN2_S7004.yaml,19f1353e9b3bf28bfc2ffe85cbdf4f018becf6fbfed7e7dc25ea6ed484ef8e15,536
configs/phase6/group_c_duplicates/CREATEORDER_V1_C1_F6_P0_C50_FAN2_S7005.yaml,e0b58248699ae0336f95afedc035d66d1de9627858ac71a09f9c8872528743de,536
configs/phase6/group_c_duplicates/CREATEORDER_V1_C1_F6_P0_C50_FAN2_S7006.yaml,28be62375c8624a675d53e641c4a446d5737da5607787b1b34628298b6b5f941,536
configs/phase6/group_c_duplicates/CREATEORDER_V1_C1_F6_P0_C50_FAN2_S7007.yaml,ccfa04cc3d34e12fe0b2fa54b6657c05260d4b1cb2a2126220c43b6241679722,536
configs/phase6/group_c_duplicates/CREATEORDER_V1_C1_F6_P0_C50_FAN2_S7008.yaml,363557b86782260fe9720c2eedae0b770a95cafa98217b1f3d04aae421d9c479,536
configs/phase6/group_c_duplicates/CREATEORDER_V1_C1_F6_P0_C50_FAN2_S7009.yaml,a3b0139833fc7f53064c1b1163da4f095f282dd5a1f9634a60851de4eb8046f6,536
configs/phase6/group_c_duplicates/CREATEORDER_V1_C1_F6_P0_C50_FAN5_S7000.yaml,2edfc635910c1aff76ce1a04e87f69425f79520b2dcf67471681a4082db192e4,536
configs/phase6/group_c_duplicates/CREATEORDER_V1_C1_F6_P0_C50_FAN5_S7001.yaml,106ad01a06f9980351a910e82369d8159fd552c98b895e21548334e3a3f607e9,536
configs/phase6/group_c_duplicates/CREATEORDER_V1_C1_F6_P0_C50_FAN5_S7002.yaml,8ab1b808f54aa15c84a672c217cba5e7d9d9a6841b23886e237e119a12c2691d,536
configs/phase6/group_c_duplicates/CREATEORDER_V1_C1_F6_P0_C50_FAN5_S7003.yaml,17af2ae5eb770d8a61e70dcd1cb0b022ed3cec1bdd33fd9195103197c4552274,536
configs/phase6/group_c_duplicates/CREATEORDER_V1_C1_F6_P0_C50_FAN5_S7004.yaml,ec2a3b34f8c5bf6ec89f90122c365d15057cd1c9ec25d4e0b92a279f8b509ce7,536
configs/phase6/group_c_duplicates/CREATEORDER_V1_C1_F6_P0_C50_FAN5_S7005.yaml,0e69a9daff3f1b64dec57a9d82233afed8c9e9b7bb94937f841966abd200cc74,536
configs/phase6/group_c_duplicates/CREATEORDER_V1_C1_F6_P0_C50_FAN5_S7006.yaml,68eff60c1500b79fbfcc92028c62810e3203de24b723a1a4e3d8eb70e6004082,536
configs/phase6/group_c_duplicates/CREATEORDER_V1_C1_F6_P0_C50_FAN5_S7007.yaml,79a967557804c0097aaaeab0b00f66bde33c7ba5b6acf0f806199193cfe90431,536
configs/phase6/group_c_duplicates/CREATEORDER_V1_C1_F6_P0_C50_FAN5_S7008.yaml,331f31394072682ba85ccf080ece610775db6d120fb739c2b96ec0a93db967f2,536
configs/phase6/group_c_duplicates/CREATEORDER_V1_C1_F6_P0_C50_FAN5_S7009.yaml,488785b5e015063a4da10c3dd6b5da1ef8e23a025f157baf8f3d8907b7f64c06,536
configs/phase6/group_c_duplicates/CREATEORDER_V1_C1_F6_P0_C50_S7000.yaml,d72034faca17adc083f04d858c933b66e89cff4f76259b7d0625b7fc513e9d52,533
configs/phase6/group_c_duplicates/CREATEORDER_V1_C1_F6_P0_C50_S7001.yaml,64121299ec02eb67c09e77ba8e5d4284367480129d83097fd8e2af9ece6529f4,533
configs/phase6/group_c_duplicates/CREATEORDER_V1_C1_F6_P0_C50_S7002.yaml,5de2b3ac95381483167f5bde86237223ee829675e441209d10803043fc30d6b6,533
configs/phase6/group_c_duplicates/CREATEORDER_V1_C1_F6_P0_C50_S7003.yaml,242da028476b22f76f5dca8d65b0f13a887367779b49c22dbbe1f56eed490f53,533
configs/phase6/group_c_duplicates/CREATEORDER_V1_C1_F6_P0_C50_S7004.yaml,be581bcd5109eef3146fe3af85ba3e51572eac2bc9e9380f7fae746e0aafac0d,533
configs/phase6/group_c_duplicates/CREATEORDER_V1_C1_F6_P0_C50_S7005.yaml,9176d6645ca045df2843a2aaa7144d9bd6ba34c2f2b80bcf9cb94d69be68f779,533
configs/phase6/group_c_duplicates/CREATEORDER_V1_C1_F6_P0_C50_S7006.yaml,c90ea410cd5a98f5ea93607981d8b2c55ed2178fb34555107c45bdb3331c5699,533
configs/phase6/group_c_duplicates/CREATEORDER_V1_C1_F6_P0_C50_S7007.yaml,ac99c9a06c1722c882b7c1730fea4010690938495e73e8687a1e8ec2dc377a2a,533
configs/phase6/group_c_duplicates/CREATEORDER_V1_C1_F6_P0_C50_S7008.yaml,bc38009f8bb094f2f8a2f401a6ab620e1be9343601dce6e262109ef3e25021cc,533
configs/phase6/group_c_duplicates/CREATEORDER_V1_C1_F6_P0_C50_S7009.yaml,ae778cd1ce49408061ae41fb0439970b3c33a420b7f7bdb6c454ded6eb7c5886,533
configs/phase6/group_c_duplicates/CREATEORDER_V2_C1_F11_P0_C50_FAN10_S7000.yaml,aa2c35f92005aa7e7f3401659ee0c8d6dc8a92272857e70e8f72c093dcde6d9c,541
configs/phase6/group_c_duplicates/CREATEORDER_V2_C1_F11_P0_C50_FAN10_S7001.yaml,f354a4b17ed74b06b6de50ac18749c4541c0c983201f965c86cc19f9b14adc73,541
configs/phase6/group_c_duplicates/CREATEORDER_V2_C1_F11_P0_C50_FAN10_S7002.yaml,a63c988e50d4d6c017c7efa70b628371d362650a86db1538a29df45b7d883cde,541
configs/phase6/group_c_duplicates/CREATEORDER_V2_C1_F11_P0_C50_FAN10_S7003.yaml,ded78d0bb870d9f872e4ad5c3b9a8a5e88daa8567cf584db9bc8bfe357368241,541
configs/phase6/group_c_duplicates/CREATEORDER_V2_C1_F11_P0_C50_FAN10_S7004.yaml,0e956ec82b66d27674634be9f1acd20939679e9d8100234407b61aea948ebb3b,541
configs/phase6/group_c_duplicates/CREATEORDER_V2_C1_F11_P0_C50_FAN10_S7005.yaml,f38b9f9bed30f170c3995d741d1281df7aadae5bc253a660647c901d2b5aa0f9,541
configs/phase6/group_c_duplicates/CREATEORDER_V2_C1_F11_P0_C50_FAN10_S7006.yaml,e6a81a1191854693948adca47eb52c0a9e9f29d7c466c1f9261304b983c1fd50,541
configs/phase6/group_c_duplicates/CREATEORDER_V2_C1_F11_P0_C50_FAN10_S7007.yaml,2e98bc9c962494441a9193396cfa2f9a09378dc47aa8125ca2fb85c4f29e6946,541
configs/phase6/group_c_duplicates/CREATEORDER_V2_C1_F11_P0_C50_FAN10_S7008.yaml,5e16f8c901a325057758ec00c1501e948a219babf4531d0265b4cb1d37638648,541
configs/phase6/group_c_duplicates/CREATEORDER_V2_C1_F11_P0_C50_FAN10_S7009.yaml,ce6cf7fea25ab6f64e016253e93366b5b15ea42e6335391fdfd55f68138975ff,541
configs/phase6/group_c_duplicates/CREATEORDER_V2_C1_F11_P0_C50_FAN2_S7000.yaml,a396a7adf9eee2f98f77a5156e6bf67ce6066f6009c765c7dcda05c29409ef60,538
configs/phase6/group_c_duplicates/CREATEORDER_V2_C1_F11_P0_C50_FAN2_S7001.yaml,834eec377c93ac61017d940be16decad9559701185293d8cdf122a72c7254e0b,538
configs/phase6/group_c_duplicates/CREATEORDER_V2_C1_F11_P0_C50_FAN2_S7002.yaml,4d2ba4320cb0d29a825c39666e5673dc3ec37fc4a97499c7589c2ffef6bf557b,538
configs/phase6/group_c_duplicates/CREATEORDER_V2_C1_F11_P0_C50_FAN2_S7003.yaml,930334df3ece4400a0d76874cd6e64410aa1610401c7297bebee6488b2f11683,538
configs/phase6/group_c_duplicates/CREATEORDER_V2_C1_F11_P0_C50_FAN2_S7004.yaml,6501556e9723ee9f1a167bd66dd71b9cacde1909bfd16e2baa45213aa314d5b1,538
configs/phase6/group_c_duplicates/CREATEORDER_V2_C1_F11_P0_C50_FAN2_S7005.yaml,8b3db658e74987180f74314113ff7e1db03911aca1d11b1caba61409c495212f,538
configs/phase6/group_c_duplicates/CREATEORDER_V2_C1_F11_P0_C50_FAN2_S7006.yaml,9169782d749787085ee775cb7280346f258e6e08e4cdbc2f15b70c1eb09cf841,538
configs/phase6/group_c_duplicates/CREATEORDER_V2_C1_F11_P0_C50_FAN2_S7007.yaml,ad9bd691f60105c103d8e1d62cd00444f80697170fc823f029b5ab171df23b0b,538
configs/phase6/group_c_duplicates/CREATEORDER_V2_C1_F11_P0_C50_FAN2_S7008.yaml,f4caf6918cfe7397f11fed20f809dd0300a8df10aaed121ee12193f6ce87e71f,538
configs/phase6/group_c_duplicates/CREATEORDER_V2_C1_F11_P0_C50_FAN2_S7009.yaml,6065f5d7811182661c9f0666a9eec92bb50cfe3295f404d1f43517357173b36d,538
configs/phase6/group_c_duplicates/CREATEORDER_V2_C1_F11_P0_C50_FAN5_S7000.yaml,a38e6a1fce5c544d30adbd55c7e65eb16e58635fd60e1f3271ca794f0883dfcd,538
configs/phase6/group_c_duplicates/CREATEORDER_V2_C1_F11_P0_C50_FAN5_S7001.yaml,298f1ee162a783a1689ea5caa02f8aa107395a013d6640d582e36a854db10868,538
configs/phase6/group_c_duplicates/CREATEORDER_V2_C1_F11_P0_C50_FAN5_S7002.yaml,469eac2e0c6cf2e4e479f0e2706300c220209148e7a94b00777dab0c30ade1dd,538
configs/phase6/group_c_duplicates/CREATEORDER_V2_C1_F11_P0_C50_FAN5_S7003.yaml,c56f2b553b933eb7d9aa7ba1dfb8bbea270a2f292562462c92013abf82b94660,538
configs/phase6/group_c_duplicates/CREATEORDER_V2_C1_F11_P0_C50_FAN5_S7004.yaml,5d14c1de9905b9dcd099a7acc30b66b4ef3dd87e77ea834a1d859a9f4700c4e8,538
configs/phase6/group_c_duplicates/CREATEORDER_V2_C1_F11_P0_C50_FAN5_S7005.yaml,45bb8ae3d883c1cb6c67ec5589e7033ba023231e29d519a19a8ef977aee890ef,538
configs/phase6/group_c_duplicates/CREATEORDER_V2_C1_F11_P0_C50_FAN5_S7006.yaml,c0d9e2aa66bd0628808e0b9731c6f121b2996ebca78f6b4f3bbbcea21977a963,538
configs/phase6/group_c_duplicates/CREATEORDER_V2_C1_F11_P0_C50_FAN5_S7007.yaml,80f36a686cbc30df343600ecf3f523ce1e0e2c1858363ae7ec16c47570242288,538
configs/phase6/group_c_duplicates/CREATEORDER_V2_C1_F11_P0_C50_FAN5_S7008.yaml,146452a64abad8c5ad4880f275ef1549c4e822b44f6cbdb351d3d9af72d5d021,538
configs/phase6/group_c_duplicates/CREATEORDER_V2_C1_F11_P0_C50_FAN5_S7009.yaml,6c3982483d95dd51dd022307432c02ea1bd0314e186094ca3c9c03f03841d7aa,538
configs/phase6/group_c_duplicates/CREATEORDER_V2_C1_F11_P0_C50_S7000.yaml,50a905800291cba7fa58a2761a6f27b14dc0ba64c994b08d4a5bb952f7208a22,535
configs/phase6/group_c_duplicates/CREATEORDER_V2_C1_F11_P0_C50_S7001.yaml,569951c79debe751088b95eb284d87e0c717bf20c57fc90f982ef43e3536fbae,535
configs/phase6/group_c_duplicates/CREATEORDER_V2_C1_F11_P0_C50_S7002.yaml,e3f295ffa7f3675a4c5028bfb20f88550b030faf2380883c901c09ddc35c9dfc,535
configs/phase6/group_c_duplicates/CREATEORDER_V2_C1_F11_P0_C50_S7003.yaml,560d759f2fe3202d9af6c8e8abbfb2e779a6b33f4212d8eb40acb7a45d43f7af,535
configs/phase6/group_c_duplicates/CREATEORDER_V2_C1_F11_P0_C50_S7004.yaml,2e7b11b9c0fda6b4ab20450d4d5f842a53c5ad6c0fd6f16bc4960214b5516f34,535
configs/phase6/group_c_duplicates/CREATEORDER_V2_C1_F11_P0_C50_S7005.yaml,3224ed67591a73352fc85db2cede7f5d4a1dbc5491c5b4440e98bcf0ab51879e,535
configs/phase6/group_c_duplicates/CREATEORDER_V2_C1_F11_P0_C50_S7006.yaml,0910182ddafe2c230de36dc02a6d434fa85d86aaf5b2acef4e6f39bd517945d2,535
configs/phase6/group_c_duplicates/CREATEORDER_V2_C1_F11_P0_C50_S7007.yaml,95fcf076c2e186cee7be15245a74c16406b6ed0b160ef3f050c1f142ff7bf135,535
configs/phase6/group_c_duplicates/CREATEORDER_V2_C1_F11_P0_C50_S7008.yaml,75af04267b2ac5d325fb89de42a8ce643fdc261ed6441b3f1ef46e039b333da2,535
configs/phase6/group_c_duplicates/CREATEORDER_V2_C1_F11_P0_C50_S7009.yaml,ef13b21092f6c9b6021a33329130f54144c756db620760f0f39f7fee6519bf1c,535
configs/phase6/group_c_duplicates/CREATEORDER_V2_C1_F5_P0_C50_FAN10_S7000.yaml,13c2b2c50d8897c3728e96dac66b78c62690d0375638b4d1610b33d3be87d3c4,539
configs/phase6/group_c_duplicates/CREATEORDER_V2_C1_F5_P0_C50_FAN10_S7001.yaml,402daf279cbcb576308629feb6c8f9c96957497d5ac93231d008a05530a04e62,539
configs/phase6/group_c_duplicates/CREATEORDER_V2_C1_F5_P0_C50_FAN10_S7002.yaml,f9d41abf79861c5f98c411fca1577f737b214012e1e63d2aa373da3e3c142608,539
configs/phase6/group_c_duplicates/CREATEORDER_V2_C1_F5_P0_C50_FAN10_S7003.yaml,254db4ba7c3f15c000d6f989ded44cc33b5473ac179928925f49ae1097218099,539
configs/phase6/group_c_duplicates/CREATEORDER_V2_C1_F5_P0_C50_FAN10_S7004.yaml,feba1758720424da25960bfa0bfc018fe563b98c5ba11f82154b5658d1f3a81b,539
configs/phase6/group_c_duplicates/CREATEORDER_V2_C1_F5_P0_C50_FAN10_S7005.yaml,0ed9cc4115133b18fab0ad7dc7630f3a18a91bdbaf8113843573b09094cca544,539
configs/phase6/group_c_duplicates/CREATEORDER_V2_C1_F5_P0_C50_FAN10_S7006.yaml,7c0c0e0c863874849db4eb5b2259fda8d90ae2c429fd74036bd86706795a67fe,539
configs/phase6/group_c_duplicates/CREATEORDER_V2_C1_F5_P0_C50_FAN10_S7007.yaml,d0aafb1fc23f0ab2ba11de682e59aace7ea0f4befc32220cd60bd96d52117816,539
configs/phase6/group_c_duplicates/CREATEORDER_V2_C1_F5_P0_C50_FAN10_S7008.yaml,70af44e001ea3338f562b2ec587a8e76c4279882ccd4223c39508042cc6d2d90,539
configs/phase6/group_c_duplicates/CREATEORDER_V2_C1_F5_P0_C50_FAN10_S7009.yaml,77f45871bf3d63e4ffcc89f31ba9a5cbc1fa7eb1662da9d0a62919e8fa52b19a,539
configs/phase6/group_c_duplicates/CREATEORDER_V2_C1_F5_P0_C50_FAN2_S7000.yaml,ce36e004c93e0e26532e780a8013b02a90bc0a6f0246e366285dfbc8d5b09e58,536
configs/phase6/group_c_duplicates/CREATEORDER_V2_C1_F5_P0_C50_FAN2_S7001.yaml,a7275187445238e27bad605d036cd3fb79ca13043ae457a866ac1b78ed1515c5,536
configs/phase6/group_c_duplicates/CREATEORDER_V2_C1_F5_P0_C50_FAN2_S7002.yaml,4b1ae87b65e0fb237cdacee8b48a7726782f23bfab944dcd560a069fff515075,536
configs/phase6/group_c_duplicates/CREATEORDER_V2_C1_F5_P0_C50_FAN2_S7003.yaml,0d58ca89f2da339a44e175cf8f811194acdd1dc70ea2610f590b69975e95ab65,536
configs/phase6/group_c_duplicates/CREATEORDER_V2_C1_F5_P0_C50_FAN2_S7004.yaml,e86f9a7bacf50a083bc490ec714952e30fc71c7b457072dcfdff4c45ce47a765,536
configs/phase6/group_c_duplicates/CREATEORDER_V2_C1_F5_P0_C50_FAN2_S7005.yaml,d752eea8a504ea727a6dbd9604d436bfe0bf9e0aca7111b0af7f5169d12afd0c,536
configs/phase6/group_c_duplicates/CREATEORDER_V2_C1_F5_P0_C50_FAN2_S7006.yaml,d5c6a443f29fef07956a126fcdf6c75edf8946f2b5e7cfbbd23d08df18930288,536
configs/phase6/group_c_duplicates/CREATEORDER_V2_C1_F5_P0_C50_FAN2_S7007.yaml,5aca8d5b181216ec3f98a3b28c0dcbf9b8cef6d7972c31031f0fbd5cf84b91b9,536
configs/phase6/group_c_duplicates/CREATEORDER_V2_C1_F5_P0_C50_FAN2_S7008.yaml,920a92c21d4378082563bd0ce4318bd7542eac0c3d2cb1e5c816f9ddecc5b288,536
configs/phase6/group_c_duplicates/CREATEORDER_V2_C1_F5_P0_C50_FAN2_S7009.yaml,d1c77388b02ad4b2ebe3662fba82700f8fc923879072ef88ef75fc8c8d50d048,536
configs/phase6/group_c_duplicates/CREATEORDER_V2_C1_F5_P0_C50_FAN5_S7000.yaml,c8cc80e735e4b25a9989a91e085a0bcbaf43354d788483d650dffab1accc416c,536
configs/phase6/group_c_duplicates/CREATEORDER_V2_C1_F5_P0_C50_FAN5_S7001.yaml,bc62f2930367c24a168effee4f258384efd8ff2f806a6007e3a0919531a0f651,536
configs/phase6/group_c_duplicates/CREATEORDER_V2_C1_F5_P0_C50_FAN5_S7002.yaml,6caa5d09680e61232e840919b4544b30c329606c5389044262048b574d35b7d6,536
configs/phase6/group_c_duplicates/CREATEORDER_V2_C1_F5_P0_C50_FAN5_S7003.yaml,711cd46a788906d0e840ffb6aa38ae0188e1442e422a3b0b15be822f2b790055,536
configs/phase6/group_c_duplicates/CREATEORDER_V2_C1_F5_P0_C50_FAN5_S7004.yaml,8173d79fcc03740a1dd4d9f1b9c4a7387bfaed08dc3120fb236da41132b4ded0,536
configs/phase6/group_c_duplicates/CREATEORDER_V2_C1_F5_P0_C50_FAN5_S7005.yaml,6a1eea699019e84b36d389ac00b9fbbe06ad56cb0ca1e9ce5daf8f86f34699e4,536
configs/phase6/group_c_duplicates/CREATEORDER_V2_C1_F5_P0_C50_FAN5_S7006.yaml,d7e83660e5dfb971acfd4603efc688be3abde05d451732bdfecc3af8746bddcf,536
configs/phase6/group_c_duplicates/CREATEORDER_V2_C1_F5_P0_C50_FAN5_S7007.yaml,b3b9b654040eaa4faae9a968212adbecd9133b22d03df6915907a915612c11f1,536
configs/phase6/group_c_duplicates/CREATEORDER_V2_C1_F5_P0_C50_FAN5_S7008.yaml,ced56f5410f4147fcc2657ca18869f66c54014e19a5cb55265fcd40e10f78044,536
configs/phase6/group_c_duplicates/CREATEORDER_V2_C1_F5_P0_C50_FAN5_S7009.yaml,09c9f342bebc498263530d57e42b9b69f62ef5b510c3826809b1eb88eedaf6cf,536
configs/phase6/group_c_duplicates/CREATEORDER_V2_C1_F5_P0_C50_S7000.yaml,1f7856d8061b224894f8733767c02a2826a7411122efa94ca5e77c5e02829e6a,533
configs/phase6/group_c_duplicates/CREATEORDER_V2_C1_F5_P0_C50_S7001.yaml,d304705bece4962f511ee998fa606c5261fc66c3bacc07a2fe6e583dae700aa9,533
configs/phase6/group_c_duplicates/CREATEORDER_V2_C1_F5_P0_C50_S7002.yaml,73abf3f686d37c63244ff5ca9dc35998a77035b6f91f7540dc3e96ba3df9af83,533
configs/phase6/group_c_duplicates/CREATEORDER_V2_C1_F5_P0_C50_S7003.yaml,7298c1d616968f90ad9db5099a7abc15289acdd21b7fa69a28e4e5387f8b2090,533
configs/phase6/group_c_duplicates/CREATEORDER_V2_C1_F5_P0_C50_S7004.yaml,879fa3fee12fb4a87ccfcb696d68be514855587c7f14cae80a48ba271f70b2dd,533
configs/phase6/group_c_duplicates/CREATEORDER_V2_C1_F5_P0_C50_S7005.yaml,df5e6676d41f1bd85cf89cc72dbc037ee9d8542323dea76e97ae0fc48f19f2b5,533
configs/phase6/group_c_duplicates/CREATEORDER_V2_C1_F5_P0_C50_S7006.yaml,710fda620ac236c2b578df43495519bf6868f0eef9efcce86fcc77b51b51a2ba,533
configs/phase6/group_c_duplicates/CREATEORDER_V2_C1_F5_P0_C50_S7007.yaml,88cf943ffacdd83a7081b2986e1406d0da9b2be48b3e57c155e46f29447565f7,533
configs/phase6/group_c_duplicates/CREATEORDER_V2_C1_F5_P0_C50_S7008.yaml,704df385bd51ec940f6c5050f840ee5400cc12603fee3620defecd1fff31138c,533
configs/phase6/group_c_duplicates/CREATEORDER_V2_C1_F5_P0_C50_S7009.yaml,8d833ee60ff584e453d78c499528f37e8612c6a8f3da396e44737f652d49c8f4,533
configs/phase6/group_c_duplicates/CREATEORDER_V2_C1_F6_P0_C50_FAN10_S7000.yaml,1f96bb991f057bad2121519f5f0830391b53215cf80e2f8c8507589647b39f2e,539
configs/phase6/group_c_duplicates/CREATEORDER_V2_C1_F6_P0_C50_FAN10_S7001.yaml,c18a01f745715b4e60f0ef8d9c4ee097b8b2a93ca10d8a5ce21c9ebb6b7ca788,539
configs/phase6/group_c_duplicates/CREATEORDER_V2_C1_F6_P0_C50_FAN10_S7002.yaml,db445f3853e6dc434f7932217f8fcf3b73b077c5e2e95141efad13e5304d614e,539
configs/phase6/group_c_duplicates/CREATEORDER_V2_C1_F6_P0_C50_FAN10_S7003.yaml,e93127c09ff4b114c8d35408586ede4a645ccc14078057690708b39ca12f1d4c,539
configs/phase6/group_c_duplicates/CREATEORDER_V2_C1_F6_P0_C50_FAN10_S7004.yaml,2f720b70dee7753c67684c18d1ae61e9bbe3fca4f08cb10dedcb89852099634b,539
configs/phase6/group_c_duplicates/CREATEORDER_V2_C1_F6_P0_C50_FAN10_S7005.yaml,ca4c0f05e1e2551180b889c70210ba4c40e1b99f8c74dfacd208e7d686b53aa1,539
configs/phase6/group_c_duplicates/CREATEORDER_V2_C1_F6_P0_C50_FAN10_S7006.yaml,7a2b1260ffd9303a3d020ceb950f971e2ec654c3f5ae0f0448c9d1cc0b8f59cc,539
configs/phase6/group_c_duplicates/CREATEORDER_V2_C1_F6_P0_C50_FAN10_S7007.yaml,1f90331d5906b4ed45920f1bf63c638c4c1a0e65a58455c6675bd0b6ccc2affd,539
configs/phase6/group_c_duplicates/CREATEORDER_V2_C1_F6_P0_C50_FAN10_S7008.yaml,53a34f3dd131b7aba96909a0cc3ecb07be246503f2d56b1cb8e05b9cfb3fd2d4,539
configs/phase6/group_c_duplicates/CREATEORDER_V2_C1_F6_P0_C50_FAN10_S7009.yaml,59714e6f6fbcb4b194d3983820d430461ec3597418b413676d27eac890b81606,539
configs/phase6/group_c_duplicates/CREATEORDER_V2_C1_F6_P0_C50_FAN2_S7000.yaml,cb31c6d613c6e67466cb567e308729bda447638f2ede13121ca3703142475baf,536
configs/phase6/group_c_duplicates/CREATEORDER_V2_C1_F6_P0_C50_FAN2_S7001.yaml,5202231975b137289792262903a00599ea9b1e119cfce72871f8dff837a19bae,536
configs/phase6/group_c_duplicates/CREATEORDER_V2_C1_F6_P0_C50_FAN2_S7002.yaml,dc2d962baaa318585cedab90e2bbb032feacf8e89264c090c21a260116f35397,536
configs/phase6/group_c_duplicates/CREATEORDER_V2_C1_F6_P0_C50_FAN2_S7003.yaml,21b3561978be12b1843ee93da4427b24e4df179a0b1ffb3a06caa8d449a40f95,536
configs/phase6/group_c_duplicates/CREATEORDER_V2_C1_F6_P0_C50_FAN2_S7004.yaml,1072a0165b505dff48878ba9a524f5b4cea748f31c2609e0dc1972aa6ab6821c,536
configs/phase6/group_c_duplicates/CREATEORDER_V2_C1_F6_P0_C50_FAN2_S7005.yaml,77106262d45dfd37c52659c07cc1ae071cf1a5a64c255e29234a5edf6a025628,536
configs/phase6/group_c_duplicates/CREATEORDER_V2_C1_F6_P0_C50_FAN2_S7006.yaml,c79353a0dcf8a286fb1ac6d89a597bd2a375324148b878bf49a1d894050a9464,536
configs/phase6/group_c_duplicates/CREATEORDER_V2_C1_F6_P0_C50_FAN2_S7007.yaml,7ac23a9f2715e39784ac0c66bb8daa811ac8d6f3935dd8d059767a27bb4b1fc9,536
configs/phase6/group_c_duplicates/CREATEORDER_V2_C1_F6_P0_C50_FAN2_S7008.yaml,870a8e767c4441863c3d454b4c6783801d758bbfaca78789287e6cbb336d21ca,536
configs/phase6/group_c_duplicates/CREATEORDER_V2_C1_F6_P0_C50_FAN2_S7009.yaml,a1e6257b42f4992c6f362ab674a7914e9ba7c7994e13b0c223b260f227301bf3,536
configs/phase6/group_c_duplicates/CREATEORDER_V2_C1_F6_P0_C50_FAN5_S7000.yaml,24f731d1418263d0d6bc2aac0326205edbd8ae8a18ea32da58c8f204b85b14ce,536
configs/phase6/group_c_duplicates/CREATEORDER_V2_C1_F6_P0_C50_FAN5_S7001.yaml,f44b8f7931015845bcd9c4ea4547dd4cb199a327f99d56dc98d7cc7308ec0797,536
configs/phase6/group_c_duplicates/CREATEORDER_V2_C1_F6_P0_C50_FAN5_S7002.yaml,09c1bbd2ca848949d4e1b2c76677b4aaaedf17b1d4faa6a0acd6a102257b62ef,536
configs/phase6/group_c_duplicates/CREATEORDER_V2_C1_F6_P0_C50_FAN5_S7003.yaml,f7dc2407d674b63f9dc23c65fea857f3a9ee57e6133113b073b25f1e02e1400b,536
configs/phase6/group_c_duplicates/CREATEORDER_V2_C1_F6_P0_C50_FAN5_S7004.yaml,240857f57053dc13948549b2843cb5d53a7dcf6add92b393c3b077119c2968a6,536
configs/phase6/group_c_duplicates/CREATEORDER_V2_C1_F6_P0_C50_FAN5_S7005.yaml,e3147320f9880787adca3075de8608cd563a8cb037e88035c3fbdef3021c5de3,536
configs/phase6/group_c_duplicates/CREATEORDER_V2_C1_F6_P0_C50_FAN5_S7006.yaml,dc7b1368541d710123d16f42b69ff0604bf8155b7beefa12f13bfdf17cff02a9,536
configs/phase6/group_c_duplicates/CREATEORDER_V2_C1_F6_P0_C50_FAN5_S7007.yaml,8998efced00d828a420bb09c736fa1895b1548ed0da8ce0e82e8c13d6f3ab13b,536
configs/phase6/group_c_duplicates/CREATEORDER_V2_C1_F6_P0_C50_FAN5_S7008.yaml,52aec20e732a5c3c4c12c3144c5bc0f5c50b839ec6b6e7530f1cc7eb4ea7b20f,536
configs/phase6/group_c_duplicates/CREATEORDER_V2_C1_F6_P0_C50_FAN5_S7009.yaml,3f0923b3e7d305c5f8ffd194fab88d414fbee07e2d20864d9c929a1662e56d51,536
configs/phase6/group_c_duplicates/CREATEORDER_V2_C1_F6_P0_C50_S7000.yaml,b17a417c64755623eefc0735cce526f6da4f9d5040d124d56973d9423d202fda,533
configs/phase6/group_c_duplicates/CREATEORDER_V2_C1_F6_P0_C50_S7001.yaml,a7f3df48d9dd819bdd9b4786d7acfe4b4759d506186ead02da7332ff9a29001c,533
configs/phase6/group_c_duplicates/CREATEORDER_V2_C1_F6_P0_C50_S7002.yaml,6474f83814e35fbffdb48ef21b30caa163555487de27e20057371ae8f31ebb53,533
configs/phase6/group_c_duplicates/CREATEORDER_V2_C1_F6_P0_C50_S7003.yaml,bb1f50040991b51394bf887fbb1674c3aa194dfd0cd4ea80c6f207db6dd88e1f,533
configs/phase6/group_c_duplicates/CREATEORDER_V2_C1_F6_P0_C50_S7004.yaml,e859eee791469b48f965ca47079f31e3e554e6065676ec393607784fc4a982f1,533
configs/phase6/group_c_duplicates/CREATEORDER_V2_C1_F6_P0_C50_S7005.yaml,ba750e40fa7c3e862a007c15ba1be7c4ad8b3972345efa9eed398a47a95630d0,533
configs/phase6/group_c_duplicates/CREATEORDER_V2_C1_F6_P0_C50_S7006.yaml,b5fb401095799f6097dcc9b4f73c7539a5df8c3a8226b71326e411ed90955b87,533
configs/phase6/group_c_duplicates/CREATEORDER_V2_C1_F6_P0_C50_S7007.yaml,9b779e94e00a2f836319302ea923a71995d1737cbd846da0d0a65d13c2534770,533
configs/phase6/group_c_duplicates/CREATEORDER_V2_C1_F6_P0_C50_S7008.yaml,b1b10e4855074dd5f78a7bf1c0f1176236028d3c3c2be0a6f5dd47d8d44478c0,533
configs/phase6/group_c_duplicates/CREATEORDER_V2_C1_F6_P0_C50_S7009.yaml,6309b850de5441d0a984a3900f572794382a1ed9f8cfaba8de30028d1d6be95a,533
configs/phase6/group_c_duplicates/CREATEORDER_V3_C1_F11_P0_C50_FAN10_S7000.yaml,d5f60066eb5ba13290997d280fa2da0802257e9a78d997928816ba585d666a0b,541
configs/phase6/group_c_duplicates/CREATEORDER_V3_C1_F11_P0_C50_FAN10_S7001.yaml,ff07edacd93a07bf92051b3271f613fb694654cf55a3faa7e1a7dc4f875e30a0,541
configs/phase6/group_c_duplicates/CREATEORDER_V3_C1_F11_P0_C50_FAN10_S7002.yaml,c9c9f2b2e88ee685d5ae5b91763a27837a096e9ac3dcb5e65d34ab16cb2a515b,541
configs/phase6/group_c_duplicates/CREATEORDER_V3_C1_F11_P0_C50_FAN10_S7003.yaml,9b80049656fac9361b4ef232131aa58b07595693c62899346625a1ae6de06aa8,541
configs/phase6/group_c_duplicates/CREATEORDER_V3_C1_F11_P0_C50_FAN10_S7004.yaml,b5c2832f5ca54163f086eca638ba34b0989455ea9604fe89f7893f20fb09c50e,541
configs/phase6/group_c_duplicates/CREATEORDER_V3_C1_F11_P0_C50_FAN10_S7005.yaml,153e0daa2e72792765595fadcee2ac294e1cf82ea2fde58df9ced741a7c430e6,541
configs/phase6/group_c_duplicates/CREATEORDER_V3_C1_F11_P0_C50_FAN10_S7006.yaml,fc06481725a60145080ddcae1e7dedf81cd6c0f5db8d83e86d2a4ea71c9088fe,541
configs/phase6/group_c_duplicates/CREATEORDER_V3_C1_F11_P0_C50_FAN10_S7007.yaml,b2355337b06afe29eff107f1759b632f6eda771832b7fef0eab8d74f9828083f,541
configs/phase6/group_c_duplicates/CREATEORDER_V3_C1_F11_P0_C50_FAN10_S7008.yaml,cf316da05e2cc76219d9557c69b8df80c257b3587239d5143fe8a36507670cdf,541
configs/phase6/group_c_duplicates/CREATEORDER_V3_C1_F11_P0_C50_FAN10_S7009.yaml,0f31d65be18fd176cf6c07f35ed7bd28e64e457fed0766ca31b4c0165265acc5,541
configs/phase6/group_c_duplicates/CREATEORDER_V3_C1_F11_P0_C50_FAN2_S7000.yaml,906381f4f97057b8cf15e28079f5661692fab9ec4754dd25511f83b3eecb0b18,538
configs/phase6/group_c_duplicates/CREATEORDER_V3_C1_F11_P0_C50_FAN2_S7001.yaml,d96747d0a5461e307a4244982c7fb783e9a4b61dd50a108cc061bb7f275d9826,538
configs/phase6/group_c_duplicates/CREATEORDER_V3_C1_F11_P0_C50_FAN2_S7002.yaml,7d7d1254eee2e3943303b7070eac9263804edbfd34a4f40c3b65cde4dbed8514,538
configs/phase6/group_c_duplicates/CREATEORDER_V3_C1_F11_P0_C50_FAN2_S7003.yaml,9958069e690126448f587168435867966c78c6f19c27d175921e37df49f12232,538
configs/phase6/group_c_duplicates/CREATEORDER_V3_C1_F11_P0_C50_FAN2_S7004.yaml,85a7495b339379866e9aa4a01ea1407125f764964304da0af956b026c0eeca20,538
configs/phase6/group_c_duplicates/CREATEORDER_V3_C1_F11_P0_C50_FAN2_S7005.yaml,6c7c2aa4c82b4cef39cadd288cc18480754c35eb6c421d515fe5fc75c779ce58,538
configs/phase6/group_c_duplicates/CREATEORDER_V3_C1_F11_P0_C50_FAN2_S7006.yaml,dd4cbfa65f54890400e36b2daffed655f0b1f69ff68a70f220c4efaf7519dc44,538
configs/phase6/group_c_duplicates/CREATEORDER_V3_C1_F11_P0_C50_FAN2_S7007.yaml,adb34c7bcf6725fbee256797e102885aaa755042bcd694db7f93a34657709e23,538
configs/phase6/group_c_duplicates/CREATEORDER_V3_C1_F11_P0_C50_FAN2_S7008.yaml,cf25fadb9ff28ffe6e923fab06440a209c184279edd070725b4475dcab5de7ae,538
configs/phase6/group_c_duplicates/CREATEORDER_V3_C1_F11_P0_C50_FAN2_S7009.yaml,f136804f8e0b39918d4414dc7be2327d2b3e901d2ef3bf1ef54d4ea21204b8fc,538
configs/phase6/group_c_duplicates/CREATEORDER_V3_C1_F11_P0_C50_FAN5_S7000.yaml,3d08f90cc32d43eb94b5c404a511a64eb1358949381e2e469b6774d59244f075,538
configs/phase6/group_c_duplicates/CREATEORDER_V3_C1_F11_P0_C50_FAN5_S7001.yaml,ddc7603eac0b226249fac98be220a110c71df5661c6fd45aaf728ae241b27abf,538
configs/phase6/group_c_duplicates/CREATEORDER_V3_C1_F11_P0_C50_FAN5_S7002.yaml,817f5ca22f35cbbf49694860e33cb8f2959a54237688670cfe0e54831ab37218,538
configs/phase6/group_c_duplicates/CREATEORDER_V3_C1_F11_P0_C50_FAN5_S7003.yaml,ccb92322a670e643d08829ea0318e5dc51d5798240e7d7832c6ee3d528485325,538
configs/phase6/group_c_duplicates/CREATEORDER_V3_C1_F11_P0_C50_FAN5_S7004.yaml,4c1c52fce96cacc172d81681df920145be6a84f2fa2315533c135c5b6f2016f8,538
configs/phase6/group_c_duplicates/CREATEORDER_V3_C1_F11_P0_C50_FAN5_S7005.yaml,a0cdd19d3cee4fd581b9c314edcfd3c66a339a894303e42ce8d6602c2be3b122,538
configs/phase6/group_c_duplicates/CREATEORDER_V3_C1_F11_P0_C50_FAN5_S7006.yaml,3b2a9680d23fa07b9f495b2227275ff99acdc9ed531d9c907c087b5af09dc970,538
configs/phase6/group_c_duplicates/CREATEORDER_V3_C1_F11_P0_C50_FAN5_S7007.yaml,036ea8c42c65daac7fea07f19c05a9101a1313a0fdde2600874b81c28b952a3a,538
configs/phase6/group_c_duplicates/CREATEORDER_V3_C1_F11_P0_C50_FAN5_S7008.yaml,9fe1a47e0a4babf3e5391f60d2703fa36adca5217bccda286f06d81e3205c057,538
configs/phase6/group_c_duplicates/CREATEORDER_V3_C1_F11_P0_C50_FAN5_S7009.yaml,e81932125010060cc994d84b8bd3f39b935662794bb0be62c471ca2a2d335617,538
configs/phase6/group_c_duplicates/CREATEORDER_V3_C1_F11_P0_C50_S7000.yaml,8dea736e9a40b67cbd4bfa3ec0caddc0c11064571b25f1b67414c5628519f6a9,535
configs/phase6/group_c_duplicates/CREATEORDER_V3_C1_F11_P0_C50_S7001.yaml,c5e36b752bddcc03b4dff41b55e63ab9eb789d8c13174213853f5e6cb3b43db7,535
configs/phase6/group_c_duplicates/CREATEORDER_V3_C1_F11_P0_C50_S7002.yaml,1d3e79d4031ca5a05bece19be7809d6d00cfa79d2369ceb797eee6302835018c,535
configs/phase6/group_c_duplicates/CREATEORDER_V3_C1_F11_P0_C50_S7003.yaml,046fbde360f44a9c41745c106d02b020a4c40633d02919032be80234d9a29165,535
configs/phase6/group_c_duplicates/CREATEORDER_V3_C1_F11_P0_C50_S7004.yaml,4717349333cca66b8107e8db349b664428ea4e35038b25a0484b9f312510ae31,535
configs/phase6/group_c_duplicates/CREATEORDER_V3_C1_F11_P0_C50_S7005.yaml,7e4393e9dfe320325b94b7b81671f6afb1f05d524ebb5ef9ac0c442b505bb80c,535
configs/phase6/group_c_duplicates/CREATEORDER_V3_C1_F11_P0_C50_S7006.yaml,02b3a44496564f69d54e82a10c9392a6ebdd7e9a9cea44c694c34a3302545802,535
configs/phase6/group_c_duplicates/CREATEORDER_V3_C1_F11_P0_C50_S7007.yaml,2ed9462d97f872efe1e2eb24efffe4da8a0b28b3904646cd9e4d6581a53133f7,535
configs/phase6/group_c_duplicates/CREATEORDER_V3_C1_F11_P0_C50_S7008.yaml,9d8ddb67f9409d2746024ddafa21b6929a744ddd00444b52fb246b058c6bd157,535
configs/phase6/group_c_duplicates/CREATEORDER_V3_C1_F11_P0_C50_S7009.yaml,33b16122ce59dc6571d65599fc5700960c29b9ec932bb8230b2fc43d03f8ad7c,535
configs/phase6/group_c_duplicates/CREATEORDER_V3_C1_F5_P0_C50_FAN10_S7000.yaml,8f21eaa59985937b571b458b77581cc64b9e03512f616e865807c59416b80bea,539
configs/phase6/group_c_duplicates/CREATEORDER_V3_C1_F5_P0_C50_FAN10_S7001.yaml,d672d067723239b32a51fa152c6ab69ecb19e6c5231eaf49f2cf821f43c9cc1f,539
configs/phase6/group_c_duplicates/CREATEORDER_V3_C1_F5_P0_C50_FAN10_S7002.yaml,c66f6ef31d03b1d80b7d21162e67120940200487016576b2d329aa764a0c3c31,539
configs/phase6/group_c_duplicates/CREATEORDER_V3_C1_F5_P0_C50_FAN10_S7003.yaml,12f79fb6a44194e8f0ed2578c87335fa0c2cfbd6066d7d71ef9b036bcbf6ab3e,539
configs/phase6/group_c_duplicates/CREATEORDER_V3_C1_F5_P0_C50_FAN10_S7004.yaml,c0de110845b4d305164426af0617afaff3de68c5b24d965d996bfb52c425f153,539
configs/phase6/group_c_duplicates/CREATEORDER_V3_C1_F5_P0_C50_FAN10_S7005.yaml,958cdc3d15afda7fde2e78bc944a6401c07c82e3d6c1ea7325eb4e411e81ebfc,539
configs/phase6/group_c_duplicates/CREATEORDER_V3_C1_F5_P0_C50_FAN10_S7006.yaml,c54aa529060c0ae0e552cbcd57e303d1d428bc5de5e43d58dfe0eb18db88e068,539
configs/phase6/group_c_duplicates/CREATEORDER_V3_C1_F5_P0_C50_FAN10_S7007.yaml,3b4961672666f50977b3d4237b47ceb197a100e052e564ce514fc9b5d2b442fa,539
configs/phase6/group_c_duplicates/CREATEORDER_V3_C1_F5_P0_C50_FAN10_S7008.yaml,bb80e794e38d737871b3ad0af661c58f970c5fc7976da92759d7d33d1c3fd376,539
configs/phase6/group_c_duplicates/CREATEORDER_V3_C1_F5_P0_C50_FAN10_S7009.yaml,e56a78b98fa205edeb70cbfcb137e346cfe4393eb1e4aa3c2ff32f0c919912a3,539
configs/phase6/group_c_duplicates/CREATEORDER_V3_C1_F5_P0_C50_FAN2_S7000.yaml,7dd13242c7d25f390e5537a4c332c3241c597ea74ba3403445cebc29ee78ca7d,536
configs/phase6/group_c_duplicates/CREATEORDER_V3_C1_F5_P0_C50_FAN2_S7001.yaml,f62ab5028fc220bee8b4622b69761895d0580170ef154eb7e2734ea43b38e0cf,536
configs/phase6/group_c_duplicates/CREATEORDER_V3_C1_F5_P0_C50_FAN2_S7002.yaml,f43a24ae5bb4bcf3bafd25699458db2da3f117457c0c1e01cccafafb518c2db7,536
configs/phase6/group_c_duplicates/CREATEORDER_V3_C1_F5_P0_C50_FAN2_S7003.yaml,e3cbf4543a8b6b31049b5f096d9f4859fc7f323660f14f294cf9441c8f0d7668,536
configs/phase6/group_c_duplicates/CREATEORDER_V3_C1_F5_P0_C50_FAN2_S7004.yaml,bc792059024f183cd3f04d02c8697bf73bd546ba1372d6f4c20a8d86cfcf47d6,536
configs/phase6/group_c_duplicates/CREATEORDER_V3_C1_F5_P0_C50_FAN2_S7005.yaml,1284c8222f9677ff48ccab46c3d0cbf1eef64b33591a32847fec621010ceb6c8,536
configs/phase6/group_c_duplicates/CREATEORDER_V3_C1_F5_P0_C50_FAN2_S7006.yaml,ffe1161da10808ae956559a5c978d7c9f12c24eb8430450de964556488c3e9ad,536
configs/phase6/group_c_duplicates/CREATEORDER_V3_C1_F5_P0_C50_FAN2_S7007.yaml,fdbe1c10d57e0952b77dde2dcea42acbccadada0f991982e697b10a61cc019cf,536
configs/phase6/group_c_duplicates/CREATEORDER_V3_C1_F5_P0_C50_FAN2_S7008.yaml,7be491490d759c537b2a267069619a1f4378e7ee63f2d029cac0bbcdbba9a2b3,536
configs/phase6/group_c_duplicates/CREATEORDER_V3_C1_F5_P0_C50_FAN2_S7009.yaml,6014a0258a5784608ec71e3eaa99b911fb06dd7acb6319824925087d1828f767,536
configs/phase6/group_c_duplicates/CREATEORDER_V3_C1_F5_P0_C50_FAN5_S7000.yaml,5c844429a296696cd9cb02f1aa92f01103282207ed585521395f8c13cfdc5012,536
configs/phase6/group_c_duplicates/CREATEORDER_V3_C1_F5_P0_C50_FAN5_S7001.yaml,01bb1720550874fb8c0c51ee12d57786cc86bba0c84012902cfe9cd0add26b40,536
configs/phase6/group_c_duplicates/CREATEORDER_V3_C1_F5_P0_C50_FAN5_S7002.yaml,602318e9f0d3a73b7f35b4b7a45403365cab3189cc9180b350842b415f436c74,536
configs/phase6/group_c_duplicates/CREATEORDER_V3_C1_F5_P0_C50_FAN5_S7003.yaml,2d9297684fd2404e460c59707cd70d5adbe3e24c0f12bcd10f68663bea04b0e4,536
configs/phase6/group_c_duplicates/CREATEORDER_V3_C1_F5_P0_C50_FAN5_S7004.yaml,519f7ea62d022189d0644cd1c6e849299ce1d72ba86b01605c52a992c5b73ed2,536
configs/phase6/group_c_duplicates/CREATEORDER_V3_C1_F5_P0_C50_FAN5_S7005.yaml,0a1abb10e0e445202faf09df2ca56051d0a9f907d2852e7ecac9f9a1ecff8fe1,536
configs/phase6/group_c_duplicates/CREATEORDER_V3_C1_F5_P0_C50_FAN5_S7006.yaml,586d23b732eaac9388b8b6f481db53a9729b7bc07ee906e73bb383c53ae69903,536
configs/phase6/group_c_duplicates/CREATEORDER_V3_C1_F5_P0_C50_FAN5_S7007.yaml,ef34b47b575bec06daf5f4881603ca1f591347a4272fe738ca37cf7b8bebf69d,536
configs/phase6/group_c_duplicates/CREATEORDER_V3_C1_F5_P0_C50_FAN5_S7008.yaml,fdfbcd090598b5f731a7446ff01bb45e18015dd5ba7937e41bb92095fb43f594,536
configs/phase6/group_c_duplicates/CREATEORDER_V3_C1_F5_P0_C50_FAN5_S7009.yaml,a2ce3985f2b7cf7353b2733f25a042f4257bd603a82f4ee667a7c82858a493c5,536
configs/phase6/group_c_duplicates/CREATEORDER_V3_C1_F5_P0_C50_S7000.yaml,2fe9fcb0900b2d234810c905ce066d26a6d4504902ed39b8986be0f9cdd316fa,533
configs/phase6/group_c_duplicates/CREATEORDER_V3_C1_F5_P0_C50_S7001.yaml,8820ec4116e534393b867f2f9171b591f7bcef011e4ade53054880a8c1257ab5,533
configs/phase6/group_c_duplicates/CREATEORDER_V3_C1_F5_P0_C50_S7002.yaml,a1e252ced7dff477c769fab16e4920f38f34a93c7a07619c22ca7b2e0f98de3d,533
configs/phase6/group_c_duplicates/CREATEORDER_V3_C1_F5_P0_C50_S7003.yaml,b12fee66e593da1935d8140be6e0c2dc043c3f1a414f895f0dbe113115d92921,533
configs/phase6/group_c_duplicates/CREATEORDER_V3_C1_F5_P0_C50_S7004.yaml,52b6c726f2b54ce4a52ce36ff100013072e3982bcc6ce3e32ae45b33a6ae36d2,533
configs/phase6/group_c_duplicates/CREATEORDER_V3_C1_F5_P0_C50_S7005.yaml,6eb6767a265617fbf273d608c50d0032db5ae2c24e45cd922c37c2bcbab0472a,533
configs/phase6/group_c_duplicates/CREATEORDER_V3_C1_F5_P0_C50_S7006.yaml,d67de57543de6af46f9e7dd05d7fb733d5503ba03c3bae6762d7280ab05cf486,533
configs/phase6/group_c_duplicates/CREATEORDER_V3_C1_F5_P0_C50_S7007.yaml,634415e5e991c94966848d065d4a7c33a8f16a841f7cdf67d206186f14b46491,533
configs/phase6/group_c_duplicates/CREATEORDER_V3_C1_F5_P0_C50_S7008.yaml,160e1d046e67f0cc3f6e80bfd54f93259d2856fbbb3ea76edf156b621decf1fe,533
configs/phase6/group_c_duplicates/CREATEORDER_V3_C1_F5_P0_C50_S7009.yaml,d0b92ff1147cd08321297f6eb11dea27d9a390fa9e5de206a8b5148a40f79030,533
configs/phase6/group_c_duplicates/CREATEORDER_V3_C1_F6_P0_C50_FAN10_S7000.yaml,48cc544fba409ae517deb3c9cf8db6ee9c7c2d1cec26412847a334b644374a19,539
configs/phase6/group_c_duplicates/CREATEORDER_V3_C1_F6_P0_C50_FAN10_S7001.yaml,89d92e2fa8ceb49f30b2a0e027a981bc1ab3e0a1cfe0aa073c7c67cc0ab4d181,539
configs/phase6/group_c_duplicates/CREATEORDER_V3_C1_F6_P0_C50_FAN10_S7002.yaml,bdd5facfe1579fc0e15a168a82d7c964a0af99a33a44c10a0c0ce656ed8b37fc,539
configs/phase6/group_c_duplicates/CREATEORDER_V3_C1_F6_P0_C50_FAN10_S7003.yaml,2f060b9e3408ebcef59b0791f6e95f0ccbe34443192aa43ed8f5e9f58283b20d,539
configs/phase6/group_c_duplicates/CREATEORDER_V3_C1_F6_P0_C50_FAN10_S7004.yaml,f1ce9108bb5bf13d9bc02dd985a01f62c2a90dcf711d966c4c85c184709d3294,539
configs/phase6/group_c_duplicates/CREATEORDER_V3_C1_F6_P0_C50_FAN10_S7005.yaml,5b1ab700fca83ac541e61e0b5a802c6d2d85981756e9c459a6ce8a0838241268,539
configs/phase6/group_c_duplicates/CREATEORDER_V3_C1_F6_P0_C50_FAN10_S7006.yaml,034b6147fc26188bcd92cec31d3be3394fda99ce78701ddf7c6131f9f5a959d0,539
configs/phase6/group_c_duplicates/CREATEORDER_V3_C1_F6_P0_C50_FAN10_S7007.yaml,c899b417e267de8ca6ed75e48fcd8eb086ad963f0e61b9f8d15c43479e239dc4,539
configs/phase6/group_c_duplicates/CREATEORDER_V3_C1_F6_P0_C50_FAN10_S7008.yaml,ee9aa475bb75e8e98e8a65d42faa861e2d2f9ad14df69ca144f3b9560821bdb2,539
configs/phase6/group_c_duplicates/CREATEORDER_V3_C1_F6_P0_C50_FAN10_S7009.yaml,2482702bb32f78608ca990d853d137c947993637bbd09bc6ca12dbf14c59cfe3,539
configs/phase6/group_c_duplicates/CREATEORDER_V3_C1_F6_P0_C50_FAN2_S7000.yaml,463ccfcb097a60af69d031a84ad382b8a6bef3f92284540672c61a4d9e027e3f,536
configs/phase6/group_c_duplicates/CREATEORDER_V3_C1_F6_P0_C50_FAN2_S7001.yaml,76c9568554ab75d3caac6c0ac6ec651305b5a5ff842d42ea31ee6cecabdf7bfd,536
configs/phase6/group_c_duplicates/CREATEORDER_V3_C1_F6_P0_C50_FAN2_S7002.yaml,2d625e80f6787696cd6f1ff0083977dbf42471bc08e317ee17f8eecdcd77bec5,536
configs/phase6/group_c_duplicates/CREATEORDER_V3_C1_F6_P0_C50_FAN2_S7003.yaml,24ebdde6606a5d2a7852512447495c1af26d9d1ebeedda6b2c7f09dc3d6e6942,536
configs/phase6/group_c_duplicates/CREATEORDER_V3_C1_F6_P0_C50_FAN2_S7004.yaml,165123d0b26d8870582dbad4f1870c4d090cd814630a32cc5362b9764d7691e7,536
configs/phase6/group_c_duplicates/CREATEORDER_V3_C1_F6_P0_C50_FAN2_S7005.yaml,bdea4128b7db4bf7537b1041d6944a1b0c9dffb34315a2695e87bedc1b2c0054,536
configs/phase6/group_c_duplicates/CREATEORDER_V3_C1_F6_P0_C50_FAN2_S7006.yaml,c558037d3e2606d011df45b402d45097796ed75d9247f6563da1286fdead5141,536
configs/phase6/group_c_duplicates/CREATEORDER_V3_C1_F6_P0_C50_FAN2_S7007.yaml,15995deb3518360671ef953f535a8777d1d902e562b28c482e44b49b9e959f8e,536
configs/phase6/group_c_duplicates/CREATEORDER_V3_C1_F6_P0_C50_FAN2_S7008.yaml,903fbc9d47affaa5e5b9c79a31020638c4e13597797db61f2e8d4c71a3862a71,536
configs/phase6/group_c_duplicates/CREATEORDER_V3_C1_F6_P0_C50_FAN2_S7009.yaml,2945f972900f4bd2633dffec4b4592233c02cb35f72cd2a03e606eb9ac603354,536
configs/phase6/group_c_duplicates/CREATEORDER_V3_C1_F6_P0_C50_FAN5_S7000.yaml,47a9aa5855117887e0e74538b3104d994cc3fd8f308aa9d0a595cf2445f721f0,536
configs/phase6/group_c_duplicates/CREATEORDER_V3_C1_F6_P0_C50_FAN5_S7001.yaml,93dfa97108bf751052e41572c034a5e44a8857af5309db04d0c659cdd38cc68e,536
configs/phase6/group_c_duplicates/CREATEORDER_V3_C1_F6_P0_C50_FAN5_S7002.yaml,e297a03fbb3e8a48c32d7ba6bb7d39bdd085b2b31360ec0811df959dda2e7c97,536
configs/phase6/group_c_duplicates/CREATEORDER_V3_C1_F6_P0_C50_FAN5_S7003.yaml,c3dee66ff10310a38ef1d6c9c6ac209c92a5e1fc250dc4df0954f93d334e7415,536
configs/phase6/group_c_duplicates/CREATEORDER_V3_C1_F6_P0_C50_FAN5_S7004.yaml,c950ca24ff84a71df99a2e7009a891f712944b507a8dd0087705677266b9bd44,536
configs/phase6/group_c_duplicates/CREATEORDER_V3_C1_F6_P0_C50_FAN5_S7005.yaml,d834fd9b1d4c15abc213705bf22e0dbd0ad8d95fb2dd8ab624a55cb26aacd3f3,536
configs/phase6/group_c_duplicates/CREATEORDER_V3_C1_F6_P0_C50_FAN5_S7006.yaml,ebcbaf1b65727a0b4012e53b9a796ed6dfc1fb7f5f933d4bee30d04d8e10f22a,536
configs/phase6/group_c_duplicates/CREATEORDER_V3_C1_F6_P0_C50_FAN5_S7007.yaml,e3ac55aaa4e9938bb1cb5c5c948bfab13d5c52efabad76baa72ed3d75fb3e7ff,536
configs/phase6/group_c_duplicates/CREATEORDER_V3_C1_F6_P0_C50_FAN5_S7008.yaml,d691bc168e5f31d8286a7e5bc962b49a089929e964d4974adb5cd9f40ecacbab,536
configs/phase6/group_c_duplicates/CREATEORDER_V3_C1_F6_P0_C50_FAN5_S7009.yaml,7684f572b2380eef51a0fe95c3b6ac34b9a128a1982af2d8683224daffe6ce0b,536
configs/phase6/group_c_duplicates/CREATEORDER_V3_C1_F6_P0_C50_S7000.yaml,ff378b559e136809fa9172e46f0a2a70f84a7f9e9683efad75c68ed49321c21b,533
configs/phase6/group_c_duplicates/CREATEORDER_V3_C1_F6_P0_C50_S7001.yaml,09c312695f0d9d4adc2255237e4afbf83715176ca7783663367fdf315fb498c1,533
configs/phase6/group_c_duplicates/CREATEORDER_V3_C1_F6_P0_C50_S7002.yaml,4819d5ed9537cd1ec06dfdce1f700f77ca0c8fa0a1c0a39329ca55319a31585a,533
configs/phase6/group_c_duplicates/CREATEORDER_V3_C1_F6_P0_C50_S7003.yaml,3a92d762dacc01a75c115b49d6db22f5508dad67931f51d4b1ade1a855064b06,533
configs/phase6/group_c_duplicates/CREATEORDER_V3_C1_F6_P0_C50_S7004.yaml,d3b3492699d25e1008c3b469a472df1ef8d7ad3783570590384bf2803142e7cf,533
configs/phase6/group_c_duplicates/CREATEORDER_V3_C1_F6_P0_C50_S7005.yaml,112284f8a4b9eea37541d737253b656d0ea6b054e85d0ee0cb03de75e08ce9f6,533
configs/phase6/group_c_duplicates/CREATEORDER_V3_C1_F6_P0_C50_S7006.yaml,8caad85865c4936436ba688eaab0371efcda181aeb222288d3385b1c322407ea,533
configs/phase6/group_c_duplicates/CREATEORDER_V3_C1_F6_P0_C50_S7007.yaml,c0d7ee2d787e77a07614dbb11491651a8ce9b057306d5b41f2589f17d968e624,533
configs/phase6/group_c_duplicates/CREATEORDER_V3_C1_F6_P0_C50_S7008.yaml,93733397ebddc35290352673a4f929137eb53f2e95e2500cb329a953f68b738f,533
configs/phase6/group_c_duplicates/CREATEORDER_V3_C1_F6_P0_C50_S7009.yaml,5f44ba3344971a23ad2f584c0392beb0d367a8c872595b64c297b3aa30b2682b,533
configs/phase6/group_c_duplicates/CREATEORDER_V4_C1_F11_P0_C50_FAN10_S7000.yaml,17d7be72fa4d7bbda7fd84fbb38ab8abffc0872f69d3a99786013dae4e36e4e9,541
configs/phase6/group_c_duplicates/CREATEORDER_V4_C1_F11_P0_C50_FAN10_S7001.yaml,c25339eb0ce21bbe13a1395b950145f17ed044383d685002137883e99ddfe571,541
configs/phase6/group_c_duplicates/CREATEORDER_V4_C1_F11_P0_C50_FAN10_S7002.yaml,abff0590eac1166a781d1a6c318067c3f5cc95a9ba90876b82b18274a83c2198,541
configs/phase6/group_c_duplicates/CREATEORDER_V4_C1_F11_P0_C50_FAN10_S7003.yaml,e9cbb46b796e2fc3fb89d8536604d33efaeffc707d539004bf8696c59c45000f,541
configs/phase6/group_c_duplicates/CREATEORDER_V4_C1_F11_P0_C50_FAN10_S7004.yaml,01d41ff7e1459d34c782a8ef4c621de071cd5c0fa2e4e9beef85705d07209df2,541
configs/phase6/group_c_duplicates/CREATEORDER_V4_C1_F11_P0_C50_FAN10_S7005.yaml,9c24283cb890c26dbf18537ff2fd91606413019401d40a19338444aec1bdf155,541
configs/phase6/group_c_duplicates/CREATEORDER_V4_C1_F11_P0_C50_FAN10_S7006.yaml,8a3da0412b07b98ed5856070c80a2430aff3d0cf978fbe7a544503d4e8fd1850,541
configs/phase6/group_c_duplicates/CREATEORDER_V4_C1_F11_P0_C50_FAN10_S7007.yaml,f4719978b28eb351261facd199a577d0d2f26cdbdbefdbd65d385fbdce5c2489,541
configs/phase6/group_c_duplicates/CREATEORDER_V4_C1_F11_P0_C50_FAN10_S7008.yaml,eff5d9c3b59b6ebfa6769774405f77d87bac5bdff55036718a07e18dbcbfb070,541
configs/phase6/group_c_duplicates/CREATEORDER_V4_C1_F11_P0_C50_FAN10_S7009.yaml,0090eee1e7bd2659145b153c2bea74063d1d1e74601ca37e115d9479ef271ba7,541
configs/phase6/group_c_duplicates/CREATEORDER_V4_C1_F11_P0_C50_FAN2_S7000.yaml,73e5f1ffcc32302a0abfd4c80b7a71bfcb54a825958cd33002fc32dbd58525f9,538
configs/phase6/group_c_duplicates/CREATEORDER_V4_C1_F11_P0_C50_FAN2_S7001.yaml,96f399285d4e1d326bd769d9710b26ac2996b15c2722a6bad6c533604e131b04,538
configs/phase6/group_c_duplicates/CREATEORDER_V4_C1_F11_P0_C50_FAN2_S7002.yaml,fb2cd83b4548134f53f21d80404dfcf00b78d941b91bad1aef007bef153557b4,538
configs/phase6/group_c_duplicates/CREATEORDER_V4_C1_F11_P0_C50_FAN2_S7003.yaml,ae367e188037e50c28c1d6b66ec7b15a51549b0d7693ec68028365160f010c35,538
configs/phase6/group_c_duplicates/CREATEORDER_V4_C1_F11_P0_C50_FAN2_S7004.yaml,ce3335064568fd22749e7dad7c263bff9a3e064ae6ed1f8e0c5dfa1867a5537c,538
configs/phase6/group_c_duplicates/CREATEORDER_V4_C1_F11_P0_C50_FAN2_S7005.yaml,184941c41a2312f975f407eba913e8b30cefaf0b6096d8608e5c1fb6b55ef329,538
configs/phase6/group_c_duplicates/CREATEORDER_V4_C1_F11_P0_C50_FAN2_S7006.yaml,ef12f00f0eae0df457a0078541a45f0b34c7e45136d6fbcf48c17a6dd09c41e7,538
configs/phase6/group_c_duplicates/CREATEORDER_V4_C1_F11_P0_C50_FAN2_S7007.yaml,1d7ea6a5558af1f691de0a36c515a833a80aad3c2c5b3f32c10c19b508ca17e8,538
configs/phase6/group_c_duplicates/CREATEORDER_V4_C1_F11_P0_C50_FAN2_S7008.yaml,d0315cd555a48837ca7e2d5cace87afcf27249d08392515e1d999abcfa7a298f,538
configs/phase6/group_c_duplicates/CREATEORDER_V4_C1_F11_P0_C50_FAN2_S7009.yaml,dace59d2523021512c51b5ec42b4ca3e42d876e10ba67bcc93af22d00a300b47,538
configs/phase6/group_c_duplicates/CREATEORDER_V4_C1_F11_P0_C50_FAN5_S7000.yaml,0b1ba436ab139a0cb9a9d8c757b3b8e11baf913f937cbc903d0b2d4662c2a855,538
configs/phase6/group_c_duplicates/CREATEORDER_V4_C1_F11_P0_C50_FAN5_S7001.yaml,0fe182d428625b92557c67cf0e65bfe17df27bf8653e68721779acf91c4a78db,538
configs/phase6/group_c_duplicates/CREATEORDER_V4_C1_F11_P0_C50_FAN5_S7002.yaml,51b64ad0c1a897d5fbe74092531f8bc99873cf8f2513e4fd18c74ea1091c7baa,538
configs/phase6/group_c_duplicates/CREATEORDER_V4_C1_F11_P0_C50_FAN5_S7003.yaml,dd2fa8080e57caf4a00cb486a5e40eb4537bddc36e30c6291bb94301d53397ff,538
configs/phase6/group_c_duplicates/CREATEORDER_V4_C1_F11_P0_C50_FAN5_S7004.yaml,1ab5f48ec74c252c82d2d3ed9fe463acdd986513b608fb8ee8e78e21117b7e59,538
configs/phase6/group_c_duplicates/CREATEORDER_V4_C1_F11_P0_C50_FAN5_S7005.yaml,e6d0959ea2f41235d2d453a3c3c35b178aa24d055f9458512104eb115097fd11,538
configs/phase6/group_c_duplicates/CREATEORDER_V4_C1_F11_P0_C50_FAN5_S7006.yaml,7a6682eb0df97a57138afaaaf0f68e02b6acbe21393ef98b0268640fc174a3bf,538
configs/phase6/group_c_duplicates/CREATEORDER_V4_C1_F11_P0_C50_FAN5_S7007.yaml,8a8966bec927db4dd0791c4a4b5ec8f9b596929c0190dbc9c294e413706828c6,538
configs/phase6/group_c_duplicates/CREATEORDER_V4_C1_F11_P0_C50_FAN5_S7008.yaml,d8fa7fad366aa90c0c4b5ded63db74ac8ddaf57964d06bfbb4d9fa94f0621c53,538
configs/phase6/group_c_duplicates/CREATEORDER_V4_C1_F11_P0_C50_FAN5_S7009.yaml,70d60aaf931a12d1f0313a3f4539fc360f005d7be70eb573890cd0c7dbbe7000,538
configs/phase6/group_c_duplicates/CREATEORDER_V4_C1_F11_P0_C50_S7000.yaml,fa4311f9a70ed753415b0e0a06cab0ffbafc9b2e70d54ce60f46cf9e86650630,535
configs/phase6/group_c_duplicates/CREATEORDER_V4_C1_F11_P0_C50_S7001.yaml,be9834f3efc030a4d7c93d67cfb795f4ff1470b77b9afa2a5d8b9cb72fd94e2e,535
configs/phase6/group_c_duplicates/CREATEORDER_V4_C1_F11_P0_C50_S7002.yaml,1fdd0a03d5b714de7720fb14ab3302758d0dee97b7bf768e208e28a0ca2ab850,535
configs/phase6/group_c_duplicates/CREATEORDER_V4_C1_F11_P0_C50_S7003.yaml,17e64ab40c07a37ee36837641d3e883c4dd03c4f921e64682585a34cc2acf3f7,535
configs/phase6/group_c_duplicates/CREATEORDER_V4_C1_F11_P0_C50_S7004.yaml,bef7f2b490281ece68641fb526f202b973ab79b9596f2470d6bdda5af4d6140e,535
configs/phase6/group_c_duplicates/CREATEORDER_V4_C1_F11_P0_C50_S7005.yaml,1930d3da4d7b2fd1c8695749c038183c81f41228ca159aa9dcecc4483946cc7b,535
configs/phase6/group_c_duplicates/CREATEORDER_V4_C1_F11_P0_C50_S7006.yaml,df104a4057e37a75bb7dd547b6795287d908d5d9adc24bcb436be07d2ce0c295,535
configs/phase6/group_c_duplicates/CREATEORDER_V4_C1_F11_P0_C50_S7007.yaml,12e5ec9c9658a243bc1f958a95dee97d486f1285a6b0cf14268a40e905803812,535
configs/phase6/group_c_duplicates/CREATEORDER_V4_C1_F11_P0_C50_S7008.yaml,46f0789a64dbdc58848bed8ebcbc65b885b21a7875b3b7850978b4e932d272b5,535
configs/phase6/group_c_duplicates/CREATEORDER_V4_C1_F11_P0_C50_S7009.yaml,bd9988c87b650300cfd781f8193aa5ff666a25a91c29b58a9f77ee2940f20cd5,535
configs/phase6/group_c_duplicates/CREATEORDER_V4_C1_F5_P0_C50_FAN10_S7000.yaml,b7277e9f00f11443761503a434f252d347db91c4b1bc3cd9531ec77ef828ed35,539
configs/phase6/group_c_duplicates/CREATEORDER_V4_C1_F5_P0_C50_FAN10_S7001.yaml,063c6dd33c1d001d1d43aff34b64c1a6a86596f361c65eac96347c50eaa54483,539
configs/phase6/group_c_duplicates/CREATEORDER_V4_C1_F5_P0_C50_FAN10_S7002.yaml,bff871dee793f5e58e366060d0899bbb6d1db971d827959981fe57d61f0c188d,539
configs/phase6/group_c_duplicates/CREATEORDER_V4_C1_F5_P0_C50_FAN10_S7003.yaml,b373134960a099cb888262d16f4a47c8317a4b89b28261ebffe55dd8e8b76fd2,539
configs/phase6/group_c_duplicates/CREATEORDER_V4_C1_F5_P0_C50_FAN10_S7004.yaml,f55e4149f517c3a38244946718f460278cfb305c56b1cab3acf292894f5c6d4a,539
configs/phase6/group_c_duplicates/CREATEORDER_V4_C1_F5_P0_C50_FAN10_S7005.yaml,2a82f44d6dd6c976f83d94e0f63243ba9e8eeaf2cb64f3f7c692406b683789ec,539
configs/phase6/group_c_duplicates/CREATEORDER_V4_C1_F5_P0_C50_FAN10_S7006.yaml,353474f1deefd887e981291ddb3593bf932c8542285e379f3d21be804ab9e539,539
configs/phase6/group_c_duplicates/CREATEORDER_V4_C1_F5_P0_C50_FAN10_S7007.yaml,82a07cbe47da0f8d8952f59ab5726abf037aa8ddad9915655ac83f3b98f3c800,539
configs/phase6/group_c_duplicates/CREATEORDER_V4_C1_F5_P0_C50_FAN10_S7008.yaml,1397e83ada5afc1e58f13c6f8ec8f21f368f709d43631b76fd70dd00430b8ed5,539
configs/phase6/group_c_duplicates/CREATEORDER_V4_C1_F5_P0_C50_FAN10_S7009.yaml,edfd0825e76c35d5b72c4807c20e2578aac0e32aa6d0132db52bdbbfd4f71a5b,539
configs/phase6/group_c_duplicates/CREATEORDER_V4_C1_F5_P0_C50_FAN2_S7000.yaml,120932131c295d03f689417ce8ff5551f9babc23786073831b3510b0cb6c3694,536
configs/phase6/group_c_duplicates/CREATEORDER_V4_C1_F5_P0_C50_FAN2_S7001.yaml,9272139ed0ba60e0cb2a7f6c78bc56567b767252bb7f73f20e115a724e5ee87b,536
configs/phase6/group_c_duplicates/CREATEORDER_V4_C1_F5_P0_C50_FAN2_S7002.yaml,5a145bf8e269491a4d2346f9ace5cc5be75492ef3ecf0b7b6d7c72bc42e3caca,536
configs/phase6/group_c_duplicates/CREATEORDER_V4_C1_F5_P0_C50_FAN2_S7003.yaml,5479b87108d3809c315d5a717392eb553d646d0295462e351e99e705fb6bfce8,536
configs/phase6/group_c_duplicates/CREATEORDER_V4_C1_F5_P0_C50_FAN2_S7004.yaml,d8eb14723caaac46cbe905c9a7c84dfdbba88ebc0c408a740ae3e5ebfce77371,536
configs/phase6/group_c_duplicates/CREATEORDER_V4_C1_F5_P0_C50_FAN2_S7005.yaml,8b1600b959377e31d962771592ccecc5ace2900161357ba15b3c71d75dbdfaf9,536
configs/phase6/group_c_duplicates/CREATEORDER_V4_C1_F5_P0_C50_FAN2_S7006.yaml,f907d9a135bbfa261c361b44a6948a50cd72806ee1522690c69f5065bc9a3e91,536
configs/phase6/group_c_duplicates/CREATEORDER_V4_C1_F5_P0_C50_FAN2_S7007.yaml,d9f61f4eafac1a5d0a21bfcbc10e0e90792ffd0e282cc47fa1c90787b8a26f46,536
configs/phase6/group_c_duplicates/CREATEORDER_V4_C1_F5_P0_C50_FAN2_S7008.yaml,f33a7d725b86767dbffdc011f1918ee4c2219aff5cf2b004d335ae04c959c764,536
configs/phase6/group_c_duplicates/CREATEORDER_V4_C1_F5_P0_C50_FAN2_S7009.yaml,1164b9468b81bffca1e30de802e3383ab81c48743ff5e6bb4dc08e9c298a3a88,536
configs/phase6/group_c_duplicates/CREATEORDER_V4_C1_F5_P0_C50_FAN5_S7000.yaml,bb14425e12ac2f2e84832f68066629ed2109f29c8a1326774c86eb852dbed20c,536
configs/phase6/group_c_duplicates/CREATEORDER_V4_C1_F5_P0_C50_FAN5_S7001.yaml,c11c1e0015d733dc3c4588786ab85218144ec7cb3e56e038b178a0672aec7c5e,536
configs/phase6/group_c_duplicates/CREATEORDER_V4_C1_F5_P0_C50_FAN5_S7002.yaml,e4ff3af2c07df233df4f251a587ec5c205b9bd75fdabb7a0f8d12f596b8af273,536
configs/phase6/group_c_duplicates/CREATEORDER_V4_C1_F5_P0_C50_FAN5_S7003.yaml,008c58fb18f28f89086d8893f537ea3e81b15d0d3ec8e10b400a6e9ffbc6c75c,536
configs/phase6/group_c_duplicates/CREATEORDER_V4_C1_F5_P0_C50_FAN5_S7004.yaml,59e1a94173077151262aa57f8d6802d24de16fc24894c554a119e1d3cbd028a1,536
configs/phase6/group_c_duplicates/CREATEORDER_V4_C1_F5_P0_C50_FAN5_S7005.yaml,ee0b274f65029dc40c9f9717f168478cdbde468603ea008c546013e3dea277f0,536
configs/phase6/group_c_duplicates/CREATEORDER_V4_C1_F5_P0_C50_FAN5_S7006.yaml,eac18ae252222a75dc12dc0a7382dd1b0673ae1dc60b1fe32e3f386183e402bb,536
configs/phase6/group_c_duplicates/CREATEORDER_V4_C1_F5_P0_C50_FAN5_S7007.yaml,cf81762ad301b8ddca5d87c799f0a600e667cc3274b125174511c09a8ad0993f,536
configs/phase6/group_c_duplicates/CREATEORDER_V4_C1_F5_P0_C50_FAN5_S7008.yaml,d7c081eb78c57940eb36926c751d2c10557b299dd6328a17f0985f686032211d,536
configs/phase6/group_c_duplicates/CREATEORDER_V4_C1_F5_P0_C50_FAN5_S7009.yaml,f4644dc672ae3a35a308f4c495db0db36e40a45134bf3b4fac68effcbd8f8691,536
configs/phase6/group_c_duplicates/CREATEORDER_V4_C1_F5_P0_C50_S7000.yaml,d8b567327d832a400300becbd1f40986e04b095062bccdd93124dc50443ab5d9,533
configs/phase6/group_c_duplicates/CREATEORDER_V4_C1_F5_P0_C50_S7001.yaml,bf5892ae88e65e7b7de11ca2ddc916baa3b467cf0a11bbf695acf1c6841925ce,533
configs/phase6/group_c_duplicates/CREATEORDER_V4_C1_F5_P0_C50_S7002.yaml,587327fd20e93df16e81dbe82a2582f2abfbc126973484db398caeb75f636561,533
configs/phase6/group_c_duplicates/CREATEORDER_V4_C1_F5_P0_C50_S7003.yaml,ac0c966bac4fc90ebca819b44605217c7ab712b6736ed301a58a0f6ed102a7ab,533
configs/phase6/group_c_duplicates/CREATEORDER_V4_C1_F5_P0_C50_S7004.yaml,ed243bc8ef15f1517ee29949b4c2c092aaa87b5f3269cd5dc0940ca8703f613a,533
configs/phase6/group_c_duplicates/CREATEORDER_V4_C1_F5_P0_C50_S7005.yaml,719fcbc4b1756109d5a239cb353b677d3b96aaf2398d2590a32654d83eab2759,533
configs/phase6/group_c_duplicates/CREATEORDER_V4_C1_F5_P0_C50_S7006.yaml,b508b92f7f99600c834f087e7fbc513da62efbcfe62153eac77e5667223bbe72,533
configs/phase6/group_c_duplicates/CREATEORDER_V4_C1_F5_P0_C50_S7007.yaml,29c3a53178562afd302124cb1ff49b467103ec004723efaee4662a1618eecf1d,533
configs/phase6/group_c_duplicates/CREATEORDER_V4_C1_F5_P0_C50_S7008.yaml,dbc5a272fa72b3365ae79c57dbd3c3ac3f856c630da9e7d0ae74d146974c368a,533
configs/phase6/group_c_duplicates/CREATEORDER_V4_C1_F5_P0_C50_S7009.yaml,eee66593f156f792b78dce59aa3d7bed74cfc9b0627bebe373164392f6a4530d,533
configs/phase6/group_c_duplicates/CREATEORDER_V4_C1_F6_P0_C50_FAN10_S7000.yaml,59b0232f6657e1f1b2d9cd066051208cab89d32610dc93681819ead991ce5e4c,539
configs/phase6/group_c_duplicates/CREATEORDER_V4_C1_F6_P0_C50_FAN10_S7001.yaml,7914f1dd623c9743c1fbb6a353bb905a3749965b39cee0a29d8d0ce0db4e0e47,539
configs/phase6/group_c_duplicates/CREATEORDER_V4_C1_F6_P0_C50_FAN10_S7002.yaml,e791d389190b7ea210b4bcf2bda12c042a5af27eb9ac33fadb6df9e3d45efba8,539
configs/phase6/group_c_duplicates/CREATEORDER_V4_C1_F6_P0_C50_FAN10_S7003.yaml,43d20944ed5ef1b4c41d55bd2328682e64ac63c6a6ae1b36a4e059a0dd3a6cac,539
configs/phase6/group_c_duplicates/CREATEORDER_V4_C1_F6_P0_C50_FAN10_S7004.yaml,d248ec5cb9145a5bf35877997943c1687d99baf1908c37fc9f41087b521c5ba0,539
configs/phase6/group_c_duplicates/CREATEORDER_V4_C1_F6_P0_C50_FAN10_S7005.yaml,5e217c377bf33df619b74b36f81342afba4c35c928453a769be222f6c3fde743,539
configs/phase6/group_c_duplicates/CREATEORDER_V4_C1_F6_P0_C50_FAN10_S7006.yaml,ea3b3b79c8de163da7a391faf8a510018794996da7b2bde72fb7805f775fc0f7,539
configs/phase6/group_c_duplicates/CREATEORDER_V4_C1_F6_P0_C50_FAN10_S7007.yaml,4d620a9a7c925a9fd9d062060780dd10194513de8ffc8a87a3003410587940b4,539
configs/phase6/group_c_duplicates/CREATEORDER_V4_C1_F6_P0_C50_FAN10_S7008.yaml,45bf4b53381d18d3e4167f5b939338b36af02bdce84d4b76bf1e6f87cfd52ad0,539
configs/phase6/group_c_duplicates/CREATEORDER_V4_C1_F6_P0_C50_FAN10_S7009.yaml,9bfc79787e9b7264051097950723cf2446ab2d5a4ff4a3907a54073d1d6329cf,539
configs/phase6/group_c_duplicates/CREATEORDER_V4_C1_F6_P0_C50_FAN2_S7000.yaml,969adbfbb953f5b26977ce900aac1dc61f9ce3adb038325b7c63881531f6fa23,536
configs/phase6/group_c_duplicates/CREATEORDER_V4_C1_F6_P0_C50_FAN2_S7001.yaml,f132e7011f68016a1f99c189c46677166b11f0777b2b8fae37bcdc737c3f1263,536
configs/phase6/group_c_duplicates/CREATEORDER_V4_C1_F6_P0_C50_FAN2_S7002.yaml,60540402290074f9b201b33982c8100062273c5f217fe184a0bbd1a62b51639a,536
configs/phase6/group_c_duplicates/CREATEORDER_V4_C1_F6_P0_C50_FAN2_S7003.yaml,f18d347c5d758b24a484e5eb04d2804dd4848fadf47dcd32da126f37ef4c64ae,536
configs/phase6/group_c_duplicates/CREATEORDER_V4_C1_F6_P0_C50_FAN2_S7004.yaml,bc26a50577e31efe17bac1298b5cc13ebc8b9bd5cb5402d9a719d06e7020b2c7,536
configs/phase6/group_c_duplicates/CREATEORDER_V4_C1_F6_P0_C50_FAN2_S7005.yaml,1bde55ed5bd5642d665debd418dd11935e781cc26a2079a2b1facc7f63893a8f,536
configs/phase6/group_c_duplicates/CREATEORDER_V4_C1_F6_P0_C50_FAN2_S7006.yaml,bc1a2dad0f74c09be75c2e123fa68e6e8f3c6db04b9ae450b7ec8d99f448e5e8,536
configs/phase6/group_c_duplicates/CREATEORDER_V4_C1_F6_P0_C50_FAN2_S7007.yaml,1b1b41bda4189d6004e2c9f8e177ec7c0a8876f96730772ab07abef769e6a74f,536
configs/phase6/group_c_duplicates/CREATEORDER_V4_C1_F6_P0_C50_FAN2_S7008.yaml,4968065eedb64fa6d828792c2ec92edfc4e94d28fd2667f7039fa0b05fa5704c,536
configs/phase6/group_c_duplicates/CREATEORDER_V4_C1_F6_P0_C50_FAN2_S7009.yaml,50bf4f7b86d14728d6379d7686b4f1f4664c2d22ca334f11c977bdf0749020c5,536
configs/phase6/group_c_duplicates/CREATEORDER_V4_C1_F6_P0_C50_FAN5_S7000.yaml,e5150246a4ec067821432c171e727be344fc41703893b630fdb9f2a0f9632bba,536
configs/phase6/group_c_duplicates/CREATEORDER_V4_C1_F6_P0_C50_FAN5_S7001.yaml,c9e20265410aa887ab0068f650a697c4d4bfd1e2bee67b6b83cb01d60130c2b2,536
configs/phase6/group_c_duplicates/CREATEORDER_V4_C1_F6_P0_C50_FAN5_S7002.yaml,bb3559d95e86283f6b88bf3f09cad26b7f472720008e0e8a0493079bc38a213d,536
configs/phase6/group_c_duplicates/CREATEORDER_V4_C1_F6_P0_C50_FAN5_S7003.yaml,9fa96fbac9d4514eac465cab9c4d2aa4f8ee7afcf661c709123a14ab0ac3c670,536
configs/phase6/group_c_duplicates/CREATEORDER_V4_C1_F6_P0_C50_FAN5_S7004.yaml,389198b62274251136f095b9c0b826c33bc31378020331e38c80c1499ed25286,536
configs/phase6/group_c_duplicates/CREATEORDER_V4_C1_F6_P0_C50_FAN5_S7005.yaml,1b3a83004f5a34ea105a5bbb167363141efc1242ee8d6e714da168e67f791370,536
configs/phase6/group_c_duplicates/CREATEORDER_V4_C1_F6_P0_C50_FAN5_S7006.yaml,430fef1ffad98797b2c4e365b05f56dd487bb21060d595f616eed49766283536,536
configs/phase6/group_c_duplicates/CREATEORDER_V4_C1_F6_P0_C50_FAN5_S7007.yaml,9c0e682c5f95ceccddc23aa699e301547ef36729c459efbdcb7f8cd14234e6d0,536
configs/phase6/group_c_duplicates/CREATEORDER_V4_C1_F6_P0_C50_FAN5_S7008.yaml,bcf8859af43d2ee6aa4db057f39b2ac157df74144db489ed67b21ad56ca677b9,536
configs/phase6/group_c_duplicates/CREATEORDER_V4_C1_F6_P0_C50_FAN5_S7009.yaml,30c005aff3c218c66e697ab04f802ccc5f7e6b2fbe6c010c0fd4c0ecb1d4e605,536
configs/phase6/group_c_duplicates/CREATEORDER_V4_C1_F6_P0_C50_S7000.yaml,25acde626a8c4cd7f82c76c22f90d6f29b733a210b9c46fefb609b4d6f49e1cc,533
configs/phase6/group_c_duplicates/CREATEORDER_V4_C1_F6_P0_C50_S7001.yaml,d6ae0f47c1031e58570ac22a2bdf82ceae17a67b4c3db5c3a4a0fdae495510b5,533
configs/phase6/group_c_duplicates/CREATEORDER_V4_C1_F6_P0_C50_S7002.yaml,ca8bb0e1ddd21615d4f2e5649f9bea2f292bacf5ab8ea3d4e23cb437798039a6,533
configs/phase6/group_c_duplicates/CREATEORDER_V4_C1_F6_P0_C50_S7003.yaml,0b64ff2150ed412c5ff5e11159534bb86d9a4350b1c1edad69ded095575008ec,533
configs/phase6/group_c_duplicates/CREATEORDER_V4_C1_F6_P0_C50_S7004.yaml,6909bf7ade11379826b638461ec99be4030e0b01ba0cb6582355fb1c9895afda,533
configs/phase6/group_c_duplicates/CREATEORDER_V4_C1_F6_P0_C50_S7005.yaml,f1138d364de5206efaa8ed7b5ee173c6f052b9b6bd783b78867a48186c98e4d0,533
configs/phase6/group_c_duplicates/CREATEORDER_V4_C1_F6_P0_C50_S7006.yaml,7f44d673a9db00be9e4758a4775ce03849796cbc49b9339a2e682df31e4919ef,533
configs/phase6/group_c_duplicates/CREATEORDER_V4_C1_F6_P0_C50_S7007.yaml,623a196fa337c18a5523ac901cba84f715fdc667e0c6ebd1846d6abf8861d9e2,533
configs/phase6/group_c_duplicates/CREATEORDER_V4_C1_F6_P0_C50_S7008.yaml,afb58dedcf23704244b04aa906a5a0cf532c382d8acbc327718f680be28cf50b,533
configs/phase6/group_c_duplicates/CREATEORDER_V4_C1_F6_P0_C50_S7009.yaml,b52bcad1d09ad13a3f1f8d314d34ffa79fe82daafaa954af269de3f8ef475315,533
configs/phase6/group_c_duplicates/CREATEORDER_V5_C2_F11_P0_C50_FAN10_S7000.yaml,a39772cbdcaa9089c65ffb1f461322ed2198e9ec4eb62b06ade09808bf183bab,541
configs/phase6/group_c_duplicates/CREATEORDER_V5_C2_F11_P0_C50_FAN10_S7001.yaml,7bfcc014e9fcfa4f411f0fc867174a6d982c3a1e7672b23e90745dcb480ea4cf,541
configs/phase6/group_c_duplicates/CREATEORDER_V5_C2_F11_P0_C50_FAN10_S7002.yaml,332ad3a775a0de7f7c4299bf1464026a607a3b9d3308fe8ca9fd83e135cc9365,541
configs/phase6/group_c_duplicates/CREATEORDER_V5_C2_F11_P0_C50_FAN10_S7003.yaml,df8eb348403fe4d0285ae613e032ce0fe7af9fc1f20dde4a7a1bea8aea38158f,541
configs/phase6/group_c_duplicates/CREATEORDER_V5_C2_F11_P0_C50_FAN10_S7004.yaml,a40edc3824d9d1c16b3a23db1f5f19a03fd363bc982b6818e03dfa9229ae8525,541
configs/phase6/group_c_duplicates/CREATEORDER_V5_C2_F11_P0_C50_FAN10_S7005.yaml,920c435191ce3874e92c97017ac378f2c9c8daa472f4992054951598df13b691,541
configs/phase6/group_c_duplicates/CREATEORDER_V5_C2_F11_P0_C50_FAN10_S7006.yaml,147128ccbaeec1acaecebd4941b1dd4fb9d161a1bbbafed81cedd092d38be475,541
configs/phase6/group_c_duplicates/CREATEORDER_V5_C2_F11_P0_C50_FAN10_S7007.yaml,a2a0103064651e80ab30f24fd5d9b38f625e6b565db5f1dd0c4fb14862c5300b,541
configs/phase6/group_c_duplicates/CREATEORDER_V5_C2_F11_P0_C50_FAN10_S7008.yaml,2e02ecf36a5ef04348992abf43c36185bdaf1c1dedf5e46bccfbd1523c57507c,541
configs/phase6/group_c_duplicates/CREATEORDER_V5_C2_F11_P0_C50_FAN10_S7009.yaml,d5b6c1028ff4b702dc0c0560d356561371dbcd2487aaf33e1b7a8ce08a531f5b,541
configs/phase6/group_c_duplicates/CREATEORDER_V5_C2_F11_P0_C50_FAN2_S7000.yaml,ac868249ecbc5a961469fe6d47852382a5701b44c8ee4cedac6522ac11eac19a,538
configs/phase6/group_c_duplicates/CREATEORDER_V5_C2_F11_P0_C50_FAN2_S7001.yaml,3ef21a649867eeab3c518209dd12951669865157728c4500a29ff4cd0bd68e97,538
configs/phase6/group_c_duplicates/CREATEORDER_V5_C2_F11_P0_C50_FAN2_S7002.yaml,7e4de05d4ad5e32d51a116a396fc469b373518fcd9eca4aa9a34884953ee43e9,538
configs/phase6/group_c_duplicates/CREATEORDER_V5_C2_F11_P0_C50_FAN2_S7003.yaml,fff827baddc724aa7b18fef15678e8d312a03d3dc921f31fbca985613053f165,538
configs/phase6/group_c_duplicates/CREATEORDER_V5_C2_F11_P0_C50_FAN2_S7004.yaml,68009337c55fcd936872af03d0cad369977b6d97dada8756444b94a3e69cf1e4,538
configs/phase6/group_c_duplicates/CREATEORDER_V5_C2_F11_P0_C50_FAN2_S7005.yaml,32b6a7c2a506a0db1046cef8c332dc800c4e10c052510df98c1f32226d29b16b,538
configs/phase6/group_c_duplicates/CREATEORDER_V5_C2_F11_P0_C50_FAN2_S7006.yaml,12b104ea1a8270123d48547c2ffdbb2ebc5d1ea1c42b60d1e74e066a6dd5e06e,538
configs/phase6/group_c_duplicates/CREATEORDER_V5_C2_F11_P0_C50_FAN2_S7007.yaml,fe02e1ecdd357e52a36837f8b984aab37f8be2c722af65314c542a1fd3a837fc,538
configs/phase6/group_c_duplicates/CREATEORDER_V5_C2_F11_P0_C50_FAN2_S7008.yaml,048ce17d257f5de24348abb7b73b998e3756ad453bd08bf954a7ae3c496ea5ee,538
configs/phase6/group_c_duplicates/CREATEORDER_V5_C2_F11_P0_C50_FAN2_S7009.yaml,9f4276a36e93f312869e9d14f898c73c39e2ef7a1c90434cf4448aa6f644d721,538
configs/phase6/group_c_duplicates/CREATEORDER_V5_C2_F11_P0_C50_FAN5_S7000.yaml,3b96f16fa98eca724a2dafd4abb5b77dd87a361bb7b52bc7335a35791b6ac14f,538
configs/phase6/group_c_duplicates/CREATEORDER_V5_C2_F11_P0_C50_FAN5_S7001.yaml,1d3632ca9e37557d41d86a9ca3c01faa97fd8f1eff59db29a8ebf87c120372f9,538
configs/phase6/group_c_duplicates/CREATEORDER_V5_C2_F11_P0_C50_FAN5_S7002.yaml,05aa0d58584d30280866684863c5148172af6ab46850df3c70ea10badca29578,538
configs/phase6/group_c_duplicates/CREATEORDER_V5_C2_F11_P0_C50_FAN5_S7003.yaml,aef57ffdb04290c0d8406cd02312a9f435399935ad06109a5130dce769adbf6b,538
configs/phase6/group_c_duplicates/CREATEORDER_V5_C2_F11_P0_C50_FAN5_S7004.yaml,70bec8950c0fc35acbdb207f7d23270d39d2b66cb263073c6605c2061632be04,538
configs/phase6/group_c_duplicates/CREATEORDER_V5_C2_F11_P0_C50_FAN5_S7005.yaml,9912e17e47747b5a0f0e95001ae193b08a51eca3a0881ad8bb87a4462b9e087f,538
configs/phase6/group_c_duplicates/CREATEORDER_V5_C2_F11_P0_C50_FAN5_S7006.yaml,e8e31a747104ca26b7cafe7ec69d4369a30037f94ed069dd95d78684e55849a4,538
configs/phase6/group_c_duplicates/CREATEORDER_V5_C2_F11_P0_C50_FAN5_S7007.yaml,5ea2c8f28b06e14c6f68c1766a38f0b287f2bc374a7ad78cd320359976e5a4b1,538
configs/phase6/group_c_duplicates/CREATEORDER_V5_C2_F11_P0_C50_FAN5_S7008.yaml,e4e20b40d5d51b308bb830ce36d80d0f19f8f016a30fb7ccff69b5fb94b99c7d,538
configs/phase6/group_c_duplicates/CREATEORDER_V5_C2_F11_P0_C50_FAN5_S7009.yaml,ffc3c0155d30283e846be5767422b7da7a549eb7bb42d56391ed5324ebb568d7,538
configs/phase6/group_c_duplicates/CREATEORDER_V5_C2_F11_P0_C50_S7000.yaml,063c6a4fb14d457447c4f23c970161e5cb893ae2dae2a1f424a3ae39eac58e64,535
configs/phase6/group_c_duplicates/CREATEORDER_V5_C2_F11_P0_C50_S7001.yaml,f9445d136c3903fc5a8339bf76e3ac0d9e39cd69cec5cf27ee0ac279aa9d09c2,535
configs/phase6/group_c_duplicates/CREATEORDER_V5_C2_F11_P0_C50_S7002.yaml,8e616d4401472cbb870e260dddcc0ab99c17f2815226004e476cb27dcae74d04,535
configs/phase6/group_c_duplicates/CREATEORDER_V5_C2_F11_P0_C50_S7003.yaml,415b73351323b05e5957b6271038bc2f5d721e2d3567c183a6e6645a2ce3565f,535
configs/phase6/group_c_duplicates/CREATEORDER_V5_C2_F11_P0_C50_S7004.yaml,a0574cfae923ae84c7d32da5c617ebbd1238194dc11072953326f72767b4055f,535
configs/phase6/group_c_duplicates/CREATEORDER_V5_C2_F11_P0_C50_S7005.yaml,175c28ce3d42153bbda7698aa0eb6096e6d9bd5612f4f84f4f1936264293e4a4,535
configs/phase6/group_c_duplicates/CREATEORDER_V5_C2_F11_P0_C50_S7006.yaml,a9a4d86875990aeb5bcc2d3f89f5bf9f54d13e4486bf095f20a23c94873ee656,535
configs/phase6/group_c_duplicates/CREATEORDER_V5_C2_F11_P0_C50_S7007.yaml,dbf673c7ef21bdc6d9253e5bfe03f66b5961f944013a08586f577d4b6918b592,535
configs/phase6/group_c_duplicates/CREATEORDER_V5_C2_F11_P0_C50_S7008.yaml,0d97777483712a6c1212ef6cf90f6049b1e019e7995099a3d4cfc39a9badea13,535
configs/phase6/group_c_duplicates/CREATEORDER_V5_C2_F11_P0_C50_S7009.yaml,a0083c55559f2d9c63823ae885a29016a5491271029f530cb99e7c7d4eac3f8a,535
configs/phase6/group_c_duplicates/CREATEORDER_V5_C2_F5_P0_C50_FAN10_S7000.yaml,fa433bb19233f059cf8d8066c637fa1859c7bd867fac2cb327bad3cb52aaa572,539
configs/phase6/group_c_duplicates/CREATEORDER_V5_C2_F5_P0_C50_FAN10_S7001.yaml,bc3be94b5f4676d694e7df26a7178b71a8a241b5916eddb83b2c9992c3f11d37,539
configs/phase6/group_c_duplicates/CREATEORDER_V5_C2_F5_P0_C50_FAN10_S7002.yaml,4851cc9a06a60c0cd99b0c509d278ff2ad3097483c03c4434eed9665ca5481ec,539
configs/phase6/group_c_duplicates/CREATEORDER_V5_C2_F5_P0_C50_FAN10_S7003.yaml,7b1acc13656da8d51afd6aa046f8f74ca0ffdb3dc52ac06c6b0186e39f746053,539
configs/phase6/group_c_duplicates/CREATEORDER_V5_C2_F5_P0_C50_FAN10_S7004.yaml,fd22b1f83d342914928747a4995b0f283d2b4a9527a16f53e2f9e48dd96f6a5e,539
configs/phase6/group_c_duplicates/CREATEORDER_V5_C2_F5_P0_C50_FAN10_S7005.yaml,ec75b88920d7c384056333ff398d3f4f083f70d6b9c172f931a7fe3dfc092de1,539
configs/phase6/group_c_duplicates/CREATEORDER_V5_C2_F5_P0_C50_FAN10_S7006.yaml,5feaa86cb0697f874b74d8b355be74426fd35cf80448fdc85181292bfc39e342,539
configs/phase6/group_c_duplicates/CREATEORDER_V5_C2_F5_P0_C50_FAN10_S7007.yaml,48a9212a8333b2bc89b12cf67f7e9efb2f6931fe57668d9b57f4401dabe25eb0,539
configs/phase6/group_c_duplicates/CREATEORDER_V5_C2_F5_P0_C50_FAN10_S7008.yaml,f6247fcc55b947797ab01688304777d0e8794e628dcaeff65a1d24471996c765,539
configs/phase6/group_c_duplicates/CREATEORDER_V5_C2_F5_P0_C50_FAN10_S7009.yaml,9f107306741d56eb77e62b90d99da5f34cba283bd35abaca43c6ac39d85474e8,539
configs/phase6/group_c_duplicates/CREATEORDER_V5_C2_F5_P0_C50_FAN2_S7000.yaml,d1101ca83a85077fd66f642269b83719bcddfd65c836a4a853edda329a64e9f6,536
configs/phase6/group_c_duplicates/CREATEORDER_V5_C2_F5_P0_C50_FAN2_S7001.yaml,3c547412d29e1b6f8aa43f18d998985d35137f1e64518f56b8feab2b8613f75c,536
configs/phase6/group_c_duplicates/CREATEORDER_V5_C2_F5_P0_C50_FAN2_S7002.yaml,1127fd5f989dcf07b550c094f316c3f8bf23a7d932bf250582447ddfedc8aeff,536
configs/phase6/group_c_duplicates/CREATEORDER_V5_C2_F5_P0_C50_FAN2_S7003.yaml,0335e4b34f5b92781a57fe27c6b47efffdf1a002067e41eeb0b0de0a924f2176,536
configs/phase6/group_c_duplicates/CREATEORDER_V5_C2_F5_P0_C50_FAN2_S7004.yaml,9f4fc255c6b16f0997a4c995ab2daae0903d33a4b8f6e3c313c1d2c40ebf0684,536
configs/phase6/group_c_duplicates/CREATEORDER_V5_C2_F5_P0_C50_FAN2_S7005.yaml,135f66ed8775f9b26a7457533e3c773dee602056f43467909b67be6551ba7520,536
configs/phase6/group_c_duplicates/CREATEORDER_V5_C2_F5_P0_C50_FAN2_S7006.yaml,757bbfd07a758c0b6d1d10122fd0bad5682ac3458b896db1a84d65adfc5376e4,536
configs/phase6/group_c_duplicates/CREATEORDER_V5_C2_F5_P0_C50_FAN2_S7007.yaml,83dd400bb78f745ee3144bfc48ffed05cb70dc8df69ebfe7f8cfc9776f836f3b,536
configs/phase6/group_c_duplicates/CREATEORDER_V5_C2_F5_P0_C50_FAN2_S7008.yaml,be733faf6e572c0f2d73d7650e9f3f60bbef91d2dd2b5efbdf91506ef4faa2e6,536
configs/phase6/group_c_duplicates/CREATEORDER_V5_C2_F5_P0_C50_FAN2_S7009.yaml,7e831e323218996219e43d1f995b8b1fc234c5d386debdd143ddf819f807259b,536
configs/phase6/group_c_duplicates/CREATEORDER_V5_C2_F5_P0_C50_FAN5_S7000.yaml,dfec03d3835f52212ae7089def8d2ede174983d0a81291262d3fc47268c26175,536
configs/phase6/group_c_duplicates/CREATEORDER_V5_C2_F5_P0_C50_FAN5_S7001.yaml,67dd83564503f1046be8415fa99dd7ed930ac0d4a0c4d61a2efce0e56f929509,536
configs/phase6/group_c_duplicates/CREATEORDER_V5_C2_F5_P0_C50_FAN5_S7002.yaml,48543ef11d1d8c49896f7624e73a4555728b0fee1e3b3b41b516177761ed07a5,536
configs/phase6/group_c_duplicates/CREATEORDER_V5_C2_F5_P0_C50_FAN5_S7003.yaml,e8d800b011438d585078bd5ab02f33728a07aa7e751af3eb2cafc84b3824580f,536
configs/phase6/group_c_duplicates/CREATEORDER_V5_C2_F5_P0_C50_FAN5_S7004.yaml,991065cdcf0932350af4dbbcc6a4026c9ecbb903906825415f973388d2b7fa11,536
configs/phase6/group_c_duplicates/CREATEORDER_V5_C2_F5_P0_C50_FAN5_S7005.yaml,9ec25aa60bfe595d7d1ac57b6ede3ba9177c9a5838067ce73cb3c43c2e2fde5b,536
configs/phase6/group_c_duplicates/CREATEORDER_V5_C2_F5_P0_C50_FAN5_S7006.yaml,907a5f2ad2d42153edece103750cefd497a23a8a04271e11dae81d602f62b988,536
configs/phase6/group_c_duplicates/CREATEORDER_V5_C2_F5_P0_C50_FAN5_S7007.yaml,7e359ebfefb575d2ab8d80b0ae987809fb3452a1e6a18a4ec005a5fa66960b7c,536
configs/phase6/group_c_duplicates/CREATEORDER_V5_C2_F5_P0_C50_FAN5_S7008.yaml,dc725cb6e4c2791691bdaea8823eda872c1f3d2f40a9b9d596d1ffbe8d5d7553,536
configs/phase6/group_c_duplicates/CREATEORDER_V5_C2_F5_P0_C50_FAN5_S7009.yaml,2b8307e2f9fa46d192bf5e85b7c67ba953135219a934d9b132622575722f77ac,536
configs/phase6/group_c_duplicates/CREATEORDER_V5_C2_F5_P0_C50_S7000.yaml,a868631a98651af7374c8996e664d933fc49c5b026f0ba3a5a5ea1f544d63b70,533
configs/phase6/group_c_duplicates/CREATEORDER_V5_C2_F5_P0_C50_S7001.yaml,6e466af4677a59cdc749a01c17faf59739f3aeac0f9ae6d2e537413383b4ee61,533
configs/phase6/group_c_duplicates/CREATEORDER_V5_C2_F5_P0_C50_S7002.yaml,d7c3046551ebaaa129030a4452212e677ec5e92fe8c6e0b0b0ff64ccc072d865,533
configs/phase6/group_c_duplicates/CREATEORDER_V5_C2_F5_P0_C50_S7003.yaml,9c4648709d499769dad0c9b6ddc2873e936cdce641f3d6fabb281f125a6fb6af,533
configs/phase6/group_c_duplicates/CREATEORDER_V5_C2_F5_P0_C50_S7004.yaml,007dac0ae0c4ff20e1631a6f745a53fd2fdf4be386114000c68ab8ce61ebfdc0,533
configs/phase6/group_c_duplicates/CREATEORDER_V5_C2_F5_P0_C50_S7005.yaml,7c594c917b5952aa207c38edd106f272c87e5f4bdd6bb17b82f995c2a5a78c03,533
configs/phase6/group_c_duplicates/CREATEORDER_V5_C2_F5_P0_C50_S7006.yaml,9d709c63b9455d78abb1d73fed0f348e8930d36bceea0a3c17f005d9ea02d54d,533
configs/phase6/group_c_duplicates/CREATEORDER_V5_C2_F5_P0_C50_S7007.yaml,e6e61a3f64304a63f7c3e5624da6588fda55dfa54b70f6582ec0e91768b4f827,533
configs/phase6/group_c_duplicates/CREATEORDER_V5_C2_F5_P0_C50_S7008.yaml,5aafcfb275cdeb9cdbb7e381902405bbe0f1b9f67d366f7621cb94affc3dcd4f,533
configs/phase6/group_c_duplicates/CREATEORDER_V5_C2_F5_P0_C50_S7009.yaml,42bcd424028c7f6b93818dc4085c4a7e4a38d3ba1e9ef4a8449611dab544b6ae,533
configs/phase6/group_c_duplicates/CREATEORDER_V5_C2_F6_P0_C50_FAN10_S7000.yaml,a73342abc8bed0308969e8b380792d6ceea081365cc107866cf4b6192457e347,539
configs/phase6/group_c_duplicates/CREATEORDER_V5_C2_F6_P0_C50_FAN10_S7001.yaml,7280b9cf9718e6c60114c339065d37a72c56f40a971236785f19df383fab2d46,539
configs/phase6/group_c_duplicates/CREATEORDER_V5_C2_F6_P0_C50_FAN10_S7002.yaml,0ec95f3675793b0663d3164143c2a97b65e4ccdebc5f8792cb907cf8292a81d8,539
configs/phase6/group_c_duplicates/CREATEORDER_V5_C2_F6_P0_C50_FAN10_S7003.yaml,46e479c36f63a27f527b076774a5a55e8bda69a14f789381d71145fa831cb804,539
configs/phase6/group_c_duplicates/CREATEORDER_V5_C2_F6_P0_C50_FAN10_S7004.yaml,d42ca9b5c5db63d497f3f9c4647cf5a0f6e213f7674d97e5c769917db1313df8,539
configs/phase6/group_c_duplicates/CREATEORDER_V5_C2_F6_P0_C50_FAN10_S7005.yaml,0fa95e3a0563d3f659de8212297e7a99f41cad7ca4226de1327e2cc7a8e44659,539
configs/phase6/group_c_duplicates/CREATEORDER_V5_C2_F6_P0_C50_FAN10_S7006.yaml,23d1a94258ffb129dae80b7de8cffe808f5dc6e718697e2f70cedda180f7bdda,539
configs/phase6/group_c_duplicates/CREATEORDER_V5_C2_F6_P0_C50_FAN10_S7007.yaml,d7a05b3354b9c014647634230a715f4178202f9ad0d2d7fac52d378d59dad6c6,539
configs/phase6/group_c_duplicates/CREATEORDER_V5_C2_F6_P0_C50_FAN10_S7008.yaml,9f42d18af4d5f9cc65f61b961c4e62df12208aab415d324d2f1ec5fdd43eeddd,539
configs/phase6/group_c_duplicates/CREATEORDER_V5_C2_F6_P0_C50_FAN10_S7009.yaml,2a2b95aba908b367ed6cdd000bd7333b22590ae29d69e620b7fb12d9a92fe95a,539
configs/phase6/group_c_duplicates/CREATEORDER_V5_C2_F6_P0_C50_FAN2_S7000.yaml,3eef5bf05a5e4a4ac81c50b34f7665bc3458c4167eb07ba4efab7044ce33e884,536
configs/phase6/group_c_duplicates/CREATEORDER_V5_C2_F6_P0_C50_FAN2_S7001.yaml,751cd84d20eed9d3052af8dbe70e47276e0c650921773564c6b9f806df127f10,536
configs/phase6/group_c_duplicates/CREATEORDER_V5_C2_F6_P0_C50_FAN2_S7002.yaml,d3b1b3abb08d50df567d1be09f50560438ac2082399034bced7b008b27aaa2f5,536
configs/phase6/group_c_duplicates/CREATEORDER_V5_C2_F6_P0_C50_FAN2_S7003.yaml,673447e151f870ceeb5e959ebb1e054a1fb8257583fe33ff77f4b1eab347bfbf,536
configs/phase6/group_c_duplicates/CREATEORDER_V5_C2_F6_P0_C50_FAN2_S7004.yaml,2b7f6da46d02652a5b3ba58e984bd95aebb4705efcfd1f9c3798fcb9b487e393,536
configs/phase6/group_c_duplicates/CREATEORDER_V5_C2_F6_P0_C50_FAN2_S7005.yaml,e8361ed10ea6da106abe956852f81ebd6c03b210a1d7cfabb0acf14bd218c359,536
configs/phase6/group_c_duplicates/CREATEORDER_V5_C2_F6_P0_C50_FAN2_S7006.yaml,cbbb8ffcc3beb6d3b666806276a8e6998f8609c7080c3ebb10a6919e5d167383,536
configs/phase6/group_c_duplicates/CREATEORDER_V5_C2_F6_P0_C50_FAN2_S7007.yaml,4faa4228db5762df768e580beb08a156633bbb2249a661245afc71ce6ebfd471,536
configs/phase6/group_c_duplicates/CREATEORDER_V5_C2_F6_P0_C50_FAN2_S7008.yaml,fcf51f84041ff185080c6afdca145afc437e61934e9a38b233f263dc003ec1ab,536
configs/phase6/group_c_duplicates/CREATEORDER_V5_C2_F6_P0_C50_FAN2_S7009.yaml,94c969cba212e4df42d7a0478ac72102652098ac9998331b442b52c4438cc75e,536
configs/phase6/group_c_duplicates/CREATEORDER_V5_C2_F6_P0_C50_FAN5_S7000.yaml,6bc0901050cf0c6c4c32b78e657c6f62ed84765ae6b55e98c99781c64a0d0c50,536
configs/phase6/group_c_duplicates/CREATEORDER_V5_C2_F6_P0_C50_FAN5_S7001.yaml,aee830eb17549ff190f39acb9cc9e02088e6ae157e590e53d23f00ce9c098a6c,536
configs/phase6/group_c_duplicates/CREATEORDER_V5_C2_F6_P0_C50_FAN5_S7002.yaml,035eace686b6098350cfd08e80402214c97395b00564d24b61902e58dcaf9ad1,536
configs/phase6/group_c_duplicates/CREATEORDER_V5_C2_F6_P0_C50_FAN5_S7003.yaml,8d3c497883cc21e1316f2daa779956c26b08371b4ae0fd623df54bb201dd4bdb,536
configs/phase6/group_c_duplicates/CREATEORDER_V5_C2_F6_P0_C50_FAN5_S7004.yaml,669cd032d53e9460bd55b20987b3bf028534cef5472725b6922e8846f8c69e67,536
configs/phase6/group_c_duplicates/CREATEORDER_V5_C2_F6_P0_C50_FAN5_S7005.yaml,cc78993e8c8a9f8a1f1e14d85281f9d3a3a354443ead15d8c6bc063bed1fb2f7,536
configs/phase6/group_c_duplicates/CREATEORDER_V5_C2_F6_P0_C50_FAN5_S7006.yaml,78f019e69c4c7aa58123bff70fc009ef237ff9d66332736d3c88c4fa2e2aa035,536
configs/phase6/group_c_duplicates/CREATEORDER_V5_C2_F6_P0_C50_FAN5_S7007.yaml,8e7bc70a0a69dc43951d7c28443055ec24f87b0f8063fe63982d9336d5871313,536
configs/phase6/group_c_duplicates/CREATEORDER_V5_C2_F6_P0_C50_FAN5_S7008.yaml,7530772cfb5323004f23e1d6e8649864e28d70cd337ca54b78407f69cf599319,536
configs/phase6/group_c_duplicates/CREATEORDER_V5_C2_F6_P0_C50_FAN5_S7009.yaml,4f21b3b7796b691f47fa0391d68983c9f262e9f81d4d438b50e74d2a39d5d602,536
configs/phase6/group_c_duplicates/CREATEORDER_V5_C2_F6_P0_C50_S7000.yaml,f8bc7922832400d299349d2f3d04a5711ee8ff8c943267176a309479bab08cfa,533
configs/phase6/group_c_duplicates/CREATEORDER_V5_C2_F6_P0_C50_S7001.yaml,12c59ea71fb462d02bc585b03a4a69e5663af926672fd455cc71436404f7de42,533
configs/phase6/group_c_duplicates/CREATEORDER_V5_C2_F6_P0_C50_S7002.yaml,9ba7ce9c03fac6610b64b07671bb5a80c6d1755436e13e64c1f0dfb3773496ff,533
configs/phase6/group_c_duplicates/CREATEORDER_V5_C2_F6_P0_C50_S7003.yaml,a7fa90b62c1b261f468e3984f9e611a69c814f6ba87d54b475328353bf4ca9aa,533
configs/phase6/group_c_duplicates/CREATEORDER_V5_C2_F6_P0_C50_S7004.yaml,13b66576e275bc16a092f8b8c2420c7eac15df0ec8737ae774079e5a0b41a419,533
configs/phase6/group_c_duplicates/CREATEORDER_V5_C2_F6_P0_C50_S7005.yaml,1f80f3bdddd8a11270827a7bc828167d882d7634d03c5c298b227d9ec3c6948d,533
configs/phase6/group_c_duplicates/CREATEORDER_V5_C2_F6_P0_C50_S7006.yaml,d959bc2217fb3388c3df7cf6bc6cf17cdc7f75e75175be1f14c6ac7aaf2a7854,533
configs/phase6/group_c_duplicates/CREATEORDER_V5_C2_F6_P0_C50_S7007.yaml,b25657c5035e7528e03c9318000b2cfbeb18bf6f42a97c4c5752d408d099b403,533
configs/phase6/group_c_duplicates/CREATEORDER_V5_C2_F6_P0_C50_S7008.yaml,e823e0ca075f99de7c244d6f91909494e845b675110b8c0474daa2cf012a06d9,533
configs/phase6/group_c_duplicates/CREATEORDER_V5_C2_F6_P0_C50_S7009.yaml,a24d976b089e16610cfa13cefa6c416b5b5ff94c2cf167564e5c93295bf691c7,533
configs/phase6/group_d_capability/CREATEORDER_V2_C0_F3_P10_C50_CAP_S7000.yaml,95fa63577c27793bcd23fa73a1cdf275f65dac2d251f3b9a367e0b34436176fb,496
configs/phase6/group_d_capability/CREATEORDER_V2_C0_F3_P10_C50_CAP_S7001.yaml,76cf739d3dc5b4380874b4402a3b48de7b66c8cab149495d016f3e54c65c0d9e,496
configs/phase6/group_d_capability/CREATEORDER_V2_C0_F3_P10_C50_CAP_S7002.yaml,db03b62ab2f0843f351e7146cf403b7cd0f71007a9c8b32ad670939272f6379f,496
configs/phase6/group_d_capability/CREATEORDER_V2_C0_F3_P10_C50_CAP_S7003.yaml,d99d1f3a985e533a66909801cdd4321d37c6c7b5adf93d9041c99f2d8138c5b9,496
configs/phase6/group_d_capability/CREATEORDER_V2_C0_F3_P10_C50_CAP_S7004.yaml,af7a1632a061a2a55fd146fc6f4cc68d529f952b8707eb643a0ef69013a764ea,496
configs/phase6/group_d_capability/CREATEORDER_V2_C0_F3_P10_C50_CAP_S7005.yaml,e9af40f1f822f9c7a5f27c20b93091b85a70bc0c0fe908e8743f62c410bb8f57,496
configs/phase6/group_d_capability/CREATEORDER_V2_C0_F3_P10_C50_CAP_S7006.yaml,e20d92fcacb2316529bf29028981137108e69b0f3600f0044eb400e2ac5deafe,496
configs/phase6/group_d_capability/CREATEORDER_V2_C0_F3_P10_C50_CAP_S7007.yaml,e8ba8d017371bc04a34411e3d100927c187ad546e398b5b5d0eaf4ff618e7879,496
configs/phase6/group_d_capability/CREATEORDER_V2_C0_F3_P10_C50_CAP_S7008.yaml,c0e58a41a9af2a39f3f8ddd62fbc79bf4c908f229eefd245230e1a9cf052fa30,496
configs/phase6/group_d_capability/CREATEORDER_V2_C0_F3_P10_C50_CAP_S7009.yaml,9a883675c479663363180dbc390e576ad4a301e65b04c3a66487ba4a12c3b8bb,496
configs/phase6/group_d_capability/CREATEORDER_V2_C0_F3_P10_C50_S7000.yaml,86b9e6da43fdc11363acf699267846fc9316702eec80adab03d86ebbbe2e1aba,492
configs/phase6/group_d_capability/CREATEORDER_V2_C0_F3_P10_C50_S7001.yaml,3cd0211bbc366900052d8b4ff32b0e72d1b0f1f09db1ecbe1b1ed4383b0aa9b5,492
configs/phase6/group_d_capability/CREATEORDER_V2_C0_F3_P10_C50_S7002.yaml,a8e2ce20460b44fbaa13e9d280615c25848bae46e87a0213175da7cb765310a0,492
configs/phase6/group_d_capability/CREATEORDER_V2_C0_F3_P10_C50_S7003.yaml,a1c7e1198df02055be7f9faac717e9b0aa47d2618cd5d6060bcbd7c883078891,492
configs/phase6/group_d_capability/CREATEORDER_V2_C0_F3_P10_C50_S7004.yaml,9ab5398b3a6be8532496c15bdb3fe5effcd3aff3c16505f925689d5792b7668f,492
configs/phase6/group_d_capability/CREATEORDER_V2_C0_F3_P10_C50_S7005.yaml,e43cfffc38a663ecae0801628701be54f6b69ddca0295848cc60734d16446a9b,492
configs/phase6/group_d_capability/CREATEORDER_V2_C0_F3_P10_C50_S7006.yaml,28e537ccf87c41c4609f7ec21b28ceea9e1823782190c696870a78ccd7ec7e75,492
configs/phase6/group_d_capability/CREATEORDER_V2_C0_F3_P10_C50_S7007.yaml,d4265113e910ce18e6dc8e1f16c3b3bbba052ca01259fb1c5c5281a6fa129d6b,492
configs/phase6/group_d_capability/CREATEORDER_V2_C0_F3_P10_C50_S7008.yaml,aaf87430421df7df40286e4beedb90decee7c21ba0c95e06adf430f4ffe30495,492
configs/phase6/group_d_capability/CREATEORDER_V2_C0_F3_P10_C50_S7009.yaml,d329094565bd046f76a7df6a94cffd2c3c9daf72870fa943a1a540459cd328c4,492
configs/phase6/group_d_capability/CREATEORDER_V2_C0_F8_P10_C50_CAP_S7000.yaml,30165c4579ec26990039b49ba2f0a8d98761fe1045bca522de9e6dea5f8425f5,496
configs/phase6/group_d_capability/CREATEORDER_V2_C0_F8_P10_C50_CAP_S7001.yaml,ed43a6e74527348d5ff3d8d5cb20e0555aca357ecf9386e59efb0fba762afd39,496
configs/phase6/group_d_capability/CREATEORDER_V2_C0_F8_P10_C50_CAP_S7002.yaml,9ca38b1c1eef64f8358f3b0f6aff13c67542ce7c59d32f430dfa2c8e2e6c14bc,496
configs/phase6/group_d_capability/CREATEORDER_V2_C0_F8_P10_C50_CAP_S7003.yaml,c0d5100086cf18a26fd19ff24b3c4b2520abd7d0ca275fc8e5e159579fad1910,496
configs/phase6/group_d_capability/CREATEORDER_V2_C0_F8_P10_C50_CAP_S7004.yaml,b8996e57cf94ad7d70562a40c0ce99e004c254e536f28c554e5c19243fde11b3,496
configs/phase6/group_d_capability/CREATEORDER_V2_C0_F8_P10_C50_CAP_S7005.yaml,c105cf933024520391dbd3c8b9b7493c6315a672b313956e197b5a55983982c9,496
configs/phase6/group_d_capability/CREATEORDER_V2_C0_F8_P10_C50_CAP_S7006.yaml,9321514ee68df64589dad5a07fdd6cda8916aeb929e54dfbe7b07e7e695e0dac,496
configs/phase6/group_d_capability/CREATEORDER_V2_C0_F8_P10_C50_CAP_S7007.yaml,acf312139659b9997f74a6eb9e9e097d088685b1a6b774dbf688a4d4428d9a0b,496
configs/phase6/group_d_capability/CREATEORDER_V2_C0_F8_P10_C50_CAP_S7008.yaml,661000520682d5acd75e8ce9468c5c8bbdec8793b6e4d1d630b5a4e9433bbdb6,496
configs/phase6/group_d_capability/CREATEORDER_V2_C0_F8_P10_C50_CAP_S7009.yaml,0b807b2b9ed6fc4897dbb2f4893d096a21ae78897b7fe8425f4405af87dacfc4,496
configs/phase6/group_d_capability/CREATEORDER_V2_C0_F8_P10_C50_S7000.yaml,9818fa1e22be7c79457f31f590099f27894481df0a7ef5a1089e5db4f52fcd3e,492
configs/phase6/group_d_capability/CREATEORDER_V2_C0_F8_P10_C50_S7001.yaml,fde97fa0a19252cc42ad5280b5aa04e17b3be5e0d751dc99b0b54ad7bdcfda57,492
configs/phase6/group_d_capability/CREATEORDER_V2_C0_F8_P10_C50_S7002.yaml,0440f40422029c16d2d04b82e76592e722b3abbb4486ba3a07ef2deaa0f37ee2,492
configs/phase6/group_d_capability/CREATEORDER_V2_C0_F8_P10_C50_S7003.yaml,3605babb285c2a716a07ef4cfcf43df6642db3fc82d0131b3120c085df742af7,492
configs/phase6/group_d_capability/CREATEORDER_V2_C0_F8_P10_C50_S7004.yaml,d3666cdd6cc4db61b2e42821b20fb15c557c9981406ecc19617a67a37a14fbcd,492
configs/phase6/group_d_capability/CREATEORDER_V2_C0_F8_P10_C50_S7005.yaml,8d9bf80d183154fb29cd4e7640ec2948e06756270e6adb210d1a6bef45837024,492
configs/phase6/group_d_capability/CREATEORDER_V2_C0_F8_P10_C50_S7006.yaml,2c9c71d835e2477297a095d82cb05a4d7d476e96e96af407556b41e10d17f441,492
configs/phase6/group_d_capability/CREATEORDER_V2_C0_F8_P10_C50_S7007.yaml,1e713806570aad746c99251eab74fd829e1f7c2cd309b0bb29e6114f3edc5cad,492
configs/phase6/group_d_capability/CREATEORDER_V2_C0_F8_P10_C50_S7008.yaml,f2bdb97d71098882205d8e3b776a6046bd7b10829bebd46ff8d8ca01664723f9,492
configs/phase6/group_d_capability/CREATEORDER_V2_C0_F8_P10_C50_S7009.yaml,d6566a922302dc800fa0b0339c2df607e92a0479d33f4012a14fe06b3fcada3b,492
configs/phase6/group_d_capability/CREATEORDER_V2_C1_F3_P10_C50_CAP_S7000.yaml,966e6f69cb94fca866a35718968801aa7fc782a2491c16215f4a7226a7072203,496
configs/phase6/group_d_capability/CREATEORDER_V2_C1_F3_P10_C50_CAP_S7001.yaml,1fc5ac6d672de99eb0c7fb6c2e7d98d6377db8574132d08923911c86be72b581,496
configs/phase6/group_d_capability/CREATEORDER_V2_C1_F3_P10_C50_CAP_S7002.yaml,8af0e02364642835b707c3b38eeeb994a9a46b13b8fd1d5ba820cef12a39f3af,496
configs/phase6/group_d_capability/CREATEORDER_V2_C1_F3_P10_C50_CAP_S7003.yaml,fbd1fe16dc68926a301cea0e71611e3e890db183e2345aa86eda7ccfd429d83f,496
configs/phase6/group_d_capability/CREATEORDER_V2_C1_F3_P10_C50_CAP_S7004.yaml,0453a00e6c115b5902240c16684d1b257666039b0e03db658f8841010ea2f819,496
configs/phase6/group_d_capability/CREATEORDER_V2_C1_F3_P10_C50_CAP_S7005.yaml,030db1c56175f3e9d4c57e2830fc58207236e3cde623154e4aebbfac80867c8f,496
configs/phase6/group_d_capability/CREATEORDER_V2_C1_F3_P10_C50_CAP_S7006.yaml,bddecc48a64d1a9493046b8f04032ff993c58e8e9d5508a4448b1756530f6200,496
configs/phase6/group_d_capability/CREATEORDER_V2_C1_F3_P10_C50_CAP_S7007.yaml,ca500bd6e67f9cb3abd17cd3c191629be2c68a6a0f2cfc0d794569535b99cea3,496
configs/phase6/group_d_capability/CREATEORDER_V2_C1_F3_P10_C50_CAP_S7008.yaml,c5c7ba020d862a991a8d533d95c46e6e172a94893a632bee125c198fac2cf507,496
configs/phase6/group_d_capability/CREATEORDER_V2_C1_F3_P10_C50_CAP_S7009.yaml,0119138837725a81e142546ff5e0be0f95c9ab625b630c9b725e204319be8ae1,496
configs/phase6/group_d_capability/CREATEORDER_V2_C1_F3_P10_C50_S7000.yaml,e5fa4bc1ab5217c5448a6cbcd8f910e12629428e81175c4b8a2edbd584b97404,492
configs/phase6/group_d_capability/CREATEORDER_V2_C1_F3_P10_C50_S7001.yaml,e177f1c4fe855cb7a1438d0742d650b5cf9d26323f50c525c33bffd3abb2f02b,492
configs/phase6/group_d_capability/CREATEORDER_V2_C1_F3_P10_C50_S7002.yaml,df690124d25cb34089e9593b364c58669451309c75f89b9f97c7f835802d904d,492
configs/phase6/group_d_capability/CREATEORDER_V2_C1_F3_P10_C50_S7003.yaml,f1135e458d53b8d9a188d11110abfba96d60f4980fbef71b4b30e8a8fe4f4140,492
configs/phase6/group_d_capability/CREATEORDER_V2_C1_F3_P10_C50_S7004.yaml,f3461dcf2568cccc5e5a7fbff29e5bb44475bffd3c61f16f12cb516c6dd595c8,492
configs/phase6/group_d_capability/CREATEORDER_V2_C1_F3_P10_C50_S7005.yaml,0ef5879351c58c84d2dc9625cc956ddaca7d8018bd6e0a208df8e250cfd75aab,492
configs/phase6/group_d_capability/CREATEORDER_V2_C1_F3_P10_C50_S7006.yaml,c59d465810273e4890b1a979fc66ddcf0415ddd0d0a98ffbe1ff293fac9cf04d,492
configs/phase6/group_d_capability/CREATEORDER_V2_C1_F3_P10_C50_S7007.yaml,7091b8ade8ceac40984e7e63c686fd7d6a31fa94470646a6737fbd9a77ecfd79,492
configs/phase6/group_d_capability/CREATEORDER_V2_C1_F3_P10_C50_S7008.yaml,dd2059badd9b9a9795ead0b6da44bb048a3af58ab6c6051a85a97a6d670275ab,492
configs/phase6/group_d_capability/CREATEORDER_V2_C1_F3_P10_C50_S7009.yaml,8fc58961fb82e32a9d1d97e6235ecba1a5f30de352da57d31f21420a0516e50b,492
configs/phase6/group_d_capability/CREATEORDER_V2_C1_F8_P10_C50_CAP_S7000.yaml,f466dfcb54d4201d417ca9b58b760a5ed3d72b4f58ed7684790c14be399453d8,496
configs/phase6/group_d_capability/CREATEORDER_V2_C1_F8_P10_C50_CAP_S7001.yaml,22c23da3a1ea38d121233b7670a08ca6a39ff787ea543f4a99566743cc62d37e,496
configs/phase6/group_d_capability/CREATEORDER_V2_C1_F8_P10_C50_CAP_S7002.yaml,c5fb7ad9e71a18532da8e1d280dbbfdc8913be0b6835d8f8a39e929557a04444,496
configs/phase6/group_d_capability/CREATEORDER_V2_C1_F8_P10_C50_CAP_S7003.yaml,94e9607491ae1637706299899092fa79aad50a8551c68e4aad380b309175419f,496
configs/phase6/group_d_capability/CREATEORDER_V2_C1_F8_P10_C50_CAP_S7004.yaml,9201346f93b03ec350444777812fa7f30b07f6a471d9d5a0ff6abdccbf11ead1,496
configs/phase6/group_d_capability/CREATEORDER_V2_C1_F8_P10_C50_CAP_S7005.yaml,d580f5ec970a3ff1e1c2780ea98e9ff35c418bdb0ec9fbf4700a6c12ffed953c,496
configs/phase6/group_d_capability/CREATEORDER_V2_C1_F8_P10_C50_CAP_S7006.yaml,c1e7041b417e18c4260da321ebadd850bc3467a6af5f3694bb27a372fb48e944,496
configs/phase6/group_d_capability/CREATEORDER_V2_C1_F8_P10_C50_CAP_S7007.yaml,3e914fa44ac8009409bac6f97425b441770017c3270ed64132487b2c84f085e6,496
configs/phase6/group_d_capability/CREATEORDER_V2_C1_F8_P10_C50_CAP_S7008.yaml,1826344ee39ee7cd83f04ca548489ab3ca1bcb7054b39b762b3d41c1118f933c,496
configs/phase6/group_d_capability/CREATEORDER_V2_C1_F8_P10_C50_CAP_S7009.yaml,0fd68d1354e67c0a4abc48a45496653e649e1b7542d8828278be37a363998e50,496
configs/phase6/group_d_capability/CREATEORDER_V2_C1_F8_P10_C50_S7000.yaml,0a7ca25af559987dff62a979a184a30b9785c4107374250919781112c78c0b55,492
configs/phase6/group_d_capability/CREATEORDER_V2_C1_F8_P10_C50_S7001.yaml,19ed9133a98f556230ce884134eea589c5e21befa524142dc2999a3eb2bac241,492
configs/phase6/group_d_capability/CREATEORDER_V2_C1_F8_P10_C50_S7002.yaml,6f4742e8e66e9d8096c49622c05e881e3f69ab17ac1ef58f6d4e2b4da969e17b,492
configs/phase6/group_d_capability/CREATEORDER_V2_C1_F8_P10_C50_S7003.yaml,f87330a3ce69fc9e6e595086ecd824db7c2e6eab3ac5ac230360f478add541cf,492
configs/phase6/group_d_capability/CREATEORDER_V2_C1_F8_P10_C50_S7004.yaml,b890c6b7bc201f2bf2b9b2a14e0fff8aac3ad19a4ee593658e661baa8baaf5b8,492
configs/phase6/group_d_capability/CREATEORDER_V2_C1_F8_P10_C50_S7005.yaml,569c7abcfe8616b2a3d17dbd1aaf665a235ead65e4c73154ff294058a24e983e,492
configs/phase6/group_d_capability/CREATEORDER_V2_C1_F8_P10_C50_S7006.yaml,59b814240c06e91215827aa14233e55bda8850bb4bcdcd4c1d419f01a80bb1f5,492
configs/phase6/group_d_capability/CREATEORDER_V2_C1_F8_P10_C50_S7007.yaml,2a62c477f53ad0cdbb6328b2355cb196337da180c74c0345b718ca97db7189e3,492
configs/phase6/group_d_capability/CREATEORDER_V2_C1_F8_P10_C50_S7008.yaml,63519b7b31ac0739e5379d43ee5628c236e3750a7eebdf330d47fb0498c88ba3,492
configs/phase6/group_d_capability/CREATEORDER_V2_C1_F8_P10_C50_S7009.yaml,08970c4dc036c87ff68d48c29fd620f6f5fdf6125ea44525a42d4da3f8a58957,492
configs/phase6/group_d_capability/CREATEORDER_V2_C2_F3_P10_C50_CAP_S7000.yaml,1346766e6c627c81b2b3761e306c1e7afc6ad0228f89c08cf3f60255e10ceb1a,496
configs/phase6/group_d_capability/CREATEORDER_V2_C2_F3_P10_C50_CAP_S7001.yaml,cfea6a46afa33f0d7ca9e24aabdddc17be27f7e7c23ed79053c363eaa4a888d3,496
configs/phase6/group_d_capability/CREATEORDER_V2_C2_F3_P10_C50_CAP_S7002.yaml,425aefaa648d2e31f973481b8e1a4c0fa0bac70a1c9eb75579c64c26182f54dc,496
configs/phase6/group_d_capability/CREATEORDER_V2_C2_F3_P10_C50_CAP_S7003.yaml,2550f3413b0747bf108b2b982bd03c3b8dfed25b7d2dea10401b4dcad11cb938,496
configs/phase6/group_d_capability/CREATEORDER_V2_C2_F3_P10_C50_CAP_S7004.yaml,b3b6ea54fc510d736387c735df0895aeee55f9733a226e8cf5ec2278b9d709bb,496
configs/phase6/group_d_capability/CREATEORDER_V2_C2_F3_P10_C50_CAP_S7005.yaml,647a07a1e82dd5acbc01f63c7031aee1eb7cf478497a6843e41700f4c980bc1b,496
configs/phase6/group_d_capability/CREATEORDER_V2_C2_F3_P10_C50_CAP_S7006.yaml,af97fd23793a79854e837552f76ab7f233613367bae506904ccfc4fc7b551e43,496
configs/phase6/group_d_capability/CREATEORDER_V2_C2_F3_P10_C50_CAP_S7007.yaml,e1463d30bbba97817a2fd5b6e5e40fb56f373191f21241d90104ca73d7ab870b,496
configs/phase6/group_d_capability/CREATEORDER_V2_C2_F3_P10_C50_CAP_S7008.yaml,2e70f68518f1532fa973385b6e48c8bcbe7afd1ea53a9a4f2830a067b6005e14,496
configs/phase6/group_d_capability/CREATEORDER_V2_C2_F3_P10_C50_CAP_S7009.yaml,ff1542c05344dca6e51f412372bd82a2b4ef1125681cfcef5621f1d821d83558,496
configs/phase6/group_d_capability/CREATEORDER_V2_C2_F3_P10_C50_S7000.yaml,12a864b0b0832179067b53b032d72696f3220e8e66ba39cb90fc1587e3a69133,492
configs/phase6/group_d_capability/CREATEORDER_V2_C2_F3_P10_C50_S7001.yaml,513e3b4b2c3359a49c42b60bc87924cc0b418fd6096b1a1c5c02f386da26a32c,492
configs/phase6/group_d_capability/CREATEORDER_V2_C2_F3_P10_C50_S7002.yaml,8f5c001b51db190ac591fb9c60f09a97cd94966ce34a8eaa88b88e7f3e721534,492
configs/phase6/group_d_capability/CREATEORDER_V2_C2_F3_P10_C50_S7003.yaml,f11d9027621588ed55ca130e5507ee10267a893165d875e48b53d1f9ec3a5f8a,492
configs/phase6/group_d_capability/CREATEORDER_V2_C2_F3_P10_C50_S7004.yaml,2f6a198ab20bb206e86f48a04107894d9f240a6517b9547e255f93869e160424,492
configs/phase6/group_d_capability/CREATEORDER_V2_C2_F3_P10_C50_S7005.yaml,becea297274385529fa7b22c1cf512d814d6769b5af4209318540b642aa23c99,492
configs/phase6/group_d_capability/CREATEORDER_V2_C2_F3_P10_C50_S7006.yaml,d07ccc298663dca0a4350df80b5463088c222771e295ef8bd187b6cb085beb3d,492
configs/phase6/group_d_capability/CREATEORDER_V2_C2_F3_P10_C50_S7007.yaml,9574ff415649d5d4379e51bb7926e7e7dc8bb7e4a8a4a69536d0e8788896cb9b,492
configs/phase6/group_d_capability/CREATEORDER_V2_C2_F3_P10_C50_S7008.yaml,88ec565d81e588cc31ae8755beb087e0fb675c1ae460689e8ebd3a2b8ae649ba,492
configs/phase6/group_d_capability/CREATEORDER_V2_C2_F3_P10_C50_S7009.yaml,2e8f5dfc456200ff174a283e51b402cf26c450f3e51b2cb791326f9904375cfe,492
configs/phase6/group_d_capability/CREATEORDER_V2_C2_F8_P10_C50_CAP_S7000.yaml,fd7fe4ab4a54a826f6ab2fc83311d246d3e1b86a78670a69d483ef0cddeb846c,496
configs/phase6/group_d_capability/CREATEORDER_V2_C2_F8_P10_C50_CAP_S7001.yaml,34c259057ba1488e70aa3c116d93841caada2f797c6c78208d6e561b50edd86c,496
configs/phase6/group_d_capability/CREATEORDER_V2_C2_F8_P10_C50_CAP_S7002.yaml,3370a28c9b50168627258f6a641e0bd648f4183685633774f9a7f0b6a16948bd,496
configs/phase6/group_d_capability/CREATEORDER_V2_C2_F8_P10_C50_CAP_S7003.yaml,2652948c82d6b6feb723a44b8f00f87a100d2cd0aaff925beb89b06c0c089c79,496
configs/phase6/group_d_capability/CREATEORDER_V2_C2_F8_P10_C50_CAP_S7004.yaml,6c5f407ac9f95288d7185eeacf1f9d3a735fb46e9d8d20063414172bbd16085a,496
configs/phase6/group_d_capability/CREATEORDER_V2_C2_F8_P10_C50_CAP_S7005.yaml,8c9afb14f1af280097018dfb82a1488175c55353213bfe28876e2df737060223,496
configs/phase6/group_d_capability/CREATEORDER_V2_C2_F8_P10_C50_CAP_S7006.yaml,cc46282667906a1af6fbbcd8485e8aac0eaa82f944c6e20f365073d3c040b6d0,496
configs/phase6/group_d_capability/CREATEORDER_V2_C2_F8_P10_C50_CAP_S7007.yaml,1270aa21c707e3e94c9733ae9f111115f8c51ee4ffd5378f434fbf387f534e28,496
configs/phase6/group_d_capability/CREATEORDER_V2_C2_F8_P10_C50_CAP_S7008.yaml,325a2cf659c9d073795f7983cb0005a2c7254804bc214900d2200b0e5f70570c,496
configs/phase6/group_d_capability/CREATEORDER_V2_C2_F8_P10_C50_CAP_S7009.yaml,a00278bec9d127087e33f7b9f2c69580258a471617435daeb08b8498ca1f8a4e,496
configs/phase6/group_d_capability/CREATEORDER_V2_C2_F8_P10_C50_S7000.yaml,a735f182045042cc0e1c67aa8e169aa0c403f2faaa156b837074271fca023b8d,492
configs/phase6/group_d_capability/CREATEORDER_V2_C2_F8_P10_C50_S7001.yaml,2a89afc56a44dd406e4332cc07518eb44fbbc2f0a5b66684f539deb7fe5e0489,492
configs/phase6/group_d_capability/CREATEORDER_V2_C2_F8_P10_C50_S7002.yaml,f2f20a611c58a737f0041fb940d646468cbf774c495625d6fa5ec26c930b7087,492
configs/phase6/group_d_capability/CREATEORDER_V2_C2_F8_P10_C50_S7003.yaml,6601adc51320fdaa8eaf035975298ddcacf032aa15a8be51dcb563ba1d30473f,492
configs/phase6/group_d_capability/CREATEORDER_V2_C2_F8_P10_C50_S7004.yaml,929487146db30db44c99976e4d6dba5925dd10343b67c21eeba2aabda6215ea1,492
configs/phase6/group_d_capability/CREATEORDER_V2_C2_F8_P10_C50_S7005.yaml,b26e0e595ea325461a211243ac2d975c4558df66f3dca43de79c81ae93e068d2,492
configs/phase6/group_d_capability/CREATEORDER_V2_C2_F8_P10_C50_S7006.yaml,327a80f2aff88281b5f76529449324374cd28585f856affbbcb327ba8b944106,492
configs/phase6/group_d_capability/CREATEORDER_V2_C2_F8_P10_C50_S7007.yaml,434cd21d840b3483e19e754f2b8b152457bde2ea9079347e944cfec196c0d77d,492
configs/phase6/group_d_capability/CREATEORDER_V2_C2_F8_P10_C50_S7008.yaml,436190410012277909dafac38d04a10484b0a6586df4aa2bd3d3186d322f2789,492
configs/phase6/group_d_capability/CREATEORDER_V2_C2_F8_P10_C50_S7009.yaml,07ed8f6e7b92ac1d794e81c2b2cb3c6c538d6707f3ed36dab8ecb238a83896ec,492
configs/phase6/group_d_capability/CREATEORDER_V3_C1_F3_P10_C50_CAP_S7000.yaml,8353bbcd19bb2e3412d11de1a36e21fdce5a416cffca5957b578392eec11bb47,496
configs/phase6/group_d_capability/CREATEORDER_V3_C1_F3_P10_C50_CAP_S7001.yaml,b83f13bf64499793ae93d49a71ecb61d6757ad370a713989a52af1f54ff5b1d5,496
configs/phase6/group_d_capability/CREATEORDER_V3_C1_F3_P10_C50_CAP_S7002.yaml,bb0862697d08f152fa19400c64c6e5ed9a5126183557bcd5218bf4f4d63805ca,496
configs/phase6/group_d_capability/CREATEORDER_V3_C1_F3_P10_C50_CAP_S7003.yaml,83cba36b0b67b9f68dc33d32a7dcba66204a3f10b892b7902880914713177b44,496
configs/phase6/group_d_capability/CREATEORDER_V3_C1_F3_P10_C50_CAP_S7004.yaml,07e04ffdf75d45fe80c54db13a4079bc7b6b6bec12d9a7bf01577bed4264a4b2,496
configs/phase6/group_d_capability/CREATEORDER_V3_C1_F3_P10_C50_CAP_S7005.yaml,1150b2a4566a3625a863f2e99b1cb4d8ead6742719ce4036361c6ea3a4a640c9,496
configs/phase6/group_d_capability/CREATEORDER_V3_C1_F3_P10_C50_CAP_S7006.yaml,aff653f1a215240809155596965c728cb736575fb7e4527563799eb948a7efcf,496
configs/phase6/group_d_capability/CREATEORDER_V3_C1_F3_P10_C50_CAP_S7007.yaml,8faa152965e1c101da8445611e02e170df76a019c632aec57df5fbec00391cb7,496
configs/phase6/group_d_capability/CREATEORDER_V3_C1_F3_P10_C50_CAP_S7008.yaml,ada7174c267b4d5b44e69a73377d3b7c9e6e1db50899d44ff7bd86f598e61585,496
configs/phase6/group_d_capability/CREATEORDER_V3_C1_F3_P10_C50_CAP_S7009.yaml,9dfca5209c60310351206fda4b4dad645942fe794fb9781a22c1a9098d7a094f,496
configs/phase6/group_d_capability/CREATEORDER_V3_C1_F3_P10_C50_S7000.yaml,cb3a5f4f60e2bf5a13389b368c9c84b1bc1fae186397fe5a98c0f8070a05a06d,492
configs/phase6/group_d_capability/CREATEORDER_V3_C1_F3_P10_C50_S7001.yaml,8b5cf74697255aa4502d06d80cf6b03eae3dabc66c053c7fd2a83f29fe871526,492
configs/phase6/group_d_capability/CREATEORDER_V3_C1_F3_P10_C50_S7002.yaml,5cd6e0b00450c92faa025f8ff930a1b695c0a5737ae87c3e3c2027e7580fd595,492
configs/phase6/group_d_capability/CREATEORDER_V3_C1_F3_P10_C50_S7003.yaml,0f9f71110ac8c50deb0e68e6e3e10ecf04b3297c4a727441cc321485aa756f11,492
configs/phase6/group_d_capability/CREATEORDER_V3_C1_F3_P10_C50_S7004.yaml,08aaffa8c0412b57bc547e0cda7cfde7d51fd805e4c64678b5e16e0b879bb51e,492
configs/phase6/group_d_capability/CREATEORDER_V3_C1_F3_P10_C50_S7005.yaml,3e4607493a7bad0a9d71701c4de36a544786fcb53a046029c7d326f09cd73d0c,492
configs/phase6/group_d_capability/CREATEORDER_V3_C1_F3_P10_C50_S7006.yaml,d18e11603ee7979075b92ea632cd3a1d703d8c719192a6da819bdee80d6115d6,492
configs/phase6/group_d_capability/CREATEORDER_V3_C1_F3_P10_C50_S7007.yaml,a98760ff1d9bbb0af07f7f9fd94c2c07c7a2e88c98f4a33bf5f734d4ea22a06c,492
configs/phase6/group_d_capability/CREATEORDER_V3_C1_F3_P10_C50_S7008.yaml,557b721c68a9ef45032b83e3f6b21f7ffa0c6eddcffbb7147a14bb1c6ab65277,492
configs/phase6/group_d_capability/CREATEORDER_V3_C1_F3_P10_C50_S7009.yaml,49acfc0d45c06cb09e6d22bdcba72c88ab8cc45105e301eccb2ce95df998837c,492
configs/phase6/group_d_capability/CREATEORDER_V3_C1_F8_P10_C50_CAP_S7000.yaml,9c83ae062c98ea38d72bf1c25712de1036a8d5a47ab0345cdfda86a6535f7eff,496
configs/phase6/group_d_capability/CREATEORDER_V3_C1_F8_P10_C50_CAP_S7001.yaml,1ca0716a5853a118426323c7f1e2bc744bd2731053c5583a84cb6c2d3cc4ad69,496
configs/phase6/group_d_capability/CREATEORDER_V3_C1_F8_P10_C50_CAP_S7002.yaml,407fd9e3920d1d641ea6782b07135984389c17566c43e2df29d8383a8bd1be2d,496
configs/phase6/group_d_capability/CREATEORDER_V3_C1_F8_P10_C50_CAP_S7003.yaml,2612971a734c637cc779ea66cf0f71f335da1bc5d5a9d7002f4252b3e915f655,496
configs/phase6/group_d_capability/CREATEORDER_V3_C1_F8_P10_C50_CAP_S7004.yaml,cd1c1dbb3866211dc8149dd805fb4e242f58ab3eb3d6bf447d119d04ae82f8e6,496
configs/phase6/group_d_capability/CREATEORDER_V3_C1_F8_P10_C50_CAP_S7005.yaml,5c082a080677fe6e263875e4836b51b1a190280dc94358ba9b7c5bc0ab3bc33a,496
configs/phase6/group_d_capability/CREATEORDER_V3_C1_F8_P10_C50_CAP_S7006.yaml,9daa8e1672c5c278d179f365f4bc6fddd27b3047c25d0df3537e7c030db3388f,496
configs/phase6/group_d_capability/CREATEORDER_V3_C1_F8_P10_C50_CAP_S7007.yaml,ef7b05d2a8ce1abc7a2ca53cc0ad042fa119c6345f42d95c5496bb9403dd9e35,496
configs/phase6/group_d_capability/CREATEORDER_V3_C1_F8_P10_C50_CAP_S7008.yaml,062c12de08687a8bec62b8fd6ab253285bf72cf258c5c38841b8ad5722f953b5,496
configs/phase6/group_d_capability/CREATEORDER_V3_C1_F8_P10_C50_CAP_S7009.yaml,3f66ae59a447f3c6e6fd302b443f4192f6e26c84b7ae2bbc66cc99d9fa65cf4e,496
configs/phase6/group_d_capability/CREATEORDER_V3_C1_F8_P10_C50_S7000.yaml,bada83f043152cc14d913bfdd8da72b25587024d3d050888fe679601597f3a12,492
configs/phase6/group_d_capability/CREATEORDER_V3_C1_F8_P10_C50_S7001.yaml,7d2c72f25c815c3da83262dffb8a609d8d1c9bc6fbc4c66bfa0336ef9dae982c,492
configs/phase6/group_d_capability/CREATEORDER_V3_C1_F8_P10_C50_S7002.yaml,006d952108abbb5c335bfac17ce4a10bc499596652dcdf41207c51e9af99abbf,492
configs/phase6/group_d_capability/CREATEORDER_V3_C1_F8_P10_C50_S7003.yaml,bb7829d67afa362fbdd743dc36777f33ec3655bca227921d83207b65e2f943dc,492
configs/phase6/group_d_capability/CREATEORDER_V3_C1_F8_P10_C50_S7004.yaml,4670299606c04db602dee576bda58e2362654d76d37f5754198b36308136e379,492
configs/phase6/group_d_capability/CREATEORDER_V3_C1_F8_P10_C50_S7005.yaml,58c03d2fcad03bc0cc3dcd382a5a0342a85cedcb31468e494c8381b881505198,492
configs/phase6/group_d_capability/CREATEORDER_V3_C1_F8_P10_C50_S7006.yaml,20992dc622d5539f73509f8112e760431d46a9708bb41d0f75cfbc2c7842ffbf,492
configs/phase6/group_d_capability/CREATEORDER_V3_C1_F8_P10_C50_S7007.yaml,b95190eb35748aad525dbee5de1a2c39f92e2aa50b6ca0891fecd446eba14b3e,492
configs/phase6/group_d_capability/CREATEORDER_V3_C1_F8_P10_C50_S7008.yaml,08d8a6c78adb93d0a6268c84968a26cd25bbc00bb0e1e56bf07184511b65e8e6,492
configs/phase6/group_d_capability/CREATEORDER_V3_C1_F8_P10_C50_S7009.yaml,eb213f6020dea67397181509535ac1f2b148c6a974fc4e87dc6b69001ec56f9f,492
configs/phase6/group_d_capability/CREATEORDER_V3_C2_F3_P10_C50_CAP_S7000.yaml,6c6cbdce6cc639858b0d5d6e819f8c1fce836f0c492b2988775277213bf5e669,496
configs/phase6/group_d_capability/CREATEORDER_V3_C2_F3_P10_C50_CAP_S7001.yaml,33fb9598261eb253da8b6a0daa397eb99bc583145f1cb6930cf68b07a1e8273f,496
configs/phase6/group_d_capability/CREATEORDER_V3_C2_F3_P10_C50_CAP_S7002.yaml,6ab85d6e4ff82620914c4c17e100b4a9592a189dc6dcf025007e039c64063cbc,496
configs/phase6/group_d_capability/CREATEORDER_V3_C2_F3_P10_C50_CAP_S7003.yaml,a1a3b46c8da311198ff2ecd9b951c3e07eec71d0ff60b555d7767177999f77a4,496
configs/phase6/group_d_capability/CREATEORDER_V3_C2_F3_P10_C50_CAP_S7004.yaml,f417e9fa06a07b08e9af00432c0326e2723d77e57aa9d0a9fc578108f043df9b,496
configs/phase6/group_d_capability/CREATEORDER_V3_C2_F3_P10_C50_CAP_S7005.yaml,ba3424f84f3b9e392572beb83fda9cafb88e38c0a165bae324b02a1f6042cac4,496
configs/phase6/group_d_capability/CREATEORDER_V3_C2_F3_P10_C50_CAP_S7006.yaml,c11d90701d0e5353b9bbf750013c7a01c00422d26acf48577b65ee093a6a3365,496
configs/phase6/group_d_capability/CREATEORDER_V3_C2_F3_P10_C50_CAP_S7007.yaml,50a5441a818f35641ec8f60dd7c077d04582d88c5bd19b901b09c533c563f6f2,496
configs/phase6/group_d_capability/CREATEORDER_V3_C2_F3_P10_C50_CAP_S7008.yaml,ba9bffe20a310b8f9b367e394178ff4830dde200cf6961d5d2e54c465684cda8,496
configs/phase6/group_d_capability/CREATEORDER_V3_C2_F3_P10_C50_CAP_S7009.yaml,e7cc9280d8a7dfef399c1b97c717defeef2986df7df47e726dab5d4ba68f6d05,496
configs/phase6/group_d_capability/CREATEORDER_V3_C2_F3_P10_C50_S7000.yaml,382b092b7fd77c8982e75adf48b0bac882ebe5d29168ca61a78916f393020f2d,492
configs/phase6/group_d_capability/CREATEORDER_V3_C2_F3_P10_C50_S7001.yaml,45937dbb46b74c1412a566aae7efbb6640898cdac04dd057cf0bd2b540944933,492
configs/phase6/group_d_capability/CREATEORDER_V3_C2_F3_P10_C50_S7002.yaml,44a492762bdf9f2fe9323de118ac12a396ab44ae6f26ded65024144f20332d21,492
configs/phase6/group_d_capability/CREATEORDER_V3_C2_F3_P10_C50_S7003.yaml,7ee8ef2015f6505f121afd4f14d8c7603096d4db494b5f7fae4c5e059bbc1bb4,492
configs/phase6/group_d_capability/CREATEORDER_V3_C2_F3_P10_C50_S7004.yaml,3b84194385987ad919e9bdb14b578b315a7e498a60537d5c5ad69359e4f1085d,492
configs/phase6/group_d_capability/CREATEORDER_V3_C2_F3_P10_C50_S7005.yaml,cd067e2de9df33dd634d202cecab596aad99865a75fa355b8ed1003628156437,492
configs/phase6/group_d_capability/CREATEORDER_V3_C2_F3_P10_C50_S7006.yaml,97f224e5ea087ad5fb1ccb9b730173a1d7429fd8a2ce5fcb7b836a8a4df52c3b,492
configs/phase6/group_d_capability/CREATEORDER_V3_C2_F3_P10_C50_S7007.yaml,1316696b70887c746a0eaa08e759de1123c53092aa54dbe0be4572fdb22c979b,492
configs/phase6/group_d_capability/CREATEORDER_V3_C2_F3_P10_C50_S7008.yaml,d47d1e798d3af4cd06bfb0c96282c022f033204879826b49fe8add5b6b596863,492
configs/phase6/group_d_capability/CREATEORDER_V3_C2_F3_P10_C50_S7009.yaml,f04ab29ab2591a11962bdf79f030b58baef32774d7a5cb9cf8590695ca7ad432,492
configs/phase6/group_d_capability/CREATEORDER_V3_C2_F8_P10_C50_CAP_S7000.yaml,3a4de98675860fd739fcbc44400b9c89fd8711c9ff1156f68af729c6af1b812a,496
configs/phase6/group_d_capability/CREATEORDER_V3_C2_F8_P10_C50_CAP_S7001.yaml,c3eec0c9a15d26c81986300a5a326617562a6dbb450eb358c489a876679031ec,496
configs/phase6/group_d_capability/CREATEORDER_V3_C2_F8_P10_C50_CAP_S7002.yaml,8ed37ddcc99ea36927dd3f9a45b308733986b48be6e612d57f5a692563202622,496
configs/phase6/group_d_capability/CREATEORDER_V3_C2_F8_P10_C50_CAP_S7003.yaml,99cdf1de471bdbfbece117249773327510b5849b7512c2db641a5358b5f2abfa,496
configs/phase6/group_d_capability/CREATEORDER_V3_C2_F8_P10_C50_CAP_S7004.yaml,97b4c57dd9e55e5e1badf51b0dae366e1d9fe53f31831433a215767d51c2e69d,496
configs/phase6/group_d_capability/CREATEORDER_V3_C2_F8_P10_C50_CAP_S7005.yaml,80f4e102bdf5cf102b0d2295e929c28d3216138d16a6da647211a0b98dd1b087,496
configs/phase6/group_d_capability/CREATEORDER_V3_C2_F8_P10_C50_CAP_S7006.yaml,14ce70b22f4c5d8f054edd88acfef80fc7628abc56d6ef9b4f5de1a0d98ca056,496
configs/phase6/group_d_capability/CREATEORDER_V3_C2_F8_P10_C50_CAP_S7007.yaml,4dbee3dd11ad0ecd48e378bcd746c632d5fce38e4eb1526abb245b8b3c0fbf6b,496
configs/phase6/group_d_capability/CREATEORDER_V3_C2_F8_P10_C50_CAP_S7008.yaml,5fd270dcc5b211f0e0a8a259e22a52d6240a11f7faf47f0da5e6082c392c05bb,496
configs/phase6/group_d_capability/CREATEORDER_V3_C2_F8_P10_C50_CAP_S7009.yaml,4751dcf7167fa8a2d875f35a2bd5255b9674530ba6a0b315df4a3e974968953b,496
configs/phase6/group_d_capability/CREATEORDER_V3_C2_F8_P10_C50_S7000.yaml,f6235920ddfa9a7e56ca30c5202bab7de11900ec6395f9971f6a755cfa3b1c57,492
configs/phase6/group_d_capability/CREATEORDER_V3_C2_F8_P10_C50_S7001.yaml,7c0d9045095847a43e9695d3f34382b00c7496ca4fc3bf4d640ebb2e464f33b2,492
configs/phase6/group_d_capability/CREATEORDER_V3_C2_F8_P10_C50_S7002.yaml,beed864bbfcb4c034c5de8029cd71a4f07ec462be8cfb43af4a95eebd0741ce0,492
configs/phase6/group_d_capability/CREATEORDER_V3_C2_F8_P10_C50_S7003.yaml,8dcf55fe5a15b2f41691cfd573ea2048339b7729236282fa5faff892fab07bca,492
configs/phase6/group_d_capability/CREATEORDER_V3_C2_F8_P10_C50_S7004.yaml,5ef61731d78855010ca554a0f69782450b6082117be2a3f78da4ea1e5dd84e3a,492
configs/phase6/group_d_capability/CREATEORDER_V3_C2_F8_P10_C50_S7005.yaml,7711f781cebc482a8e63e3f404a9f25b2ceab4eea0fe061f52e201be6365b53d,492
configs/phase6/group_d_capability/CREATEORDER_V3_C2_F8_P10_C50_S7006.yaml,6f6500f98a3d256811af7ffd81018bfb7f7cedbe57857683eee2445574f23d5f,492
configs/phase6/group_d_capability/CREATEORDER_V3_C2_F8_P10_C50_S7007.yaml,fd7a8749e3127c5458a1c12481e2635c45f7ca28f0604c3a44abe2ef1bce7961,492
configs/phase6/group_d_capability/CREATEORDER_V3_C2_F8_P10_C50_S7008.yaml,58985e2229f80a7082c56a336fdeb2bce8e829ec71854065825064e71b9c09c0,492
configs/phase6/group_d_capability/CREATEORDER_V3_C2_F8_P10_C50_S7009.yaml,6f06ad34b70f07832dcf8698cc7fe708b2b8f004d24f5a8db4f74b5631e54745,492
configs/phase6/group_d_capability/CREATEORDER_V4_C0_F3_P10_C50_CAP_S7000.yaml,7d31a5a7c49018299a1eae6e62df7f2496395865b9019e44c2534061f79bcbf9,496
configs/phase6/group_d_capability/CREATEORDER_V4_C0_F3_P10_C50_CAP_S7001.yaml,6995a18fa3b8d7b34c3edf487e39d246860c9cb37298098dabd5e16591084ef4,496
configs/phase6/group_d_capability/CREATEORDER_V4_C0_F3_P10_C50_CAP_S7002.yaml,bd7b820f2af16b920a00ea7a8bab9c24ed43af2197c0f58c1107e21a7b48d1d3,496
configs/phase6/group_d_capability/CREATEORDER_V4_C0_F3_P10_C50_CAP_S7003.yaml,438d4c920adc4904d800fba05f46192d5ecf72dc26587ba770a4735de878faa2,496
configs/phase6/group_d_capability/CREATEORDER_V4_C0_F3_P10_C50_CAP_S7004.yaml,3685d420f6af8b88cdb3338dffe562e910296d5969431443b7455c9da711ce80,496
configs/phase6/group_d_capability/CREATEORDER_V4_C0_F3_P10_C50_CAP_S7005.yaml,b6d4000127f573a6f51deb48335fc09a3b75cd315386f8388f66f50dbbd3a52c,496
configs/phase6/group_d_capability/CREATEORDER_V4_C0_F3_P10_C50_CAP_S7006.yaml,2e3b6182ea0c95df262f49835b6289354b7c895509de11ca5853bfcc7bd81d2f,496
configs/phase6/group_d_capability/CREATEORDER_V4_C0_F3_P10_C50_CAP_S7007.yaml,84fb0bf7d5a825ba70b190d88e43e015afd45bd90876c0f86732e39638d69214,496
configs/phase6/group_d_capability/CREATEORDER_V4_C0_F3_P10_C50_CAP_S7008.yaml,f7d6b06eb08d4fc986fb2fafcb99271bfc7142792f83e038c55209ca3f394b15,496
configs/phase6/group_d_capability/CREATEORDER_V4_C0_F3_P10_C50_CAP_S7009.yaml,d768f8704e88eeae93e70c9c891285cad81231acfb4c2f9037b3f07a5570d318,496
configs/phase6/group_d_capability/CREATEORDER_V4_C0_F3_P10_C50_S7000.yaml,10bb9f47bf78d3369c335da4384c09524f7bbdecfaa38560dc5e5e7e214bbf63,492
configs/phase6/group_d_capability/CREATEORDER_V4_C0_F3_P10_C50_S7001.yaml,d99115ec24d1395a1e04626b49f88011edd8b08cc9468600d78a5a93b353c556,492
configs/phase6/group_d_capability/CREATEORDER_V4_C0_F3_P10_C50_S7002.yaml,126cdddacd50e165be3cbecdeca76ba86ad3ffd259153b6fd4d48b2a32c63a2c,492
configs/phase6/group_d_capability/CREATEORDER_V4_C0_F3_P10_C50_S7003.yaml,5a988dc69ee5823b36970d20efd720c5047dae8c98a7c74c626217f47af379e2,492
configs/phase6/group_d_capability/CREATEORDER_V4_C0_F3_P10_C50_S7004.yaml,e38319efbf2a4e8ebd209c9432b16ceb090232d507ad0d51f3ccb5d683bd3bf3,492
configs/phase6/group_d_capability/CREATEORDER_V4_C0_F3_P10_C50_S7005.yaml,48a23e9fb308242013ad75e8a9f3b16af35b75755ec20fece7d735ff29b7ebd8,492
configs/phase6/group_d_capability/CREATEORDER_V4_C0_F3_P10_C50_S7006.yaml,a3bbd0abc88e28de17776d8151a22be4b15f5a5b08d05127a40731548e8daf02,492
configs/phase6/group_d_capability/CREATEORDER_V4_C0_F3_P10_C50_S7007.yaml,a661fe72b2df6c830d448cdf6d6c0fc250acbca391cb2ec6c7ac6bcb891f3071,492
configs/phase6/group_d_capability/CREATEORDER_V4_C0_F3_P10_C50_S7008.yaml,76096788dc352c20636e368641cf866bec7fa5011ad31ab226808cdf09af91a3,492
configs/phase6/group_d_capability/CREATEORDER_V4_C0_F3_P10_C50_S7009.yaml,3994004c6bd4c770bb4b81ed2ee669fda88dabd92412cf944bf88ca3b9241070,492
configs/phase6/group_d_capability/CREATEORDER_V4_C0_F8_P10_C50_CAP_S7000.yaml,9a74bc0283589a6311a418621c2a6ad7ddadf182960207ce556bafa634c859e8,496
configs/phase6/group_d_capability/CREATEORDER_V4_C0_F8_P10_C50_CAP_S7001.yaml,b5f10611a96bc6286baa9086a9b7f3827575f492d2d0407a4aafa503077d6802,496
configs/phase6/group_d_capability/CREATEORDER_V4_C0_F8_P10_C50_CAP_S7002.yaml,da69756891347877bd425a9d05492adcf6b47585228efda4e89a85221a6e1656,496
configs/phase6/group_d_capability/CREATEORDER_V4_C0_F8_P10_C50_CAP_S7003.yaml,c325d96d7fac59d9a2f8e44f85523e974741d5f43a8f964e2199b00de211b917,496
configs/phase6/group_d_capability/CREATEORDER_V4_C0_F8_P10_C50_CAP_S7004.yaml,7f298b47ee258571d8de3a580b09ada972f7ef3c986e72ff7c85f1717632f8a9,496
configs/phase6/group_d_capability/CREATEORDER_V4_C0_F8_P10_C50_CAP_S7005.yaml,29c4b9585866734248acb53872fdf6638488ff6d77a52e4d3ec62e891f53cb27,496
configs/phase6/group_d_capability/CREATEORDER_V4_C0_F8_P10_C50_CAP_S7006.yaml,cc103328fd0f224aaf92e1d29596f3742d58ef84ed4d75cf96eb33b775dcab88,496
configs/phase6/group_d_capability/CREATEORDER_V4_C0_F8_P10_C50_CAP_S7007.yaml,9712075309f643e7e2b8f2b35143fbe76e055633281f777a6dfbd55f27fe1a4c,496
configs/phase6/group_d_capability/CREATEORDER_V4_C0_F8_P10_C50_CAP_S7008.yaml,87dad4faea58dae80224c12df6291d16c142993271775167d6e690b39ef5c088,496
configs/phase6/group_d_capability/CREATEORDER_V4_C0_F8_P10_C50_CAP_S7009.yaml,b5ca6dfa46d8279f10b2a10f376cfc75dc47ffcf7f59a4f3c033cf55aa6b44d3,496
configs/phase6/group_d_capability/CREATEORDER_V4_C0_F8_P10_C50_S7000.yaml,b1dba5a27457639cc50391e4a2ca5694fe3fb7b8a6a4176a1c01b243eeb8e24b,492
configs/phase6/group_d_capability/CREATEORDER_V4_C0_F8_P10_C50_S7001.yaml,42f4995102b19c2247bb1846d7e7bff520415e874cee36de392f50b2fb35f75b,492
configs/phase6/group_d_capability/CREATEORDER_V4_C0_F8_P10_C50_S7002.yaml,f9c88661fdb7ce12f19f940835bff15f5222fb7bcd3e2349e8c7aacd79bcaa7b,492
configs/phase6/group_d_capability/CREATEORDER_V4_C0_F8_P10_C50_S7003.yaml,930071f3f2d63a479d406b15b3564f5b7abc90efc786553928cc8a5ec7ff2808,492
configs/phase6/group_d_capability/CREATEORDER_V4_C0_F8_P10_C50_S7004.yaml,cc2360a621125ed0ce3d54913c4b1ff4af852e6a9036df0b5e2fe5587362412c,492
configs/phase6/group_d_capability/CREATEORDER_V4_C0_F8_P10_C50_S7005.yaml,66971d13b5f0ef20a5f6ed25daea99a35454e3c3e8aafca55df3fa8a52f16b61,492
configs/phase6/group_d_capability/CREATEORDER_V4_C0_F8_P10_C50_S7006.yaml,8c446d0dd163f31b62957a4f2a0a76aa77ff8e795b59aaff141d7df1e6252d24,492
configs/phase6/group_d_capability/CREATEORDER_V4_C0_F8_P10_C50_S7007.yaml,c1028debd56e36b27506b1592c3f8d2cb2b88d54fe75a0d7c24a97e09dfa423a,492
configs/phase6/group_d_capability/CREATEORDER_V4_C0_F8_P10_C50_S7008.yaml,2610c18687745d399627218cb176fa6da118b83a3ae13d710986d9d70c9b0290,492
configs/phase6/group_d_capability/CREATEORDER_V4_C0_F8_P10_C50_S7009.yaml,7aa93ef928e724993143df621cca878a1270377763dfc19a7cf3c29e71e7e4ca,492
configs/phase6/group_d_capability/CREATEORDER_V4_C1_F3_P10_C50_CAP_S7000.yaml,1845e6364b8f66f0b50cec8240f1aa22f956f23745bb4b5431767102e5532cc8,496
configs/phase6/group_d_capability/CREATEORDER_V4_C1_F3_P10_C50_CAP_S7001.yaml,777b62d1addbf59fc6120cd2ae7b6b2fb4a14c20582e9bb5f6063282d7fd7af3,496
configs/phase6/group_d_capability/CREATEORDER_V4_C1_F3_P10_C50_CAP_S7002.yaml,0469390ab68df5c9f065387356d3bb610b038e81af095b01ef5cbc2470bd9ddf,496
configs/phase6/group_d_capability/CREATEORDER_V4_C1_F3_P10_C50_CAP_S7003.yaml,5429df8794ea9a86b9f138716cf0149b7e7c4ac84cc7908b88534b56bfac9ba8,496
configs/phase6/group_d_capability/CREATEORDER_V4_C1_F3_P10_C50_CAP_S7004.yaml,3e084d0702312276293cf928dab08001dfb3981c974d7ba72726b7fc04a89a7b,496
configs/phase6/group_d_capability/CREATEORDER_V4_C1_F3_P10_C50_CAP_S7005.yaml,306ba11b6cc3a60c4837bbcd5c324c057d9100e472c66bce6625a75e375cb853,496
configs/phase6/group_d_capability/CREATEORDER_V4_C1_F3_P10_C50_CAP_S7006.yaml,ed79bc066e15976d8aa392983e12327aa8ff9420e48e0e1fdee633a0b459ec87,496
configs/phase6/group_d_capability/CREATEORDER_V4_C1_F3_P10_C50_CAP_S7007.yaml,d88236db1901e487667e5f41476c488f6c104afc7ef062512e14fb34c1640d84,496
configs/phase6/group_d_capability/CREATEORDER_V4_C1_F3_P10_C50_CAP_S7008.yaml,4441fb04bfbd5db4df84518a465dd73d0e60fd27a499c7e65b014aa73e9de631,496
configs/phase6/group_d_capability/CREATEORDER_V4_C1_F3_P10_C50_CAP_S7009.yaml,af48536df8b819de4b6ba577d6da79077d2729c59dc5853e43da02410884837d,496
configs/phase6/group_d_capability/CREATEORDER_V4_C1_F3_P10_C50_S7000.yaml,06f4fcda7c3c7f76707c035d18101d9c187a3eb9b9f3e017ad11b7e219660000,492
configs/phase6/group_d_capability/CREATEORDER_V4_C1_F3_P10_C50_S7001.yaml,d31cffa8a83c39c7ab674771200597a82c4685c3a5c59bbd6d182ffc2553c0cf,492
configs/phase6/group_d_capability/CREATEORDER_V4_C1_F3_P10_C50_S7002.yaml,3ee4394f21b4673109d8f4683604cb7f349687ed644b79d0f79f153fae690add,492
configs/phase6/group_d_capability/CREATEORDER_V4_C1_F3_P10_C50_S7003.yaml,ce54b8e9a9b2c4bcd733d0640239e5bf2999e73bef3957ebed6592ef1700e137,492
configs/phase6/group_d_capability/CREATEORDER_V4_C1_F3_P10_C50_S7004.yaml,f39fe7c3e3ed079e02af04e1a621b3d4592de68fbb2966a6fd43db2a14f9d956,492
configs/phase6/group_d_capability/CREATEORDER_V4_C1_F3_P10_C50_S7005.yaml,2af7106eea337d759222888e46799ee5e4f9c45d599507382f4d080f123d03b7,492
configs/phase6/group_d_capability/CREATEORDER_V4_C1_F3_P10_C50_S7006.yaml,912da496681bb8dfecc653c6dd54324d0e584727c223ba8cbe086d72e5f85e14,492
configs/phase6/group_d_capability/CREATEORDER_V4_C1_F3_P10_C50_S7007.yaml,4d1a6cd36e3860b6767bd38833f4a031a751b156214167ae5c62618840c8823c,492
configs/phase6/group_d_capability/CREATEORDER_V4_C1_F3_P10_C50_S7008.yaml,e580976b1aad83d8711a31ba51ac2d77b24010a5b925888002e077a8fda75937,492
configs/phase6/group_d_capability/CREATEORDER_V4_C1_F3_P10_C50_S7009.yaml,fd8b32fe493e2836978ad6b755361d4b5c6d7025acfd4427fcf7bb11093e35b4,492
configs/phase6/group_d_capability/CREATEORDER_V4_C1_F8_P10_C50_CAP_S7000.yaml,cca255e3bfc6f20d31b20ab64750b9f72571da9800b16f0edecb36fb36296bc1,496
configs/phase6/group_d_capability/CREATEORDER_V4_C1_F8_P10_C50_CAP_S7001.yaml,64b92f94305be0e1d718aa8cea98c3e3510b269331b61698476d30808da8bc48,496
configs/phase6/group_d_capability/CREATEORDER_V4_C1_F8_P10_C50_CAP_S7002.yaml,f9771be916ea004af5dc4a7ed4375aaab4eacd764c7e444046cfda99eae06e9d,496
configs/phase6/group_d_capability/CREATEORDER_V4_C1_F8_P10_C50_CAP_S7003.yaml,c9b324374decc183635c0ce1711c85c1fe032ca4c4d520970eef5163548d0dd3,496
configs/phase6/group_d_capability/CREATEORDER_V4_C1_F8_P10_C50_CAP_S7004.yaml,c8d31a6d9fb3d312e31d14b0efc58b0cb4fadc70bb8d6325a787efc2c6f1d634,496
configs/phase6/group_d_capability/CREATEORDER_V4_C1_F8_P10_C50_CAP_S7005.yaml,e07a9a7d5557e7f39293f55df1cd5c400505850ead12f458361e50c880e9e629,496
configs/phase6/group_d_capability/CREATEORDER_V4_C1_F8_P10_C50_CAP_S7006.yaml,a1dfca3f1e7f9a49a7b10e4649e2886660851ca66172d62c9f5ba7820c5286de,496
configs/phase6/group_d_capability/CREATEORDER_V4_C1_F8_P10_C50_CAP_S7007.yaml,0c4c17e2dc001934b96120c5a8662c2978ae010c66236ebce1473e66a476fd9e,496
configs/phase6/group_d_capability/CREATEORDER_V4_C1_F8_P10_C50_CAP_S7008.yaml,8c34b7c2a47074622421332e304b8f010b9445534187e65d7215f6fb47e42f47,496
configs/phase6/group_d_capability/CREATEORDER_V4_C1_F8_P10_C50_CAP_S7009.yaml,f489db49b149d7377388ca4fa23bc840e90e18fdb2f7c5eff7fae1549613e5bf,496
configs/phase6/group_d_capability/CREATEORDER_V4_C1_F8_P10_C50_S7000.yaml,6f16ec07fc8045000d9ba4b2b9027c75a4689a3266007f4540d310e3dc865a6c,492
configs/phase6/group_d_capability/CREATEORDER_V4_C1_F8_P10_C50_S7001.yaml,fff6819d5a8df3ca14a823deb6486e229b336aaf5e33990ddbed48857d0e29ce,492
configs/phase6/group_d_capability/CREATEORDER_V4_C1_F8_P10_C50_S7002.yaml,38dcb4ab3b645f8f8186a3499e72a8244c9f21f1307405ca7ebe19fdd8281563,492
configs/phase6/group_d_capability/CREATEORDER_V4_C1_F8_P10_C50_S7003.yaml,d318bdceb5cd0a60aecf1a8f78082dda47efc04a32c783f16d7d7afde386764f,492
configs/phase6/group_d_capability/CREATEORDER_V4_C1_F8_P10_C50_S7004.yaml,dd847ed74db6d0b7e1e817c0046019e48dd29b0ec119ae5c0bc6ab7ade73a97b,492
configs/phase6/group_d_capability/CREATEORDER_V4_C1_F8_P10_C50_S7005.yaml,21ffa24130a6c9fd7544502f4c71bf51f83edf00cd4224014b94404fc8cd05d6,492
configs/phase6/group_d_capability/CREATEORDER_V4_C1_F8_P10_C50_S7006.yaml,dc27ce6164fb5ef2d2ac6f30408fa084bcffd0482ac87c2e2f4ba0d84753a299,492
configs/phase6/group_d_capability/CREATEORDER_V4_C1_F8_P10_C50_S7007.yaml,d34acb504f1de9a059b04baa707c42b0882e02739758b4e74539c580b140e60b,492
configs/phase6/group_d_capability/CREATEORDER_V4_C1_F8_P10_C50_S7008.yaml,b7271abab3cda3fff461df865b1e4d8c3bdaeb2c209b1befd7a166ae0d129886,492
configs/phase6/group_d_capability/CREATEORDER_V4_C1_F8_P10_C50_S7009.yaml,5183f04df187b64bcac39c80fc5dea44e68e5f1bb01c2a2d5a939d3494982a06,492
configs/phase6/group_d_capability/CREATEORDER_V4_C2_F3_P10_C50_CAP_S7000.yaml,42580b78cc03a07feac2e3cb6819e4842ccca12d36bea8a267f13871c2fecede,496
configs/phase6/group_d_capability/CREATEORDER_V4_C2_F3_P10_C50_CAP_S7001.yaml,c074bd831efa1d9ad624e432c5c017441ccbe93ce6708a798cf6969ea8a12baf,496
configs/phase6/group_d_capability/CREATEORDER_V4_C2_F3_P10_C50_CAP_S7002.yaml,0dbdc22a35a60479bdce863c7d0baa43e6b13c2306d9cf4534aec92e360616f9,496
configs/phase6/group_d_capability/CREATEORDER_V4_C2_F3_P10_C50_CAP_S7003.yaml,6961300d945fae90745d6a244cce491c658d33b9dd2ca1807a67dc530cd159f5,496
configs/phase6/group_d_capability/CREATEORDER_V4_C2_F3_P10_C50_CAP_S7004.yaml,bcbe650e259942afe1a2fc470cfc44444af7959e0d18a5d98b0601357637e6bb,496
configs/phase6/group_d_capability/CREATEORDER_V4_C2_F3_P10_C50_CAP_S7005.yaml,4cd6f48f220811312b8c68cd159d3e70c2de5576c1aae27218f64a2a97826be4,496
configs/phase6/group_d_capability/CREATEORDER_V4_C2_F3_P10_C50_CAP_S7006.yaml,e20abb39445811eb431110fc73a7aeb1a3d75471966157cfafec563da8c9017e,496
configs/phase6/group_d_capability/CREATEORDER_V4_C2_F3_P10_C50_CAP_S7007.yaml,06122339d0ba9856917552d4692a6ebecd52d2073d20ddebee0ee09841638993,496
configs/phase6/group_d_capability/CREATEORDER_V4_C2_F3_P10_C50_CAP_S7008.yaml,842d3c713c469d485bce23f8151193ab855049cb7ec0c98a2e4666c34c183002,496
configs/phase6/group_d_capability/CREATEORDER_V4_C2_F3_P10_C50_CAP_S7009.yaml,cd641c782ec689e1f431a493f40d1b8806b1073295f40586dd2f1263f89bd35f,496
configs/phase6/group_d_capability/CREATEORDER_V4_C2_F3_P10_C50_S7000.yaml,37d83bdebf41a743e9b3f34ad87e549816425afde4bd174c25c70d7a0a69be15,492
configs/phase6/group_d_capability/CREATEORDER_V4_C2_F3_P10_C50_S7001.yaml,20f5aaf655013dcc7423496038e710bc219f346448bf40f9ae25845c963f377b,492
configs/phase6/group_d_capability/CREATEORDER_V4_C2_F3_P10_C50_S7002.yaml,37ee610293b67f8f9c9599eafde575848ab38bb8346d8286261a6ef8da784f96,492
configs/phase6/group_d_capability/CREATEORDER_V4_C2_F3_P10_C50_S7003.yaml,4ded4bd53d58f0440e0e30559087609058c2dfdc42d8c857c970eee4148f8793,492
configs/phase6/group_d_capability/CREATEORDER_V4_C2_F3_P10_C50_S7004.yaml,51d5e0790af87da9aadd88bd5c209766ebdcc268cc08bbb6b394534e1efd4c38,492
configs/phase6/group_d_capability/CREATEORDER_V4_C2_F3_P10_C50_S7005.yaml,1ff046e83bfbdfb7f4b7b2dcb51f54a8121e2af6c058bc7fe279399f71a0cb67,492
configs/phase6/group_d_capability/CREATEORDER_V4_C2_F3_P10_C50_S7006.yaml,36223eb5ee43ddaad598fa6962f4a9cc8fe4eb26d7efaed34ca8cf7efd767a1c,492
configs/phase6/group_d_capability/CREATEORDER_V4_C2_F3_P10_C50_S7007.yaml,56ed5e3be2e8f7f9fd3531db08cce94cf807ee1d005281295ec8e4088cbd973d,492
configs/phase6/group_d_capability/CREATEORDER_V4_C2_F3_P10_C50_S7008.yaml,0209bfb0644386236b2c0e36d3da9ee6e17d6893f26358177494cef090e98dfc,492
configs/phase6/group_d_capability/CREATEORDER_V4_C2_F3_P10_C50_S7009.yaml,800edf417094b89a1cda60425f103ea93eceec9558660e67a828cd346ae56b4b,492
configs/phase6/group_d_capability/CREATEORDER_V4_C2_F8_P10_C50_CAP_S7000.yaml,54797559c837a100cf42dd17d4ff7fe2a087c1c2ff3191824103825d2ab78a97,496
configs/phase6/group_d_capability/CREATEORDER_V4_C2_F8_P10_C50_CAP_S7001.yaml,6c0e6e284ab4788557a5d552ac2b0fe380575c3857bcc0702dc58fe6bad64b9c,496
configs/phase6/group_d_capability/CREATEORDER_V4_C2_F8_P10_C50_CAP_S7002.yaml,74591c3e9a55faff3f057324af81cafcb6cb204b2fc7248623191fc417d09c07,496
configs/phase6/group_d_capability/CREATEORDER_V4_C2_F8_P10_C50_CAP_S7003.yaml,3fa60be25e204acc8cb7b5b1efb9fb3093c90880650abf2e41a988d7ff0d6dd9,496
configs/phase6/group_d_capability/CREATEORDER_V4_C2_F8_P10_C50_CAP_S7004.yaml,a482cf28da8688c327dafeefdda85ae6de33c89bbe144c543e44504eac7e1b3e,496
configs/phase6/group_d_capability/CREATEORDER_V4_C2_F8_P10_C50_CAP_S7005.yaml,ec14f9192c0fe0d2240c66103a3dcf214b8cd79c76ea6a584ae98f93d0235fc6,496
configs/phase6/group_d_capability/CREATEORDER_V4_C2_F8_P10_C50_CAP_S7006.yaml,7707ee7e7102f859c04dac95a57166e120ceff38e1b266c355f48369ffb3af14,496
configs/phase6/group_d_capability/CREATEORDER_V4_C2_F8_P10_C50_CAP_S7007.yaml,71dc515fe1efdde482b626288c8bee51c5724ca4df6e57f669305886c16cfca8,496
configs/phase6/group_d_capability/CREATEORDER_V4_C2_F8_P10_C50_CAP_S7008.yaml,f08f03dd2c34d40ff71d35b4fb5d6f4fa45c8e1ca8807e8749be56e44ba16fda,496
configs/phase6/group_d_capability/CREATEORDER_V4_C2_F8_P10_C50_CAP_S7009.yaml,304b163237b6ea92db6657aa041f1b93165ea2f3a0f2da1523ccee306680dccc,496
configs/phase6/group_d_capability/CREATEORDER_V4_C2_F8_P10_C50_S7000.yaml,280e89dcbe6ece031954d8cd20e36e055869b15821c36a9a7375cc1e5ef4bc26,492
configs/phase6/group_d_capability/CREATEORDER_V4_C2_F8_P10_C50_S7001.yaml,906d7a48c6e7543f343c28c150b453e72018453c0268aa846cc920802d6ed911,492
configs/phase6/group_d_capability/CREATEORDER_V4_C2_F8_P10_C50_S7002.yaml,beaa95c8105e678f7d369ac00766c2ce1bb825eede46192d089d2b5a7ed766b4,492
configs/phase6/group_d_capability/CREATEORDER_V4_C2_F8_P10_C50_S7003.yaml,ca5c3c2a4a3fe1ffc7230c051f07a93359950226e348bc5c80bc6ff16b019b90,492
configs/phase6/group_d_capability/CREATEORDER_V4_C2_F8_P10_C50_S7004.yaml,b8bded7bd3b04051f1ac43a9ced25ce11695de2d225b8289f7b252e8d8786b69,492
configs/phase6/group_d_capability/CREATEORDER_V4_C2_F8_P10_C50_S7005.yaml,bf2cbfb7bd909eda7a39f5b54f0725eed67bcc9d8953d96af665067930fc7911,492
configs/phase6/group_d_capability/CREATEORDER_V4_C2_F8_P10_C50_S7006.yaml,44002d96c37208afd2d176c0627fb151c3adb41ca1696b70849bb3fbd0ee871d,492
configs/phase6/group_d_capability/CREATEORDER_V4_C2_F8_P10_C50_S7007.yaml,c2eb9889c699850cec7e6efd47bb28c9ad8140dafadb5c5e7ccb3b2144a10dfe,492
configs/phase6/group_d_capability/CREATEORDER_V4_C2_F8_P10_C50_S7008.yaml,5359d6eac93acf031b6e75a21fa9b416dd8d33e65ce095c899b0f008243baa32,492
configs/phase6/group_d_capability/CREATEORDER_V4_C2_F8_P10_C50_S7009.yaml,430592d826b99e1471b671d35c06747f02f107ada765f865f71565995e8850e4,492
configs/phase6/group_d_capability/CREATEORDER_V5_C0_F3_P10_C50_CAP_S7000.yaml,2ab50f41c589e9d5624e9181139b03c2f6ad2fd15de2b39d5d7323d735f6327c,496
configs/phase6/group_d_capability/CREATEORDER_V5_C0_F3_P10_C50_CAP_S7001.yaml,a189e2b8a6d61037211197af671db518bfede7a9f65968ecc7bd4c5fe4796630,496
configs/phase6/group_d_capability/CREATEORDER_V5_C0_F3_P10_C50_CAP_S7002.yaml,a8534ee704661ea705d1337d8bbefc72978aa84a7cbf4341f548f6276c3a3b6f,496
configs/phase6/group_d_capability/CREATEORDER_V5_C0_F3_P10_C50_CAP_S7003.yaml,3a91d1241f7d6fe8c7eeab6dd7a5f57f57c750af158184cf925dcf210add75f4,496
configs/phase6/group_d_capability/CREATEORDER_V5_C0_F3_P10_C50_CAP_S7004.yaml,6e81222f26ce3a4a69336f91e4a6861eef5ec7e24e7943b3d2fcc3e152c26043,496
configs/phase6/group_d_capability/CREATEORDER_V5_C0_F3_P10_C50_CAP_S7005.yaml,e9e8afb51c7061c94084bb4e7d4584b5532d3363003485a83cb48120ab9ef0b1,496
configs/phase6/group_d_capability/CREATEORDER_V5_C0_F3_P10_C50_CAP_S7006.yaml,8ce7bf3ce6bacd9b04cd851f4f94b754c401799116629f164821c2a5a522cf1f,496
configs/phase6/group_d_capability/CREATEORDER_V5_C0_F3_P10_C50_CAP_S7007.yaml,adc21ddc6b05f00ce39f8c0914a99fa779e558aee6c597f836430471ade797d4,496
configs/phase6/group_d_capability/CREATEORDER_V5_C0_F3_P10_C50_CAP_S7008.yaml,c3a08eaed546bbb7f52d9e5e274ab64547180a18daef3b03c77166ed6d1ebf24,496
configs/phase6/group_d_capability/CREATEORDER_V5_C0_F3_P10_C50_CAP_S7009.yaml,c2fab8480b55b33ff3f0606e11f09c1df38fbc6c2f11f69852efd619034f282b,496
configs/phase6/group_d_capability/CREATEORDER_V5_C0_F3_P10_C50_S7000.yaml,9740d951a070a03736d24efd326a42c6d5f125a4334bb7f96a46b67231ce42ed,492
configs/phase6/group_d_capability/CREATEORDER_V5_C0_F3_P10_C50_S7001.yaml,b3b6135b3e62959528db52e896e4f45167fc0bbfdc12ea2483aa21443b2284be,492
configs/phase6/group_d_capability/CREATEORDER_V5_C0_F3_P10_C50_S7002.yaml,39c6b2dea18592a0f80a533b7ba36a41e9039e2eadda6bba51b19b189250505e,492
configs/phase6/group_d_capability/CREATEORDER_V5_C0_F3_P10_C50_S7003.yaml,2cda3d06c7812324ff0c4e076b90696e77f79f72b7c0179979cc20517327d700,492
configs/phase6/group_d_capability/CREATEORDER_V5_C0_F3_P10_C50_S7004.yaml,a742bdf4ce20ec8152816ef6fd3cb273a8ccd560d21173e1e8e82084ac0ba3b2,492
configs/phase6/group_d_capability/CREATEORDER_V5_C0_F3_P10_C50_S7005.yaml,6c7a7b557d8d8775856e5a2fc619c2db4a31cb0dfd15095922f457dc0b4f2834,492
configs/phase6/group_d_capability/CREATEORDER_V5_C0_F3_P10_C50_S7006.yaml,16aa832dd292dad12f6001f117ca8386f8f9e783f2b6174b29d39dd558405bc9,492
configs/phase6/group_d_capability/CREATEORDER_V5_C0_F3_P10_C50_S7007.yaml,c7af2ec9acb7ab9dd867dc5f06f0475c81d7bc736eee279fd14f55ba56624f22,492
configs/phase6/group_d_capability/CREATEORDER_V5_C0_F3_P10_C50_S7008.yaml,66ddcca9289605ea9c50e9c2487fbe79dbf28fb3d0bf689954999cd4beb470d9,492
configs/phase6/group_d_capability/CREATEORDER_V5_C0_F3_P10_C50_S7009.yaml,7a91c5a0e6221e1700ce69d5c8f37b5d937625a35b68c8302c5976cb29d6624b,492
configs/phase6/group_d_capability/CREATEORDER_V5_C0_F8_P10_C50_CAP_S7000.yaml,75aa406f1cf691c5fe6ff2d2c19230a29360a5ce1ad628d9b5895df5f6adac3c,496
configs/phase6/group_d_capability/CREATEORDER_V5_C0_F8_P10_C50_CAP_S7001.yaml,c72bbfcde194264e5c859948eb6793132a4e686dfbebecf074fbbd039876e67d,496
configs/phase6/group_d_capability/CREATEORDER_V5_C0_F8_P10_C50_CAP_S7002.yaml,75db93d139cf74e0d34ec86a432f7325ff0214f5cf3506181ba8917bf8a053c7,496
configs/phase6/group_d_capability/CREATEORDER_V5_C0_F8_P10_C50_CAP_S7003.yaml,c9e3fc1e9df47213bd1c4556025c4a85c12ae6edfd7043a7a1d72cb964cda8fc,496
configs/phase6/group_d_capability/CREATEORDER_V5_C0_F8_P10_C50_CAP_S7004.yaml,3aed633ae88cc1156fbb947ff0185ff4c5444b8dad6245295694eac207cd5b38,496
configs/phase6/group_d_capability/CREATEORDER_V5_C0_F8_P10_C50_CAP_S7005.yaml,8af7e7b0e741be9db7b12bcfc5059974091d13b071327307afd6b500e55646cf,496
configs/phase6/group_d_capability/CREATEORDER_V5_C0_F8_P10_C50_CAP_S7006.yaml,9a784a7da15908ec842ece249e6405e239b78213b415160d1994de7341c22320,496
configs/phase6/group_d_capability/CREATEORDER_V5_C0_F8_P10_C50_CAP_S7007.yaml,442cf404a31031d739e6b2314cca7f30f434f7e4441bc18da8ac05d26845b0e9,496
configs/phase6/group_d_capability/CREATEORDER_V5_C0_F8_P10_C50_CAP_S7008.yaml,23167acff4e296e8bf7c044dc62d7d620e1f8923abcb5685a635f3b236a1b440,496
configs/phase6/group_d_capability/CREATEORDER_V5_C0_F8_P10_C50_CAP_S7009.yaml,bf61f850d2f81e7e7189d4fd75820db6709042482d457255f2c15e4c2c0b5f80,496
configs/phase6/group_d_capability/CREATEORDER_V5_C0_F8_P10_C50_S7000.yaml,c22b8b121644060977ac6b6f6e02d7c580b0f53936fa75811e7bf893ef3d21a6,492
configs/phase6/group_d_capability/CREATEORDER_V5_C0_F8_P10_C50_S7001.yaml,3b1a3ab4663bddbe9e2d456c5bdaba9d7c15d9cd1bfe44d8b7da48c81b13b435,492
configs/phase6/group_d_capability/CREATEORDER_V5_C0_F8_P10_C50_S7002.yaml,f99515d332fcc827ed3095112c6e9aecd7274c49323b9234325f6d78c90eb4bc,492
configs/phase6/group_d_capability/CREATEORDER_V5_C0_F8_P10_C50_S7003.yaml,c228c4d7a2f5fd8fb17585d2c80c693843ea489e69dcb451dab0f5fc48081507,492
configs/phase6/group_d_capability/CREATEORDER_V5_C0_F8_P10_C50_S7004.yaml,8a7406a252b3a9d15a072fe81a462b500f8bebef778d54d75adf7eb112e9623c,492
configs/phase6/group_d_capability/CREATEORDER_V5_C0_F8_P10_C50_S7005.yaml,cac8a081620dbd2c4a34eaef45bc4d985acbfe22538def4b328f9ff6558fda33,492
configs/phase6/group_d_capability/CREATEORDER_V5_C0_F8_P10_C50_S7006.yaml,2e38c2fb0df107ca3c8005d9ba1d3f321fa9d3d7bd292da127e41e4ac54fe677,492
configs/phase6/group_d_capability/CREATEORDER_V5_C0_F8_P10_C50_S7007.yaml,3dd692ea52645ac69f5379e03eab072a4cb018721038507f36d4647ac8ffa50b,492
configs/phase6/group_d_capability/CREATEORDER_V5_C0_F8_P10_C50_S7008.yaml,9d518676a13513d2ae4603fc16070f7bcc36cabcdfda3a20400d1bbd255031e1,492
configs/phase6/group_d_capability/CREATEORDER_V5_C0_F8_P10_C50_S7009.yaml,01205ccc37c60e61029f9be90f51abd29938b39c4dcf5182c199d979249a0bd7,492
configs/phase6/group_d_capability/CREATEORDER_V5_C1_F3_P10_C50_CAP_S7000.yaml,e4e14b50e36e5d713cff93ba136b1a43434790c4caa30b447240c1ab16729c37,496
configs/phase6/group_d_capability/CREATEORDER_V5_C1_F3_P10_C50_CAP_S7001.yaml,70a68908d6e0369cc6f250ca63f9c152bea13347356acfbf30d764b769895b1e,496
configs/phase6/group_d_capability/CREATEORDER_V5_C1_F3_P10_C50_CAP_S7002.yaml,75c24ce5977a30b51cc80c88c334e761cb97201adeb634130833246cb72a7f10,496
configs/phase6/group_d_capability/CREATEORDER_V5_C1_F3_P10_C50_CAP_S7003.yaml,2d6e097f18a6345bc5314f37ca959d56c50647feefe11eb5f11c9a2cb88945de,496
configs/phase6/group_d_capability/CREATEORDER_V5_C1_F3_P10_C50_CAP_S7004.yaml,526023ccac636ac318b38dda481a742cac76a31607c925cff49f5c09a8cac403,496
configs/phase6/group_d_capability/CREATEORDER_V5_C1_F3_P10_C50_CAP_S7005.yaml,586c06db6297593509be38cf54ec9d620e26becf88f8e7ef1f0cf913f86575a8,496
configs/phase6/group_d_capability/CREATEORDER_V5_C1_F3_P10_C50_CAP_S7006.yaml,00c776ff99b4d420a36adc3b1cab61a9f9b5a39215a618056c15d89cbab817c1,496
configs/phase6/group_d_capability/CREATEORDER_V5_C1_F3_P10_C50_CAP_S7007.yaml,ce5bcd20a5fe267fb4575bdd75aabde85d1ba3d4b40dc420daaa845f95165647,496
configs/phase6/group_d_capability/CREATEORDER_V5_C1_F3_P10_C50_CAP_S7008.yaml,7e64b4dabbd15dd75ce4f0f8791dffd2f4c82a57d8a29ea40476da5c95ba9957,496
configs/phase6/group_d_capability/CREATEORDER_V5_C1_F3_P10_C50_CAP_S7009.yaml,a595cf2c195dc0028a660159b24f39d36638137efecc8063f89a9b8f0d546ddb,496
configs/phase6/group_d_capability/CREATEORDER_V5_C1_F3_P10_C50_S7000.yaml,1507794637db4c43be34412cf0660aa8b9fe6cc1cfe00c78fdcbcb7f0a68dd7a,492
configs/phase6/group_d_capability/CREATEORDER_V5_C1_F3_P10_C50_S7001.yaml,edd4b21f2826555b401e74108b1702328ace2a59aa78316651ece8bf90609c18,492
configs/phase6/group_d_capability/CREATEORDER_V5_C1_F3_P10_C50_S7002.yaml,b19c8cd69f28997e7d96587abb374deb713caa270f1db6af776c6fa9095a1cc9,492
configs/phase6/group_d_capability/CREATEORDER_V5_C1_F3_P10_C50_S7003.yaml,558730adb8fb987f1737dff6376f905f118197cf819f083117e87af3efe2cba5,492
configs/phase6/group_d_capability/CREATEORDER_V5_C1_F3_P10_C50_S7004.yaml,9006a743adb41c8f447c2176a8630dcaacea4b69784a8fc6ec25b45589a41343,492
configs/phase6/group_d_capability/CREATEORDER_V5_C1_F3_P10_C50_S7005.yaml,01c940e95d6c640fef8230ddef75d37ee6187cc11bec66a3ccf70f0a951b7ba8,492
configs/phase6/group_d_capability/CREATEORDER_V5_C1_F3_P10_C50_S7006.yaml,f0e5e7c815cecb4d2f37bdd40b488b26cd8357866c75ebab02edd1d2599e46a3,492
configs/phase6/group_d_capability/CREATEORDER_V5_C1_F3_P10_C50_S7007.yaml,4bcd5c7eef2d790cf473dfe57e29dd4bda9a3c4fcc2491a1c134c498f6a67210,492
configs/phase6/group_d_capability/CREATEORDER_V5_C1_F3_P10_C50_S7008.yaml,ea53bec68bdbae349d416ac31a4f0b22ca0da0f43daacd29b1296c0aaf85b86f,492
configs/phase6/group_d_capability/CREATEORDER_V5_C1_F3_P10_C50_S7009.yaml,ca3b91decfcd1364fcdb342f07f75cef890ba31f204976021286240c1f052fb5,492
configs/phase6/group_d_capability/CREATEORDER_V5_C1_F8_P10_C50_CAP_S7000.yaml,1afb1721fbd162d367f9d56777f3a79d7838e80afa83b32140496faf7c0385b1,496
configs/phase6/group_d_capability/CREATEORDER_V5_C1_F8_P10_C50_CAP_S7001.yaml,e33cf8f0963b509922c24117b1a9d6e16b5d3d75b1eb5290dbdb732d9e1b73da,496
configs/phase6/group_d_capability/CREATEORDER_V5_C1_F8_P10_C50_CAP_S7002.yaml,cdc46be20360c9e04d6ea24b21ebd639a93ec27d5903fc5ed906e84a364b19fa,496
configs/phase6/group_d_capability/CREATEORDER_V5_C1_F8_P10_C50_CAP_S7003.yaml,6eb43d95c9eaed49875f8b27d004fa06261bbb116686b67013fc78b4c9b1f606,496
configs/phase6/group_d_capability/CREATEORDER_V5_C1_F8_P10_C50_CAP_S7004.yaml,ef1d91dd21f11d1cfd5dcbc9fbb9a47f9564953d87170cab50716bff96237d21,496
configs/phase6/group_d_capability/CREATEORDER_V5_C1_F8_P10_C50_CAP_S7005.yaml,8e7994d7a36c019e185971585da47b257cfc2689455280e82f1e652e675cfeac,496
configs/phase6/group_d_capability/CREATEORDER_V5_C1_F8_P10_C50_CAP_S7006.yaml,bdd68539b179e731a6878aeaab9b43dfc8e75d2db4c9b5842b741f0d37b0c8dd,496
configs/phase6/group_d_capability/CREATEORDER_V5_C1_F8_P10_C50_CAP_S7007.yaml,a1ba78d124c8dd5abf120374a160bb5e37ba47552b8b43c1548d89f555d93532,496
configs/phase6/group_d_capability/CREATEORDER_V5_C1_F8_P10_C50_CAP_S7008.yaml,a0ddf0efd5870e326a1c99bf835c7c8c41e5a208bab4b55d12a5487aa92cbdf5,496
configs/phase6/group_d_capability/CREATEORDER_V5_C1_F8_P10_C50_CAP_S7009.yaml,95f364e5f52524c4fa14e2af5c5ff5ceb640fbd6135aab3a52b9e410eea82943,496
configs/phase6/group_d_capability/CREATEORDER_V5_C1_F8_P10_C50_S7000.yaml,cc58ed9793597d41cde5288fd8fe53dd37b8ae14e9ddb0ff4249b8434df38ec0,492
configs/phase6/group_d_capability/CREATEORDER_V5_C1_F8_P10_C50_S7001.yaml,2c1a6daa7e4f7256b5edb051dfd4ee0079fc0b33c64aa80dca77c11d4b1bd7fa,492
configs/phase6/group_d_capability/CREATEORDER_V5_C1_F8_P10_C50_S7002.yaml,de30864f7c0a37d151116a64906bc6ae122b61c92c5eadd9ff739ab0a4677cd9,492
configs/phase6/group_d_capability/CREATEORDER_V5_C1_F8_P10_C50_S7003.yaml,f4ece5945552eff8f20dfb6f32dbfe57152e3e06cb297abec82b7ba43e777199,492
configs/phase6/group_d_capability/CREATEORDER_V5_C1_F8_P10_C50_S7004.yaml,050ea1fec01e80d5340406342b8c8c2f214174ceec130f01858c594dd669cad0,492
configs/phase6/group_d_capability/CREATEORDER_V5_C1_F8_P10_C50_S7005.yaml,fcfa4e3e36ea101787f7d7ae2a8ca47c007800774acb7e12668fd6190b54273c,492
configs/phase6/group_d_capability/CREATEORDER_V5_C1_F8_P10_C50_S7006.yaml,d6712e036822824b672c9bc3296f8f610600ccaf9897854263d8f220d47b44ad,492
configs/phase6/group_d_capability/CREATEORDER_V5_C1_F8_P10_C50_S7007.yaml,361d773b12ed629b5f86704c8d8cdcc5fc61d470fdc96ebff80a7809160b241f,492
configs/phase6/group_d_capability/CREATEORDER_V5_C1_F8_P10_C50_S7008.yaml,0ad3b43d366cf0e8296c6af8ecc8ef9fff16cc7ccbffc284940d5017c9201ffb,492
configs/phase6/group_d_capability/CREATEORDER_V5_C1_F8_P10_C50_S7009.yaml,4612a859d3232099ae7ee52d9fe94ac91a49fd33c7fe2eacd3f5d5ea42464e71,492
configs/phase6/group_d_capability/CREATEORDER_V5_C2_F3_P10_C50_CAP_S7000.yaml,b733e408433140c67f413dcce4c2f04db9cede3f2a3be439d63995a921e1ee35,496
configs/phase6/group_d_capability/CREATEORDER_V5_C2_F3_P10_C50_CAP_S7001.yaml,cb0ec73e73f2569c0159ab917d8510403b647f83b6ace4ef4ffaabdd65632f77,496
configs/phase6/group_d_capability/CREATEORDER_V5_C2_F3_P10_C50_CAP_S7002.yaml,e1f26c043f3c6f40b77e7fe2bff34518fe97a7d043aca608c96aa8ebb52e5c42,496
configs/phase6/group_d_capability/CREATEORDER_V5_C2_F3_P10_C50_CAP_S7003.yaml,dacca479f977c07bb67ce275f71e366db6764e76d9615e551877388c557e49a7,496
configs/phase6/group_d_capability/CREATEORDER_V5_C2_F3_P10_C50_CAP_S7004.yaml,990ab8934ab933098d6926fa717656506f698a7d0585d8c89ba96a007c03d225,496
configs/phase6/group_d_capability/CREATEORDER_V5_C2_F3_P10_C50_CAP_S7005.yaml,71d8ac303e4172a6da6f6452287c3f1ca4dae79be0a1032389afcda20ce12f55,496
configs/phase6/group_d_capability/CREATEORDER_V5_C2_F3_P10_C50_CAP_S7006.yaml,7d1b026e2d61383530425ec573500e3cbeae4bebabcf71a4afd53045c6707705,496
configs/phase6/group_d_capability/CREATEORDER_V5_C2_F3_P10_C50_CAP_S7007.yaml,a531c748e06e02a5f90156ad0d82738b2b8876729354aac0067d875d531daca2,496
configs/phase6/group_d_capability/CREATEORDER_V5_C2_F3_P10_C50_CAP_S7008.yaml,8e9092166c0dc42c65f2aacf0e52f42684e13d21fba9e6b5962f623550145847,496
configs/phase6/group_d_capability/CREATEORDER_V5_C2_F3_P10_C50_CAP_S7009.yaml,6120b35425ca2c67de64ac2189c7613a4d611432316ef972aca787e8b541ab78,496
configs/phase6/group_d_capability/CREATEORDER_V5_C2_F3_P10_C50_S7000.yaml,ea1d6f0751fab4b2e48eaa179723c801384a914f1c2e37217bd4c85070c91d07,492
configs/phase6/group_d_capability/CREATEORDER_V5_C2_F3_P10_C50_S7001.yaml,b69d963eb83b00856b23e9c0e82e8d6a57281410193b382d80f1b93df6e31d89,492
configs/phase6/group_d_capability/CREATEORDER_V5_C2_F3_P10_C50_S7002.yaml,d7a82fa16922db089b312eebf7998dbbba98c41d76b0db7df2428cc8ed2a15f3,492
configs/phase6/group_d_capability/CREATEORDER_V5_C2_F3_P10_C50_S7003.yaml,0b598942e03437d6b7caba729c1023f27a30b24828b98c9f05b58f91a7f8414c,492
configs/phase6/group_d_capability/CREATEORDER_V5_C2_F3_P10_C50_S7004.yaml,4352baa93a03216175fbb282bc1e709d28b260322f52876cbb221c288da1d1cd,492
configs/phase6/group_d_capability/CREATEORDER_V5_C2_F3_P10_C50_S7005.yaml,d7b0ad469923e39db79f5a171ae024bd56184f8a8ab5a43b43a5de73573eea04,492
configs/phase6/group_d_capability/CREATEORDER_V5_C2_F3_P10_C50_S7006.yaml,2c5ed1431aea66801364dc93054f3b45039660d01b8ab94f9981f4b94dd50db7,492
configs/phase6/group_d_capability/CREATEORDER_V5_C2_F3_P10_C50_S7007.yaml,557f8d5b05b62e922f563cdc304351cd34c65a9d826525555e89ed1e8b9e1e0e,492
configs/phase6/group_d_capability/CREATEORDER_V5_C2_F3_P10_C50_S7008.yaml,88101ad911410652a074dca0471678eceb0b7e93a10e2aa87edc5f79c56493bc,492
configs/phase6/group_d_capability/CREATEORDER_V5_C2_F3_P10_C50_S7009.yaml,1a2b063454129f555133cfc4d65e498f4f3708340fccf356fe8c1b5ca6bba0a8,492
configs/phase6/group_d_capability/CREATEORDER_V5_C2_F8_P10_C50_CAP_S7000.yaml,e9054747d8fd37b2bc727408ce76eac4c023388ef91d9e4be58abecdf6e786e5,496
configs/phase6/group_d_capability/CREATEORDER_V5_C2_F8_P10_C50_CAP_S7001.yaml,d4d93a22306855e250e41adf5883f4378ba2f41023f5ca0757ccf9c313fd214d,496
configs/phase6/group_d_capability/CREATEORDER_V5_C2_F8_P10_C50_CAP_S7002.yaml,74c946da681c434a236213992775b872d08f5ec850fb58857bf61e3b27a3c549,496
configs/phase6/group_d_capability/CREATEORDER_V5_C2_F8_P10_C50_CAP_S7003.yaml,0b53a4b2c020ff39c892599622091dd7b4bd1e9636b5a72c5fe66b7844661246,496
configs/phase6/group_d_capability/CREATEORDER_V5_C2_F8_P10_C50_CAP_S7004.yaml,7e8194f52984a5751d582a340bf957b492f2919ae1c43ad9dad660b4c8bf869a,496
configs/phase6/group_d_capability/CREATEORDER_V5_C2_F8_P10_C50_CAP_S7005.yaml,e732da84f4d57ddaf975c8400bf5ce3140883ca1bbab20a7dc8035fbfb1a06e4,496
configs/phase6/group_d_capability/CREATEORDER_V5_C2_F8_P10_C50_CAP_S7006.yaml,aee1fe7863b0b6dd0cbea295939861fc1bcacec51f5c47aa657d86361a172aef,496
configs/phase6/group_d_capability/CREATEORDER_V5_C2_F8_P10_C50_CAP_S7007.yaml,2165a0211074c4b393a419a501b1ff73b9ab54ba03e87fe110de49444ddb3151,496
configs/phase6/group_d_capability/CREATEORDER_V5_C2_F8_P10_C50_CAP_S7008.yaml,ef3572e27d6e1d6cefc77aaf3234089d0985c65a8d67e72b4de75af80919aaec,496
configs/phase6/group_d_capability/CREATEORDER_V5_C2_F8_P10_C50_CAP_S7009.yaml,a92e222335f976a41d96ad29f067b7bf02488f7d97de04f5e1c5fe37a310b817,496
configs/phase6/group_d_capability/CREATEORDER_V5_C2_F8_P10_C50_S7000.yaml,d8de6e22add3d0b8499b03459873ae90f160bf90e2ae48834d08255ea645795e,492
configs/phase6/group_d_capability/CREATEORDER_V5_C2_F8_P10_C50_S7001.yaml,72f2c59a0db84f6b6a570db8a3a022b44d0d85ba3b4ce975ef68e10530c7303c,492
configs/phase6/group_d_capability/CREATEORDER_V5_C2_F8_P10_C50_S7002.yaml,1a4c88d7d1426e5c896baea7f0052a05956d3c46904675dde2a416b601bfff34,492
configs/phase6/group_d_capability/CREATEORDER_V5_C2_F8_P10_C50_S7003.yaml,97aaae41d4fa72bbe7762bf0cd79a7755a4a50d575244b246495702bedea2999,492
configs/phase6/group_d_capability/CREATEORDER_V5_C2_F8_P10_C50_S7004.yaml,56658eaa3634384c990522b39d48ceb5efb95200df39ab64dbaccaeaf245e3f7,492
configs/phase6/group_d_capability/CREATEORDER_V5_C2_F8_P10_C50_S7005.yaml,60b01fe2f1c9220f83be096d7d92b9a13dbdae4d564b7904bcc43f5ee71fe2ea,492
configs/phase6/group_d_capability/CREATEORDER_V5_C2_F8_P10_C50_S7006.yaml,db717d981ae23f318de3f3a8890eb1d905df4291dadfd22f0cfb056c9a229209,492
configs/phase6/group_d_capability/CREATEORDER_V5_C2_F8_P10_C50_S7007.yaml,d83ed53ece0e8dc74c14901d1ab51f65a691909b7f4bbcd05b4f2d3430e7f237,492
configs/phase6/group_d_capability/CREATEORDER_V5_C2_F8_P10_C50_S7008.yaml,5c0784294eb4c097d1ad136525ad8408b8e283be4af63dfaab3281d85164df9d,492
configs/phase6/group_d_capability/CREATEORDER_V5_C2_F8_P10_C50_S7009.yaml,7fc16982105a8bbbd00146390e66d0b4bcf2f2f9e54c9e3b3bd7ac8bf5ee28e0,492
configs/phase6/group_e_safe_controls/CREATEORDER_V0_C0_F1_P10_C50_S7000.yaml,84f24fb86aaf18242346598b385a078a5c493e4b0de43e1ca8116f5c70eee01e,492
configs/phase6/group_e_safe_controls/CREATEORDER_V0_C0_F1_P10_C50_S7001.yaml,897b5b274669e3631eab4058cb9df5b4e21362d59701a3511959c83919f00254,492
configs/phase6/group_e_safe_controls/CREATEORDER_V0_C0_F1_P10_C50_S7002.yaml,e5c0fbc91c46c24a9ccf6d8547098e70a684aa80520855c640fa407607f7203a,492
configs/phase6/group_e_safe_controls/CREATEORDER_V0_C0_F1_P10_C50_S7003.yaml,9d5559902cb201b9742f076c7c834f1a6491e2eeecb91d95c5a66c268956afd8,492
configs/phase6/group_e_safe_controls/CREATEORDER_V0_C0_F1_P10_C50_S7004.yaml,44ce571bca4b8adf50559ab4d221efa602a5d4ac78c406c2f3bbc47a60dca901,492
configs/phase6/group_e_safe_controls/CREATEORDER_V0_C0_F1_P10_C50_S7005.yaml,cd5df49568c67942f967c536d23f35200da652a022c6fcf4af9d7485696c07e4,492
configs/phase6/group_e_safe_controls/CREATEORDER_V0_C0_F1_P10_C50_S7006.yaml,a6035cc83dc21d22c993a418be28ea13c4e80d1bd5e109b5a68e25aae1abf465,492
configs/phase6/group_e_safe_controls/CREATEORDER_V0_C0_F1_P10_C50_S7007.yaml,9af6265623e3d402d9f5daa48a2b71b709eae8d6e961e2c304659b3670c13b95,492
configs/phase6/group_e_safe_controls/CREATEORDER_V0_C0_F1_P10_C50_S7008.yaml,38dd0588643a45972a9de59ca99fbf4a21494863928e4063b2ce8877ae723c9b,492
configs/phase6/group_e_safe_controls/CREATEORDER_V0_C0_F1_P10_C50_S7009.yaml,67959aecaa178166960fd018f758a30e2a7c10e1ca7ca9f17eb06c703032958e,492
configs/phase6/group_e_safe_controls/CREATEORDER_V0_C0_F2_P10_C50_S7000.yaml,0eedcccf7d4ef704d7c9ca17cc28546a1608c06df744cc2c73b664fef0f53e17,492
configs/phase6/group_e_safe_controls/CREATEORDER_V0_C0_F2_P10_C50_S7001.yaml,7373767425ed947aa1e2e6072850264abc36dc04d591cb9c92a2c2342d2de1ee,492
configs/phase6/group_e_safe_controls/CREATEORDER_V0_C0_F2_P10_C50_S7002.yaml,041bdd52da0ea962bb90b752240dbb900d1b121d63f0cf6144ceeef3a689618e,492
configs/phase6/group_e_safe_controls/CREATEORDER_V0_C0_F2_P10_C50_S7003.yaml,c1a36df711ca04679202b8b6b59da78251c0ac31b033a04f6e226629b6533612,492
configs/phase6/group_e_safe_controls/CREATEORDER_V0_C0_F2_P10_C50_S7004.yaml,f4cf66ff47db3d23b6c368e0421b01dcfe182b5c86536b6f3f1b00ce0e100c3c,492
configs/phase6/group_e_safe_controls/CREATEORDER_V0_C0_F2_P10_C50_S7005.yaml,78822e795e4da69d96b83ac41b9e6fd8a047954dd79412eea4d54c0a2b263c2a,492
configs/phase6/group_e_safe_controls/CREATEORDER_V0_C0_F2_P10_C50_S7006.yaml,ab2e0f1613d03c44d3c4f72df4f984011f5a30b1667eb3b1e8623269578a5971,492
configs/phase6/group_e_safe_controls/CREATEORDER_V0_C0_F2_P10_C50_S7007.yaml,f2d27fdff4f903c14382063c162c037baa14e7362aafb621e1adf676e2aebb35,492
configs/phase6/group_e_safe_controls/CREATEORDER_V0_C0_F2_P10_C50_S7008.yaml,8283d7cdf9226f3f4a589ac9ac5624e48a9fae7c467004cae4749c02834603e4,492
configs/phase6/group_e_safe_controls/CREATEORDER_V0_C0_F2_P10_C50_S7009.yaml,7d2a2ea30b9b46653f190bec3282ed9c7b9b7af128b5d00f9087f73e1765e23e,492
configs/phase6/group_e_safe_controls/CREATEORDER_V0_C0_F7_P10_C50_S7000.yaml,cae128f56e6fc85cdd9e59f84aad8f4e85daeace33a4226b65f674efcf5478a6,492
configs/phase6/group_e_safe_controls/CREATEORDER_V0_C0_F7_P10_C50_S7001.yaml,68e68ddc29582b0cb49f693f191bfb05eec783ea0955b4bffa7b34d655412b2e,492
configs/phase6/group_e_safe_controls/CREATEORDER_V0_C0_F7_P10_C50_S7002.yaml,90a74e0ce71a4e3cc422b615b2443d103736d6040e3015d18ca6b05ec6084815,492
configs/phase6/group_e_safe_controls/CREATEORDER_V0_C0_F7_P10_C50_S7003.yaml,48af6d529aed658e581b93645ecd6f49b30cebfcd187c3fe5d6b508cd1f7252b,492
configs/phase6/group_e_safe_controls/CREATEORDER_V0_C0_F7_P10_C50_S7004.yaml,0de543d4b1c22990720b93b52beb1bee007ddaeb710c417b8b691568c357ce19,492
configs/phase6/group_e_safe_controls/CREATEORDER_V0_C0_F7_P10_C50_S7005.yaml,aab1a9e2885a4576c5b1a7491ec0946428c950527487c64557cd2c4c74dcaa6e,492
configs/phase6/group_e_safe_controls/CREATEORDER_V0_C0_F7_P10_C50_S7006.yaml,1d74c73640a4a6cf1b8ea0de1d5ea5b88f18e526fac2525c98fb16add449eb34,492
configs/phase6/group_e_safe_controls/CREATEORDER_V0_C0_F7_P10_C50_S7007.yaml,3cb1da95638b6e47507a7096dc74fb3ce9ac01454ec78bd2818325bdda75ae9c,492
configs/phase6/group_e_safe_controls/CREATEORDER_V0_C0_F7_P10_C50_S7008.yaml,d03738f1911ee5ec71d81e68cd462544d0279ef74c65615524bd8af5b847723b,492
configs/phase6/group_e_safe_controls/CREATEORDER_V0_C0_F7_P10_C50_S7009.yaml,22ec44547c16ee61c0b3ff2c639fb0cc7ef3fcdf45100c3de281a4913bdb0f11,492
configs/phase6/group_e_safe_controls/CREATEORDER_V1_C1_F1_P10_C50_S7000.yaml,f4971786c2c9b7b7a6ddf08cb9c9701c8647f545545111047602cfe20101f804,492
configs/phase6/group_e_safe_controls/CREATEORDER_V1_C1_F1_P10_C50_S7001.yaml,75ed493b62443108bfa70ac8c7d5da31884920d74361f3eaf4aa35691736b772,492
configs/phase6/group_e_safe_controls/CREATEORDER_V1_C1_F1_P10_C50_S7002.yaml,89c6bb3eff5c4e67f7a1ebb161b2845a7930d27e8e832226a538c2dbcfdd4cb0,492
configs/phase6/group_e_safe_controls/CREATEORDER_V1_C1_F1_P10_C50_S7003.yaml,c44e5147efc1f15af44ff3bb5e3009464b6adf479ca542ad9aef208b6440e425,492
configs/phase6/group_e_safe_controls/CREATEORDER_V1_C1_F1_P10_C50_S7004.yaml,6bcdb50e5815948ebdb7b0679c916819a1902f1c6a81a9e4c11e1c3db1077534,492
configs/phase6/group_e_safe_controls/CREATEORDER_V1_C1_F1_P10_C50_S7005.yaml,242400ec1d887ff6dc9287eba4d8d340a644275166eb3fb5bd6a72ced82dd80e,492
configs/phase6/group_e_safe_controls/CREATEORDER_V1_C1_F1_P10_C50_S7006.yaml,996503a422097460b0362321d45e89b08ceffef3b7aa0a48446a14f07a58fa29,492
configs/phase6/group_e_safe_controls/CREATEORDER_V1_C1_F1_P10_C50_S7007.yaml,ba4e7c31b7f741dff42c1f778a7e1898a27cdf8f12e33ea57f58b68eaf7910f2,492
configs/phase6/group_e_safe_controls/CREATEORDER_V1_C1_F1_P10_C50_S7008.yaml,39541da748a7d3d8b0a59903d680942a3ec1c90997848d50d9c564b67c316011,492
configs/phase6/group_e_safe_controls/CREATEORDER_V1_C1_F1_P10_C50_S7009.yaml,bd24d4efd391653a0db1d6c3452dcd451d3a6bc44db026b76d4a9f8c9001faa5,492
configs/phase6/group_e_safe_controls/CREATEORDER_V1_C1_F2_P10_C50_S7000.yaml,e7e3970c55eb94b4c88e24e269fb3f5edfe05fe39a1d2d7d3f53cb697a1a0f1b,492
configs/phase6/group_e_safe_controls/CREATEORDER_V1_C1_F2_P10_C50_S7001.yaml,6a9af33070b247d66995030f2d00a6671e6fba320e121ed6f38fc12a2373c011,492
configs/phase6/group_e_safe_controls/CREATEORDER_V1_C1_F2_P10_C50_S7002.yaml,213b5a8c17e45a307dc3b8e4aafa4f197f194adce2df422c46432281f7ed6777,492
configs/phase6/group_e_safe_controls/CREATEORDER_V1_C1_F2_P10_C50_S7003.yaml,9aa6743623389b077429fb747646e513563c92cec8bf0c06116cb9bb2affc7e5,492
configs/phase6/group_e_safe_controls/CREATEORDER_V1_C1_F2_P10_C50_S7004.yaml,23cde790544fd5af5ed000184e71694b1a1aa90c1e755f4cfed4d94f4d9000c2,492
configs/phase6/group_e_safe_controls/CREATEORDER_V1_C1_F2_P10_C50_S7005.yaml,26a852bc3b6023eb4d08734f4986bba3c295ab7992297dd27ebeb3375ca38f1c,492
configs/phase6/group_e_safe_controls/CREATEORDER_V1_C1_F2_P10_C50_S7006.yaml,d0cf4b6f60ee51e5b4f2ad15b63a44ef0f36aa22651b06f82bdad417a315cb7a,492
configs/phase6/group_e_safe_controls/CREATEORDER_V1_C1_F2_P10_C50_S7007.yaml,53fa346f248d6cb33f57d24cae4439710d025644dd711fc930909489f60ac07a,492
configs/phase6/group_e_safe_controls/CREATEORDER_V1_C1_F2_P10_C50_S7008.yaml,24be22f46df74c1af6fdf035b4fc89100f60004774dc764becfbe64418cff3ca,492
configs/phase6/group_e_safe_controls/CREATEORDER_V1_C1_F2_P10_C50_S7009.yaml,1b42cd61d0aee1a562e7bd274a6d3bcbbdc22f01806cb0749a6772cae0b85dca,492
configs/phase6/group_e_safe_controls/CREATEORDER_V1_C1_F7_P10_C50_S7000.yaml,025442fc6556c9d16f266947c3015a6dc2df672888d7ac8c3017db62707ac440,492
configs/phase6/group_e_safe_controls/CREATEORDER_V1_C1_F7_P10_C50_S7001.yaml,bb6215ce21f52b43a9a7ec492e42174dc9885ab2b91ca8f4dc7046ed3d6fce22,492
configs/phase6/group_e_safe_controls/CREATEORDER_V1_C1_F7_P10_C50_S7002.yaml,e57a8c3323b064b0aaf50b27d7f33ec904e60369fa52d33ffc75b706c0bb6335,492
configs/phase6/group_e_safe_controls/CREATEORDER_V1_C1_F7_P10_C50_S7003.yaml,2c3bfd2a05b7b2defb53f683c6cc1691380ba78713d5e874beda2cfed1b740d7,492
configs/phase6/group_e_safe_controls/CREATEORDER_V1_C1_F7_P10_C50_S7004.yaml,d63f208c4a0ea5ff352a3c3022d00bdd41f1fd208631e2a51284833cd3cf4051,492
configs/phase6/group_e_safe_controls/CREATEORDER_V1_C1_F7_P10_C50_S7005.yaml,0a87f2700fa8ca33225b4cec29fbd4d1407f8277d987eaeec4645a514ea8e96b,492
configs/phase6/group_e_safe_controls/CREATEORDER_V1_C1_F7_P10_C50_S7006.yaml,edaf640c4cd13964a7ff52c01a909a252bb1bcb7b8664a1c69cba57b71d8635e,492
configs/phase6/group_e_safe_controls/CREATEORDER_V1_C1_F7_P10_C50_S7007.yaml,b2b14d37a9dc518ecce54a7d44605796a521e4a6597a13d177d81c51fc171b0c,492
configs/phase6/group_e_safe_controls/CREATEORDER_V1_C1_F7_P10_C50_S7008.yaml,4bfc3ec8a8765412689e1ef557371a1f43e894339e1050ba9dcad08dddefe6c5,492
configs/phase6/group_e_safe_controls/CREATEORDER_V1_C1_F7_P10_C50_S7009.yaml,291726c6a8b7be2cdb60e4f3ef31f780f531d2fff0cc3b4849f10377b5896868,492
configs/phase6/group_e_safe_controls/CREATEORDER_V2_C1_F1_P10_C50_S7000.yaml,678a613ad593fa92dbe72c96c6bd17747cf2d6aa4c04140340c3da9fce81ba0d,492
configs/phase6/group_e_safe_controls/CREATEORDER_V2_C1_F1_P10_C50_S7001.yaml,e0589daf38b4e224257ca655101052872d3a2280b4a8e0a6bdbc60984ae5a3eb,492
configs/phase6/group_e_safe_controls/CREATEORDER_V2_C1_F1_P10_C50_S7002.yaml,5dd8a96e44ff051b1e3ee5bc363f3a43c4fe4045cf795bfdaddcf756b513533e,492
configs/phase6/group_e_safe_controls/CREATEORDER_V2_C1_F1_P10_C50_S7003.yaml,30983fac7439988d8aac3b5532572199f6fb4b95e9b7d3ae1c4b44b8d5023eb5,492
configs/phase6/group_e_safe_controls/CREATEORDER_V2_C1_F1_P10_C50_S7004.yaml,bff9561fb965b07326d9589f76d866ae094a15ecfd4bb442afdd80572f6d05d3,492
configs/phase6/group_e_safe_controls/CREATEORDER_V2_C1_F1_P10_C50_S7005.yaml,a21675bbc2ed41093817d953a7a45eacf72e2e9c7d4503c91f992479abaabd12,492
configs/phase6/group_e_safe_controls/CREATEORDER_V2_C1_F1_P10_C50_S7006.yaml,65f2513dd86a97c08a02538ed19c5ef9d73ecdd01cfa9dfa29adb2074e3eb231,492
configs/phase6/group_e_safe_controls/CREATEORDER_V2_C1_F1_P10_C50_S7007.yaml,5d6e6a9cf06c69c0c06724f1d8045f98166e1d6f74d27bf576e2226d4d6846b2,492
configs/phase6/group_e_safe_controls/CREATEORDER_V2_C1_F1_P10_C50_S7008.yaml,33ca4815945f356f6ba6b431b14247861b9eaed549821dcaac23cc7cf2617f64,492
configs/phase6/group_e_safe_controls/CREATEORDER_V2_C1_F1_P10_C50_S7009.yaml,7ab7b86afd8b6138e0dab03ba5eee62bb2189c1a20f6ce2ccd3347f69cd5b3b9,492
configs/phase6/group_e_safe_controls/CREATEORDER_V2_C1_F2_P10_C50_S7000.yaml,40da70326179388e8f40f0a5225ac4aa091b234f3ef8610fcc359f12422f028a,492
configs/phase6/group_e_safe_controls/CREATEORDER_V2_C1_F2_P10_C50_S7001.yaml,2346895d63008df79632666e7a506ec17f439fb9a199fc7aa7ffab3ebaeea3b4,492
configs/phase6/group_e_safe_controls/CREATEORDER_V2_C1_F2_P10_C50_S7002.yaml,e056bb4553c084431e777e118307fedc85ef36dce6d9d7ea9c2c83e47102661c,492
configs/phase6/group_e_safe_controls/CREATEORDER_V2_C1_F2_P10_C50_S7003.yaml,a816792d96a774abce879a07998bc6e1090034ddca50dad1f228cd497cec54e7,492
configs/phase6/group_e_safe_controls/CREATEORDER_V2_C1_F2_P10_C50_S7004.yaml,bd7f38977b3c2f2510d09b814158902ad3a28173938917d3810b5f5290bee5cb,492
configs/phase6/group_e_safe_controls/CREATEORDER_V2_C1_F2_P10_C50_S7005.yaml,1389b9d2fba854b75cc75e6a33bee041484d170aec902c7edaa4df0cbc3d61b4,492
configs/phase6/group_e_safe_controls/CREATEORDER_V2_C1_F2_P10_C50_S7006.yaml,ca3c3fef70118ede1d26ac4b7c4be7d7b19d96d197ecf205885f58505ccb1aa5,492
configs/phase6/group_e_safe_controls/CREATEORDER_V2_C1_F2_P10_C50_S7007.yaml,9eb1ac078e89b6a6f5cfbb4f93c8b72ec1845dd49995ba6205613c9b64193a34,492
configs/phase6/group_e_safe_controls/CREATEORDER_V2_C1_F2_P10_C50_S7008.yaml,ee0bf1768ddce3bcdd83cdd655b0b274197dbc20f347fd934c6b3d25881d6858,492
configs/phase6/group_e_safe_controls/CREATEORDER_V2_C1_F2_P10_C50_S7009.yaml,be67d3a0444c33ec586b1444d26818ad2114fe7d7faf3f7a139f28b84f865c07,492
configs/phase6/group_e_safe_controls/CREATEORDER_V2_C1_F7_P10_C50_S7000.yaml,24088f32a51a2d2899e01db9b3452e3f87fdcf7043685a500ca14655f516bb0c,492
configs/phase6/group_e_safe_controls/CREATEORDER_V2_C1_F7_P10_C50_S7001.yaml,5b7f441e8429454a5380b7920a772c73bf5a2b160b6d90f7dc9322e0dfcff73c,492
configs/phase6/group_e_safe_controls/CREATEORDER_V2_C1_F7_P10_C50_S7002.yaml,3589eea75ca85309a307f949a7d24522faed189e43c6d41c28647b1b8d2d4a3d,492
configs/phase6/group_e_safe_controls/CREATEORDER_V2_C1_F7_P10_C50_S7003.yaml,cc5a28aaa9b52f574778574efd92c26b17a28c6fb055e95ede944d4431a8dfd7,492
configs/phase6/group_e_safe_controls/CREATEORDER_V2_C1_F7_P10_C50_S7004.yaml,31297d48673710c92af5758dc533457b9d192b3aa25fb69c8c177e631bb40a25,492
configs/phase6/group_e_safe_controls/CREATEORDER_V2_C1_F7_P10_C50_S7005.yaml,c126343a0a14709c986c09e9befc13ae0ce770d053bca0743eb5be8824eba389,492
configs/phase6/group_e_safe_controls/CREATEORDER_V2_C1_F7_P10_C50_S7006.yaml,de9eb02ec86e7c5b1e3e93efdafc373423fa2215cca1cad18b4b246c1b32eaa0,492
configs/phase6/group_e_safe_controls/CREATEORDER_V2_C1_F7_P10_C50_S7007.yaml,4ecf479b602956047d3e19bbb1d1812fa9a0d06d46e590f7fb6007d1e3d3acc5,492
configs/phase6/group_e_safe_controls/CREATEORDER_V2_C1_F7_P10_C50_S7008.yaml,7587caa310495f343dc918954fecbe347dd45582bf45d6f62382736c46d2657f,492
configs/phase6/group_e_safe_controls/CREATEORDER_V2_C1_F7_P10_C50_S7009.yaml,c19f8f1130d8125ce75cd75f6139f0bf4498287dc592fcdbc3afae189ba42326,492
configs/phase6/group_e_safe_controls/CREATEORDER_V3_C1_F1_P10_C50_S7000.yaml,4443afe0589844657e19ccb566602bea77a177603eda6991f03bec9d5cbdddcf,492
configs/phase6/group_e_safe_controls/CREATEORDER_V3_C1_F1_P10_C50_S7001.yaml,547d52acd7f36494f94aa314715bf9ee8a7e4619440e05bf537dcb64215ddd56,492
configs/phase6/group_e_safe_controls/CREATEORDER_V3_C1_F1_P10_C50_S7002.yaml,55ab1b0625bec6cc34f6c04128b2e4256d9b360a141858fe2876fe56ded9ad4f,492
configs/phase6/group_e_safe_controls/CREATEORDER_V3_C1_F1_P10_C50_S7003.yaml,963cf2419a5200fb20d2144c90ceb61d4576e45e95a6187ffe07de0d1375e605,492
configs/phase6/group_e_safe_controls/CREATEORDER_V3_C1_F1_P10_C50_S7004.yaml,4943c872b7d7fc8202ab0351ac406933bd57ee9d3a733ae71c02863b2e47f045,492
configs/phase6/group_e_safe_controls/CREATEORDER_V3_C1_F1_P10_C50_S7005.yaml,1af948cb72522ce639e447a9800b25b9e94fb0e7561aa8bf22759226ce90dad6,492
configs/phase6/group_e_safe_controls/CREATEORDER_V3_C1_F1_P10_C50_S7006.yaml,17ac58c0fd46417144b69ed03d5eba8a8764a36d279361b27b0052da7b5df6d3,492
configs/phase6/group_e_safe_controls/CREATEORDER_V3_C1_F1_P10_C50_S7007.yaml,55f2a6b7ea40207f60e82d913ef7494686848173a20907701d908cae5b6ff474,492
configs/phase6/group_e_safe_controls/CREATEORDER_V3_C1_F1_P10_C50_S7008.yaml,b53634768450ea8c72508647fadae2221e8fe0112d216a802b76a6c65647c7a1,492
configs/phase6/group_e_safe_controls/CREATEORDER_V3_C1_F1_P10_C50_S7009.yaml,3ae1b6d98669474d2b58b4cb7a90537bc33bae22a3778bb3826877c8bb57bee5,492
configs/phase6/group_e_safe_controls/CREATEORDER_V3_C1_F2_P10_C50_S7000.yaml,9abedadc3d4543e0a69e5e984d7bea901d82cb57d79ad177a778373da7349e3d,492
configs/phase6/group_e_safe_controls/CREATEORDER_V3_C1_F2_P10_C50_S7001.yaml,d12bdfa2531d1d90f5b8daf272805e6819baa3a0fe5723d2bfc13b5518d19e8d,492
configs/phase6/group_e_safe_controls/CREATEORDER_V3_C1_F2_P10_C50_S7002.yaml,092df7453056a250094a014983d6930094aa385a28962467f6d0d727167b1b51,492
configs/phase6/group_e_safe_controls/CREATEORDER_V3_C1_F2_P10_C50_S7003.yaml,3374701850766c406492e4bfa646855c7742c09f70896c24ffc5b80633b2fa1a,492
configs/phase6/group_e_safe_controls/CREATEORDER_V3_C1_F2_P10_C50_S7004.yaml,25e26832cf557be2d06ececf239fac82ef9305a8a23125916f0b38644925522c,492
configs/phase6/group_e_safe_controls/CREATEORDER_V3_C1_F2_P10_C50_S7005.yaml,60a176f51346b8ff3c6e0b119b407b3219360278dafab6d400eb14597fec6dcb,492
configs/phase6/group_e_safe_controls/CREATEORDER_V3_C1_F2_P10_C50_S7006.yaml,0ac0eea2f57954202c8c42589e9e207c8a18af89cb027a263c0cc8c68b215721,492
configs/phase6/group_e_safe_controls/CREATEORDER_V3_C1_F2_P10_C50_S7007.yaml,cc3b6d8852946158eb536aad6a1eb7a3bcdff88f4cc3d1a8e1eba7f7635ec325,492
configs/phase6/group_e_safe_controls/CREATEORDER_V3_C1_F2_P10_C50_S7008.yaml,cecd462aa3808a84422dfd9a95963a22602449ffd200243af0a25f788b8c05c9,492
configs/phase6/group_e_safe_controls/CREATEORDER_V3_C1_F2_P10_C50_S7009.yaml,eef4b618e83c313e40de920b1d4e1405dbf2aa20e1057288a94e949af6e8a96b,492
configs/phase6/group_e_safe_controls/CREATEORDER_V3_C1_F7_P10_C50_S7000.yaml,4325733ed7a4de9eb7d84aea67336ab7df22c7111c6ca7dbcf425ab597a23962,492
configs/phase6/group_e_safe_controls/CREATEORDER_V3_C1_F7_P10_C50_S7001.yaml,43ac8ed523544d8c89452ed6208751cce81fb7651b14601b43a942fdfbd5798a,492
configs/phase6/group_e_safe_controls/CREATEORDER_V3_C1_F7_P10_C50_S7002.yaml,368486d3ef01953fefa91fd4dc76124bd163305324214c763542e92271303c08,492
configs/phase6/group_e_safe_controls/CREATEORDER_V3_C1_F7_P10_C50_S7003.yaml,15ddd5bb04be74c4352ce3f34dfd609101da582158a6a881d09f10fc36f5cf0b,492
configs/phase6/group_e_safe_controls/CREATEORDER_V3_C1_F7_P10_C50_S7004.yaml,a41d19173d81b87ad82132d58a6aae7ba631a29b939bae7de58b139a4c19e97b,492
configs/phase6/group_e_safe_controls/CREATEORDER_V3_C1_F7_P10_C50_S7005.yaml,956e6e1ed628229e7f0b63b70aeadaa7a52bf9c174041f3d9ba9e71810bc1d32,492
configs/phase6/group_e_safe_controls/CREATEORDER_V3_C1_F7_P10_C50_S7006.yaml,e725c1bec785433a9955770654bf0703d295f706882bd8653da574e7f4e5246a,492
configs/phase6/group_e_safe_controls/CREATEORDER_V3_C1_F7_P10_C50_S7007.yaml,87c07bb908776ccf900dc056c11f8d9dcf6a2c4f5c13741f0006dc69bf09c9ca,492
configs/phase6/group_e_safe_controls/CREATEORDER_V3_C1_F7_P10_C50_S7008.yaml,ada17b084df382aa30d82f0f1648ac3aa5e56591e740b6c31be2f46fbc5f0987,492
configs/phase6/group_e_safe_controls/CREATEORDER_V3_C1_F7_P10_C50_S7009.yaml,8d859020a106c36e59e9c6ada959ad06cd4327761f233d7654198455cb9899f2,492
configs/phase6/group_e_safe_controls/CREATEORDER_V4_C1_F1_P10_C50_S7000.yaml,be8df2ad292192d453d8168eac68b2f560c359e74cee97cd65240d4d665978e1,492
configs/phase6/group_e_safe_controls/CREATEORDER_V4_C1_F1_P10_C50_S7001.yaml,da96d4fb42eb6cbe4c1b48dc9c339f748502c881087a541e3f453d108794b67c,492
configs/phase6/group_e_safe_controls/CREATEORDER_V4_C1_F1_P10_C50_S7002.yaml,1f4121b83f8846526eb9de871469131512f84d8e11716b1f04ddd62a30d937e1,492
configs/phase6/group_e_safe_controls/CREATEORDER_V4_C1_F1_P10_C50_S7003.yaml,3b068f30ee15db35d12764a88a9a5a50d866ef53ecb9d8affe4745790098a9a1,492
configs/phase6/group_e_safe_controls/CREATEORDER_V4_C1_F1_P10_C50_S7004.yaml,30ddd69ada1734721af46206e38f42814d89226f0ecb4d95048c3b5f5d50bd66,492
configs/phase6/group_e_safe_controls/CREATEORDER_V4_C1_F1_P10_C50_S7005.yaml,e2a0b3facb936279d029c5d0e292686f1d0b02e3f1e7462afc7beb7f9d92dc2c,492
configs/phase6/group_e_safe_controls/CREATEORDER_V4_C1_F1_P10_C50_S7006.yaml,6e4380d42c73025261a43c8a44dea2482a48d8a67fa6057e06bde0a8b2a08631,492
configs/phase6/group_e_safe_controls/CREATEORDER_V4_C1_F1_P10_C50_S7007.yaml,4b4c8611f5eb93d3d99202badca29a87ec34c127e14fb704a2b154975096d3b9,492
configs/phase6/group_e_safe_controls/CREATEORDER_V4_C1_F1_P10_C50_S7008.yaml,71c2a25a5a1674ad9d60381e00451dfa090012e7ba6e5d1a2f683a6d43abb61c,492
configs/phase6/group_e_safe_controls/CREATEORDER_V4_C1_F1_P10_C50_S7009.yaml,8eb0a3620fb6efa2ac44116db0db9bb3484084fbd6ff63b0660b46c098442a8d,492
configs/phase6/group_e_safe_controls/CREATEORDER_V4_C1_F2_P10_C50_S7000.yaml,d503bc4e295bb8de150023f4b699e83b1204c18428be9e6f1ee383ec143d5681,492
configs/phase6/group_e_safe_controls/CREATEORDER_V4_C1_F2_P10_C50_S7001.yaml,2a02e4962683e34ea7eac09a70b03f243243289292c54a9b7338c8cb39c8888a,492
configs/phase6/group_e_safe_controls/CREATEORDER_V4_C1_F2_P10_C50_S7002.yaml,b5e3ae863e15c4d0a055fc1ccb8366f4f216e834dc517b2766e0c623a4560921,492
configs/phase6/group_e_safe_controls/CREATEORDER_V4_C1_F2_P10_C50_S7003.yaml,0af559f23e2a0ee5a662b78acddd103044f60b46df7e821f1a9e7dd613d1023e,492
configs/phase6/group_e_safe_controls/CREATEORDER_V4_C1_F2_P10_C50_S7004.yaml,a7037192eca47124cdd60be15dcb4c46cb4a5e8fabe0a778235daa7e9aea7cca,492
configs/phase6/group_e_safe_controls/CREATEORDER_V4_C1_F2_P10_C50_S7005.yaml,44f381f54f43785f5c54ac27987de2dab3818d7215a6b0577070bf73e212d4d9,492
configs/phase6/group_e_safe_controls/CREATEORDER_V4_C1_F2_P10_C50_S7006.yaml,e73670d32b15ef688b0600c2f115e253b332997ac3ecad7032f8110e0daaa337,492
configs/phase6/group_e_safe_controls/CREATEORDER_V4_C1_F2_P10_C50_S7007.yaml,d5afdcceb85152defed008d5ccca17bc5c5b4e6a38bb4c2d0b5470ebb252082d,492
configs/phase6/group_e_safe_controls/CREATEORDER_V4_C1_F2_P10_C50_S7008.yaml,5f909e7f767b9cba905cb11d29a4f7c0fd6ca8281f7822395e8e760f6026d74d,492
configs/phase6/group_e_safe_controls/CREATEORDER_V4_C1_F2_P10_C50_S7009.yaml,0a6e213a82466817a0bdc99876a2152c27f6b3d6097f6b1960169dc4970f80c2,492
configs/phase6/group_e_safe_controls/CREATEORDER_V4_C1_F7_P10_C50_S7000.yaml,ef7ec8f1348d16e114ff951acd8d4e68e955de3e016e8a5bef55d2be40362445,492
configs/phase6/group_e_safe_controls/CREATEORDER_V4_C1_F7_P10_C50_S7001.yaml,987fba29eead4644e6816d28a1b347556f889d7bb9be2505de424d3ab9a0f36c,492
configs/phase6/group_e_safe_controls/CREATEORDER_V4_C1_F7_P10_C50_S7002.yaml,24a943ca272eef2e3a038c534d9e7d0040012df2e3d58bc03d08115af0806fd1,492
configs/phase6/group_e_safe_controls/CREATEORDER_V4_C1_F7_P10_C50_S7003.yaml,c43f292e3de00bc4045c23fe98586f0a19b0acc559a97e99adaf7ade9e66c1bf,492
configs/phase6/group_e_safe_controls/CREATEORDER_V4_C1_F7_P10_C50_S7004.yaml,0b2e1dbb0cbe437d2caa45fcd6801fd901f47f6ae48a322d87a6707c24c0f874,492
configs/phase6/group_e_safe_controls/CREATEORDER_V4_C1_F7_P10_C50_S7005.yaml,52a516ba83996f74c42df182a838bda2d3c8525b4188e3d7ab1c24a12c54b428,492
configs/phase6/group_e_safe_controls/CREATEORDER_V4_C1_F7_P10_C50_S7006.yaml,34324c10b82423bfef5e60a3d5c0fddc6ff002a96195b2099e2a09bd156dcaed,492
configs/phase6/group_e_safe_controls/CREATEORDER_V4_C1_F7_P10_C50_S7007.yaml,5aa383d98ddb3d9a9bee3cc8813f51e6e75c53820668e87eab8a224244a9a809,492
configs/phase6/group_e_safe_controls/CREATEORDER_V4_C1_F7_P10_C50_S7008.yaml,a7435d527c12b0ce8f19985461c5b430c13cd251c8f0249758c61546031c792f,492
configs/phase6/group_e_safe_controls/CREATEORDER_V4_C1_F7_P10_C50_S7009.yaml,e0ca8fe7df5556c0178fcbf081eb93511c0d3bbe87d72db74722d484ca176330,492
configs/phase6/group_e_safe_controls/CREATEORDER_V5_C2_F1_P10_C50_S7000.yaml,41ab2849fe488a2d0308dd4e8ae4fc299618c05914eed09406c613ba09653527,492
configs/phase6/group_e_safe_controls/CREATEORDER_V5_C2_F1_P10_C50_S7001.yaml,b7e520d7e530eaae7088e482404289364d7c4744fe5ff0ab13ccaf18cdc49bbf,492
configs/phase6/group_e_safe_controls/CREATEORDER_V5_C2_F1_P10_C50_S7002.yaml,8e1572647441aed91bfa7b71aac2d36557963cf616a1beb076fa5c06c8bc6987,492
configs/phase6/group_e_safe_controls/CREATEORDER_V5_C2_F1_P10_C50_S7003.yaml,20d349838c7ebbcf7b7f4be177f02048959f5b00395c3502c23ddccad9b8c90f,492
configs/phase6/group_e_safe_controls/CREATEORDER_V5_C2_F1_P10_C50_S7004.yaml,993e06f9f7c32911bd80fb36b7a47c9c4f0d261de4d0a399e4c1da67e2bf3397,492
configs/phase6/group_e_safe_controls/CREATEORDER_V5_C2_F1_P10_C50_S7005.yaml,52672770810a3c9ebaa4320f796e920ee6522d5b6fac54a4c536a5c9b82b2750,492
configs/phase6/group_e_safe_controls/CREATEORDER_V5_C2_F1_P10_C50_S7006.yaml,60c1b0e731ecbebba400d3942afe0fe46c6f49aac1459ae9c1e6fe2c9689adfd,492
configs/phase6/group_e_safe_controls/CREATEORDER_V5_C2_F1_P10_C50_S7007.yaml,b870c80ed2b540bcfd76798bab643fc23c392910240075772be0dda042cf37f9,492
configs/phase6/group_e_safe_controls/CREATEORDER_V5_C2_F1_P10_C50_S7008.yaml,a5dd7756511135c526c2fb1336c3a8b2b7daa8f98154882089706444a86e5585,492
configs/phase6/group_e_safe_controls/CREATEORDER_V5_C2_F1_P10_C50_S7009.yaml,14108466fde5abf0d4cbcdb1b2b2224095240b54b38a1792b48556733c034892,492
configs/phase6/group_e_safe_controls/CREATEORDER_V5_C2_F2_P10_C50_S7000.yaml,a55a67adcd9ff8a580d3cdd417b935316fa33bddf36227e771c09ba27f90f5c2,492
configs/phase6/group_e_safe_controls/CREATEORDER_V5_C2_F2_P10_C50_S7001.yaml,1f674dca509118272c306a74610fe6f9dd35e255cc1d268b376b798b609aa872,492
configs/phase6/group_e_safe_controls/CREATEORDER_V5_C2_F2_P10_C50_S7002.yaml,f45cbc794a49919cb4edc7d795669036f5573166ee6e3515887c924dd05589c0,492
configs/phase6/group_e_safe_controls/CREATEORDER_V5_C2_F2_P10_C50_S7003.yaml,f834843f398cacaf65c9c0eae6cad740bc3f22d01657f20283d3d08c3c28b2e5,492
configs/phase6/group_e_safe_controls/CREATEORDER_V5_C2_F2_P10_C50_S7004.yaml,8b4b09d9a6c0e97c4621e863ed5156ce371eb5152ced2454fff8f4e70683e796,492
configs/phase6/group_e_safe_controls/CREATEORDER_V5_C2_F2_P10_C50_S7005.yaml,596381a474c11a83a772a4a8361a57dca8eeeba04123fa7a90e7d8911e802f42,492
configs/phase6/group_e_safe_controls/CREATEORDER_V5_C2_F2_P10_C50_S7006.yaml,2447698a95da09948f65f0e4891e85fecf9e075609dbcc93d34ed1037f03f994,492
configs/phase6/group_e_safe_controls/CREATEORDER_V5_C2_F2_P10_C50_S7007.yaml,f1cce98fe43d6a1275d6a185278b3cd99d9d94fcac4f33ffbde73855da259136,492
configs/phase6/group_e_safe_controls/CREATEORDER_V5_C2_F2_P10_C50_S7008.yaml,4a1abf0fa3def8edeca1838ebcb8c11407fbfe502d5c52eaad08261525fe8d1c,492
configs/phase6/group_e_safe_controls/CREATEORDER_V5_C2_F2_P10_C50_S7009.yaml,fb5710169c5646cc6a1cf70d5f4fbe9a5bdc34ca8268b9bdb4dedb06421601fd,492
configs/phase6/group_e_safe_controls/CREATEORDER_V5_C2_F7_P10_C50_S7000.yaml,432eeda115dadc0706d6d941cb98558806fbdeda20c550c096f3165c9762b276,492
configs/phase6/group_e_safe_controls/CREATEORDER_V5_C2_F7_P10_C50_S7001.yaml,8a590a1e125a1d9c5c7ee94c9d32a7ddbc0d8ce2ff841ea898f77ec4dd337d77,492
configs/phase6/group_e_safe_controls/CREATEORDER_V5_C2_F7_P10_C50_S7002.yaml,8776d6296f5bacae9812bf799982bcb7ff741e4f340eb79ab454a9a769dff8cd,492
configs/phase6/group_e_safe_controls/CREATEORDER_V5_C2_F7_P10_C50_S7003.yaml,8af404acd4403c60d05822eabd992218b99fdfd0b01a05439a1176a911e4b485,492
configs/phase6/group_e_safe_controls/CREATEORDER_V5_C2_F7_P10_C50_S7004.yaml,f543e756c384449a8e584ffd29d9f7ffff574e09424451c9f5179b08a9fc773c,492
configs/phase6/group_e_safe_controls/CREATEORDER_V5_C2_F7_P10_C50_S7005.yaml,dadb4fd786a863542412416ab4a101adcafe948a74809b54fbfb03d0c9a5c24d,492
configs/phase6/group_e_safe_controls/CREATEORDER_V5_C2_F7_P10_C50_S7006.yaml,b2edbbb40f5aff55e5d83a47e6e97d198e7a88b670c8de5014da5fde0b346958,492
configs/phase6/group_e_safe_controls/CREATEORDER_V5_C2_F7_P10_C50_S7007.yaml,2e72be18d332d293471da91613df3d5df73428de32b12c62e4918816e05485ad,492
configs/phase6/group_e_safe_controls/CREATEORDER_V5_C2_F7_P10_C50_S7008.yaml,2bd241adc2a07054f8ab4c198af671b428be695d92ea9f71e144ae311cc80027,492
configs/phase6/group_e_safe_controls/CREATEORDER_V5_C2_F7_P10_C50_S7009.yaml,b375c2fe37da7b9754a2215acd9a358c224b77cb3e2f723e8c30f8151288aeae,492
configs/phase6/group_f_generalization/CHARGEPAYMENT_V0_C0_F3_P10_C50_S7000.yaml,c3a52571302af93b8b8ce918f7780e86354f86f6bea3bc4e6039c15929825d11,496
configs/phase6/group_f_generalization/CHARGEPAYMENT_V0_C0_F3_P10_C50_S7001.yaml,51ff44a13f57710dce67902be980ba34cccfc314832bb23acac72cb13bc1f954,496
configs/phase6/group_f_generalization/CHARGEPAYMENT_V0_C0_F3_P10_C50_S7002.yaml,227fa2c5a6b050da46bda400b7d66fcc29a8ee0a2b22e507fa0551dce32540a7,496
configs/phase6/group_f_generalization/CHARGEPAYMENT_V0_C0_F3_P10_C50_S7003.yaml,4e5da2b18d17c091cc815f88faae64ddc70b57742ac656fbcb8b56451737a977,496
configs/phase6/group_f_generalization/CHARGEPAYMENT_V0_C0_F3_P10_C50_S7004.yaml,e701a85704f2e3f18e2308fc95726c93bbebaf635183a2d60358461028dd17ff,496
configs/phase6/group_f_generalization/CHARGEPAYMENT_V0_C0_F3_P10_C50_S7005.yaml,a940d35c7c1cf55814dc8341b7f32a23336a078d401ea4e73601e19bf0963292,496
configs/phase6/group_f_generalization/CHARGEPAYMENT_V0_C0_F3_P10_C50_S7006.yaml,2edf60e106709aaeccdcff74e029605aab8ab922e217b7c2af5f7a4a3781f346,496
configs/phase6/group_f_generalization/CHARGEPAYMENT_V0_C0_F3_P10_C50_S7007.yaml,f1447c686680316645cdeef980e965292290ae4c78b863aac0966a3bec456f0d,496
configs/phase6/group_f_generalization/CHARGEPAYMENT_V0_C0_F3_P10_C50_S7008.yaml,488fca062cb279ad26ff212276e5ce54448821d470c7d8790496eb7e44519014,496
configs/phase6/group_f_generalization/CHARGEPAYMENT_V0_C0_F3_P10_C50_S7009.yaml,deaa80312c3a1f83de88862a7c85d2de2fc0ee24bf2dd41f6a14e25f4c0cf089,496
configs/phase6/group_f_generalization/CHARGEPAYMENT_V0_C0_F8_P10_C50_S7000.yaml,f0be18cbabfee6748d04464b547de72519793f8edcc98fc6d5993bcf5988f37f,496
configs/phase6/group_f_generalization/CHARGEPAYMENT_V0_C0_F8_P10_C50_S7001.yaml,61bd9d7bca7a6c11de0577b2fa7867fe67dd963f9ec80c224566b83707e39dae,496
configs/phase6/group_f_generalization/CHARGEPAYMENT_V0_C0_F8_P10_C50_S7002.yaml,2c486873524b33dd2a8f77966fa28572c907baefa9d43bc49aa973018da367f6,496
configs/phase6/group_f_generalization/CHARGEPAYMENT_V0_C0_F8_P10_C50_S7003.yaml,7231deaa4b0b3da9d619ecfe194ea591887c150857a34706e5e136d1c481ba00,496
configs/phase6/group_f_generalization/CHARGEPAYMENT_V0_C0_F8_P10_C50_S7004.yaml,d985b2a094d55555d1f5efe1ceb7b375536eaecbc32c4d8876876cc494255226,496
configs/phase6/group_f_generalization/CHARGEPAYMENT_V0_C0_F8_P10_C50_S7005.yaml,5d682bc6e2f7baa92a42b1a59200992be18b6b8a940b4c1731ab569d7aa58305,496
configs/phase6/group_f_generalization/CHARGEPAYMENT_V0_C0_F8_P10_C50_S7006.yaml,306d4e5225480a76b2b1eae302bb5d13fb23d823859a196092dab28d90144873,496
configs/phase6/group_f_generalization/CHARGEPAYMENT_V0_C0_F8_P10_C50_S7007.yaml,24e68f9f67d6ec8468c074e6fbda13df6fc71f503e76b88ab6b4e16ce95948e4,496
configs/phase6/group_f_generalization/CHARGEPAYMENT_V0_C0_F8_P10_C50_S7008.yaml,d5c1f3a4e2fee1b3993d4b4ca2a181e5e7fd9d01292e140d4db11d4b78f60354,496
configs/phase6/group_f_generalization/CHARGEPAYMENT_V0_C0_F8_P10_C50_S7009.yaml,1f1a50e7ffe55142f9d45d64a32251842e2094f523d9ca130d84b5485cc8e130,496
configs/phase6/group_f_generalization/CHARGEPAYMENT_V2_C1_F3_P10_C50_S7000.yaml,eb00b661339494357be8729c92de0c8996944fa4735892ac836df3d7da64482c,496
configs/phase6/group_f_generalization/CHARGEPAYMENT_V2_C1_F3_P10_C50_S7001.yaml,f466dcff012aba2f5773c268958a28ff4ecf49515124861abc925bdc32b58df2,496
configs/phase6/group_f_generalization/CHARGEPAYMENT_V2_C1_F3_P10_C50_S7002.yaml,1e9ac31769eda192982fb16d585116f19de059719e6d6c15926737908bfb7f55,496
configs/phase6/group_f_generalization/CHARGEPAYMENT_V2_C1_F3_P10_C50_S7003.yaml,f76f7d2487c94a011ac072bf17df69dab84a2949b7790900e584adc0117dc0dc,496
configs/phase6/group_f_generalization/CHARGEPAYMENT_V2_C1_F3_P10_C50_S7004.yaml,fef9095b41cc96f97afc8b28d92e604d3e4c6f3d08447e2e55d569f55cfacc49,496
configs/phase6/group_f_generalization/CHARGEPAYMENT_V2_C1_F3_P10_C50_S7005.yaml,3ca9fe89fd7af6c5a3b441f7f8ea1df83eaf53feb586f42e00c79ff0a268c442,496
configs/phase6/group_f_generalization/CHARGEPAYMENT_V2_C1_F3_P10_C50_S7006.yaml,fbcd3f0af4429240949502383d5d861a0398ab5357950f7d34ad817d577f8efe,496
configs/phase6/group_f_generalization/CHARGEPAYMENT_V2_C1_F3_P10_C50_S7007.yaml,efd4640abdfad264bb4bafa1f642f98cb18734c3fd27c68dbf484b3658874332,496
configs/phase6/group_f_generalization/CHARGEPAYMENT_V2_C1_F3_P10_C50_S7008.yaml,16ff46183f736873b92b1fd8427c8ea8b359a389419519b4496ac20e454d1204,496
configs/phase6/group_f_generalization/CHARGEPAYMENT_V2_C1_F3_P10_C50_S7009.yaml,7f952150f8cf62cf07b78177eee736988bc21962b48d4beb45efd7f636277ae1,496
configs/phase6/group_f_generalization/CHARGEPAYMENT_V2_C1_F8_P10_C50_S7000.yaml,424e632d2e99e1dfe1ffc22869d1803242b982a0591a05259758f088486dea9a,496
configs/phase6/group_f_generalization/CHARGEPAYMENT_V2_C1_F8_P10_C50_S7001.yaml,f9841fa4f8fc7bd9a0bca3302236d853f713bcbcaf26220bc5386dd3699258c4,496
configs/phase6/group_f_generalization/CHARGEPAYMENT_V2_C1_F8_P10_C50_S7002.yaml,9a59f3229b3ccf73b19ffe817bc6ff8b009af2373ef7b3c813cb770fd0d91ff2,496
configs/phase6/group_f_generalization/CHARGEPAYMENT_V2_C1_F8_P10_C50_S7003.yaml,eb002d32cab31ea61dcb32f87c0cb6131b5ad668360f7cc3d811effedd378903,496
configs/phase6/group_f_generalization/CHARGEPAYMENT_V2_C1_F8_P10_C50_S7004.yaml,eb4c695092f090cb30d236cde74c02e59ea895c4aac7a6d44b54d7a5cbb3ff0a,496
configs/phase6/group_f_generalization/CHARGEPAYMENT_V2_C1_F8_P10_C50_S7005.yaml,2e3bb7f37da6e808d1ff2ca231fc5eeb5982eece3d6c3f814ce753c77ff4b4a3,496
configs/phase6/group_f_generalization/CHARGEPAYMENT_V2_C1_F8_P10_C50_S7006.yaml,708a8f3925053707b35fd14f6c9a13d41e14a7dee947dd8e65eb2d569a2014a4,496
configs/phase6/group_f_generalization/CHARGEPAYMENT_V2_C1_F8_P10_C50_S7007.yaml,834829907fa0c9d5060a00bc05b596d3dfbb8fdefaf4079ccb13c96c852d6173,496
configs/phase6/group_f_generalization/CHARGEPAYMENT_V2_C1_F8_P10_C50_S7008.yaml,3e5d005e5cfc4008f6ea5e8ad66f7af7e4e2e99e58d177b78608fb4ff6cfcbd0,496
configs/phase6/group_f_generalization/CHARGEPAYMENT_V2_C1_F8_P10_C50_S7009.yaml,564e45707cbb0bfaac96e1102f941d5fee88ecc3a2c5b7702db741280fab0c06,496
configs/phase6/group_f_generalization/CHARGEPAYMENT_V4_C1_F3_P10_C50_S7000.yaml,4f7a9fd47876745050228ee01fd219102f112061de3aeb1cc5eec5e0541f0adb,496
configs/phase6/group_f_generalization/CHARGEPAYMENT_V4_C1_F3_P10_C50_S7001.yaml,95b76731d8f50a71285d2b706c64c2101a5d2df8c6d67589f19b2a6ad120ee96,496
configs/phase6/group_f_generalization/CHARGEPAYMENT_V4_C1_F3_P10_C50_S7002.yaml,b28b0e2e839ffcd04b8a91a7978d52ce10035a31ab5f6c921b67c763f79b53f3,496
configs/phase6/group_f_generalization/CHARGEPAYMENT_V4_C1_F3_P10_C50_S7003.yaml,ea2dfa2e3232def33b4408157cf943ef4bfa5ed6eda23d86cc9b58b3c567aaa4,496
configs/phase6/group_f_generalization/CHARGEPAYMENT_V4_C1_F3_P10_C50_S7004.yaml,d10f27ab626756242a89e16566fc82d3aea335f6e4d4024fc7312324b9e114e6,496
configs/phase6/group_f_generalization/CHARGEPAYMENT_V4_C1_F3_P10_C50_S7005.yaml,93b3f265e0346c3e3cda9b009ae54c79a05f560e62d473d5b3798ab76860c795,496
configs/phase6/group_f_generalization/CHARGEPAYMENT_V4_C1_F3_P10_C50_S7006.yaml,768acd1c1bd99d18b09015727b657af3025d5d0a744d4a04729db15f20157eb3,496
configs/phase6/group_f_generalization/CHARGEPAYMENT_V4_C1_F3_P10_C50_S7007.yaml,73c3a0eaf2cf478c04e49e6fb47eb07c30bda88154071646a8423de7fd7e4df9,496
configs/phase6/group_f_generalization/CHARGEPAYMENT_V4_C1_F3_P10_C50_S7008.yaml,6c2976a136f305692e6dd276f9542ab21620df7142dae1400b5c42c71eecafff,496
configs/phase6/group_f_generalization/CHARGEPAYMENT_V4_C1_F3_P10_C50_S7009.yaml,092b930b9f6d6f34b4f382891c9f6a9546a3682e5447f3d2ae6d2dc14b097304,496
configs/phase6/group_f_generalization/CHARGEPAYMENT_V4_C1_F8_P10_C50_S7000.yaml,9ea3996dcb75e0282aca9a3424aaff73f1b0d9964c7db2eaf657aae3d1597df9,496
configs/phase6/group_f_generalization/CHARGEPAYMENT_V4_C1_F8_P10_C50_S7001.yaml,be7353d9fd51cfe46b91672ac2996e9f3e5e0f0c8051e10898dc9e182fa5d89f,496
configs/phase6/group_f_generalization/CHARGEPAYMENT_V4_C1_F8_P10_C50_S7002.yaml,bd4d9176638cec8eea263cdc734c4327f32124f0e73b659aee72f8cea2989f83,496
configs/phase6/group_f_generalization/CHARGEPAYMENT_V4_C1_F8_P10_C50_S7003.yaml,6ddd9143f9db810337980e69d652a313f55416ff47a81f3b90f3aa968d4a4ea7,496
configs/phase6/group_f_generalization/CHARGEPAYMENT_V4_C1_F8_P10_C50_S7004.yaml,1af066f208fff16d0762028fdf38d80047ee0a5b1df8c21f8c3f74bd9520e0b7,496
configs/phase6/group_f_generalization/CHARGEPAYMENT_V4_C1_F8_P10_C50_S7005.yaml,3d35c343745c9b205c338a283c6a58b3eea750fd183f67133963144cf344b83b,496
configs/phase6/group_f_generalization/CHARGEPAYMENT_V4_C1_F8_P10_C50_S7006.yaml,c9e60eeb99a218b532610f50dc1af293c8ef3be8e6a6050885527a00474a8029,496
configs/phase6/group_f_generalization/CHARGEPAYMENT_V4_C1_F8_P10_C50_S7007.yaml,e32867dd3b004cb43ababdecf42b916e90b63be1f4398148136154a812f3b2ee,496
configs/phase6/group_f_generalization/CHARGEPAYMENT_V4_C1_F8_P10_C50_S7008.yaml,2b7b327311820155fa724ace531e4da440fee3b2896ba5d510801a76c55df091,496
configs/phase6/group_f_generalization/CHARGEPAYMENT_V4_C1_F8_P10_C50_S7009.yaml,54ddbd563c06e7bc04cd01f71e9f4a3244f5d02531c885a3c8d5fcf054a79dda,496
configs/phase6/group_f_generalization/CHARGEPAYMENT_V5_C2_F3_P10_C50_S7000.yaml,c54a2dbd362a7c24a14247469364405920341e1f097197680c6e09af5ca5f1d2,496
configs/phase6/group_f_generalization/CHARGEPAYMENT_V5_C2_F3_P10_C50_S7001.yaml,72d83ea157a96365d6d67159adf1555396cb6c012801095fa70e78272381a2a9,496
configs/phase6/group_f_generalization/CHARGEPAYMENT_V5_C2_F3_P10_C50_S7002.yaml,4d5106d5f1ab12f4067ec2d02944ae1b4ba04ea46217b68f3f895d24098ca3e4,496
configs/phase6/group_f_generalization/CHARGEPAYMENT_V5_C2_F3_P10_C50_S7003.yaml,b66d1155c77a0fe5f4f98396984a0db6a0c459d935cc4ed85373ef84518124cc,496
configs/phase6/group_f_generalization/CHARGEPAYMENT_V5_C2_F3_P10_C50_S7004.yaml,86d2d1e13b4997485323a72e7706aa798bade158555f806746ea1cf718d86d2d,496
configs/phase6/group_f_generalization/CHARGEPAYMENT_V5_C2_F3_P10_C50_S7005.yaml,a0b896ee9990359f6aa4a065864591e771a9b8c639d91ede30bacda556368738,496
configs/phase6/group_f_generalization/CHARGEPAYMENT_V5_C2_F3_P10_C50_S7006.yaml,a2353cecaffb30eff23cb798af7306fca0757d574a458c3072a01b048bb0580c,496
configs/phase6/group_f_generalization/CHARGEPAYMENT_V5_C2_F3_P10_C50_S7007.yaml,4dea7709e31d839a944972c8208bbed2a00aa8c772ddbd90ef5ac29317be44e1,496
configs/phase6/group_f_generalization/CHARGEPAYMENT_V5_C2_F3_P10_C50_S7008.yaml,ee9c54d0a5d3cdf5dfb95aa4f81b67a4f2a974d6ece4734e5fedc284829bc82d,496
configs/phase6/group_f_generalization/CHARGEPAYMENT_V5_C2_F3_P10_C50_S7009.yaml,b23306c47474c00848999bf6be16be323e090772a6ea804c552f5969e5fe176c,496
configs/phase6/group_f_generalization/CHARGEPAYMENT_V5_C2_F8_P10_C50_S7000.yaml,a2cb4e48ebd22838d3237452898d9bd912f20f7e39052b785304e9dc54598094,496
configs/phase6/group_f_generalization/CHARGEPAYMENT_V5_C2_F8_P10_C50_S7001.yaml,515442e1847306fe789e3729e81dc5f9f5114e99e431de0035f717a22db719c0,496
configs/phase6/group_f_generalization/CHARGEPAYMENT_V5_C2_F8_P10_C50_S7002.yaml,cd4d477419359b6fc1ea27c04029a1283854c147223c0324e005880f3c167ecd,496
configs/phase6/group_f_generalization/CHARGEPAYMENT_V5_C2_F8_P10_C50_S7003.yaml,b5a9ac85a9ec2d92c3de74dd048c441432ad3e82d55285887ec3d58e287716b9,496
configs/phase6/group_f_generalization/CHARGEPAYMENT_V5_C2_F8_P10_C50_S7004.yaml,b9d6fcdd780bbc805b6107f9098dce1146289025f5fa7ecf082e2136703b1113,496
configs/phase6/group_f_generalization/CHARGEPAYMENT_V5_C2_F8_P10_C50_S7005.yaml,89c4661d3ab9f36b463654f2302cd7be1d6735d6cca7e5015084b05386841cd2,496
configs/phase6/group_f_generalization/CHARGEPAYMENT_V5_C2_F8_P10_C50_S7006.yaml,36409b34ba9d67c325290c32063fe3a61cbad8264f12253dce7acf19fef6007f,496
configs/phase6/group_f_generalization/CHARGEPAYMENT_V5_C2_F8_P10_C50_S7007.yaml,5e03a0f34b115b9e30537bd92c84fc3a43ba031ec07c9849ce4c0179ae715663,496
configs/phase6/group_f_generalization/CHARGEPAYMENT_V5_C2_F8_P10_C50_S7008.yaml,3e45d12cdb94b2bbb66dcc46b7ab20ea4b377383aad33b8cdacdee652b7e6c42,496
configs/phase6/group_f_generalization/CHARGEPAYMENT_V5_C2_F8_P10_C50_S7009.yaml,613197c4970576046c7fca287ed2cca69bb3728106ada62792d4b1298684df96,496
configs/phase6/group_f_generalization/RESERVEINVENTORY_V0_C0_F3_P10_C50_S7000.yaml,f36e9c954cebdf13323a249763d23868b4c281e190aa03ac354259833dc3ec4b,502
configs/phase6/group_f_generalization/RESERVEINVENTORY_V0_C0_F3_P10_C50_S7001.yaml,a8f9b42642c9b040df66c6a7a304412e56a9cbe1c2ed2bd478501ff9237c974f,502
configs/phase6/group_f_generalization/RESERVEINVENTORY_V0_C0_F3_P10_C50_S7002.yaml,c66609e029d52b2ebf9dccdbfd1c5c732a119f384dfa28d66d1e6d6208612202,502
configs/phase6/group_f_generalization/RESERVEINVENTORY_V0_C0_F3_P10_C50_S7003.yaml,3cd36dcce083fd8f0f497b92649dc38674c7b27e9fde5fe2bded19593af17d57,502
configs/phase6/group_f_generalization/RESERVEINVENTORY_V0_C0_F3_P10_C50_S7004.yaml,1b817b55067f4391cc0c4742c469c89016b3bc6bdf54d977fead889067d228f3,502
configs/phase6/group_f_generalization/RESERVEINVENTORY_V0_C0_F3_P10_C50_S7005.yaml,b38789743ca56762f6060d459e2f61a6b18c6f64771a5def46de72649d8ad7dc,502
configs/phase6/group_f_generalization/RESERVEINVENTORY_V0_C0_F3_P10_C50_S7006.yaml,c34fea4d0223846bb05bd615f0e147032fdfa12192e90304481c674b83f44acb,502
configs/phase6/group_f_generalization/RESERVEINVENTORY_V0_C0_F3_P10_C50_S7007.yaml,3c92a6731a91b490668ee47091e7c6fdf7e97b7e8726272565db13b930b9cdf2,502
configs/phase6/group_f_generalization/RESERVEINVENTORY_V0_C0_F3_P10_C50_S7008.yaml,46585fb28db886f26b642feab8b76e567487544fa5471bebe5060fda55424101,502
configs/phase6/group_f_generalization/RESERVEINVENTORY_V0_C0_F3_P10_C50_S7009.yaml,a675c6606eb9e30d01689557692043c41ffa3d989e69c7efc73caf9478d83204,502
configs/phase6/group_f_generalization/RESERVEINVENTORY_V0_C0_F8_P10_C50_S7000.yaml,66c5c6f7f53ec19697f364544d2b496ce432b85f573ad12e06471004f8bd891f,502
configs/phase6/group_f_generalization/RESERVEINVENTORY_V0_C0_F8_P10_C50_S7001.yaml,32915a70dc6a0ac5e2a14f1b0eccb702f1c38eff63478a37517af8b0b7a6d9b8,502
configs/phase6/group_f_generalization/RESERVEINVENTORY_V0_C0_F8_P10_C50_S7002.yaml,ed77c9f4b966a9f00f14fde5bb8f9d6a82d9c1fac80e7ba38b2b99ee0fde8df5,502
configs/phase6/group_f_generalization/RESERVEINVENTORY_V0_C0_F8_P10_C50_S7003.yaml,9aebe1280c72d2d780958ffe45836b457d88873b3ad48b57b474cc0d477ed228,502
configs/phase6/group_f_generalization/RESERVEINVENTORY_V0_C0_F8_P10_C50_S7004.yaml,88bef83183a5e2d4200f88943ca38af099f215bb5ec045e3a92fb653f69a93f0,502
configs/phase6/group_f_generalization/RESERVEINVENTORY_V0_C0_F8_P10_C50_S7005.yaml,87398bffc86305b193bac8fa07719ab4481297c441a5097bdc1b2f7c7a12fa72,502
configs/phase6/group_f_generalization/RESERVEINVENTORY_V0_C0_F8_P10_C50_S7006.yaml,21ca0a92587e251fda9cfcb02a0cca576e3f73c6222c4168005d82373e3318b3,502
configs/phase6/group_f_generalization/RESERVEINVENTORY_V0_C0_F8_P10_C50_S7007.yaml,af8cf7b8de516f9807adddd5ee0a86a0f2e0eaa1bf70b70d2b2fbe9739082ae1,502
configs/phase6/group_f_generalization/RESERVEINVENTORY_V0_C0_F8_P10_C50_S7008.yaml,211d4359ed7964234024a294ff7358e95509975338c907ac8557b0a901037d46,502
configs/phase6/group_f_generalization/RESERVEINVENTORY_V0_C0_F8_P10_C50_S7009.yaml,f7a4ee24e7598600b8aa4fb87633d7223155529596bf280f85c2770fa81909a3,502
configs/phase6/group_f_generalization/RESERVEINVENTORY_V2_C1_F3_P10_C50_S7000.yaml,0b0f1a4d1b6a32b089775ef2b3e8ca579505831fd770d182b3a8b23cc5a4d928,502
configs/phase6/group_f_generalization/RESERVEINVENTORY_V2_C1_F3_P10_C50_S7001.yaml,2a4af0aa84fd354ae623e478237dddd3865ad69a6823ad1bd451cd8994531706,502
configs/phase6/group_f_generalization/RESERVEINVENTORY_V2_C1_F3_P10_C50_S7002.yaml,d7e2249a1ebe57417545937d8f82012c33893be3374f1613346410158069832e,502
configs/phase6/group_f_generalization/RESERVEINVENTORY_V2_C1_F3_P10_C50_S7003.yaml,dab0881b0a22a2de30bd28e8978350a6187bedca48773c83731cf27a48db6789,502
configs/phase6/group_f_generalization/RESERVEINVENTORY_V2_C1_F3_P10_C50_S7004.yaml,334a9c3e50836580cb1b0614740e2794432e77110f61c2eaa36986638b598176,502
configs/phase6/group_f_generalization/RESERVEINVENTORY_V2_C1_F3_P10_C50_S7005.yaml,d99b4ea8561d0f401a322755b378195d2051a152f84bee58bb5a7cf78a64f5d1,502
configs/phase6/group_f_generalization/RESERVEINVENTORY_V2_C1_F3_P10_C50_S7006.yaml,2ccf3a99b8b15e6ee9b87b1b04999aa969d266bef07cfb1eba45bf980e6fc8cf,502
configs/phase6/group_f_generalization/RESERVEINVENTORY_V2_C1_F3_P10_C50_S7007.yaml,4f8a6d48d903a2ebaa1d11ddf141bd610e96f5010ef5e3ea4dc6a92f85c0d166,502
configs/phase6/group_f_generalization/RESERVEINVENTORY_V2_C1_F3_P10_C50_S7008.yaml,c9a48ae6da29767e1d5bfde4d4a4497843ea75cc27a8a33076d799fdc518b52c,502
configs/phase6/group_f_generalization/RESERVEINVENTORY_V2_C1_F3_P10_C50_S7009.yaml,e4740e8a8157ab0d2eac71b6fefca888be3e21a52fc4c3330a7f167d86ef719d,502
configs/phase6/group_f_generalization/RESERVEINVENTORY_V2_C1_F8_P10_C50_S7000.yaml,1d372dde13ce113a3716253dfbb531f6d188b4424783275e8c0ce98df0022225,502
configs/phase6/group_f_generalization/RESERVEINVENTORY_V2_C1_F8_P10_C50_S7001.yaml,4e0613f0904152c93c152025c4e6ef553db2dfca71f8e35bc6d3af10d7dba320,502
configs/phase6/group_f_generalization/RESERVEINVENTORY_V2_C1_F8_P10_C50_S7002.yaml,761bc75ad6cf0020d77fa36889cd5b03169200ad53d7895323848ccb4cf05ac4,502
configs/phase6/group_f_generalization/RESERVEINVENTORY_V2_C1_F8_P10_C50_S7003.yaml,2f52ebc4e62387ca6d7ed9e0df0275a8c466992bab04bb26bea42d7d57af76a4,502
configs/phase6/group_f_generalization/RESERVEINVENTORY_V2_C1_F8_P10_C50_S7004.yaml,b99160a200818bb9f31e7e8c1d2654b3bed9d341076244ff9a2e17d9ea7387b0,502
configs/phase6/group_f_generalization/RESERVEINVENTORY_V2_C1_F8_P10_C50_S7005.yaml,5e100e374339b214e36053ae307f5e9712594502ed8e311cb75b5ef371fb31ed,502
configs/phase6/group_f_generalization/RESERVEINVENTORY_V2_C1_F8_P10_C50_S7006.yaml,631edc8d876a7a88002203026a6f42413523f32104a30e658ec397368c700f56,502
configs/phase6/group_f_generalization/RESERVEINVENTORY_V2_C1_F8_P10_C50_S7007.yaml,c819506a30ec892800d059acdd2515acd46106a65f5daa61845d00cbb0ef719a,502
configs/phase6/group_f_generalization/RESERVEINVENTORY_V2_C1_F8_P10_C50_S7008.yaml,6b912f928d72df23ae0e2881a8561e04a17294f4fcf7b483a1348656c02dcb77,502
configs/phase6/group_f_generalization/RESERVEINVENTORY_V2_C1_F8_P10_C50_S7009.yaml,15797284b7c774e406ef012e4f6ca5a0f9de916d616996d54ef040f6d1da639d,502
configs/phase6/group_f_generalization/RESERVEINVENTORY_V4_C1_F3_P10_C50_S7000.yaml,389fda3d109e34083a7e355e13bc2489cae877d4d9670f3c34511e353aa9b1bf,502
configs/phase6/group_f_generalization/RESERVEINVENTORY_V4_C1_F3_P10_C50_S7001.yaml,d87f5d159aab3950d88b795426d7f83d4b1b6fc86f6bdb31572e02cc62dbbc76,502
configs/phase6/group_f_generalization/RESERVEINVENTORY_V4_C1_F3_P10_C50_S7002.yaml,1ea96398888cd17bdefe0a0c73b558a687e8a5cd439573b2319f53f864b68f9a,502
configs/phase6/group_f_generalization/RESERVEINVENTORY_V4_C1_F3_P10_C50_S7003.yaml,9189c13bcbc5be355d4f0eb9140ba020cab7de5a42bd96c006e30abf573c2533,502
configs/phase6/group_f_generalization/RESERVEINVENTORY_V4_C1_F3_P10_C50_S7004.yaml,ae3a0bfc3a74b65d4e6fc8ed202b0e0f8cef33f3f778724f6f94d560fc0e8837,502
configs/phase6/group_f_generalization/RESERVEINVENTORY_V4_C1_F3_P10_C50_S7005.yaml,9cbf8ddf0cd19947eb63fcf066efb0499595da1a5f94f4496057e6158a2a9c9b,502
configs/phase6/group_f_generalization/RESERVEINVENTORY_V4_C1_F3_P10_C50_S7006.yaml,a835973d522076cb16740d16b00b6fccbc12d56960d9cc23cf9fd06ce9fddd68,502
configs/phase6/group_f_generalization/RESERVEINVENTORY_V4_C1_F3_P10_C50_S7007.yaml,7ecbb416c709e5008bfc5422a840481d5b7f642ea6b910fd98b630661d163926,502
configs/phase6/group_f_generalization/RESERVEINVENTORY_V4_C1_F3_P10_C50_S7008.yaml,c668483193f193dc05dfaa6237cdd66332be9b4243e4c075112b0aaf7cc5f618,502
configs/phase6/group_f_generalization/RESERVEINVENTORY_V4_C1_F3_P10_C50_S7009.yaml,7158fd3455285bd351f9d15f58d3432f366d7b16bccc16e85ee6825a460e2ffe,502
configs/phase6/group_f_generalization/RESERVEINVENTORY_V4_C1_F8_P10_C50_S7000.yaml,44f0955708e535f64bb09faad17dcc60c89c559b59bbcb80352a9620d35dc8fd,502
configs/phase6/group_f_generalization/RESERVEINVENTORY_V4_C1_F8_P10_C50_S7001.yaml,b7dedf715e89dfd3629c4a52b9d0c591fde48126f87377f1ed65050aa62e672b,502
configs/phase6/group_f_generalization/RESERVEINVENTORY_V4_C1_F8_P10_C50_S7002.yaml,f311264152e54d5179dadec62b5ed3adc0458742c4da65ee8f994e99d9e16aec,502
configs/phase6/group_f_generalization/RESERVEINVENTORY_V4_C1_F8_P10_C50_S7003.yaml,b2e8ed88c7204602690ea668f1eecb0f1a8059bc18b05af18bbca3bb3fa52db1,502
configs/phase6/group_f_generalization/RESERVEINVENTORY_V4_C1_F8_P10_C50_S7004.yaml,d1c4755098135b15d394a7159758ae0aa16abe6470882dbd4bf6ea842440d1da,502
configs/phase6/group_f_generalization/RESERVEINVENTORY_V4_C1_F8_P10_C50_S7005.yaml,810befef238d92a5677ad2a3166e62895d3351c2687b608127531d15338eab97,502
configs/phase6/group_f_generalization/RESERVEINVENTORY_V4_C1_F8_P10_C50_S7006.yaml,8f88ca1bddc7810762c1964ba9e42c4f1c75194aa10495a78e061be4bf0dba1f,502
configs/phase6/group_f_generalization/RESERVEINVENTORY_V4_C1_F8_P10_C50_S7007.yaml,4cd8de65b6b473f69dabade7c2da60f4a8a94f5ed1dfdc29fdf594d279bfda57,502
configs/phase6/group_f_generalization/RESERVEINVENTORY_V4_C1_F8_P10_C50_S7008.yaml,ba93d2220bbcaafccf7d43cb24d66f21c37153c634f6ff1ada525792ae2a4d5c,502
configs/phase6/group_f_generalization/RESERVEINVENTORY_V4_C1_F8_P10_C50_S7009.yaml,8e3de08493a2f8693ae997235e88c12374375a857d22f9ba27a5ce6578d82d61,502
configs/phase6/group_f_generalization/RESERVEINVENTORY_V5_C2_F3_P10_C50_S7000.yaml,d079a0a3119ec1fc6000a0c700b205199aa3c4918c1ec079681514140f9d4c08,502
configs/phase6/group_f_generalization/RESERVEINVENTORY_V5_C2_F3_P10_C50_S7001.yaml,f81304c82238e97506e84d41a5e0f96ca5bb2ce17ba5af85a6db02dbd9ceaa60,502
configs/phase6/group_f_generalization/RESERVEINVENTORY_V5_C2_F3_P10_C50_S7002.yaml,774813732909140d590a526f201d29767c49e003b64518005bfddbbf9e0c021b,502
configs/phase6/group_f_generalization/RESERVEINVENTORY_V5_C2_F3_P10_C50_S7003.yaml,0c3d559b3abb279ef147fd7ca901d21849ad292737f30cb0992a876d80c3617b,502
configs/phase6/group_f_generalization/RESERVEINVENTORY_V5_C2_F3_P10_C50_S7004.yaml,73825f994cd19bb6e836f56d673a4e9684bf5ec8b782e5d278fd2cf9179a724c,502
configs/phase6/group_f_generalization/RESERVEINVENTORY_V5_C2_F3_P10_C50_S7005.yaml,79e5b3bab0e9d1a5f18fe0e18abdaabee2c4817207252c394579e76afb544443,502
configs/phase6/group_f_generalization/RESERVEINVENTORY_V5_C2_F3_P10_C50_S7006.yaml,b8311da0923b90c5782817fb0e1cb8d839d4b029dc88d5003ecc1e25bc569c91,502
configs/phase6/group_f_generalization/RESERVEINVENTORY_V5_C2_F3_P10_C50_S7007.yaml,665e3f345bf62fe39fab3c6ee1bbc68fe654d3d7141e743e59ada24b4763a554,502
configs/phase6/group_f_generalization/RESERVEINVENTORY_V5_C2_F3_P10_C50_S7008.yaml,16586f14aacb4ef1f0198111754d3296a52ec27e37a8107e422859faf9b7d89f,502
configs/phase6/group_f_generalization/RESERVEINVENTORY_V5_C2_F3_P10_C50_S7009.yaml,277629ac38d46c21a28f66ffd538b34b122728ae292b557615ea97e6e7b56e8c,502
configs/phase6/group_f_generalization/RESERVEINVENTORY_V5_C2_F8_P10_C50_S7000.yaml,28172748ce7f16041a33725062dd86cdc76d8b1aac9954dabe3464999b649d65,502
configs/phase6/group_f_generalization/RESERVEINVENTORY_V5_C2_F8_P10_C50_S7001.yaml,ca32ccf21de58b620e11fd9cadcc3e85913ba8a8627dd3e6f859a947f067bc17,502
configs/phase6/group_f_generalization/RESERVEINVENTORY_V5_C2_F8_P10_C50_S7002.yaml,0b96a6dd81f5f38bd566ce2931a0b2fd427b9796fe6c9ae7e9575ad582321d07,502
configs/phase6/group_f_generalization/RESERVEINVENTORY_V5_C2_F8_P10_C50_S7003.yaml,267a939bc4abf922890845baab4ed4b89e5ed6bcc24e2acdcec3b8fe0130722e,502
configs/phase6/group_f_generalization/RESERVEINVENTORY_V5_C2_F8_P10_C50_S7004.yaml,912bc312e22e8b9ac8f5faae283f67cf269eb6aea119c41c04df09f348d4bedb,502
configs/phase6/group_f_generalization/RESERVEINVENTORY_V5_C2_F8_P10_C50_S7005.yaml,a6985bc2b6cc9e7fee2a53a4c9c1e97aae01287ee151314a588885d690c01ad4,502
configs/phase6/group_f_generalization/RESERVEINVENTORY_V5_C2_F8_P10_C50_S7006.yaml,4a354c2c12e40972d180034e76bf58830533ea00ce2a8f8f72efee803b9dec9e,502
configs/phase6/group_f_generalization/RESERVEINVENTORY_V5_C2_F8_P10_C50_S7007.yaml,70ad64ef8938cb2cc276b1867d7bb839bfa46771eaffca41b2694ab937b2af4b,502
configs/phase6/group_f_generalization/RESERVEINVENTORY_V5_C2_F8_P10_C50_S7008.yaml,efce0d2afdb1df22ed1598142f40cbf3a5576458bec79ca9154883be2a48b9b6,502
configs/phase6/group_f_generalization/RESERVEINVENTORY_V5_C2_F8_P10_C50_S7009.yaml,c98393636c72d589a1c6d0376fe2a16341d3a28ee023c2437b2cf5eac7b0b8b3,502
configs/phase6/group_f_generalization/SENDNOTIFICATION_V0_C0_F3_P10_C50_S7000.yaml,157913053be80254023984969cde21b62460c325ae9d1c7ada5de19bb781aa66,502
configs/phase6/group_f_generalization/SENDNOTIFICATION_V0_C0_F3_P10_C50_S7001.yaml,02bbf14776193d306806145cecb30ed84b78d34a66750ed65c0c833cc61750e3,502
configs/phase6/group_f_generalization/SENDNOTIFICATION_V0_C0_F3_P10_C50_S7002.yaml,b7573b2a6c0a066576e126861ef4dccac0c63f4399829c00b06059559906ae29,502
configs/phase6/group_f_generalization/SENDNOTIFICATION_V0_C0_F3_P10_C50_S7003.yaml,8450f7358fd4ab8ef2d0dfd02e5b2299ce7fcda74eb17b2473d19b40f196eeac,502
configs/phase6/group_f_generalization/SENDNOTIFICATION_V0_C0_F3_P10_C50_S7004.yaml,9cc5dff292456f5f3b3368d6b2efecc64a2b0cd278b336f499e3f0e6c66c40c7,502
configs/phase6/group_f_generalization/SENDNOTIFICATION_V0_C0_F3_P10_C50_S7005.yaml,fe802270d9b89c079f7f7993c443103fd380b8b235ad66923e3fd31b520b3219,502
configs/phase6/group_f_generalization/SENDNOTIFICATION_V0_C0_F3_P10_C50_S7006.yaml,3e8cb1a561d47af3c20ae972bda2f696339735df666a9596b3e00cc0bd192945,502
configs/phase6/group_f_generalization/SENDNOTIFICATION_V0_C0_F3_P10_C50_S7007.yaml,022f5ef23af72895e7f09a9b04f1f33f201b14518aa4282e794712d62a85b663,502
configs/phase6/group_f_generalization/SENDNOTIFICATION_V0_C0_F3_P10_C50_S7008.yaml,0072085c983ea4827c53e3c7c7064699d329f1959c310f0b0a80109e69165d26,502
configs/phase6/group_f_generalization/SENDNOTIFICATION_V0_C0_F3_P10_C50_S7009.yaml,3793f929a8d3e6ff6c7cd52cadddd6c6daa616df7813707c05172b0a13caf49c,502
configs/phase6/group_f_generalization/SENDNOTIFICATION_V0_C0_F8_P10_C50_S7000.yaml,072e92a02017eadd8e353cf9288a46c8dcf21b8ef199041af00e3ff22c4544e9,502
configs/phase6/group_f_generalization/SENDNOTIFICATION_V0_C0_F8_P10_C50_S7001.yaml,189c725baeda2bd1b5b751e8a5437240ac975cc13c216504c8a6b0b402fe864a,502
configs/phase6/group_f_generalization/SENDNOTIFICATION_V0_C0_F8_P10_C50_S7002.yaml,afcfa919f0a8135ddf4eb4a321b04c442264a57f9b831adcb548ba188506df5a,502
configs/phase6/group_f_generalization/SENDNOTIFICATION_V0_C0_F8_P10_C50_S7003.yaml,fc9188c7171d1f8d9e4ce258e340151c121ea1a7f79e5bbbbc061042428e3f75,502
configs/phase6/group_f_generalization/SENDNOTIFICATION_V0_C0_F8_P10_C50_S7004.yaml,db8f8a0d12fe40b40412929e763b6864a071f777605c511291403de187dc8746,502
configs/phase6/group_f_generalization/SENDNOTIFICATION_V0_C0_F8_P10_C50_S7005.yaml,9d46494b7051e405c9d52409592b20c525999b4667ba223e5cc5fd1ca43467b4,502
configs/phase6/group_f_generalization/SENDNOTIFICATION_V0_C0_F8_P10_C50_S7006.yaml,f0ad25b9ea481e05e242b5f32efaa110ba2240193cfc8419d6c95b5a25a615d0,502
configs/phase6/group_f_generalization/SENDNOTIFICATION_V0_C0_F8_P10_C50_S7007.yaml,e7f295d95062116f3ff9f7ec9a4083735d97a00e4f7b07d1b8f5196ae2c1b6dd,502
configs/phase6/group_f_generalization/SENDNOTIFICATION_V0_C0_F8_P10_C50_S7008.yaml,1960a2e6eade3d8e9a7e195528612d19cb59c2d973be83493b0baf64c0204db6,502
configs/phase6/group_f_generalization/SENDNOTIFICATION_V0_C0_F8_P10_C50_S7009.yaml,5bcd4454bcc8dcb25b1ef41a7696cd9f184e41fad7f9c6a71489eaa9cd1f5ca2,502
configs/phase6/group_f_generalization/SENDNOTIFICATION_V2_C1_F3_P10_C50_S7000.yaml,1d830f74817fc3bedb41e60f7b1ea0b48a0fa74b25136792c3cf0ee6a36e1234,502
configs/phase6/group_f_generalization/SENDNOTIFICATION_V2_C1_F3_P10_C50_S7001.yaml,196513881635ee4fc8f62538b453779b29980cad86cedca6d9f5023453d27258,502
configs/phase6/group_f_generalization/SENDNOTIFICATION_V2_C1_F3_P10_C50_S7002.yaml,1a320fcd216a3194a7880892e7fb60db2de5f7602ba39ffa855aae4a2e63ed0f,502
configs/phase6/group_f_generalization/SENDNOTIFICATION_V2_C1_F3_P10_C50_S7003.yaml,dd4551852c120cefa8e431dddbff5bf7db023951bbec4628bb3a6de82a0f2783,502
configs/phase6/group_f_generalization/SENDNOTIFICATION_V2_C1_F3_P10_C50_S7004.yaml,dadef4bf0a9bdd7869e710a836e9ad0a1b8d70cbaa9b33077530f9b5b65b8c0e,502
configs/phase6/group_f_generalization/SENDNOTIFICATION_V2_C1_F3_P10_C50_S7005.yaml,e407f92f91d54ab606ca9587c116c853299dbd25fb028010f963e7eb42046966,502
configs/phase6/group_f_generalization/SENDNOTIFICATION_V2_C1_F3_P10_C50_S7006.yaml,0db3f18306de4a342e3c59200233189a9603e5715005790f42b211b2a086fc0e,502
configs/phase6/group_f_generalization/SENDNOTIFICATION_V2_C1_F3_P10_C50_S7007.yaml,66d11a73d5f0f5379813cf3cc8b1f78bea7d60224a2786e4b3d186ea01540942,502
configs/phase6/group_f_generalization/SENDNOTIFICATION_V2_C1_F3_P10_C50_S7008.yaml,24b84eb2d2ae3372eccdeb7fc3f331a3a6e4cf2abb164a6316f070c887830c1b,502
configs/phase6/group_f_generalization/SENDNOTIFICATION_V2_C1_F3_P10_C50_S7009.yaml,652023a3a13d97aeae3d448747ecbf3ac642e38d9d7fd5423c98524eefa1d876,502
configs/phase6/group_f_generalization/SENDNOTIFICATION_V2_C1_F8_P10_C50_S7000.yaml,f505d880af7a1307c4ab72599a9ff0e138b35e8a254c14995cfbd4d71b251339,502
configs/phase6/group_f_generalization/SENDNOTIFICATION_V2_C1_F8_P10_C50_S7001.yaml,7292e36e4d83d955149e469a81f80389c807ddc723041f84eeb3e057b4323ab7,502
configs/phase6/group_f_generalization/SENDNOTIFICATION_V2_C1_F8_P10_C50_S7002.yaml,ae3ee9c1fb1cdc45272b273ff95435372a1d4c12230f1562047f61fda53a145a,502
configs/phase6/group_f_generalization/SENDNOTIFICATION_V2_C1_F8_P10_C50_S7003.yaml,239ea971715f3d463046cc3e8657bd40727aee5cea384515f09d919e941e3ee2,502
configs/phase6/group_f_generalization/SENDNOTIFICATION_V2_C1_F8_P10_C50_S7004.yaml,265671d0c1ad2b1209d8b2393271f1001e22b58afb9d3aba8e6a3295072eb6cf,502
configs/phase6/group_f_generalization/SENDNOTIFICATION_V2_C1_F8_P10_C50_S7005.yaml,9e65b57db887033f238a52782d5856f0e3b3c35053ce4b69b6b269a97b42a55f,502
configs/phase6/group_f_generalization/SENDNOTIFICATION_V2_C1_F8_P10_C50_S7006.yaml,c6903f59fa96562abe5f30f76effec33017e9f3012eb15d1b02f0a55ef398e73,502
configs/phase6/group_f_generalization/SENDNOTIFICATION_V2_C1_F8_P10_C50_S7007.yaml,eb0f9ab0ff764a02283badc43f7b81bffbed519e915a6cfbaca44d3ba75a9ac9,502
configs/phase6/group_f_generalization/SENDNOTIFICATION_V2_C1_F8_P10_C50_S7008.yaml,c9d4f922aa45966d71343e18967dd632434d4e7b77ec4788d764fcb5823230db,502
configs/phase6/group_f_generalization/SENDNOTIFICATION_V2_C1_F8_P10_C50_S7009.yaml,aae4f89a6c9730c84cc45ea99107e5b1550634e3ce76c3a1ae02cd22489f3486,502
configs/phase6/group_f_generalization/SENDNOTIFICATION_V4_C1_F3_P10_C50_S7000.yaml,aa3fb92a9d00f778f14c8a4d1f600787a15aec3f99a7e1c544cfef1559879e90,502
configs/phase6/group_f_generalization/SENDNOTIFICATION_V4_C1_F3_P10_C50_S7001.yaml,8b5d8d2fab576e4e9ee26fe6dfa66acc69b450773f788294d648de02685b1117,502
configs/phase6/group_f_generalization/SENDNOTIFICATION_V4_C1_F3_P10_C50_S7002.yaml,78efff3290023da52b67a6a1bb52afa8d00d756ff718535b579f3d8215735d02,502
configs/phase6/group_f_generalization/SENDNOTIFICATION_V4_C1_F3_P10_C50_S7003.yaml,350999a8a6c8571ae7303c60d10aefed15b0d9825a68c3abba02dc4cd6d32f5c,502
configs/phase6/group_f_generalization/SENDNOTIFICATION_V4_C1_F3_P10_C50_S7004.yaml,af977fcfe7e06a0417e1523ff435d36c5fb233d5ef9982167b6e389c1545428a,502
configs/phase6/group_f_generalization/SENDNOTIFICATION_V4_C1_F3_P10_C50_S7005.yaml,b0df2fb2d4203ace56d8dab221379dd9932b30f7be67dc0bb7beee391706ab92,502
configs/phase6/group_f_generalization/SENDNOTIFICATION_V4_C1_F3_P10_C50_S7006.yaml,aa3c20853effdef05373d3691233f286ca6be8e148e77b78c06acc25bbbf177f,502
configs/phase6/group_f_generalization/SENDNOTIFICATION_V4_C1_F3_P10_C50_S7007.yaml,855f6d851fd18154b44ae79b2fb103ec3fd15a5182b1b42c11828f36730e1171,502
configs/phase6/group_f_generalization/SENDNOTIFICATION_V4_C1_F3_P10_C50_S7008.yaml,9851ca976fcdda21cec7962bef31b82425abdd06ca68513b9a192a3ffbe325e8,502
configs/phase6/group_f_generalization/SENDNOTIFICATION_V4_C1_F3_P10_C50_S7009.yaml,b5a807d934e430d881d5b5b8ac3e83b647b6e09b607809f5d835d5df0ffb6635,502
configs/phase6/group_f_generalization/SENDNOTIFICATION_V4_C1_F8_P10_C50_S7000.yaml,671155a8f7f4b086ab03e02db24ffa006d38d48f534bd8f19ab2c2339aca027b,502
configs/phase6/group_f_generalization/SENDNOTIFICATION_V4_C1_F8_P10_C50_S7001.yaml,8b57191a332fddbb95e163d2a93cf271c9932034907cc081558134096314887a,502
configs/phase6/group_f_generalization/SENDNOTIFICATION_V4_C1_F8_P10_C50_S7002.yaml,18ae4ac363d871b64a911251014787a450b723568145e881fc88993c2e0728ff,502
configs/phase6/group_f_generalization/SENDNOTIFICATION_V4_C1_F8_P10_C50_S7003.yaml,46832e56257949f64409c5026ce53da1f1eca1279cf0ab2b06ad9d60616011da,502
configs/phase6/group_f_generalization/SENDNOTIFICATION_V4_C1_F8_P10_C50_S7004.yaml,5843b4be5eb2c582f8a637ba950c85e60354f31b23152e205d386441e88f2a29,502
configs/phase6/group_f_generalization/SENDNOTIFICATION_V4_C1_F8_P10_C50_S7005.yaml,f140ca5a8acb0e4d4ec93e9437426b5353edb8bc66e876897835887ece7985e8,502
configs/phase6/group_f_generalization/SENDNOTIFICATION_V4_C1_F8_P10_C50_S7006.yaml,b6ba58f506864a0dcc569f043478e5f67d75fe8b66124aa2c59f63d1087bd259,502
configs/phase6/group_f_generalization/SENDNOTIFICATION_V4_C1_F8_P10_C50_S7007.yaml,c29168695712b58f956fc07fc60cba94f9e1fa8bbec7b8c7964025074dae30ba,502
configs/phase6/group_f_generalization/SENDNOTIFICATION_V4_C1_F8_P10_C50_S7008.yaml,b4da378a75f3afb9e1fa7edbc22b25c394ed49bc428d05c981243d5fedd35251,502
configs/phase6/group_f_generalization/SENDNOTIFICATION_V4_C1_F8_P10_C50_S7009.yaml,5c7ce336f7b8859952d99c08b4106f78037c4f0b6664e6f87ec350c0800d4fd4,502
configs/phase6/group_f_generalization/SENDNOTIFICATION_V5_C2_F3_P10_C50_S7000.yaml,ad695a13dfe158d971c282464be9ac76aab5dd05027a96f727302dedd5248c92,502
configs/phase6/group_f_generalization/SENDNOTIFICATION_V5_C2_F3_P10_C50_S7001.yaml,f2130b1a9f88bb846daef8cd62c84d964a3cdeb18e4ae349a63c902070bf697a,502
configs/phase6/group_f_generalization/SENDNOTIFICATION_V5_C2_F3_P10_C50_S7002.yaml,856590d8fe291af3f138ef3f806826c77949d3a8b47ec252162080a1b13c8948,502
configs/phase6/group_f_generalization/SENDNOTIFICATION_V5_C2_F3_P10_C50_S7003.yaml,9462da033401fd4c43d2f98b5c42b441d9bdf1c39e69c5310fe805d242037cbe,502
configs/phase6/group_f_generalization/SENDNOTIFICATION_V5_C2_F3_P10_C50_S7004.yaml,93bdefae0b7f50dc5ae7771a9f09c45a22007505dcc6a2c491557604d86fd163,502
configs/phase6/group_f_generalization/SENDNOTIFICATION_V5_C2_F3_P10_C50_S7005.yaml,7fe23b53c990cf2f5f0d5bb6dc30ae98aa8ab3295b9ed59ee223484322cd0b4b,502
configs/phase6/group_f_generalization/SENDNOTIFICATION_V5_C2_F3_P10_C50_S7006.yaml,1bbb05d950d10d21e21a6ff91b2b9bc58b5fd6d80d3437fe98e6d85d3263ff8d,502
configs/phase6/group_f_generalization/SENDNOTIFICATION_V5_C2_F3_P10_C50_S7007.yaml,797ab8b6f3e020f5671029316a9b8d145d00a72171062617e1a9346bba2a318c,502
configs/phase6/group_f_generalization/SENDNOTIFICATION_V5_C2_F3_P10_C50_S7008.yaml,8a49791e9162ce099202a4837d799f4e68ffcf5b44cef2e4b1fdbf82d23466ac,502
configs/phase6/group_f_generalization/SENDNOTIFICATION_V5_C2_F3_P10_C50_S7009.yaml,b020cd5df983c6194144ec5e641fe1898c404c84ae06f79a8d2d33b24e056161,502
configs/phase6/group_f_generalization/SENDNOTIFICATION_V5_C2_F8_P10_C50_S7000.yaml,95e23c85e3eab678cc8df0df3669034647af83a2fa87fe7001ddc1649f1cf2f8,502
configs/phase6/group_f_generalization/SENDNOTIFICATION_V5_C2_F8_P10_C50_S7001.yaml,802009a1fc3f155daeb0a516af6e62027056c9c8204e465d70cf95ec15531629,502
configs/phase6/group_f_generalization/SENDNOTIFICATION_V5_C2_F8_P10_C50_S7002.yaml,fbc6763f3343ab9a4f275f4bea064e5efee7897335723bfd0ee2fba94c646fbe,502
configs/phase6/group_f_generalization/SENDNOTIFICATION_V5_C2_F8_P10_C50_S7003.yaml,f53195ea06557260a5408a991ea1e8b5ef83eb236eff0865b9b9b9ffd4ddd14f,502
configs/phase6/group_f_generalization/SENDNOTIFICATION_V5_C2_F8_P10_C50_S7004.yaml,4b5a114c218d35d1ab0799a688477b6d57e7d92b9af1e37dbf6dc059417b53cd,502
configs/phase6/group_f_generalization/SENDNOTIFICATION_V5_C2_F8_P10_C50_S7005.yaml,bf30dc772b18f63d39be228f414cb9e301893913ed4c907f42b9f8ca987af305,502
configs/phase6/group_f_generalization/SENDNOTIFICATION_V5_C2_F8_P10_C50_S7006.yaml,5766055ab13b0e83d6135ee026d56e7446e2ec06aed4bcca4633cde078dda2ba,502
configs/phase6/group_f_generalization/SENDNOTIFICATION_V5_C2_F8_P10_C50_S7007.yaml,cc63c56251c7818210e103fbabc60608c377d8be9d892846428f312b4d995e93,502
configs/phase6/group_f_generalization/SENDNOTIFICATION_V5_C2_F8_P10_C50_S7008.yaml,2b0c2c3cdf46776e078bacce6159a8f0e2e0115b05103a5ba171dc8771b83fec,502
configs/phase6/group_f_generalization/SENDNOTIFICATION_V5_C2_F8_P10_C50_S7009.yaml,eb1505214ab5a3bec5980adafa25c31ba93972c5cc54cc3c0eb129e58e2c376e,502
configs/phase6/manifest.csv,fb6d414d03112bc4e7873b6d174d5de724bd82525c70aefa11415e29dd531874,625452
configs/phase6/manifest_summary.json,60827c06b0973c0c42d2610d56ec019e49157481e90d2cda2f50d4e3a7d6a361,187
docker-compose.yml,60753e6dfceb0ea50d516b2db871e8b7945d82988fbdddebe00b4ec39144bed2,3415
