experiment_id,run_dir,DER_delta,EOER_delta,LER_delta,RSR_delta,RAF_delta,DAF_delta,RRR_delta,UAR_delta,P50_delta,P95_delta,P99_delta,throughput_recomputed_from_event_span,throughput_summary,logical_operations_delta,PASS_FAIL
CHARGEPAYMENT_V0_C0_F3_P10_C50_S7000,/Users/nischithacn/paper3-exactly-once/results/phase6/runs/CHARGEPAYMENT_V0_C0_F3_P10_C50_S7000/CHARGEPAYMENT_V0_C0_F3_P10_C50_S7000_1788684795088,0.0,0.0,0.0,0.0,0.0,0.0,0.0,0.0,0.0,0.0,0.0,909.6228739214843,706.3923911592894,0,PASS
CHARGEPAYMENT_V0_C0_F3_P10_C50_S7001,/Users/nischithacn/paper3-exactly-once/results/phase6/runs/CHARGEPAYMENT_V0_C0_F3_P10_C50_S7001/CHARGEPAYMENT_V0_C0_F3_P10_C50_S7001_1788684905882,0.0,0.0,0.0,0.0,0.0,0.0,0.0,0.0,0.0,0.0,0.0,1061.176032801878,935.377106834959,0,PASS
CHARGEPAYMENT_V0_C0_F3_P10_C50_S7002,/Users/nischithacn/paper3-exactly-once/results/phase6/runs/CHARGEPAYMENT_V0_C0_F3_P10_C50_S7002/CHARGEPAYMENT_V0_C0_F3_P10_C50_S7002_1788685038510,0.0,0.0,0.0,0.0,0.0,0.0,0.0,0.0,0.0,0.0,0.0,1043.6542829497514,901.2730967261102,0,PASS
CHARGEPAYMENT_V0_C0_F3_P10_C50_S7003,/Users/nischithacn/paper3-exactly-once/results/phase6/runs/CHARGEPAYMENT_V0_C0_F3_P10_C50_S7003/CHARGEPAYMENT_V0_C0_F3_P10_C50_S7003_1788685166008,0.0,0.0,0.0,0.0,0.0,0.0,0.0,0.0,0.0,0.0,0.0,1033.9548700317528,893.8217568150781,0,PASS
CHARGEPAYMENT_V0_C0_F3_P10_C50_S7004,/Users/nischithacn/paper3-exactly-once/results/phase6/runs/CHARGEPAYMENT_V0_C0_F3_P10_C50_S7004/CHARGEPAYMENT_V0_C0_F3_P10_C50_S7004_1788685304674,0.0,0.0,0.0,0.0,0.0,0.0,0.0,0.0,0.0,0.0,0.0,1085.8520241116237,927.0448061945975,0,PASS
CHARGEPAYMENT_V0_C0_F3_P10_C50_S7005,/Users/nischithacn/paper3-exactly-once/results/phase6/runs/CHARGEPAYMENT_V0_C0_F3_P10_C50_S7005/CHARGEPAYMENT_V0_C0_F3_P10_C50_S7005_1788685435168,0.0,0.0,0.0,0.0,0.0,0.0,0.0,0.0,0.0,0.0,0.0,869.6476486257785,709.3738533127962,0,PASS
CHARGEPAYMENT_V0_C0_F3_P10_C50_S7006,/Users/nischithacn/paper3-exactly-once/results/phase6/runs/CHARGEPAYMENT_V0_C0_F3_P10_C50_S7006/CHARGEPAYMENT_V0_C0_F3_P10_C50_S7006_1788685546259,0.0,0.0,0.0,0.0,0.0,0.0,0.0,0.0,0.0,0.0,0.0,1058.2574951508248,929.1726253240957,0,PASS
CHARGEPAYMENT_V0_C0_F3_P10_C50_S7007,/Users/nischithacn/paper3-exactly-once/results/phase6/runs/CHARGEPAYMENT_V0_C0_F3_P10_C50_S7007/CHARGEPAYMENT_V0_C0_F3_P10_C50_S7007_1788685680090,0.0,0.0,0.0,0.0,0.0,0.0,0.0,0.0,0.0,0.0,0.0,1059.273122592153,917.0853963708265,0,PASS
CHARGEPAYMENT_V0_C0_F3_P10_C50_S7008,/Users/nischithacn/paper3-exactly-once/results/phase6/runs/CHARGEPAYMENT_V0_C0_F3_P10_C50_S7008/CHARGEPAYMENT_V0_C0_F3_P10_C50_S7008_1788685807539,0.0,0.0,0.0,0.0,0.0,0.0,0.0,0.0,0.0,0.0,0.0,1009.2902354806172,869.3174949113688,0,PASS
CHARGEPAYMENT_V0_C0_F3_P10_C50_S7009,/Users/nischithacn/paper3-exactly-once/results/phase6/runs/CHARGEPAYMENT_V0_C0_F3_P10_C50_S7009/CHARGEPAYMENT_V0_C0_F3_P10_C50_S7009_1788685940608,0.0,0.0,0.0,0.0,0.0,0.0,0.0,0.0,0.0,0.0,0.0,1054.9456829124995,911.5195154701294,0,PASS
CHARGEPAYMENT_V0_C0_F8_P10_C50_S7000,/Users/nischithacn/paper3-exactly-once/results/phase6/runs/CHARGEPAYMENT_V0_C0_F8_P10_C50_S7000/CHARGEPAYMENT_V0_C0_F8_P10_C50_S7000_1788684809803,0.0,0.0,0.0,0.0,0.0,0.0,0.0,0.0,0.0,0.0,0.0,1204.988820760849,1048.5997507843554,0,PASS
CHARGEPAYMENT_V0_C0_F8_P10_C50_S7001,/Users/nischithacn/paper3-exactly-once/results/phase6/runs/CHARGEPAYMENT_V0_C0_F8_P10_C50_S7001/CHARGEPAYMENT_V0_C0_F8_P10_C50_S7001_1788684917131,0.0,0.0,0.0,0.0,0.0,0.0,0.0,0.0,0.0,0.0,0.0,1021.1937366746494,894.5259322059057,0,PASS
CHARGEPAYMENT_V0_C0_F8_P10_C50_S7002,/Users/nischithacn/paper3-exactly-once/results/phase6/runs/CHARGEPAYMENT_V0_C0_F8_P10_C50_S7002/CHARGEPAYMENT_V0_C0_F8_P10_C50_S7002_1788685050148,0.0,0.0,0.0,0.0,0.0,0.0,0.0,0.0,0.0,0.0,0.0,1031.6873553691585,907.8368650981203,0,PASS
CHARGEPAYMENT_V0_C0_F8_P10_C50_S7003,/Users/nischithacn/paper3-exactly-once/results/phase6/runs/CHARGEPAYMENT_V0_C0_F8_P10_C50_S7003/CHARGEPAYMENT_V0_C0_F8_P10_C50_S7003_1788685184757,0.0,0.0,0.0,0.0,0.0,0.0,0.0,0.0,0.0,0.0,0.0,1111.7726306135446,959.5794445709734,0,PASS
CHARGEPAYMENT_V0_C0_F8_P10_C50_S7004,/Users/nischithacn/paper3-exactly-once/results/phase6/runs/CHARGEPAYMENT_V0_C0_F8_P10_C50_S7004/CHARGEPAYMENT_V0_C0_F8_P10_C50_S7004_1788685316006,0.0,0.0,0.0,0.0,0.0,0.0,0.0,0.0,0.0,0.0,0.0,997.0324152298618,880.7866681831171,0,PASS
CHARGEPAYMENT_V0_C0_F8_P10_C50_S7005,/Users/nischithacn/paper3-exactly-once/results/phase6/runs/CHARGEPAYMENT_V0_C0_F8_P10_C50_S7005/CHARGEPAYMENT_V0_C0_F8_P10_C50_S7005_1788685449833,0.0,0.0,0.0,0.0,0.0,0.0,0.0,0.0,0.0,0.0,0.0,1154.1049630538453,993.3586919063168,0,PASS
CHARGEPAYMENT_V0_C0_F8_P10_C50_S7006,/Users/nischithacn/paper3-exactly-once/results/phase6/runs/CHARGEPAYMENT_V0_C0_F8_P10_C50_S7006/CHARGEPAYMENT_V0_C0_F8_P10_C50_S7006_1788685557582,0.0,0.0,0.0,0.0,0.0,0.0,0.0,0.0,0.0,0.0,0.0,1007.9464351585839,890.5411847356422,0,PASS
CHARGEPAYMENT_V0_C0_F8_P10_C50_S7007,/Users/nischithacn/paper3-exactly-once/results/phase6/runs/CHARGEPAYMENT_V0_C0_F8_P10_C50_S7007/CHARGEPAYMENT_V0_C0_F8_P10_C50_S7007_1788685691543,0.0,0.0,0.0,0.0,0.0,0.0,0.0,0.0,0.0,0.0,0.0,1020.573007532811,909.673417512872,0,PASS
CHARGEPAYMENT_V0_C0_F8_P10_C50_S7008,/Users/nischithacn/paper3-exactly-once/results/phase6/runs/CHARGEPAYMENT_V0_C0_F8_P10_C50_S7008/CHARGEPAYMENT_V0_C0_F8_P10_C50_S7008_1788685826620,0.0,0.0,0.0,0.0,0.0,0.0,0.0,0.0,0.0,0.0,0.0,1098.6434622603902,955.8777262561423,0,PASS
CHARGEPAYMENT_V0_C0_F8_P10_C50_S7009,/Users/nischithacn/paper3-exactly-once/results/phase6/runs/CHARGEPAYMENT_V0_C0_F8_P10_C50_S7009/CHARGEPAYMENT_V0_C0_F8_P10_C50_S7009_1788685952128,0.0,0.0,0.0,0.0,0.0,0.0,0.0,0.0,0.0,0.0,0.0,1007.0862616113865,886.9858493081779,0,PASS
CHARGEPAYMENT_V2_C1_F3_P10_C50_S7000,/Users/nischithacn/paper3-exactly-once/results/phase6/runs/CHARGEPAYMENT_V2_C1_F3_P10_C50_S7000/CHARGEPAYMENT_V2_C1_F3_P10_C50_S7000_1788684819874,0.0,0.0,0.0,0.0,0.0,0.0,0.0,0.0,0.0,0.0,0.0,991.8570512661648,843.0866538201419,0,PASS
CHARGEPAYMENT_V2_C1_F3_P10_C50_S7001,/Users/nischithacn/paper3-exactly-once/results/phase6/runs/CHARGEPAYMENT_V2_C1_F3_P10_C50_S7001/CHARGEPAYMENT_V2_C1_F3_P10_C50_S7001_1788684949639,0.0,0.0,0.0,0.0,0.0,0.0,0.0,0.0,0.0,0.0,0.0,820.3238917976157,654.5097202863474,0,PASS
CHARGEPAYMENT_V2_C1_F3_P10_C50_S7002,/Users/nischithacn/paper3-exactly-once/results/phase6/runs/CHARGEPAYMENT_V2_C1_F3_P10_C50_S7002/CHARGEPAYMENT_V2_C1_F3_P10_C50_S7002_1788685061724,0.0,0.0,0.0,0.0,0.0,0.0,0.0,0.0,0.0,0.0,0.0,963.0715024169758,836.0300857327176,0,PASS
CHARGEPAYMENT_V2_C1_F3_P10_C50_S7003,/Users/nischithacn/paper3-exactly-once/results/phase6/runs/CHARGEPAYMENT_V2_C1_F3_P10_C50_S7003/CHARGEPAYMENT_V2_C1_F3_P10_C50_S7003_1788685195734,0.0,0.0,0.0,0.0,0.0,0.0,0.0,0.0,0.0,0.0,0.0,991.0538706484896,869.0903163273969,0,PASS
CHARGEPAYMENT_V2_C1_F3_P10_C50_S7004,/Users/nischithacn/paper3-exactly-once/results/phase6/runs/CHARGEPAYMENT_V2_C1_F3_P10_C50_S7004/CHARGEPAYMENT_V2_C1_F3_P10_C50_S7004_1788685327919,0.0,0.0,0.0,0.0,0.0,0.0,0.0,0.0,0.0,0.0,0.0,941.9337463887297,820.9912521834015,0,PASS
CHARGEPAYMENT_V2_C1_F3_P10_C50_S7005,/Users/nischithacn/paper3-exactly-once/results/phase6/runs/CHARGEPAYMENT_V2_C1_F3_P10_C50_S7005/CHARGEPAYMENT_V2_C1_F3_P10_C50_S7005_1788685460447,0.0,0.0,0.0,0.0,0.0,0.0,0.0,0.0,0.0,0.0,0.0,970.3191986919546,820.004100505353,0,PASS
CHARGEPAYMENT_V2_C1_F3_P10_C50_S7006,/Users/nischithacn/paper3-exactly-once/results/phase6/runs/CHARGEPAYMENT_V2_C1_F3_P10_C50_S7006/CHARGEPAYMENT_V2_C1_F3_P10_C50_S7006_1788685589723,0.0,0.0,0.0,0.0,0.0,0.0,0.0,0.0,0.0,0.0,0.0,799.926856053392,641.0798462559234,0,PASS
CHARGEPAYMENT_V2_C1_F3_P10_C50_S7007,/Users/nischithacn/paper3-exactly-once/results/phase6/runs/CHARGEPAYMENT_V2_C1_F3_P10_C50_S7007/CHARGEPAYMENT_V2_C1_F3_P10_C50_S7007_1788685703113,0.0,0.0,0.0,0.0,0.0,0.0,0.0,0.0,0.0,0.0,0.0,929.6658361751399,809.3502704392442,0,PASS
CHARGEPAYMENT_V2_C1_F3_P10_C50_S7008,/Users/nischithacn/paper3-exactly-once/results/phase6/runs/CHARGEPAYMENT_V2_C1_F3_P10_C50_S7008/CHARGEPAYMENT_V2_C1_F3_P10_C50_S7008_1788685837637,0.0,0.0,0.0,0.0,0.0,0.0,0.0,0.0,0.0,0.0,0.0,961.7780992950384,839.1066750379196,0,PASS
CHARGEPAYMENT_V2_C1_F3_P10_C50_S7009,/Users/nischithacn/paper3-exactly-once/results/phase6/runs/CHARGEPAYMENT_V2_C1_F3_P10_C50_S7009/CHARGEPAYMENT_V2_C1_F3_P10_C50_S7009_1788685963960,0.0,0.0,0.0,0.0,0.0,0.0,0.0,0.0,0.0,0.0,0.0,917.7326129297096,801.0699869177602,0,PASS
CHARGEPAYMENT_V2_C1_F8_P10_C50_S7000,/Users/nischithacn/paper3-exactly-once/results/phase6/runs/CHARGEPAYMENT_V2_C1_F8_P10_C50_S7000/CHARGEPAYMENT_V2_C1_F8_P10_C50_S7000_1788684832344,0.0,0.0,0.0,0.0,0.0,0.0,0.0,0.0,0.0,0.0,0.0,688.2047208472161,612.1766211426509,0,PASS
CHARGEPAYMENT_V2_C1_F8_P10_C50_S7001,/Users/nischithacn/paper3-exactly-once/results/phase6/runs/CHARGEPAYMENT_V2_C1_F8_P10_C50_S7001/CHARGEPAYMENT_V2_C1_F8_P10_C50_S7001_1788684965537,0.0,0.0,0.0,0.0,0.0,0.0,0.0,0.0,0.0,0.0,0.0,731.1872607611972,644.1179477844025,0,PASS
CHARGEPAYMENT_V2_C1_F8_P10_C50_S7002,/Users/nischithacn/paper3-exactly-once/results/phase6/runs/CHARGEPAYMENT_V2_C1_F8_P10_C50_S7002/CHARGEPAYMENT_V2_C1_F8_P10_C50_S7002_1788685074337,0.0,0.0,0.0,0.0,0.0,0.0,0.0,0.0,0.0,0.0,0.0,727.8098673627084,637.4767356474209,0,PASS
CHARGEPAYMENT_V2_C1_F8_P10_C50_S7003,/Users/nischithacn/paper3-exactly-once/results/phase6/runs/CHARGEPAYMENT_V2_C1_F8_P10_C50_S7003/CHARGEPAYMENT_V2_C1_F8_P10_C50_S7003_1788685207848,0.0,0.0,0.0,0.0,0.0,0.0,0.0,0.0,0.0,0.0,0.0,735.4394765256808,651.0337788157415,0,PASS
CHARGEPAYMENT_V2_C1_F8_P10_C50_S7004,/Users/nischithacn/paper3-exactly-once/results/phase6/runs/CHARGEPAYMENT_V2_C1_F8_P10_C50_S7004/CHARGEPAYMENT_V2_C1_F8_P10_C50_S7004_1788685347766,0.0,0.0,0.0,0.0,0.0,0.0,0.0,0.0,0.0,0.0,0.0,694.4059588096784,613.4758651090384,0,PASS
CHARGEPAYMENT_V2_C1_F8_P10_C50_S7005,/Users/nischithacn/paper3-exactly-once/results/phase6/runs/CHARGEPAYMENT_V2_C1_F8_P10_C50_S7005/CHARGEPAYMENT_V2_C1_F8_P10_C50_S7005_1788685473282,0.0,0.0,0.0,0.0,0.0,0.0,0.0,0.0,0.0,0.0,0.0,718.4995513985872,634.620694851729,0,PASS
CHARGEPAYMENT_V2_C1_F8_P10_C50_S7006,/Users/nischithacn/paper3-exactly-once/results/phase6/runs/CHARGEPAYMENT_V2_C1_F8_P10_C50_S7006/CHARGEPAYMENT_V2_C1_F8_P10_C50_S7006_1788685605953,0.0,0.0,0.0,0.0,0.0,0.0,0.0,0.0,0.0,0.0,0.0,721.8647323195501,630.6110960444305,0,PASS
CHARGEPAYMENT_V2_C1_F8_P10_C50_S7007,/Users/nischithacn/paper3-exactly-once/results/phase6/runs/CHARGEPAYMENT_V2_C1_F8_P10_C50_S7007/CHARGEPAYMENT_V2_C1_F8_P10_C50_S7007_1788685716072,0.0,0.0,0.0,0.0,0.0,0.0,0.0,0.0,0.0,0.0,0.0,721.9329947057781,638.5748310773032,0,PASS
CHARGEPAYMENT_V2_C1_F8_P10_C50_S7008,/Users/nischithacn/paper3-exactly-once/results/phase6/runs/CHARGEPAYMENT_V2_C1_F8_P10_C50_S7008/CHARGEPAYMENT_V2_C1_F8_P10_C50_S7008_1788685850157,0.0,0.0,0.0,0.0,0.0,0.0,0.0,0.0,0.0,0.0,0.0,750.3698219625271,670.9583881900174,0,PASS
CHARGEPAYMENT_V2_C1_F8_P10_C50_S7009,/Users/nischithacn/paper3-exactly-once/results/phase6/runs/CHARGEPAYMENT_V2_C1_F8_P10_C50_S7009/CHARGEPAYMENT_V2_C1_F8_P10_C50_S7009_1788685984072,0.0,0.0,0.0,0.0,0.0,0.0,0.0,0.0,0.0,0.0,0.0,726.4771401973969,639.4213927177072,0,PASS
CHARGEPAYMENT_V4_C1_F3_P10_C50_S7000,/Users/nischithacn/paper3-exactly-once/results/phase6/runs/CHARGEPAYMENT_V4_C1_F3_P10_C50_S7000/CHARGEPAYMENT_V4_C1_F3_P10_C50_S7000_1788684849310,0.0,0.0,0.0,0.0,0.0,0.0,0.0,0.0,0.0,0.0,0.0,949.4100921406562,825.7324630552356,0,PASS
CHARGEPAYMENT_V4_C1_F3_P10_C50_S7001,/Users/nischithacn/paper3-exactly-once/results/phase6/runs/CHARGEPAYMENT_V4_C1_F3_P10_C50_S7001/CHARGEPAYMENT_V4_C1_F3_P10_C50_S7001_1788684981663,0.0,0.0,0.0,0.0,0.0,0.0,0.0,0.0,0.0,0.0,0.0,1023.7186523225295,890.1174099460758,0,PASS
CHARGEPAYMENT_V4_C1_F3_P10_C50_S7002,/Users/nischithacn/paper3-exactly-once/results/phase6/runs/CHARGEPAYMENT_V4_C1_F3_P10_C50_S7002/CHARGEPAYMENT_V4_C1_F3_P10_C50_S7002_1788685111687,0.0,0.0,0.0,0.0,0.0,0.0,0.0,0.0,0.0,0.0,0.0,811.9030058771981,650.2450706732916,0,PASS
CHARGEPAYMENT_V4_C1_F3_P10_C50_S7003,/Users/nischithacn/paper3-exactly-once/results/phase6/runs/CHARGEPAYMENT_V4_C1_F3_P10_C50_S7003/CHARGEPAYMENT_V4_C1_F3_P10_C50_S7003_1788685223827,0.0,0.0,0.0,0.0,0.0,0.0,0.0,0.0,0.0,0.0,0.0,660.1410405420143,599.7895025854574,0,PASS
CHARGEPAYMENT_V4_C1_F3_P10_C50_S7004,/Users/nischithacn/paper3-exactly-once/results/phase6/runs/CHARGEPAYMENT_V4_C1_F3_P10_C50_S7004/CHARGEPAYMENT_V4_C1_F3_P10_C50_S7004_1788685364681,0.0,0.0,0.0,0.0,0.0,0.0,0.0,0.0,0.0,0.0,0.0,1049.0145930013339,907.8408933026393,0,PASS
CHARGEPAYMENT_V4_C1_F3_P10_C50_S7005,/Users/nischithacn/paper3-exactly-once/results/phase6/runs/CHARGEPAYMENT_V4_C1_F3_P10_C50_S7005/CHARGEPAYMENT_V4_C1_F3_P10_C50_S7005_1788685489637,0.0,0.0,0.0,0.0,0.0,0.0,0.0,0.0,0.0,0.0,0.0,969.6252348754975,843.9692275788428,0,PASS
CHARGEPAYMENT_V4_C1_F3_P10_C50_S7006,/Users/nischithacn/paper3-exactly-once/results/phase6/runs/CHARGEPAYMENT_V4_C1_F3_P10_C50_S7006/CHARGEPAYMENT_V4_C1_F3_P10_C50_S7006_1788685622417,0.0,0.0,0.0,0.0,0.0,0.0,0.0,0.0,0.0,0.0,0.0,985.2657538248338,851.3653995794024,0,PASS
CHARGEPAYMENT_V4_C1_F3_P10_C50_S7007,/Users/nischithacn/paper3-exactly-once/results/phase6/runs/CHARGEPAYMENT_V4_C1_F3_P10_C50_S7007/CHARGEPAYMENT_V4_C1_F3_P10_C50_S7007_1788685753202,0.0,0.0,0.0,0.0,0.0,0.0,0.0,0.0,0.0,0.0,0.0,744.2515173450381,605.5188275637544,0,PASS
CHARGEPAYMENT_V4_C1_F3_P10_C50_S7008,/Users/nischithacn/paper3-exactly-once/results/phase6/runs/CHARGEPAYMENT_V4_C1_F3_P10_C50_S7008/CHARGEPAYMENT_V4_C1_F3_P10_C50_S7008_1788685865664,0.0,0.0,0.0,0.0,0.0,0.0,0.0,0.0,0.0,0.0,0.0,990.8081682598214,869.0797996752563,0,PASS
CHARGEPAYMENT_V4_C1_F3_P10_C50_S7009,/Users/nischithacn/paper3-exactly-once/results/phase6/runs/CHARGEPAYMENT_V4_C1_F3_P10_C50_S7009/CHARGEPAYMENT_V4_C1_F3_P10_C50_S7009_1788686000355,0.0,0.0,0.0,0.0,0.0,0.0,0.0,0.0,0.0,0.0,0.0,1022.8249499305681,892.3612477769709,0,PASS
CHARGEPAYMENT_V4_C1_F8_P10_C50_S7000,/Users/nischithacn/paper3-exactly-once/results/phase6/runs/CHARGEPAYMENT_V4_C1_F8_P10_C50_S7000/CHARGEPAYMENT_V4_C1_F8_P10_C50_S7000_1788684869043,0.0,0.0,0.0,0.0,0.0,0.0,0.0,0.0,0.0,0.0,0.0,693.184477495118,622.6466231343425,0,PASS
CHARGEPAYMENT_V4_C1_F8_P10_C50_S7001,/Users/nischithacn/paper3-exactly-once/results/phase6/runs/CHARGEPAYMENT_V4_C1_F8_P10_C50_S7001/CHARGEPAYMENT_V4_C1_F8_P10_C50_S7001_1788684993496,0.0,0.0,0.0,0.0,0.0,0.0,0.0,0.0,0.0,0.0,0.0,679.7979172430173,604.8188949608971,0,PASS
CHARGEPAYMENT_V4_C1_F8_P10_C50_S7002,/Users/nischithacn/paper3-exactly-once/results/phase6/runs/CHARGEPAYMENT_V4_C1_F8_P10_C50_S7002/CHARGEPAYMENT_V4_C1_F8_P10_C50_S7002_1788685127674,0.0,0.0,0.0,0.0,0.0,0.0,0.0,0.0,0.0,0.0,0.0,692.3462166863483,614.839889720905,0,PASS
CHARGEPAYMENT_V4_C1_F8_P10_C50_S7003,/Users/nischithacn/paper3-exactly-once/results/phase6/runs/CHARGEPAYMENT_V4_C1_F8_P10_C50_S7003/CHARGEPAYMENT_V4_C1_F8_P10_C50_S7003_1788685241132,0.0,0.0,0.0,0.0,0.0,0.0,0.0,0.0,0.0,0.0,0.0,692.6033261936291,621.1328250621635,0,PASS
CHARGEPAYMENT_V4_C1_F8_P10_C50_S7004,/Users/nischithacn/paper3-exactly-once/results/phase6/runs/CHARGEPAYMENT_V4_C1_F8_P10_C50_S7004/CHARGEPAYMENT_V4_C1_F8_P10_C50_S7004_1788685376305,0.0,0.0,0.0,0.0,0.0,0.0,0.0,0.0,0.0,0.0,0.0,716.0162174625029,631.5023826797203,0,PASS
CHARGEPAYMENT_V4_C1_F8_P10_C50_S7005,/Users/nischithacn/paper3-exactly-once/results/phase6/runs/CHARGEPAYMENT_V4_C1_F8_P10_C50_S7005/CHARGEPAYMENT_V4_C1_F8_P10_C50_S7005_1788685509148,0.0,0.0,0.0,0.0,0.0,0.0,0.0,0.0,0.0,0.0,0.0,688.8521644485286,622.7565167028,0,PASS
CHARGEPAYMENT_V4_C1_F8_P10_C50_S7006,/Users/nischithacn/paper3-exactly-once/results/phase6/runs/CHARGEPAYMENT_V4_C1_F8_P10_C50_S7006/CHARGEPAYMENT_V4_C1_F8_P10_C50_S7006_1788685634832,0.0,0.0,0.0,0.0,0.0,0.0,0.0,0.0,0.0,0.0,0.0,704.1999645944384,620.7433361431995,0,PASS
CHARGEPAYMENT_V4_C1_F8_P10_C50_S7007,/Users/nischithacn/paper3-exactly-once/results/phase6/runs/CHARGEPAYMENT_V4_C1_F8_P10_C50_S7007/CHARGEPAYMENT_V4_C1_F8_P10_C50_S7007_1788685770337,0.0,0.0,0.0,0.0,0.0,0.0,0.0,0.0,0.0,0.0,0.0,749.8816974832476,663.2061851242725,0,PASS
CHARGEPAYMENT_V4_C1_F8_P10_C50_S7008,/Users/nischithacn/paper3-exactly-once/results/phase6/runs/CHARGEPAYMENT_V4_C1_F8_P10_C50_S7008/CHARGEPAYMENT_V4_C1_F8_P10_C50_S7008_1788685877786,0.0,0.0,0.0,0.0,0.0,0.0,0.0,0.0,0.0,0.0,0.0,684.8605836600908,611.6284956632135,0,PASS
CHARGEPAYMENT_V4_C1_F8_P10_C50_S7009,/Users/nischithacn/paper3-exactly-once/results/phase6/runs/CHARGEPAYMENT_V4_C1_F8_P10_C50_S7009/CHARGEPAYMENT_V4_C1_F8_P10_C50_S7009_1788686012183,0.0,0.0,0.0,0.0,0.0,0.0,0.0,0.0,0.0,0.0,0.0,699.0519715636802,612.6639652004045,0,PASS
CHARGEPAYMENT_V5_C2_F3_P10_C50_S7000,/Users/nischithacn/paper3-exactly-once/results/phase6/runs/CHARGEPAYMENT_V5_C2_F3_P10_C50_S7000/CHARGEPAYMENT_V5_C2_F3_P10_C50_S7000_1788684885704,0.0,0.0,0.0,0.0,0.0,0.0,0.0,0.0,0.0,0.0,0.0,1350.1868910797486,1162.2544517090705,0,PASS
CHARGEPAYMENT_V5_C2_F3_P10_C50_S7001,/Users/nischithacn/paper3-exactly-once/results/phase6/runs/CHARGEPAYMENT_V5_C2_F3_P10_C50_S7001/CHARGEPAYMENT_V5_C2_F3_P10_C50_S7001_1788685010625,0.0,0.0,0.0,0.0,0.0,0.0,0.0,0.0,0.0,0.0,0.0,1260.7022678732621,1086.1146755567281,0,PASS
CHARGEPAYMENT_V5_C2_F3_P10_C50_S7002,/Users/nischithacn/paper3-exactly-once/results/phase6/runs/CHARGEPAYMENT_V5_C2_F3_P10_C50_S7002/CHARGEPAYMENT_V5_C2_F3_P10_C50_S7002_1788685144549,0.0,0.0,0.0,0.0,0.0,0.0,0.0,0.0,0.0,0.0,0.0,1273.3397971237662,1105.9760753631415,0,PASS
CHARGEPAYMENT_V5_C2_F3_P10_C50_S7003,/Users/nischithacn/paper3-exactly-once/results/phase6/runs/CHARGEPAYMENT_V5_C2_F3_P10_C50_S7003/CHARGEPAYMENT_V5_C2_F3_P10_C50_S7003_1788685279553,0.0,0.0,0.0,0.0,0.0,0.0,0.0,0.0,0.0,0.0,0.0,941.7259809248974,752.1340840596143,0,PASS
CHARGEPAYMENT_V5_C2_F3_P10_C50_S7004,/Users/nischithacn/paper3-exactly-once/results/phase6/runs/CHARGEPAYMENT_V5_C2_F3_P10_C50_S7004/CHARGEPAYMENT_V5_C2_F3_P10_C50_S7004_1788685392740,0.0,0.0,0.0,0.0,0.0,0.0,0.0,0.0,0.0,0.0,0.0,1287.5456667236515,1128.1011826425622,0,PASS
CHARGEPAYMENT_V5_C2_F3_P10_C50_S7005,/Users/nischithacn/paper3-exactly-once/results/phase6/runs/CHARGEPAYMENT_V5_C2_F3_P10_C50_S7005/CHARGEPAYMENT_V5_C2_F3_P10_C50_S7005_1788685525805,0.0,0.0,0.0,0.0,0.0,0.0,0.0,0.0,0.0,0.0,0.0,1295.9738826735504,1126.5377643472075,0,PASS
CHARGEPAYMENT_V5_C2_F3_P10_C50_S7006,/Users/nischithacn/paper3-exactly-once/results/phase6/runs/CHARGEPAYMENT_V5_C2_F3_P10_C50_S7006/CHARGEPAYMENT_V5_C2_F3_P10_C50_S7006_1788685651555,0.0,0.0,0.0,0.0,0.0,0.0,0.0,0.0,0.0,0.0,0.0,1199.2644815558542,1037.5538321910226,0,PASS
CHARGEPAYMENT_V5_C2_F3_P10_C50_S7007,/Users/nischithacn/paper3-exactly-once/results/phase6/runs/CHARGEPAYMENT_V5_C2_F3_P10_C50_S7007/CHARGEPAYMENT_V5_C2_F3_P10_C50_S7007_1788685786019,0.0,0.0,0.0,0.0,0.0,0.0,0.0,0.0,0.0,0.0,0.0,1250.5116171682025,1081.0350224548515,0,PASS
CHARGEPAYMENT_V5_C2_F3_P10_C50_S7008,/Users/nischithacn/paper3-exactly-once/results/phase6/runs/CHARGEPAYMENT_V5_C2_F3_P10_C50_S7008/CHARGEPAYMENT_V5_C2_F3_P10_C50_S7008_1788685915129,0.0,0.0,0.0,0.0,0.0,0.0,0.0,0.0,0.0,0.0,0.0,887.4110402646587,717.0159065133729,0,PASS
CHARGEPAYMENT_V5_C2_F3_P10_C50_S7009,/Users/nischithacn/paper3-exactly-once/results/phase6/runs/CHARGEPAYMENT_V5_C2_F3_P10_C50_S7009/CHARGEPAYMENT_V5_C2_F3_P10_C50_S7009_1788686029127,0.0,0.0,0.0,0.0,0.0,0.0,0.0,0.0,0.0,0.0,0.0,1253.331029650366,1103.1444755719865,0,PASS
CHARGEPAYMENT_V5_C2_F8_P10_C50_S7000,/Users/nischithacn/paper3-exactly-once/results/phase6/runs/CHARGEPAYMENT_V5_C2_F8_P10_C50_S7000/CHARGEPAYMENT_V5_C2_F8_P10_C50_S7000_1788684894899,0.0,0.0,0.0,0.0,0.0,0.0,0.0,0.0,0.0,0.0,0.0,1086.5611172624044,961.918692846786,0,PASS
CHARGEPAYMENT_V5_C2_F8_P10_C50_S7001,/Users/nischithacn/paper3-exactly-once/results/phase6/runs/CHARGEPAYMENT_V5_C2_F8_P10_C50_S7001/CHARGEPAYMENT_V5_C2_F8_P10_C50_S7001_1788685027473,0.0,0.0,0.0,0.0,0.0,0.0,0.0,0.0,0.0,0.0,0.0,1082.6384304191813,957.7085417322988,0,PASS
CHARGEPAYMENT_V5_C2_F8_P10_C50_S7002,/Users/nischithacn/paper3-exactly-once/results/phase6/runs/CHARGEPAYMENT_V5_C2_F8_P10_C50_S7002/CHARGEPAYMENT_V5_C2_F8_P10_C50_S7002_1788685154192,0.0,0.0,0.0,0.0,0.0,0.0,0.0,0.0,0.0,0.0,0.0,996.6520241832893,893.5113304427049,0,PASS
CHARGEPAYMENT_V5_C2_F8_P10_C50_S7003,/Users/nischithacn/paper3-exactly-once/results/phase6/runs/CHARGEPAYMENT_V5_C2_F8_P10_C50_S7003/CHARGEPAYMENT_V5_C2_F8_P10_C50_S7003_1788685293443,0.0,0.0,0.0,0.0,0.0,0.0,0.0,0.0,0.0,0.0,0.0,1074.1182637831985,941.5524832679462,0,PASS
CHARGEPAYMENT_V5_C2_F8_P10_C50_S7004,/Users/nischithacn/paper3-exactly-once/results/phase6/runs/CHARGEPAYMENT_V5_C2_F8_P10_C50_S7004/CHARGEPAYMENT_V5_C2_F8_P10_C50_S7004_1788685402230,0.0,0.0,0.0,0.0,0.0,0.0,0.0,0.0,0.0,0.0,0.0,1017.2420458480494,899.8109718695798,0,PASS
CHARGEPAYMENT_V5_C2_F8_P10_C50_S7005,/Users/nischithacn/paper3-exactly-once/results/phase6/runs/CHARGEPAYMENT_V5_C2_F8_P10_C50_S7005/CHARGEPAYMENT_V5_C2_F8_P10_C50_S7005_1788685535292,0.0,0.0,0.0,0.0,0.0,0.0,0.0,0.0,0.0,0.0,0.0,1090.6862792899487,965.0082183107276,0,PASS
CHARGEPAYMENT_V5_C2_F8_P10_C50_S7006,/Users/nischithacn/paper3-exactly-once/results/phase6/runs/CHARGEPAYMENT_V5_C2_F8_P10_C50_S7006/CHARGEPAYMENT_V5_C2_F8_P10_C50_S7006_1788685668898,0.0,0.0,0.0,0.0,0.0,0.0,0.0,0.0,0.0,0.0,0.0,1071.2637868922932,943.2863324118704,0,PASS
CHARGEPAYMENT_V5_C2_F8_P10_C50_S7007,/Users/nischithacn/paper3-exactly-once/results/phase6/runs/CHARGEPAYMENT_V5_C2_F8_P10_C50_S7007/CHARGEPAYMENT_V5_C2_F8_P10_C50_S7007_1788685795876,0.0,0.0,0.0,0.0,0.0,0.0,0.0,0.0,0.0,0.0,0.0,1017.3474024011539,904.5496671977257,0,PASS
CHARGEPAYMENT_V5_C2_F8_P10_C50_S7008,/Users/nischithacn/paper3-exactly-once/results/phase6/runs/CHARGEPAYMENT_V5_C2_F8_P10_C50_S7008/CHARGEPAYMENT_V5_C2_F8_P10_C50_S7008_1788685929654,0.0,0.0,0.0,0.0,0.0,0.0,0.0,0.0,0.0,0.0,0.0,1098.9502301235168,966.1580783573426,0,PASS
CHARGEPAYMENT_V5_C2_F8_P10_C50_S7009,/Users/nischithacn/paper3-exactly-once/results/phase6/runs/CHARGEPAYMENT_V5_C2_F8_P10_C50_S7009/CHARGEPAYMENT_V5_C2_F8_P10_C50_S7009_1788686038786,0.0,0.0,0.0,0.0,0.0,0.0,0.0,0.0,0.0,0.0,0.0,978.0976344462044,866.3496409319503,0,PASS
CREATEORDER_V0_C0_F0_P0_C100_S7000,/Users/nischithacn/paper3-exactly-once/results/phase6/runs/CREATEORDER_V0_C0_F0_P0_C100_S7000/CREATEORDER_V0_C0_F0_P0_C100_S7000_1788132715775,0.0,0.0,0.0,0.0,0.0,0.0,0.0,0.0,0.0,0.0,0.0,1858.698706525434,1625.493202993264,0,PASS
CREATEORDER_V0_C0_F0_P0_C100_S7001,/Users/nischithacn/paper3-exactly-once/results/phase6/runs/CREATEORDER_V0_C0_F0_P0_C100_S7001/CREATEORDER_V0_C0_F0_P0_C100_S7001_1788319561121,0.0,0.0,0.0,0.0,0.0,0.0,0.0,0.0,0.0,0.0,0.0,1749.8286802416942,1535.7633177259975,0,PASS
CREATEORDER_V0_C0_F0_P0_C100_S7002,/Users/nischithacn/paper3-exactly-once/results/phase6/runs/CREATEORDER_V0_C0_F0_P0_C100_S7002/CREATEORDER_V0_C0_F0_P0_C100_S7002_1788321325619,0.0,0.0,0.0,0.0,0.0,0.0,0.0,0.0,0.0,0.0,0.0,1722.6300132025872,1500.8198448249013,0,PASS
CREATEORDER_V0_C0_F0_P0_C100_S7003,/Users/nischithacn/paper3-exactly-once/results/phase6/runs/CREATEORDER_V0_C0_F0_P0_C100_S7003/CREATEORDER_V0_C0_F0_P0_C100_S7003_1788324146217,0.0,0.0,0.0,0.0,0.0,0.0,0.0,0.0,0.0,0.0,0.0,899.5985837646922,812.2302238937986,0,PASS
CREATEORDER_V0_C0_F0_P0_C100_S7004,/Users/nischithacn/paper3-exactly-once/results/phase6/runs/CREATEORDER_V0_C0_F0_P0_C100_S7004/CREATEORDER_V0_C0_F0_P0_C100_S7004_1788325561153,0.0,0.0,0.0,0.0,0.0,0.0,0.0,0.0,0.0,0.0,0.0,1178.2092702505772,949.130839970375,0,PASS
CREATEORDER_V0_C0_F0_P0_C100_S7005,/Users/nischithacn/paper3-exactly-once/results/phase6/runs/CREATEORDER_V0_C0_F0_P0_C100_S7005/CREATEORDER_V0_C0_F0_P0_C100_S7005_1788326322920,0.0,0.0,0.0,0.0,0.0,0.0,0.0,0.0,0.0,0.0,0.0,1726.0622517627892,1507.198489259815,0,PASS
CREATEORDER_V0_C0_F0_P0_C100_S7006,/Users/nischithacn/paper3-exactly-once/results/phase6/runs/CREATEORDER_V0_C0_F0_P0_C100_S7006/CREATEORDER_V0_C0_F0_P0_C100_S7006_1788326991887,0.0,0.0,0.0,0.0,0.0,0.0,0.0,0.0,0.0,0.0,0.0,1714.7781618509791,1511.8904412338266,0,PASS
CREATEORDER_V0_C0_F0_P0_C100_S7007,/Users/nischithacn/paper3-exactly-once/results/phase6/runs/CREATEORDER_V0_C0_F0_P0_C100_S7007/CREATEORDER_V0_C0_F0_P0_C100_S7007_1788329588636,0.0,0.0,0.0,0.0,0.0,0.0,0.0,0.0,0.0,0.0,0.0,1693.1500574050913,1485.6097389146887,0,PASS
CREATEORDER_V0_C0_F0_P0_C100_S7008,/Users/nischithacn/paper3-exactly-once/results/phase6/runs/CREATEORDER_V0_C0_F0_P0_C100_S7008/CREATEORDER_V0_C0_F0_P0_C100_S7008_1788330351364,0.0,0.0,0.0,0.0,0.0,0.0,0.0,0.0,0.0,0.0,0.0,1692.2323570834017,1489.2332229744975,0,PASS
CREATEORDER_V0_C0_F0_P0_C100_S7009,/Users/nischithacn/paper3-exactly-once/results/phase6/runs/CREATEORDER_V0_C0_F0_P0_C100_S7009/CREATEORDER_V0_C0_F0_P0_C100_S7009_1788331053216,0.0,0.0,0.0,0.0,0.0,0.0,0.0,0.0,0.0,0.0,0.0,1122.638601558133,903.4816958591377,0,PASS
CREATEORDER_V0_C0_F0_P0_C10_S7000,/Users/nischithacn/paper3-exactly-once/results/phase6/runs/CREATEORDER_V0_C0_F0_P0_C10_S7000/CREATEORDER_V0_C0_F0_P0_C10_S7000_1788132700324,0.0,0.0,0.0,0.0,0.0,0.0,0.0,0.0,0.0,0.0,0.0,1424.4009985706082,1281.331931404037,0,PASS
CREATEORDER_V0_C0_F0_P0_C10_S7001,/Users/nischithacn/paper3-exactly-once/results/phase6/runs/CREATEORDER_V0_C0_F0_P0_C10_S7001/CREATEORDER_V0_C0_F0_P0_C10_S7001_1788319545036,0.0,0.0,0.0,0.0,0.0,0.0,0.0,0.0,0.0,0.0,0.0,1394.7802221463805,1200.1147952212912,0,PASS
CREATEORDER_V0_C0_F0_P0_C10_S7002,/Users/nischithacn/paper3-exactly-once/results/phase6/runs/CREATEORDER_V0_C0_F0_P0_C10_S7002/CREATEORDER_V0_C0_F0_P0_C10_S7002_1788321306227,0.0,0.0,0.0,0.0,0.0,0.0,0.0,0.0,0.0,0.0,0.0,1088.3880936585308,870.8836625491085,0,PASS
CREATEORDER_V0_C0_F0_P0_C10_S7003,/Users/nischithacn/paper3-exactly-once/results/phase6/runs/CREATEORDER_V0_C0_F0_P0_C10_S7003/CREATEORDER_V0_C0_F0_P0_C10_S7003_1788323189296,0.0,0.0,0.0,0.0,0.0,0.0,0.0,0.0,0.0,0.0,0.0,10.671948216596501,10.6612352459062,0,PASS
CREATEORDER_V0_C0_F0_P0_C10_S7004,/Users/nischithacn/paper3-exactly-once/results/phase6/runs/CREATEORDER_V0_C0_F0_P0_C10_S7004/CREATEORDER_V0_C0_F0_P0_C10_S7004_1788325525336,0.0,0.0,0.0,0.0,0.0,0.0,0.0,0.0,0.0,0.0,0.0,1505.2927266325985,1335.9485960162888,0,PASS
CREATEORDER_V0_C0_F0_P0_C10_S7005,/Users/nischithacn/paper3-exactly-once/results/phase6/runs/CREATEORDER_V0_C0_F0_P0_C10_S7005/CREATEORDER_V0_C0_F0_P0_C10_S7005_1788326307644,0.0,0.0,0.0,0.0,0.0,0.0,0.0,0.0,0.0,0.0,0.0,1456.838689802997,1287.5185930731732,0,PASS
CREATEORDER_V0_C0_F0_P0_C10_S7006,/Users/nischithacn/paper3-exactly-once/results/phase6/runs/CREATEORDER_V0_C0_F0_P0_C10_S7006/CREATEORDER_V0_C0_F0_P0_C10_S7006_1788326976853,0.0,0.0,0.0,0.0,0.0,0.0,0.0,0.0,0.0,0.0,0.0,1497.6649510707189,1325.6449811523319,0,PASS
CREATEORDER_V0_C0_F0_P0_C10_S7007,/Users/nischithacn/paper3-exactly-once/results/phase6/runs/CREATEORDER_V0_C0_F0_P0_C10_S7007/CREATEORDER_V0_C0_F0_P0_C10_S7007_1788329569293,0.0,0.0,0.0,0.0,0.0,0.0,0.0,0.0,0.0,0.0,0.0,1081.548409269513,872.6887466162094,0,PASS
CREATEORDER_V0_C0_F0_P0_C10_S7008,/Users/nischithacn/paper3-exactly-once/results/phase6/runs/CREATEORDER_V0_C0_F0_P0_C10_S7008/CREATEORDER_V0_C0_F0_P0_C10_S7008_1788330329286,0.0,0.0,0.0,0.0,0.0,0.0,0.0,0.0,0.0,0.0,0.0,1489.5501813468707,1317.984110612645,0,PASS
CREATEORDER_V0_C0_F0_P0_C10_S7009,/Users/nischithacn/paper3-exactly-once/results/phase6/runs/CREATEORDER_V0_C0_F0_P0_C10_S7009/CREATEORDER_V0_C0_F0_P0_C10_S7009_1788331016850,0.0,0.0,0.0,0.0,0.0,0.0,0.0,0.0,0.0,0.0,0.0,1459.6790623205768,1287.327489441549,0,PASS
CREATEORDER_V0_C0_F0_P0_C1_S7000,/Users/nischithacn/paper3-exactly-once/results/phase6/runs/CREATEORDER_V0_C0_F0_P0_C1_S7000/CREATEORDER_V0_C0_F0_P0_C1_S7000_1788132614627,0.0,0.0,0.0,0.0,0.0,0.0,0.0,0.0,0.0,0.0,0.0,129.68291483133476,119.09898499354789,0,PASS
CREATEORDER_V0_C0_F0_P0_C1_S7001,/Users/nischithacn/paper3-exactly-once/results/phase6/runs/CREATEORDER_V0_C0_F0_P0_C1_S7001/CREATEORDER_V0_C0_F0_P0_C1_S7001_1788319473897,0.0,0.0,0.0,0.0,0.0,0.0,0.0,0.0,0.0,0.0,0.0,161.55028595370925,141.38455354781232,0,PASS
CREATEORDER_V0_C0_F0_P0_C1_S7002,/Users/nischithacn/paper3-exactly-once/results/phase6/runs/CREATEORDER_V0_C0_F0_P0_C1_S7002/CREATEORDER_V0_C0_F0_P0_C1_S7002_1788321044726,0.0,0.0,0.0,0.0,0.0,0.0,0.0,0.0,0.0,0.0,0.0,70.55058559377592,67.86075947777834,0,PASS
CREATEORDER_V0_C0_F0_P0_C1_S7003,/Users/nischithacn/paper3-exactly-once/results/phase6/runs/CREATEORDER_V0_C0_F0_P0_C1_S7003/CREATEORDER_V0_C0_F0_P0_C1_S7003_1788322056687,0.0,0.0,0.0,0.0,0.0,0.0,0.0,0.0,0.0,0.0,0.0,8.875954091013924,8.83219197893775,0,PASS
CREATEORDER_V0_C0_F0_P0_C1_S7004,/Users/nischithacn/paper3-exactly-once/results/phase6/runs/CREATEORDER_V0_C0_F0_P0_C1_S7004/CREATEORDER_V0_C0_F0_P0_C1_S7004_1788325450715,0.0,0.0,0.0,0.0,0.0,0.0,0.0,0.0,0.0,0.0,0.0,149.54994060990768,134.72542989675117,0,PASS
CREATEORDER_V0_C0_F0_P0_C1_S7005,/Users/nischithacn/paper3-exactly-once/results/phase6/runs/CREATEORDER_V0_C0_F0_P0_C1_S7005/CREATEORDER_V0_C0_F0_P0_C1_S7005_1788326234365,0.0,0.0,0.0,0.0,0.0,0.0,0.0,0.0,0.0,0.0,0.0,151.27185396617287,137.23474269426424,0,PASS
CREATEORDER_V0_C0_F0_P0_C1_S7006,/Users/nischithacn/paper3-exactly-once/results/phase6/runs/CREATEORDER_V0_C0_F0_P0_C1_S7006/CREATEORDER_V0_C0_F0_P0_C1_S7006_1788326911581,0.0,0.0,0.0,0.0,0.0,0.0,0.0,0.0,0.0,0.0,0.0,170.18290154871528,154.15641602945428,0,PASS
CREATEORDER_V0_C0_F0_P0_C1_S7007,/Users/nischithacn/paper3-exactly-once/results/phase6/runs/CREATEORDER_V0_C0_F0_P0_C1_S7007/CREATEORDER_V0_C0_F0_P0_C1_S7007_1788329474060,0.0,0.0,0.0,0.0,0.0,0.0,0.0,0.0,0.0,0.0,0.0,149.20528208606052,135.34085527852838,0,PASS
CREATEORDER_V0_C0_F0_P0_C1_S7008,/Users/nischithacn/paper3-exactly-once/results/phase6/runs/CREATEORDER_V0_C0_F0_P0_C1_S7008/CREATEORDER_V0_C0_F0_P0_C1_S7008_1788330266500,0.0,0.0,0.0,0.0,0.0,0.0,0.0,0.0,0.0,0.0,0.0,176.225055605185,160.33208491958626,0,PASS
CREATEORDER_V0_C0_F0_P0_C1_S7009,/Users/nischithacn/paper3-exactly-once/results/phase6/runs/CREATEORDER_V0_C0_F0_P0_C1_S7009/CREATEORDER_V0_C0_F0_P0_C1_S7009_1788330948893,0.0,0.0,0.0,0.0,0.0,0.0,0.0,0.0,0.0,0.0,0.0,163.93695782411436,148.05894843702276,0,PASS
CREATEORDER_V0_C0_F0_P0_C50_S7000,/Users/nischithacn/paper3-exactly-once/results/phase6/runs/CREATEORDER_V0_C0_F0_P0_C50_S7000/CREATEORDER_V0_C0_F0_P0_C50_S7000_1788132708768,0.0,0.0,0.0,0.0,0.0,0.0,0.0,0.0,0.0,0.0,0.0,1767.7073805832472,1560.0942386332274,0,PASS
CREATEORDER_V0_C0_F0_P0_C50_S7001,/Users/nischithacn/paper3-exactly-once/results/phase6/runs/CREATEORDER_V0_C0_F0_P0_C50_S7001/CREATEORDER_V0_C0_F0_P0_C50_S7001_1788319553778,0.0,0.0,0.0,0.0,0.0,0.0,0.0,0.0,0.0,0.0,0.0,1642.8572771500678,1445.0277920304397,0,PASS
CREATEORDER_V0_C0_F0_P0_C50_S7002,/Users/nischithacn/paper3-exactly-once/results/phase6/runs/CREATEORDER_V0_C0_F0_P0_C50_S7002/CREATEORDER_V0_C0_F0_P0_C50_S7002_1788321318126,0.0,0.0,0.0,0.0,0.0,0.0,0.0,0.0,0.0,0.0,0.0,1625.4847616229238,1415.208037880018,0,PASS
CREATEORDER_V0_C0_F0_P0_C50_S7003,/Users/nischithacn/paper3-exactly-once/results/phase6/runs/CREATEORDER_V0_C0_F0_P0_C50_S7003/CREATEORDER_V0_C0_F0_P0_C50_S7003_1788324134950,0.0,0.0,0.0,0.0,0.0,0.0,0.0,0.0,0.0,0.0,0.0,1028.7711017999711,940.7290992332896,0,PASS
CREATEORDER_V0_C0_F0_P0_C50_S7004,/Users/nischithacn/paper3-exactly-once/results/phase6/runs/CREATEORDER_V0_C0_F0_P0_C50_S7004/CREATEORDER_V0_C0_F0_P0_C50_S7004_1788325533225,0.0,0.0,0.0,0.0,0.0,0.0,0.0,0.0,0.0,0.0,0.0,1754.5294240532482,1550.0353315181421,0,PASS
CREATEORDER_V0_C0_F0_P0_C50_S7005,/Users/nischithacn/paper3-exactly-once/results/phase6/runs/CREATEORDER_V0_C0_F0_P0_C50_S7005/CREATEORDER_V0_C0_F0_P0_C50_S7005_1788326315821,0.0,0.0,0.0,0.0,0.0,0.0,0.0,0.0,0.0,0.0,0.0,1711.7065056456918,1494.144706011644,0,PASS
CREATEORDER_V0_C0_F0_P0_C50_S7006,/Users/nischithacn/paper3-exactly-once/results/phase6/runs/CREATEORDER_V0_C0_F0_P0_C50_S7006/CREATEORDER_V0_C0_F0_P0_C50_S7006_1788326984812,0.0,0.0,0.0,0.0,0.0,0.0,0.0,0.0,0.0,0.0,0.0,1695.9014601445747,1501.07078642678,0,PASS
CREATEORDER_V0_C0_F0_P0_C50_S7007,/Users/nischithacn/paper3-exactly-once/results/phase6/runs/CREATEORDER_V0_C0_F0_P0_C50_S7007/CREATEORDER_V0_C0_F0_P0_C50_S7007_1788329581174,0.0,0.0,0.0,0.0,0.0,0.0,0.0,0.0,0.0,0.0,0.0,1615.1175132320097,1417.9747217164297,0,PASS
CREATEORDER_V0_C0_F0_P0_C50_S7008,/Users/nischithacn/paper3-exactly-once/results/phase6/runs/CREATEORDER_V0_C0_F0_P0_C50_S7008/CREATEORDER_V0_C0_F0_P0_C50_S7008_1788330344119,0.0,0.0,0.0,0.0,0.0,0.0,0.0,0.0,0.0,0.0,0.0,1688.5882734313088,1466.6382684908124,0,PASS
CREATEORDER_V0_C0_F0_P0_C50_S7009,/Users/nischithacn/paper3-exactly-once/results/phase6/runs/CREATEORDER_V0_C0_F0_P0_C50_S7009/CREATEORDER_V0_C0_F0_P0_C50_S7009_1788331025029,0.0,0.0,0.0,0.0,0.0,0.0,0.0,0.0,0.0,0.0,0.0,1638.8469058691358,1454.3117425878645,0,PASS
CREATEORDER_V0_C0_F11_P0_C50_FAN10_S7000,/Users/nischithacn/paper3-exactly-once/results/phase6/runs/CREATEORDER_V0_C0_F11_P0_C50_FAN10_S7000/CREATEORDER_V0_C0_F11_P0_C50_FAN10_S7000_1788649387864,0.0,0.0,0.0,0.0,0.0,0.0,0.0,0.0,0.0,0.0,0.0,76.39225535787854,69.96063745040308,0,PASS
CREATEORDER_V0_C0_F11_P0_C50_FAN10_S7001,/Users/nischithacn/paper3-exactly-once/results/phase6/runs/CREATEORDER_V0_C0_F11_P0_C50_FAN10_S7001/CREATEORDER_V0_C0_F11_P0_C50_FAN10_S7001_1788651097731,0.0,0.0,0.0,0.0,0.0,0.0,0.0,0.0,0.0,0.0,0.0,73.67630913320926,66.89355227838085,0,PASS
CREATEORDER_V0_C0_F11_P0_C50_FAN10_S7002,/Users/nischithacn/paper3-exactly-once/results/phase6/runs/CREATEORDER_V0_C0_F11_P0_C50_FAN10_S7002/CREATEORDER_V0_C0_F11_P0_C50_FAN10_S7002_1788652798241,0.0,0.0,0.0,0.0,0.0,0.0,0.0,0.0,0.0,0.0,0.0,74.40697684478837,67.37015348118388,0,PASS
CREATEORDER_V0_C0_F11_P0_C50_FAN10_S7003,/Users/nischithacn/paper3-exactly-once/results/phase6/runs/CREATEORDER_V0_C0_F11_P0_C50_FAN10_S7003/CREATEORDER_V0_C0_F11_P0_C50_FAN10_S7003_1788654514538,0.0,0.0,0.0,0.0,0.0,0.0,0.0,0.0,0.0,0.0,0.0,69.30150335707162,62.74775760458585,0,PASS
CREATEORDER_V0_C0_F11_P0_C50_FAN10_S7004,/Users/nischithacn/paper3-exactly-once/results/phase6/runs/CREATEORDER_V0_C0_F11_P0_C50_FAN10_S7004/CREATEORDER_V0_C0_F11_P0_C50_FAN10_S7004_1788656330222,0.0,0.0,0.0,0.0,0.0,0.0,0.0,0.0,0.0,0.0,0.0,69.7010571323564,63.29235905334894,0,PASS
CREATEORDER_V0_C0_F11_P0_C50_FAN10_S7005,/Users/nischithacn/paper3-exactly-once/results/phase6/runs/CREATEORDER_V0_C0_F11_P0_C50_FAN10_S7005/CREATEORDER_V0_C0_F11_P0_C50_FAN10_S7005_1788658053956,0.0,0.0,0.0,0.0,0.0,0.0,0.0,0.0,0.0,0.0,0.0,74.3876766140097,67.42697042163945,0,PASS
CREATEORDER_V0_C0_F11_P0_C50_FAN10_S7006,/Users/nischithacn/paper3-exactly-once/results/phase6/runs/CREATEORDER_V0_C0_F11_P0_C50_FAN10_S7006/CREATEORDER_V0_C0_F11_P0_C50_FAN10_S7006_1788659741560,0.0,0.0,0.0,0.0,0.0,0.0,0.0,0.0,0.0,0.0,0.0,74.90732047347632,67.88325960778364,0,PASS
CREATEORDER_V0_C0_F11_P0_C50_FAN10_S7007,/Users/nischithacn/paper3-exactly-once/results/phase6/runs/CREATEORDER_V0_C0_F11_P0_C50_FAN10_S7007/CREATEORDER_V0_C0_F11_P0_C50_FAN10_S7007_1788661444699,0.0,0.0,0.0,0.0,0.0,0.0,0.0,0.0,0.0,0.0,0.0,73.75120049996525,66.86040943482034,0,PASS
CREATEORDER_V0_C0_F11_P0_C50_FAN10_S7008,/Users/nischithacn/paper3-exactly-once/results/phase6/runs/CREATEORDER_V0_C0_F11_P0_C50_FAN10_S7008/CREATEORDER_V0_C0_F11_P0_C50_FAN10_S7008_1788663138141,0.0,0.0,0.0,0.0,0.0,0.0,0.0,0.0,0.0,0.0,0.0,74.79421210580126,67.83943699146936,0,PASS
CREATEORDER_V0_C0_F11_P0_C50_FAN10_S7009,/Users/nischithacn/paper3-exactly-once/results/phase6/runs/CREATEORDER_V0_C0_F11_P0_C50_FAN10_S7009/CREATEORDER_V0_C0_F11_P0_C50_FAN10_S7009_1788664867648,0.0,0.0,0.0,0.0,0.0,0.0,0.0,0.0,0.0,0.0,0.0,77.70357399936815,70.44751334128219,0,PASS
CREATEORDER_V0_C0_F11_P0_C50_FAN2_S7000,/Users/nischithacn/paper3-exactly-once/results/phase6/runs/CREATEORDER_V0_C0_F11_P0_C50_FAN2_S7000/CREATEORDER_V0_C0_F11_P0_C50_FAN2_S7000_1788649283585,0.0,0.0,0.0,0.0,0.0,0.0,0.0,0.0,0.0,0.0,0.0,353.2154814325031,295.4820816597343,0,PASS
CREATEORDER_V0_C0_F11_P0_C50_FAN2_S7001,/Users/nischithacn/paper3-exactly-once/results/phase6/runs/CREATEORDER_V0_C0_F11_P0_C50_FAN2_S7001/CREATEORDER_V0_C0_F11_P0_C50_FAN2_S7001_1788650972873,0.0,0.0,0.0,0.0,0.0,0.0,0.0,0.0,0.0,0.0,0.0,280.64964278144856,239.6227872569474,0,PASS
CREATEORDER_V0_C0_F11_P0_C50_FAN2_S7002,/Users/nischithacn/paper3-exactly-once/results/phase6/runs/CREATEORDER_V0_C0_F11_P0_C50_FAN2_S7002/CREATEORDER_V0_C0_F11_P0_C50_FAN2_S7002_1788652674488,0.0,0.0,0.0,0.0,0.0,0.0,0.0,0.0,0.0,0.0,0.0,285.91637200520984,243.13295271968525,0,PASS
CREATEORDER_V0_C0_F11_P0_C50_FAN2_S7003,/Users/nischithacn/paper3-exactly-once/results/phase6/runs/CREATEORDER_V0_C0_F11_P0_C50_FAN2_S7003/CREATEORDER_V0_C0_F11_P0_C50_FAN2_S7003_1788654389218,0.0,0.0,0.0,0.0,0.0,0.0,0.0,0.0,0.0,0.0,0.0,281.0998149285567,239.09900434852742,0,PASS
CREATEORDER_V0_C0_F11_P0_C50_FAN2_S7004,/Users/nischithacn/paper3-exactly-once/results/phase6/runs/CREATEORDER_V0_C0_F11_P0_C50_FAN2_S7004/CREATEORDER_V0_C0_F11_P0_C50_FAN2_S7004_1788656194810,0.0,0.0,0.0,0.0,0.0,0.0,0.0,0.0,0.0,0.0,0.0,254.81260189183368,222.41747654247683,0,PASS
CREATEORDER_V0_C0_F11_P0_C50_FAN2_S7005,/Users/nischithacn/paper3-exactly-once/results/phase6/runs/CREATEORDER_V0_C0_F11_P0_C50_FAN2_S7005/CREATEORDER_V0_C0_F11_P0_C50_FAN2_S7005_1788657929948,0.0,0.0,0.0,0.0,0.0,0.0,0.0,0.0,0.0,0.0,0.0,280.6046671235896,238.9562772585682,0,PASS
CREATEORDER_V0_C0_F11_P0_C50_FAN2_S7006,/Users/nischithacn/paper3-exactly-once/results/phase6/runs/CREATEORDER_V0_C0_F11_P0_C50_FAN2_S7006/CREATEORDER_V0_C0_F11_P0_C50_FAN2_S7006_1788659618481,0.0,0.0,0.0,0.0,0.0,0.0,0.0,0.0,0.0,0.0,0.0,286.4009348148188,244.48896157844158,0,PASS
CREATEORDER_V0_C0_F11_P0_C50_FAN2_S7007,/Users/nischithacn/paper3-exactly-once/results/phase6/runs/CREATEORDER_V0_C0_F11_P0_C50_FAN2_S7007/CREATEORDER_V0_C0_F11_P0_C50_FAN2_S7007_1788661320376,0.0,0.0,0.0,0.0,0.0,0.0,0.0,0.0,0.0,0.0,0.0,283.640912529623,242.07215599467375,0,PASS
CREATEORDER_V0_C0_F11_P0_C50_FAN2_S7008,/Users/nischithacn/paper3-exactly-once/results/phase6/runs/CREATEORDER_V0_C0_F11_P0_C50_FAN2_S7008/CREATEORDER_V0_C0_F11_P0_C50_FAN2_S7008_1788663016136,0.0,0.0,0.0,0.0,0.0,0.0,0.0,0.0,0.0,0.0,0.0,288.20965409686545,246.03279318423822,0,PASS
CREATEORDER_V0_C0_F11_P0_C50_FAN2_S7009,/Users/nischithacn/paper3-exactly-once/results/phase6/runs/CREATEORDER_V0_C0_F11_P0_C50_FAN2_S7009/CREATEORDER_V0_C0_F11_P0_C50_FAN2_S7009_1788664746856,0.0,0.0,0.0,0.0,0.0,0.0,0.0,0.0,0.0,0.0,0.0,288.0501582457866,245.2422031802264,0,PASS
CREATEORDER_V0_C0_F11_P0_C50_FAN5_S7000,/Users/nischithacn/paper3-exactly-once/results/phase6/runs/CREATEORDER_V0_C0_F11_P0_C50_FAN5_S7000/CREATEORDER_V0_C0_F11_P0_C50_FAN5_S7000_1788649318539,0.0,0.0,0.0,0.0,0.0,0.0,0.0,0.0,0.0,0.0,0.0,163.75318394675148,148.48088863781837,0,PASS
CREATEORDER_V0_C0_F11_P0_C50_FAN5_S7001,/Users/nischithacn/paper3-exactly-once/results/phase6/runs/CREATEORDER_V0_C0_F11_P0_C50_FAN5_S7001/CREATEORDER_V0_C0_F11_P0_C50_FAN5_S7001_1788651015679,0.0,0.0,0.0,0.0,0.0,0.0,0.0,0.0,0.0,0.0,0.0,137.51679372611105,124.86022636905551,0,PASS
CREATEORDER_V0_C0_F11_P0_C50_FAN5_S7002,/Users/nischithacn/paper3-exactly-once/results/phase6/runs/CREATEORDER_V0_C0_F11_P0_C50_FAN5_S7002/CREATEORDER_V0_C0_F11_P0_C50_FAN5_S7002_1788652716679,0.0,0.0,0.0,0.0,0.0,0.0,0.0,0.0,0.0,0.0,0.0,138.56548457225134,125.61253233988788,0,PASS
CREATEORDER_V0_C0_F11_P0_C50_FAN5_S7003,/Users/nischithacn/paper3-exactly-once/results/phase6/runs/CREATEORDER_V0_C0_F11_P0_C50_FAN5_S7003/CREATEORDER_V0_C0_F11_P0_C50_FAN5_S7003_1788654432107,0.0,0.0,0.0,0.0,0.0,0.0,0.0,0.0,0.0,0.0,0.0,137.06427401814642,124.32078723298729,0,PASS
CREATEORDER_V0_C0_F11_P0_C50_FAN5_S7004,/Users/nischithacn/paper3-exactly-once/results/phase6/runs/CREATEORDER_V0_C0_F11_P0_C50_FAN5_S7004/CREATEORDER_V0_C0_F11_P0_C50_FAN5_S7004_1788656240919,0.0,0.0,0.0,0.0,0.0,0.0,0.0,0.0,0.0,0.0,0.0,126.31113782773147,114.51552659974615,0,PASS
CREATEORDER_V0_C0_F11_P0_C50_FAN5_S7005,/Users/nischithacn/paper3-exactly-once/results/phase6/runs/CREATEORDER_V0_C0_F11_P0_C50_FAN5_S7005/CREATEORDER_V0_C0_F11_P0_C50_FAN5_S7005_1788657972859,0.0,0.0,0.0,0.0,0.0,0.0,0.0,0.0,0.0,0.0,0.0,139.10924023665285,126.35630034467796,0,PASS
CREATEORDER_V0_C0_F11_P0_C50_FAN5_S7006,/Users/nischithacn/paper3-exactly-once/results/phase6/runs/CREATEORDER_V0_C0_F11_P0_C50_FAN5_S7006/CREATEORDER_V0_C0_F11_P0_C50_FAN5_S7006_1788659660469,0.0,0.0,0.0,0.0,0.0,0.0,0.0,0.0,0.0,0.0,0.0,139.36297607555682,126.3989311849411,0,PASS
CREATEORDER_V0_C0_F11_P0_C50_FAN5_S7007,/Users/nischithacn/paper3-exactly-once/results/phase6/runs/CREATEORDER_V0_C0_F11_P0_C50_FAN5_S7007/CREATEORDER_V0_C0_F11_P0_C50_FAN5_S7007_1788661362753,0.0,0.0,0.0,0.0,0.0,0.0,0.0,0.0,0.0,0.0,0.0,137.65411248989614,124.98754796760974,0,PASS
CREATEORDER_V0_C0_F11_P0_C50_FAN5_S7008,/Users/nischithacn/paper3-exactly-once/results/phase6/runs/CREATEORDER_V0_C0_F11_P0_C50_FAN5_S7008/CREATEORDER_V0_C0_F11_P0_C50_FAN5_S7008_1788663057838,0.0,0.0,0.0,0.0,0.0,0.0,0.0,0.0,0.0,0.0,0.0,140.2894945865977,127.61806687094524,0,PASS
CREATEORDER_V0_C0_F11_P0_C50_FAN5_S7009,/Users/nischithacn/paper3-exactly-once/results/phase6/runs/CREATEORDER_V0_C0_F11_P0_C50_FAN5_S7009/CREATEORDER_V0_C0_F11_P0_C50_FAN5_S7009_1788664788682,0.0,0.0,0.0,0.0,0.0,0.0,0.0,0.0,0.0,0.0,0.0,143.25381660584856,129.83658822770056,0,PASS
CREATEORDER_V0_C0_F1_P10_C50_S7000,/Users/nischithacn/paper3-exactly-once/results/phase6/runs/CREATEORDER_V0_C0_F1_P10_C50_S7000/CREATEORDER_V0_C0_F1_P10_C50_S7000_1788676960446,0.0,0.0,0.0,0.0,0.0,0.0,0.0,0.0,0.0,0.0,0.0,1227.7622890785403,941.4254500524704,0,PASS
CREATEORDER_V0_C0_F1_P10_C50_S7001,/Users/nischithacn/paper3-exactly-once/results/phase6/runs/CREATEORDER_V0_C0_F1_P10_C50_S7001/CREATEORDER_V0_C0_F1_P10_C50_S7001_1788677180673,0.0,0.0,0.0,0.0,0.0,0.0,0.0,0.0,0.0,0.0,0.0,1864.1813428084129,1650.7885230260435,0,PASS
CREATEORDER_V0_C0_F1_P10_C50_S7002,/Users/nischithacn/paper3-exactly-once/results/phase6/runs/CREATEORDER_V0_C0_F1_P10_C50_S7002/CREATEORDER_V0_C0_F1_P10_C50_S7002_1788677422628,0.0,0.0,0.0,0.0,0.0,0.0,0.0,0.0,0.0,0.0,0.0,1940.8577349351606,1691.5221882468054,0,PASS
CREATEORDER_V0_C0_F1_P10_C50_S7003,/Users/nischithacn/paper3-exactly-once/results/phase6/runs/CREATEORDER_V0_C0_F1_P10_C50_S7003/CREATEORDER_V0_C0_F1_P10_C50_S7003_1788677659380,0.0,0.0,0.0,0.0,0.0,0.0,0.0,0.0,0.0,0.0,0.0,1724.2945190730397,1522.9100563853433,0,PASS
CREATEORDER_V0_C0_F1_P10_C50_S7004,/Users/nischithacn/paper3-exactly-once/results/phase6/runs/CREATEORDER_V0_C0_F1_P10_C50_S7004/CREATEORDER_V0_C0_F1_P10_C50_S7004_1788677905645,0.0,0.0,0.0,0.0,0.0,0.0,0.0,0.0,0.0,0.0,0.0,1844.1157997920793,1639.2440185706555,0,PASS
CREATEORDER_V0_C0_F1_P10_C50_S7005,/Users/nischithacn/paper3-exactly-once/results/phase6/runs/CREATEORDER_V0_C0_F1_P10_C50_S7005/CREATEORDER_V0_C0_F1_P10_C50_S7005_1788678150671,0.0,0.0,0.0,0.0,0.0,0.0,0.0,0.0,0.0,0.0,0.0,1114.0667480012796,902.144718345947,0,PASS
CREATEORDER_V0_C0_F1_P10_C50_S7006,/Users/nischithacn/paper3-exactly-once/results/phase6/runs/CREATEORDER_V0_C0_F1_P10_C50_S7006/CREATEORDER_V0_C0_F1_P10_C50_S7006_1788678379764,0.0,0.0,0.0,0.0,0.0,0.0,0.0,0.0,0.0,0.0,0.0,1745.655530629997,1546.555505629843,0,PASS
CREATEORDER_V0_C0_F1_P10_C50_S7007,/Users/nischithacn/paper3-exactly-once/results/phase6/runs/CREATEORDER_V0_C0_F1_P10_C50_S7007/CREATEORDER_V0_C0_F1_P10_C50_S7007_1788678634346,0.0,0.0,0.0,0.0,0.0,0.0,0.0,0.0,0.0,0.0,0.0,1811.5728482620548,1603.9768400084056,0,PASS
CREATEORDER_V0_C0_F1_P10_C50_S7008,/Users/nischithacn/paper3-exactly-once/results/phase6/runs/CREATEORDER_V0_C0_F1_P10_C50_S7008/CREATEORDER_V0_C0_F1_P10_C50_S7008_1788678880859,0.0,0.0,0.0,0.0,0.0,0.0,0.0,0.0,0.0,0.0,0.0,1651.876863198985,1469.0811136340847,0,PASS
CREATEORDER_V0_C0_F1_P10_C50_S7009,/Users/nischithacn/paper3-exactly-once/results/phase6/runs/CREATEORDER_V0_C0_F1_P10_C50_S7009/CREATEORDER_V0_C0_F1_P10_C50_S7009_1788679135998,0.0,0.0,0.0,0.0,0.0,0.0,0.0,0.0,0.0,0.0,0.0,1802.9908048115474,1600.4581389570135,0,PASS
CREATEORDER_V0_C0_F2_P10_C50_S7000,/Users/nischithacn/paper3-exactly-once/results/phase6/runs/CREATEORDER_V0_C0_F2_P10_C50_S7000/CREATEORDER_V0_C0_F2_P10_C50_S7000_1788677026780,0.0,0.0,0.0,0.0,0.0,0.0,0.0,0.0,0.0,0.0,0.0,1689.4294814608825,1490.0590882486947,0,PASS
CREATEORDER_V0_C0_F2_P10_C50_S7001,/Users/nischithacn/paper3-exactly-once/results/phase6/runs/CREATEORDER_V0_C0_F2_P10_C50_S7001/CREATEORDER_V0_C0_F2_P10_C50_S7001_1788677261383,0.0,0.0,0.0,0.0,0.0,0.0,0.0,0.0,0.0,0.0,0.0,1606.1081295002184,1417.6605118836903,0,PASS
CREATEORDER_V0_C0_F2_P10_C50_S7002,/Users/nischithacn/paper3-exactly-once/results/phase6/runs/CREATEORDER_V0_C0_F2_P10_C50_S7002/CREATEORDER_V0_C0_F2_P10_C50_S7002_1788677503413,0.0,0.0,0.0,0.0,0.0,0.0,0.0,0.0,0.0,0.0,0.0,1676.120904536168,1485.960111842102,0,PASS
CREATEORDER_V0_C0_F2_P10_C50_S7003,/Users/nischithacn/paper3-exactly-once/results/phase6/runs/CREATEORDER_V0_C0_F2_P10_C50_S7003/CREATEORDER_V0_C0_F2_P10_C50_S7003_1788677744166,0.0,0.0,0.0,0.0,0.0,0.0,0.0,0.0,0.0,0.0,0.0,1044.644298370331,858.6236723772125,0,PASS
CREATEORDER_V0_C0_F2_P10_C50_S7004,/Users/nischithacn/paper3-exactly-once/results/phase6/runs/CREATEORDER_V0_C0_F2_P10_C50_S7004/CREATEORDER_V0_C0_F2_P10_C50_S7004_1788677969305,0.0,0.0,0.0,0.0,0.0,0.0,0.0,0.0,0.0,0.0,0.0,1634.488719571837,1449.8397341503282,0,PASS
CREATEORDER_V0_C0_F2_P10_C50_S7005,/Users/nischithacn/paper3-exactly-once/results/phase6/runs/CREATEORDER_V0_C0_F2_P10_C50_S7005/CREATEORDER_V0_C0_F2_P10_C50_S7005_1788678220727,0.0,0.0,0.0,0.0,0.0,0.0,0.0,0.0,0.0,0.0,0.0,1644.8296132577618,1453.4737914248558,0,PASS
CREATEORDER_V0_C0_F2_P10_C50_S7006,/Users/nischithacn/paper3-exactly-once/results/phase6/runs/CREATEORDER_V0_C0_F2_P10_C50_S7006/CREATEORDER_V0_C0_F2_P10_C50_S7006_1788678464179,0.0,0.0,0.0,0.0,0.0,0.0,0.0,0.0,0.0,0.0,0.0,1506.8735434207338,1347.143346122559,0,PASS
CREATEORDER_V0_C0_F2_P10_C50_S7007,/Users/nischithacn/paper3-exactly-once/results/phase6/runs/CREATEORDER_V0_C0_F2_P10_C50_S7007/CREATEORDER_V0_C0_F2_P10_C50_S7007_1788678717824,0.0,0.0,0.0,0.0,0.0,0.0,0.0,0.0,0.0,0.0,0.0,1613.000782367895,1437.9989497265858,0,PASS
CREATEORDER_V0_C0_F2_P10_C50_S7008,/Users/nischithacn/paper3-exactly-once/results/phase6/runs/CREATEORDER_V0_C0_F2_P10_C50_S7008/CREATEORDER_V0_C0_F2_P10_C50_S7008_1788678968080,0.0,0.0,0.0,0.0,0.0,0.0,0.0,0.0,0.0,0.0,0.0,990.8240843041832,813.8779219209232,0,PASS
CREATEORDER_V0_C0_F2_P10_C50_S7009,/Users/nischithacn/paper3-exactly-once/results/phase6/runs/CREATEORDER_V0_C0_F2_P10_C50_S7009/CREATEORDER_V0_C0_F2_P10_C50_S7009_1788679201353,0.0,0.0,0.0,0.0,0.0,0.0,0.0,0.0,0.0,0.0,0.0,1582.7657827368014,1401.4391409352988,0,PASS
CREATEORDER_V0_C0_F3_P10_C10_S7000,/Users/nischithacn/paper3-exactly-once/results/phase6/runs/CREATEORDER_V0_C0_F3_P10_C10_S7000/CREATEORDER_V0_C0_F3_P10_C10_S7000_1788146414640,0.0,0.0,0.0,0.0,0.0,0.0,0.0,0.0,0.0,0.0,0.0,227.93734690169813,205.7341263578529,0,PASS
CREATEORDER_V0_C0_F3_P10_C10_S7001,/Users/nischithacn/paper3-exactly-once/results/phase6/runs/CREATEORDER_V0_C0_F3_P10_C10_S7001/CREATEORDER_V0_C0_F3_P10_C10_S7001_1788331957134,0.0,0.0,0.0,0.0,0.0,0.0,0.0,0.0,0.0,0.0,0.0,238.2985024768919,218.26068304054394,0,PASS
CREATEORDER_V0_C0_F3_P10_C10_S7002,/Users/nischithacn/paper3-exactly-once/results/phase6/runs/CREATEORDER_V0_C0_F3_P10_C10_S7002/CREATEORDER_V0_C0_F3_P10_C10_S7002_1788333400484,0.0,0.0,0.0,0.0,0.0,0.0,0.0,0.0,0.0,0.0,0.0,234.26740438906094,211.02021548392045,0,PASS
CREATEORDER_V0_C0_F3_P10_C10_S7003,/Users/nischithacn/paper3-exactly-once/results/phase6/runs/CREATEORDER_V0_C0_F3_P10_C10_S7003/CREATEORDER_V0_C0_F3_P10_C10_S7003_1788335610383,0.0,0.0,0.0,0.0,0.0,0.0,0.0,0.0,0.0,0.0,0.0,244.3266144908513,217.9968388695389,0,PASS
CREATEORDER_V0_C0_F3_P10_C10_S7004,/Users/nischithacn/paper3-exactly-once/results/phase6/runs/CREATEORDER_V0_C0_F3_P10_C10_S7004/CREATEORDER_V0_C0_F3_P10_C10_S7004_1788336924767,0.0,0.0,0.0,0.0,0.0,0.0,0.0,0.0,0.0,0.0,0.0,243.94013086887287,222.60757089415182,0,PASS
CREATEORDER_V0_C0_F3_P10_C10_S7005,/Users/nischithacn/paper3-exactly-once/results/phase6/runs/CREATEORDER_V0_C0_F3_P10_C10_S7005/CREATEORDER_V0_C0_F3_P10_C10_S7005_1788365368919,0.0,0.0,0.0,0.0,0.0,0.0,0.0,0.0,0.0,0.0,0.0,244.77743421611999,222.22263783662137,0,PASS
CREATEORDER_V0_C0_F3_P10_C10_S7006,/Users/nischithacn/paper3-exactly-once/results/phase6/runs/CREATEORDER_V0_C0_F3_P10_C10_S7006/CREATEORDER_V0_C0_F3_P10_C10_S7006_1788366841145,0.0,0.0,0.0,0.0,0.0,0.0,0.0,0.0,0.0,0.0,0.0,251.9317966143085,225.8682479342456,0,PASS
CREATEORDER_V0_C0_F3_P10_C10_S7007,/Users/nischithacn/paper3-exactly-once/results/phase6/runs/CREATEORDER_V0_C0_F3_P10_C10_S7007/CREATEORDER_V0_C0_F3_P10_C10_S7007_1788368327982,0.0,0.0,0.0,0.0,0.0,0.0,0.0,0.0,0.0,0.0,0.0,258.3278295345163,231.6560908192635,0,PASS
CREATEORDER_V0_C0_F3_P10_C10_S7008,/Users/nischithacn/paper3-exactly-once/results/phase6/runs/CREATEORDER_V0_C0_F3_P10_C10_S7008/CREATEORDER_V0_C0_F3_P10_C10_S7008_1788372473802,0.0,0.0,0.0,0.0,0.0,0.0,0.0,0.0,0.0,0.0,0.0,251.19188769137148,223.5281976184994,0,PASS
CREATEORDER_V0_C0_F3_P10_C10_S7009,/Users/nischithacn/paper3-exactly-once/results/phase6/runs/CREATEORDER_V0_C0_F3_P10_C10_S7009/CREATEORDER_V0_C0_F3_P10_C10_S7009_1788373779715,0.0,0.0,0.0,0.0,0.0,0.0,0.0,0.0,0.0,0.0,0.0,247.38285666454075,223.21361240810842,0,PASS
CREATEORDER_V0_C0_F3_P10_C50_S7000,/Users/nischithacn/paper3-exactly-once/results/phase6/runs/CREATEORDER_V0_C0_F3_P10_C50_S7000/CREATEORDER_V0_C0_F3_P10_C50_S7000_1788146464422,0.0,0.0,0.0,0.0,0.0,0.0,0.0,0.0,0.0,0.0,0.0,1150.3090127528867,1006.0114059129708,0,PASS
CREATEORDER_V0_C0_F3_P10_C50_S7001,/Users/nischithacn/paper3-exactly-once/results/phase6/runs/CREATEORDER_V0_C0_F3_P10_C50_S7001/CREATEORDER_V0_C0_F3_P10_C50_S7001_1788332010126,0.0,0.0,0.0,0.0,0.0,0.0,0.0,0.0,0.0,0.0,0.0,1103.239997331794,963.3434202211937,0,PASS
CREATEORDER_V0_C0_F3_P10_C50_S7002,/Users/nischithacn/paper3-exactly-once/results/phase6/runs/CREATEORDER_V0_C0_F3_P10_C50_S7002/CREATEORDER_V0_C0_F3_P10_C50_S7002_1788333448405,0.0,0.0,0.0,0.0,0.0,0.0,0.0,0.0,0.0,0.0,0.0,1053.8643704507497,913.5666334410113,0,PASS
CREATEORDER_V0_C0_F3_P10_C50_S7003,/Users/nischithacn/paper3-exactly-once/results/phase6/runs/CREATEORDER_V0_C0_F3_P10_C50_S7003/CREATEORDER_V0_C0_F3_P10_C50_S7003_1788335656789,0.0,0.0,0.0,0.0,0.0,0.0,0.0,0.0,0.0,0.0,0.0,1064.9507087210627,921.1957466507001,0,PASS
CREATEORDER_V0_C0_F3_P10_C50_S7004,/Users/nischithacn/paper3-exactly-once/results/phase6/runs/CREATEORDER_V0_C0_F3_P10_C50_S7004/CREATEORDER_V0_C0_F3_P10_C50_S7004_1788336970209,0.0,0.0,0.0,0.0,0.0,0.0,0.0,0.0,0.0,0.0,0.0,1124.4187171210447,984.3123390473208,0,PASS
CREATEORDER_V0_C0_F3_P10_C50_S7005,/Users/nischithacn/paper3-exactly-once/results/phase6/runs/CREATEORDER_V0_C0_F3_P10_C50_S7005/CREATEORDER_V0_C0_F3_P10_C50_S7005_1788365414456,0.0,0.0,0.0,0.0,0.0,0.0,0.0,0.0,0.0,0.0,0.0,1094.4595189183997,956.7255842064038,0,PASS
CREATEORDER_V0_C0_F3_P10_C50_S7006,/Users/nischithacn/paper3-exactly-once/results/phase6/runs/CREATEORDER_V0_C0_F3_P10_C50_S7006/CREATEORDER_V0_C0_F3_P10_C50_S7006_1788366892659,0.0,0.0,0.0,0.0,0.0,0.0,0.0,0.0,0.0,0.0,0.0,1100.3368638889347,960.5234468787163,0,PASS
CREATEORDER_V0_C0_F3_P10_C50_S7007,/Users/nischithacn/paper3-exactly-once/results/phase6/runs/CREATEORDER_V0_C0_F3_P10_C50_S7007/CREATEORDER_V0_C0_F3_P10_C50_S7007_1788368371671,0.0,0.0,0.0,0.0,0.0,0.0,0.0,0.0,0.0,0.0,0.0,1094.101708868742,961.7187773537743,0,PASS
CREATEORDER_V0_C0_F3_P10_C50_S7008,/Users/nischithacn/paper3-exactly-once/results/phase6/runs/CREATEORDER_V0_C0_F3_P10_C50_S7008/CREATEORDER_V0_C0_F3_P10_C50_S7008_1788372519066,0.0,0.0,0.0,0.0,0.0,0.0,0.0,0.0,0.0,0.0,0.0,1090.1241468882863,937.6471184988951,0,PASS
CREATEORDER_V0_C0_F3_P10_C50_S7009,/Users/nischithacn/paper3-exactly-once/results/phase6/runs/CREATEORDER_V0_C0_F3_P10_C50_S7009/CREATEORDER_V0_C0_F3_P10_C50_S7009_1788373825044,0.0,0.0,0.0,0.0,0.0,0.0,0.0,0.0,0.0,0.0,0.0,1118.7101188344643,980.886081449552,0,PASS
CREATEORDER_V0_C0_F3_P1_C10_S7000,/Users/nischithacn/paper3-exactly-once/results/phase6/runs/CREATEORDER_V0_C0_F3_P1_C10_S7000/CREATEORDER_V0_C0_F3_P1_C10_S7000_1788146358048,0.0,0.0,0.0,0.0,0.0,0.0,0.0,0.0,0.0,0.0,0.0,1047.3584981138674,927.1960879140129,0,PASS
CREATEORDER_V0_C0_F3_P1_C10_S7001,/Users/nischithacn/paper3-exactly-once/results/phase6/runs/CREATEORDER_V0_C0_F3_P1_C10_S7001/CREATEORDER_V0_C0_F3_P1_C10_S7001_1788331901152,0.0,0.0,0.0,0.0,0.0,0.0,0.0,0.0,0.0,0.0,0.0,872.5311306590979,704.7051029619831,0,PASS
CREATEORDER_V0_C0_F3_P1_C10_S7002,/Users/nischithacn/paper3-exactly-once/results/phase6/runs/CREATEORDER_V0_C0_F3_P1_C10_S7002/CREATEORDER_V0_C0_F3_P1_C10_S7002_1788333316063,0.0,0.0,0.0,0.0,0.0,0.0,0.0,0.0,0.0,0.0,0.0,968.181030728748,852.5467327000337,0,PASS
CREATEORDER_V0_C0_F3_P1_C10_S7003,/Users/nischithacn/paper3-exactly-once/results/phase6/runs/CREATEORDER_V0_C0_F3_P1_C10_S7003/CREATEORDER_V0_C0_F3_P1_C10_S7003_1788334705490,0.0,0.0,0.0,0.0,0.0,0.0,0.0,0.0,0.0,0.0,0.0,885.9955693715407,773.3499684330508,0,PASS
CREATEORDER_V0_C0_F3_P1_C10_S7004,/Users/nischithacn/paper3-exactly-once/results/phase6/runs/CREATEORDER_V0_C0_F3_P1_C10_S7004/CREATEORDER_V0_C0_F3_P1_C10_S7004_1788336861507,0.0,0.0,0.0,0.0,0.0,0.0,0.0,0.0,0.0,0.0,0.0,988.3453451554182,857.618599708071,0,PASS
CREATEORDER_V0_C0_F3_P1_C10_S7005,/Users/nischithacn/paper3-exactly-once/results/phase6/runs/CREATEORDER_V0_C0_F3_P1_C10_S7005/CREATEORDER_V0_C0_F3_P1_C10_S7005_1788365307946,0.0,0.0,0.0,0.0,0.0,0.0,0.0,0.0,0.0,0.0,0.0,990.6433970360936,857.0272231905138,0,PASS
CREATEORDER_V0_C0_F3_P1_C10_S7006,/Users/nischithacn/paper3-exactly-once/results/phase6/runs/CREATEORDER_V0_C0_F3_P1_C10_S7006/CREATEORDER_V0_C0_F3_P1_C10_S7006_1788366782956,0.0,0.0,0.0,0.0,0.0,0.0,0.0,0.0,0.0,0.0,0.0,867.8065750928805,711.7789469180873,0,PASS
CREATEORDER_V0_C0_F3_P1_C10_S7007,/Users/nischithacn/paper3-exactly-once/results/phase6/runs/CREATEORDER_V0_C0_F3_P1_C10_S7007/CREATEORDER_V0_C0_F3_P1_C10_S7007_1788368251780,0.0,0.0,0.0,0.0,0.0,0.0,0.0,0.0,0.0,0.0,0.0,1052.0203145097048,903.8124891799248,0,PASS
CREATEORDER_V0_C0_F3_P1_C10_S7008,/Users/nischithacn/paper3-exactly-once/results/phase6/runs/CREATEORDER_V0_C0_F3_P1_C10_S7008/CREATEORDER_V0_C0_F3_P1_C10_S7008_1788369573938,0.0,0.0,0.0,0.0,0.0,0.0,0.0,0.0,0.0,0.0,0.0,1053.398193580664,914.8099704006049,0,PASS
CREATEORDER_V0_C0_F3_P1_C10_S7009,/Users/nischithacn/paper3-exactly-once/results/phase6/runs/CREATEORDER_V0_C0_F3_P1_C10_S7009/CREATEORDER_V0_C0_F3_P1_C10_S7009_1788373717516,0.0,0.0,0.0,0.0,0.0,0.0,0.0,0.0,0.0,0.0,0.0,984.3134940326506,855.2019823751854,0,PASS
CREATEORDER_V0_C0_F3_P1_C50_S7000,/Users/nischithacn/paper3-exactly-once/results/phase6/runs/CREATEORDER_V0_C0_F3_P1_C50_S7000/CREATEORDER_V0_C0_F3_P1_C50_S7000_1788146369768,0.0,0.0,0.0,0.0,0.0,0.0,0.0,0.0,0.0,0.0,0.0,1676.2950058981803,1444.699837656992,0,PASS
CREATEORDER_V0_C0_F3_P1_C50_S7001,/Users/nischithacn/paper3-exactly-once/results/phase6/runs/CREATEORDER_V0_C0_F3_P1_C50_S7001/CREATEORDER_V0_C0_F3_P1_C50_S7001_1788331915773,0.0,0.0,0.0,0.0,0.0,0.0,0.0,0.0,0.0,0.0,0.0,1511.902321895928,1293.8657808719172,0,PASS
CREATEORDER_V0_C0_F3_P1_C50_S7002,/Users/nischithacn/paper3-exactly-once/results/phase6/runs/CREATEORDER_V0_C0_F3_P1_C50_S7002/CREATEORDER_V0_C0_F3_P1_C50_S7002_1788333328233,0.0,0.0,0.0,0.0,0.0,0.0,0.0,0.0,0.0,0.0,0.0,1204.6101114203695,1072.7842344783926,0,PASS
CREATEORDER_V0_C0_F3_P1_C50_S7003,/Users/nischithacn/paper3-exactly-once/results/phase6/runs/CREATEORDER_V0_C0_F3_P1_C50_S7003/CREATEORDER_V0_C0_F3_P1_C50_S7003_1788334718849,0.0,0.0,0.0,0.0,0.0,0.0,0.0,0.0,0.0,0.0,0.0,1085.0212676175772,938.736128403707,0,PASS
CREATEORDER_V0_C0_F3_P1_C50_S7004,/Users/nischithacn/paper3-exactly-once/results/phase6/runs/CREATEORDER_V0_C0_F3_P1_C50_S7004/CREATEORDER_V0_C0_F3_P1_C50_S7004_1788336880688,0.0,0.0,0.0,0.0,0.0,0.0,0.0,0.0,0.0,0.0,0.0,1606.6130971152506,1377.984867182597,0,PASS
CREATEORDER_V0_C0_F3_P1_C50_S7005,/Users/nischithacn/paper3-exactly-once/results/phase6/runs/CREATEORDER_V0_C0_F3_P1_C50_S7005/CREATEORDER_V0_C0_F3_P1_C50_S7005_1788365320039,0.0,0.0,0.0,0.0,0.0,0.0,0.0,0.0,0.0,0.0,0.0,1529.007571392716,1316.7770509866903,0,PASS
CREATEORDER_V0_C0_F3_P1_C50_S7006,/Users/nischithacn/paper3-exactly-once/results/phase6/runs/CREATEORDER_V0_C0_F3_P1_C50_S7006/CREATEORDER_V0_C0_F3_P1_C50_S7006_1788366797457,0.0,0.0,0.0,0.0,0.0,0.0,0.0,0.0,0.0,0.0,0.0,1444.759554183788,1238.877823452384,0,PASS
CREATEORDER_V0_C0_F3_P1_C50_S7007,/Users/nischithacn/paper3-exactly-once/results/phase6/runs/CREATEORDER_V0_C0_F3_P1_C50_S7007/CREATEORDER_V0_C0_F3_P1_C50_S7007_1788368263271,0.0,0.0,0.0,0.0,0.0,0.0,0.0,0.0,0.0,0.0,0.0,1552.7113784282717,1340.0441013163493,0,PASS
CREATEORDER_V0_C0_F3_P1_C50_S7008,/Users/nischithacn/paper3-exactly-once/results/phase6/runs/CREATEORDER_V0_C0_F3_P1_C50_S7008/CREATEORDER_V0_C0_F3_P1_C50_S7008_1788369585293,0.0,0.0,0.0,0.0,0.0,0.0,0.0,0.0,0.0,0.0,0.0,1546.012525922123,1337.6847140445311,0,PASS
CREATEORDER_V0_C0_F3_P1_C50_S7009,/Users/nischithacn/paper3-exactly-once/results/phase6/runs/CREATEORDER_V0_C0_F3_P1_C50_S7009/CREATEORDER_V0_C0_F3_P1_C50_S7009_1788373736343,0.0,0.0,0.0,0.0,0.0,0.0,0.0,0.0,0.0,0.0,0.0,1604.2004516219838,1379.957513944243,0,PASS
CREATEORDER_V0_C0_F3_P20_C10_S7000,/Users/nischithacn/paper3-exactly-once/results/phase6/runs/CREATEORDER_V0_C0_F3_P20_C10_S7000/CREATEORDER_V0_C0_F3_P20_C10_S7000_1788146475739,0.0,0.0,0.0,0.0,0.0,0.0,0.0,0.0,0.0,0.0,0.0,121.58542524027824,110.69569248193251,0,PASS
CREATEORDER_V0_C0_F3_P20_C10_S7001,/Users/nischithacn/paper3-exactly-once/results/phase6/runs/CREATEORDER_V0_C0_F3_P20_C10_S7001/CREATEORDER_V0_C0_F3_P20_C10_S7001_1788332021039,0.0,0.0,0.0,0.0,0.0,0.0,0.0,0.0,0.0,0.0,0.0,135.07247222324352,122.28816956488302,0,PASS
CREATEORDER_V0_C0_F3_P20_C10_S7002,/Users/nischithacn/paper3-exactly-once/results/phase6/runs/CREATEORDER_V0_C0_F3_P20_C10_S7002/CREATEORDER_V0_C0_F3_P20_C10_S7002_1788333459897,0.0,0.0,0.0,0.0,0.0,0.0,0.0,0.0,0.0,0.0,0.0,129.1978045641278,117.03715654811845,0,PASS
CREATEORDER_V0_C0_F3_P20_C10_S7003,/Users/nischithacn/paper3-exactly-once/results/phase6/runs/CREATEORDER_V0_C0_F3_P20_C10_S7003/CREATEORDER_V0_C0_F3_P20_C10_S7003_1788335668183,0.0,0.0,0.0,0.0,0.0,0.0,0.0,0.0,0.0,0.0,0.0,133.3105706828973,120.35353805893581,0,PASS
CREATEORDER_V0_C0_F3_P20_C10_S7004,/Users/nischithacn/paper3-exactly-once/results/phase6/runs/CREATEORDER_V0_C0_F3_P20_C10_S7004/CREATEORDER_V0_C0_F3_P20_C10_S7004_1788337001431,0.0,0.0,0.0,0.0,0.0,0.0,0.0,0.0,0.0,0.0,0.0,127.7292675890248,114.91926487534528,0,PASS
CREATEORDER_V0_C0_F3_P20_C10_S7005,/Users/nischithacn/paper3-exactly-once/results/phase6/runs/CREATEORDER_V0_C0_F3_P20_C10_S7005/CREATEORDER_V0_C0_F3_P20_C10_S7005_1788365425434,0.0,0.0,0.0,0.0,0.0,0.0,0.0,0.0,0.0,0.0,0.0,127.76161354792447,116.12788594292786,0,PASS
CREATEORDER_V0_C0_F3_P20_C10_S7006,/Users/nischithacn/paper3-exactly-once/results/phase6/runs/CREATEORDER_V0_C0_F3_P20_C10_S7006/CREATEORDER_V0_C0_F3_P20_C10_S7006_1788366903620,0.0,0.0,0.0,0.0,0.0,0.0,0.0,0.0,0.0,0.0,0.0,130.6462793004286,118.63796627967301,0,PASS
CREATEORDER_V0_C0_F3_P20_C10_S7007,/Users/nischithacn/paper3-exactly-once/results/phase6/runs/CREATEORDER_V0_C0_F3_P20_C10_S7007/CREATEORDER_V0_C0_F3_P20_C10_S7007_1788368382607,0.0,0.0,0.0,0.0,0.0,0.0,0.0,0.0,0.0,0.0,0.0,130.55869340104488,118.20300635531274,0,PASS
CREATEORDER_V0_C0_F3_P20_C10_S7008,/Users/nischithacn/paper3-exactly-once/results/phase6/runs/CREATEORDER_V0_C0_F3_P20_C10_S7008/CREATEORDER_V0_C0_F3_P20_C10_S7008_1788372530277,0.0,0.0,0.0,0.0,0.0,0.0,0.0,0.0,0.0,0.0,0.0,133.63949066474262,120.3943316911223,0,PASS
CREATEORDER_V0_C0_F3_P20_C10_S7009,/Users/nischithacn/paper3-exactly-once/results/phase6/runs/CREATEORDER_V0_C0_F3_P20_C10_S7009/CREATEORDER_V0_C0_F3_P20_C10_S7009_1788374219273,0.0,0.0,0.0,0.0,0.0,0.0,0.0,0.0,0.0,0.0,0.0,131.5882709549847,117.55409135241561,0,PASS
CREATEORDER_V0_C0_F3_P20_C50_S7000,/Users/nischithacn/paper3-exactly-once/results/phase6/runs/CREATEORDER_V0_C0_F3_P20_C50_S7000/CREATEORDER_V0_C0_F3_P20_C50_S7000_1788146567576,0.0,0.0,0.0,0.0,0.0,0.0,0.0,0.0,0.0,0.0,0.0,695.7388454017276,612.2701399905153,0,PASS
CREATEORDER_V0_C0_F3_P20_C50_S7001,/Users/nischithacn/paper3-exactly-once/results/phase6/runs/CREATEORDER_V0_C0_F3_P20_C50_S7001/CREATEORDER_V0_C0_F3_P20_C50_S7001_1788332103471,0.0,0.0,0.0,0.0,0.0,0.0,0.0,0.0,0.0,0.0,0.0,675.9465543269265,601.2770634988285,0,PASS
CREATEORDER_V0_C0_F3_P20_C50_S7002,/Users/nischithacn/paper3-exactly-once/results/phase6/runs/CREATEORDER_V0_C0_F3_P20_C50_S7002/CREATEORDER_V0_C0_F3_P20_C50_S7002_1788333553126,0.0,0.0,0.0,0.0,0.0,0.0,0.0,0.0,0.0,0.0,0.0,658.7070759140846,585.9212217703772,0,PASS
CREATEORDER_V0_C0_F3_P20_C50_S7003,/Users/nischithacn/paper3-exactly-once/results/phase6/runs/CREATEORDER_V0_C0_F3_P20_C50_S7003/CREATEORDER_V0_C0_F3_P20_C50_S7003_1788335751915,0.0,0.0,0.0,0.0,0.0,0.0,0.0,0.0,0.0,0.0,0.0,663.1541543944344,589.8787905227834,0,PASS
CREATEORDER_V0_C0_F3_P20_C50_S7004,/Users/nischithacn/paper3-exactly-once/results/phase6/runs/CREATEORDER_V0_C0_F3_P20_C50_S7004/CREATEORDER_V0_C0_F3_P20_C50_S7004_1788337089084,0.0,0.0,0.0,0.0,0.0,0.0,0.0,0.0,0.0,0.0,0.0,654.524407551266,579.971923594666,0,PASS
CREATEORDER_V0_C0_F3_P20_C50_S7005,/Users/nischithacn/paper3-exactly-once/results/phase6/runs/CREATEORDER_V0_C0_F3_P20_C50_S7005/CREATEORDER_V0_C0_F3_P20_C50_S7005_1788365512188,0.0,0.0,0.0,0.0,0.0,0.0,0.0,0.0,0.0,0.0,0.0,667.3915364879422,593.8389357659804,0,PASS
CREATEORDER_V0_C0_F3_P20_C50_S7006,/Users/nischithacn/paper3-exactly-once/results/phase6/runs/CREATEORDER_V0_C0_F3_P20_C50_S7006/CREATEORDER_V0_C0_F3_P20_C50_S7006_1788366988542,0.0,0.0,0.0,0.0,0.0,0.0,0.0,0.0,0.0,0.0,0.0,663.9953214044259,592.3207132504488,0,PASS
CREATEORDER_V0_C0_F3_P20_C50_S7007,/Users/nischithacn/paper3-exactly-once/results/phase6/runs/CREATEORDER_V0_C0_F3_P20_C50_S7007/CREATEORDER_V0_C0_F3_P20_C50_S7007_1788368474830,0.0,0.0,0.0,0.0,0.0,0.0,0.0,0.0,0.0,0.0,0.0,679.7640828838474,600.4569985484853,0,PASS
CREATEORDER_V0_C0_F3_P20_C50_S7008,/Users/nischithacn/paper3-exactly-once/results/phase6/runs/CREATEORDER_V0_C0_F3_P20_C50_S7008/CREATEORDER_V0_C0_F3_P20_C50_S7008_1788372613962,0.0,0.0,0.0,0.0,0.0,0.0,0.0,0.0,0.0,0.0,0.0,662.6127102465929,583.647244793274,0,PASS
CREATEORDER_V0_C0_F3_P20_C50_S7009,/Users/nischithacn/paper3-exactly-once/results/phase6/runs/CREATEORDER_V0_C0_F3_P20_C50_S7009/CREATEORDER_V0_C0_F3_P20_C50_S7009_1788374304989,0.0,0.0,0.0,0.0,0.0,0.0,0.0,0.0,0.0,0.0,0.0,675.3175324133751,597.0028841234065,0,PASS
CREATEORDER_V0_C0_F3_P5_C10_S7000,/Users/nischithacn/paper3-exactly-once/results/phase6/runs/CREATEORDER_V0_C0_F3_P5_C10_S7000/CREATEORDER_V0_C0_F3_P5_C10_S7000_1788146377696,0.0,0.0,0.0,0.0,0.0,0.0,0.0,0.0,0.0,0.0,0.0,414.74534123399235,370.2825851189183,0,PASS
CREATEORDER_V0_C0_F3_P5_C10_S7001,/Users/nischithacn/paper3-exactly-once/results/phase6/runs/CREATEORDER_V0_C0_F3_P5_C10_S7001/CREATEORDER_V0_C0_F3_P5_C10_S7001_1788331923944,0.0,0.0,0.0,0.0,0.0,0.0,0.0,0.0,0.0,0.0,0.0,466.2594162512823,419.0002166675496,0,PASS
CREATEORDER_V0_C0_F3_P5_C10_S7002,/Users/nischithacn/paper3-exactly-once/results/phase6/runs/CREATEORDER_V0_C0_F3_P5_C10_S7002/CREATEORDER_V0_C0_F3_P5_C10_S7002_1788333358940,0.0,0.0,0.0,0.0,0.0,0.0,0.0,0.0,0.0,0.0,0.0,381.4414067980009,331.4235166549897,0,PASS
CREATEORDER_V0_C0_F3_P5_C10_S7003,/Users/nischithacn/paper3-exactly-once/results/phase6/runs/CREATEORDER_V0_C0_F3_P5_C10_S7003/CREATEORDER_V0_C0_F3_P5_C10_S7003_1788334729968,0.0,0.0,0.0,0.0,0.0,0.0,0.0,0.0,0.0,0.0,0.0,414.1161918506478,370.3979753468825,0,PASS
CREATEORDER_V0_C0_F3_P5_C10_S7004,/Users/nischithacn/paper3-exactly-once/results/phase6/runs/CREATEORDER_V0_C0_F3_P5_C10_S7004/CREATEORDER_V0_C0_F3_P5_C10_S7004_1788336888390,0.0,0.0,0.0,0.0,0.0,0.0,0.0,0.0,0.0,0.0,0.0,417.8191306609019,371.6782885251538,0,PASS
CREATEORDER_V0_C0_F3_P5_C10_S7005,/Users/nischithacn/paper3-exactly-once/results/phase6/runs/CREATEORDER_V0_C0_F3_P5_C10_S7005/CREATEORDER_V0_C0_F3_P5_C10_S7005_1788365328065,0.0,0.0,0.0,0.0,0.0,0.0,0.0,0.0,0.0,0.0,0.0,452.55005883155945,403.1080433764716,0,PASS
CREATEORDER_V0_C0_F3_P5_C10_S7006,/Users/nischithacn/paper3-exactly-once/results/phase6/runs/CREATEORDER_V0_C0_F3_P5_C10_S7006/CREATEORDER_V0_C0_F3_P5_C10_S7006_1788366805956,0.0,0.0,0.0,0.0,0.0,0.0,0.0,0.0,0.0,0.0,0.0,442.525313773233,388.21199110846095,0,PASS
CREATEORDER_V0_C0_F3_P5_C10_S7007,/Users/nischithacn/paper3-exactly-once/results/phase6/runs/CREATEORDER_V0_C0_F3_P5_C10_S7007/CREATEORDER_V0_C0_F3_P5_C10_S7007_1788368291340,0.0,0.0,0.0,0.0,0.0,0.0,0.0,0.0,0.0,0.0,0.0,432.44868827940934,374.62231558777916,0,PASS
CREATEORDER_V0_C0_F3_P5_C10_S7008,/Users/nischithacn/paper3-exactly-once/results/phase6/runs/CREATEORDER_V0_C0_F3_P5_C10_S7008/CREATEORDER_V0_C0_F3_P5_C10_S7008_1788369593204,0.0,0.0,0.0,0.0,0.0,0.0,0.0,0.0,0.0,0.0,0.0,439.9650516423736,396.933007201834,0,PASS
CREATEORDER_V0_C0_F3_P5_C10_S7009,/Users/nischithacn/paper3-exactly-once/results/phase6/runs/CREATEORDER_V0_C0_F3_P5_C10_S7009/CREATEORDER_V0_C0_F3_P5_C10_S7009_1788373744035,0.0,0.0,0.0,0.0,0.0,0.0,0.0,0.0,0.0,0.0,0.0,416.10069978521375,380.41319510745,0,PASS
CREATEORDER_V0_C0_F3_P5_C50_S7000,/Users/nischithacn/paper3-exactly-once/results/phase6/runs/CREATEORDER_V0_C0_F3_P5_C50_S7000/CREATEORDER_V0_C0_F3_P5_C50_S7000_1788146405772,0.0,0.0,0.0,0.0,0.0,0.0,0.0,0.0,0.0,0.0,0.0,1512.1103182260404,1298.583398972472,0,PASS
CREATEORDER_V0_C0_F3_P5_C50_S7001,/Users/nischithacn/paper3-exactly-once/results/phase6/runs/CREATEORDER_V0_C0_F3_P5_C50_S7001/CREATEORDER_V0_C0_F3_P5_C50_S7001_1788331948277,0.0,0.0,0.0,0.0,0.0,0.0,0.0,0.0,0.0,0.0,0.0,1382.4449598371825,1192.2595840248,0,PASS
CREATEORDER_V0_C0_F3_P5_C50_S7002,/Users/nischithacn/paper3-exactly-once/results/phase6/runs/CREATEORDER_V0_C0_F3_P5_C50_S7002/CREATEORDER_V0_C0_F3_P5_C50_S7002_1788333389599,0.0,0.0,0.0,0.0,0.0,0.0,0.0,0.0,0.0,0.0,0.0,1099.4408906849374,961.3039489012077,0,PASS
CREATEORDER_V0_C0_F3_P5_C50_S7003,/Users/nischithacn/paper3-exactly-once/results/phase6/runs/CREATEORDER_V0_C0_F3_P5_C50_S7003/CREATEORDER_V0_C0_F3_P5_C50_S7003_1788334757441,0.0,0.0,0.0,0.0,0.0,0.0,0.0,0.0,0.0,0.0,0.0,1178.4152671541256,1039.5558518402709,0,PASS
CREATEORDER_V0_C0_F3_P5_C50_S7004,/Users/nischithacn/paper3-exactly-once/results/phase6/runs/CREATEORDER_V0_C0_F3_P5_C50_S7004/CREATEORDER_V0_C0_F3_P5_C50_S7004_1788336915764,0.0,0.0,0.0,0.0,0.0,0.0,0.0,0.0,0.0,0.0,0.0,1356.5584052609177,1172.5600030304313,0,PASS
CREATEORDER_V0_C0_F3_P5_C50_S7005,/Users/nischithacn/paper3-exactly-once/results/phase6/runs/CREATEORDER_V0_C0_F3_P5_C50_S7005/CREATEORDER_V0_C0_F3_P5_C50_S7005_1788365360018,0.0,0.0,0.0,0.0,0.0,0.0,0.0,0.0,0.0,0.0,0.0,1367.0473044915298,1187.1470782490878,0,PASS
CREATEORDER_V0_C0_F3_P5_C50_S7006,/Users/nischithacn/paper3-exactly-once/results/phase6/runs/CREATEORDER_V0_C0_F3_P5_C50_S7006/CREATEORDER_V0_C0_F3_P5_C50_S7006_1788366832183,0.0,0.0,0.0,0.0,0.0,0.0,0.0,0.0,0.0,0.0,0.0,1369.9457515979093,1178.2555743826813,0,PASS
CREATEORDER_V0_C0_F3_P5_C50_S7007,/Users/nischithacn/paper3-exactly-once/results/phase6/runs/CREATEORDER_V0_C0_F3_P5_C50_S7007/CREATEORDER_V0_C0_F3_P5_C50_S7007_1788368318523,0.0,0.0,0.0,0.0,0.0,0.0,0.0,0.0,0.0,0.0,0.0,1298.1781789093525,1112.1767152000893,0,PASS
CREATEORDER_V0_C0_F3_P5_C50_S7008,/Users/nischithacn/paper3-exactly-once/results/phase6/runs/CREATEORDER_V0_C0_F3_P5_C50_S7008/CREATEORDER_V0_C0_F3_P5_C50_S7008_1788369618866,0.0,0.0,0.0,0.0,0.0,0.0,0.0,0.0,0.0,0.0,0.0,1349.2847941703283,1170.3584045147447,0,PASS
CREATEORDER_V0_C0_F3_P5_C50_S7009,/Users/nischithacn/paper3-exactly-once/results/phase6/runs/CREATEORDER_V0_C0_F3_P5_C50_S7009/CREATEORDER_V0_C0_F3_P5_C50_S7009_1788373770803,0.0,0.0,0.0,0.0,0.0,0.0,0.0,0.0,0.0,0.0,0.0,1365.042151002099,1187.0025453614219,0,PASS
CREATEORDER_V0_C0_F4_P10_C10_S7000,/Users/nischithacn/paper3-exactly-once/results/phase6/runs/CREATEORDER_V0_C0_F4_P10_C10_S7000/CREATEORDER_V0_C0_F4_P10_C10_S7000_1788144484522,0.0,0.0,0.0,0.0,0.0,0.0,0.0,0.0,0.0,0.0,0.0,1244.9226109910983,1120.06576558023,0,PASS
CREATEORDER_V0_C0_F4_P10_C10_S7001,/Users/nischithacn/paper3-exactly-once/results/phase6/runs/CREATEORDER_V0_C0_F4_P10_C10_S7001/CREATEORDER_V0_C0_F4_P10_C10_S7001_1788378394626,0.0,0.0,0.0,0.0,0.0,0.0,0.0,0.0,0.0,0.0,0.0,1162.650500213941,1032.4388008656792,0,PASS
CREATEORDER_V0_C0_F4_P10_C10_S7002,/Users/nischithacn/paper3-exactly-once/results/phase6/runs/CREATEORDER_V0_C0_F4_P10_C10_S7002/CREATEORDER_V0_C0_F4_P10_C10_S7002_1788381916111,0.0,0.0,0.0,0.0,0.0,0.0,0.0,0.0,0.0,0.0,0.0,1499.1818184515175,1326.1206116343315,0,PASS
CREATEORDER_V0_C0_F4_P10_C10_S7003,/Users/nischithacn/paper3-exactly-once/results/phase6/runs/CREATEORDER_V0_C0_F4_P10_C10_S7003/CREATEORDER_V0_C0_F4_P10_C10_S7003_1788386386223,0.0,0.0,0.0,0.0,0.0,0.0,0.0,0.0,0.0,0.0,0.0,1157.6669507170473,930.0705906562399,0,PASS
CREATEORDER_V0_C0_F4_P10_C10_S7004,/Users/nischithacn/paper3-exactly-once/results/phase6/runs/CREATEORDER_V0_C0_F4_P10_C10_S7004/CREATEORDER_V0_C0_F4_P10_C10_S7004_1788390103905,0.0,0.0,0.0,0.0,0.0,0.0,0.0,0.0,0.0,0.0,0.0,1156.0589318001403,1028.708778814236,0,PASS
CREATEORDER_V0_C0_F4_P10_C10_S7005,/Users/nischithacn/paper3-exactly-once/results/phase6/runs/CREATEORDER_V0_C0_F4_P10_C10_S7005/CREATEORDER_V0_C0_F4_P10_C10_S7005_1788393830408,0.0,0.0,0.0,0.0,0.0,0.0,0.0,0.0,0.0,0.0,0.0,1178.401361834307,1052.2841968956504,0,PASS
CREATEORDER_V0_C0_F4_P10_C10_S7006,/Users/nischithacn/paper3-exactly-once/results/phase6/runs/CREATEORDER_V0_C0_F4_P10_C10_S7006/CREATEORDER_V0_C0_F4_P10_C10_S7006_1788401720055,0.0,0.0,0.0,0.0,0.0,0.0,0.0,0.0,0.0,0.0,0.0,1148.3433213343712,1022.9314661691525,0,PASS
CREATEORDER_V0_C0_F4_P10_C10_S7007,/Users/nischithacn/paper3-exactly-once/results/phase6/runs/CREATEORDER_V0_C0_F4_P10_C10_S7007/CREATEORDER_V0_C0_F4_P10_C10_S7007_1788405210192,0.0,0.0,0.0,0.0,0.0,0.0,0.0,0.0,0.0,0.0,0.0,1605.9058747007905,1417.1385586366832,0,PASS
CREATEORDER_V0_C0_F4_P10_C10_S7008,/Users/nischithacn/paper3-exactly-once/results/phase6/runs/CREATEORDER_V0_C0_F4_P10_C10_S7008/CREATEORDER_V0_C0_F4_P10_C10_S7008_1788410574701,0.0,0.0,0.0,0.0,0.0,0.0,0.0,0.0,0.0,0.0,0.0,1067.9096498834194,863.7611154075227,0,PASS
CREATEORDER_V0_C0_F4_P10_C10_S7009,/Users/nischithacn/paper3-exactly-once/results/phase6/runs/CREATEORDER_V0_C0_F4_P10_C10_S7009/CREATEORDER_V0_C0_F4_P10_C10_S7009_1788415310883,0.0,0.0,0.0,0.0,0.0,0.0,0.0,0.0,0.0,0.0,0.0,1197.4765852338828,1062.5819457561086,0,PASS
CREATEORDER_V0_C0_F4_P10_C50_S7000,/Users/nischithacn/paper3-exactly-once/results/phase6/runs/CREATEORDER_V0_C0_F4_P10_C50_S7000/CREATEORDER_V0_C0_F4_P10_C50_S7000_1788144493887,0.0,0.0,0.0,0.0,0.0,0.0,0.0,0.0,0.0,0.0,0.0,1649.626351708671,1449.3885761694733,0,PASS
CREATEORDER_V0_C0_F4_P10_C50_S7001,/Users/nischithacn/paper3-exactly-once/results/phase6/runs/CREATEORDER_V0_C0_F4_P10_C50_S7001/CREATEORDER_V0_C0_F4_P10_C50_S7001_1788378410975,0.0,0.0,0.0,0.0,0.0,0.0,0.0,0.0,0.0,0.0,0.0,1483.2127794591688,1322.8295537811243,0,PASS
CREATEORDER_V0_C0_F4_P10_C50_S7002,/Users/nischithacn/paper3-exactly-once/results/phase6/runs/CREATEORDER_V0_C0_F4_P10_C50_S7002/CREATEORDER_V0_C0_F4_P10_C50_S7002_1788381924077,0.0,0.0,0.0,0.0,0.0,0.0,0.0,0.0,0.0,0.0,0.0,1661.8942509600172,1464.2285804453077,0,PASS
CREATEORDER_V0_C0_F4_P10_C50_S7003,/Users/nischithacn/paper3-exactly-once/results/phase6/runs/CREATEORDER_V0_C0_F4_P10_C50_S7003/CREATEORDER_V0_C0_F4_P10_C50_S7003_1788386397392,0.0,0.0,0.0,0.0,0.0,0.0,0.0,0.0,0.0,0.0,0.0,1703.7549068261067,1495.892087304406,0,PASS
CREATEORDER_V0_C0_F4_P10_C50_S7004,/Users/nischithacn/paper3-exactly-once/results/phase6/runs/CREATEORDER_V0_C0_F4_P10_C50_S7004/CREATEORDER_V0_C0_F4_P10_C50_S7004_1788390114049,0.0,0.0,0.0,0.0,0.0,0.0,0.0,0.0,0.0,0.0,0.0,1564.9675065177069,1379.4344130259424,0,PASS
CREATEORDER_V0_C0_F4_P10_C50_S7005,/Users/nischithacn/paper3-exactly-once/results/phase6/runs/CREATEORDER_V0_C0_F4_P10_C50_S7005/CREATEORDER_V0_C0_F4_P10_C50_S7005_1788393840337,0.0,0.0,0.0,0.0,0.0,0.0,0.0,0.0,0.0,0.0,0.0,1545.94243665256,1369.5555500481253,0,PASS
CREATEORDER_V0_C0_F4_P10_C50_S7006,/Users/nischithacn/paper3-exactly-once/results/phase6/runs/CREATEORDER_V0_C0_F4_P10_C50_S7006/CREATEORDER_V0_C0_F4_P10_C50_S7006_1788401736250,0.0,0.0,0.0,0.0,0.0,0.0,0.0,0.0,0.0,0.0,0.0,1515.0665956074633,1351.2768431228778,0,PASS
CREATEORDER_V0_C0_F4_P10_C50_S7007,/Users/nischithacn/paper3-exactly-once/results/phase6/runs/CREATEORDER_V0_C0_F4_P10_C50_S7007/CREATEORDER_V0_C0_F4_P10_C50_S7007_1788405217667,0.0,0.0,0.0,0.0,0.0,0.0,0.0,0.0,0.0,0.0,0.0,1776.0389985492075,1578.935024907457,0,PASS
CREATEORDER_V0_C0_F4_P10_C50_S7008,/Users/nischithacn/paper3-exactly-once/results/phase6/runs/CREATEORDER_V0_C0_F4_P10_C50_S7008/CREATEORDER_V0_C0_F4_P10_C50_S7008_1788410586715,0.0,0.0,0.0,0.0,0.0,0.0,0.0,0.0,0.0,0.0,0.0,1613.4796182169957,1393.846894457381,0,PASS
CREATEORDER_V0_C0_F4_P10_C50_S7009,/Users/nischithacn/paper3-exactly-once/results/phase6/runs/CREATEORDER_V0_C0_F4_P10_C50_S7009/CREATEORDER_V0_C0_F4_P10_C50_S7009_1788415320718,0.0,0.0,0.0,0.0,0.0,0.0,0.0,0.0,0.0,0.0,0.0,1532.2007145587277,1347.0780144764099,0,PASS
CREATEORDER_V0_C0_F4_P1_C10_S7000,/Users/nischithacn/paper3-exactly-once/results/phase6/runs/CREATEORDER_V0_C0_F4_P1_C10_S7000/CREATEORDER_V0_C0_F4_P1_C10_S7000_1788144453055,0.0,0.0,0.0,0.0,0.0,0.0,0.0,0.0,0.0,0.0,0.0,1594.5883123855708,1412.8556435331861,0,PASS
CREATEORDER_V0_C0_F4_P1_C10_S7001,/Users/nischithacn/paper3-exactly-once/results/phase6/runs/CREATEORDER_V0_C0_F4_P1_C10_S7001/CREATEORDER_V0_C0_F4_P1_C10_S7001_1788378359917,0.0,0.0,0.0,0.0,0.0,0.0,0.0,0.0,0.0,0.0,0.0,1080.3965411888457,867.280811644872,0,PASS
CREATEORDER_V0_C0_F4_P1_C10_S7002,/Users/nischithacn/paper3-exactly-once/results/phase6/runs/CREATEORDER_V0_C0_F4_P1_C10_S7002/CREATEORDER_V0_C0_F4_P1_C10_S7002_1788381861494,0.0,0.0,0.0,0.0,0.0,0.0,0.0,0.0,0.0,0.0,0.0,1505.9760547055523,1325.8402551624442,0,PASS
CREATEORDER_V0_C0_F4_P1_C10_S7003,/Users/nischithacn/paper3-exactly-once/results/phase6/runs/CREATEORDER_V0_C0_F4_P1_C10_S7003/CREATEORDER_V0_C0_F4_P1_C10_S7003_1788386336785,0.0,0.0,0.0,0.0,0.0,0.0,0.0,0.0,0.0,0.0,0.0,1605.6423250327948,1409.4511738190402,0,PASS
CREATEORDER_V0_C0_F4_P1_C10_S7004,/Users/nischithacn/paper3-exactly-once/results/phase6/runs/CREATEORDER_V0_C0_F4_P1_C10_S7004/CREATEORDER_V0_C0_F4_P1_C10_S7004_1788390066473,0.0,0.0,0.0,0.0,0.0,0.0,0.0,0.0,0.0,0.0,0.0,1453.2089041502877,1278.496221881599,0,PASS
CREATEORDER_V0_C0_F4_P1_C10_S7005,/Users/nischithacn/paper3-exactly-once/results/phase6/runs/CREATEORDER_V0_C0_F4_P1_C10_S7005/CREATEORDER_V0_C0_F4_P1_C10_S7005_1788393792690,0.0,0.0,0.0,0.0,0.0,0.0,0.0,0.0,0.0,0.0,0.0,1431.994299477954,1269.2067460862986,0,PASS
CREATEORDER_V0_C0_F4_P1_C10_S7006,/Users/nischithacn/paper3-exactly-once/results/phase6/runs/CREATEORDER_V0_C0_F4_P1_C10_S7006/CREATEORDER_V0_C0_F4_P1_C10_S7006_1788401685192,0.0,0.0,0.0,0.0,0.0,0.0,0.0,0.0,0.0,0.0,0.0,1078.8129976689913,856.3179896858522,0,PASS
CREATEORDER_V0_C0_F4_P1_C10_S7007,/Users/nischithacn/paper3-exactly-once/results/phase6/runs/CREATEORDER_V0_C0_F4_P1_C10_S7007/CREATEORDER_V0_C0_F4_P1_C10_S7007_1788405156695,0.0,0.0,0.0,0.0,0.0,0.0,0.0,0.0,0.0,0.0,0.0,1613.9257614866804,1421.4800846061646,0,PASS
CREATEORDER_V0_C0_F4_P1_C10_S7008,/Users/nischithacn/paper3-exactly-once/results/phase6/runs/CREATEORDER_V0_C0_F4_P1_C10_S7008/CREATEORDER_V0_C0_F4_P1_C10_S7008_1788410522502,0.0,0.0,0.0,0.0,0.0,0.0,0.0,0.0,0.0,0.0,0.0,1454.813301912476,1267.6151048754582,0,PASS
CREATEORDER_V0_C0_F4_P1_C10_S7009,/Users/nischithacn/paper3-exactly-once/results/phase6/runs/CREATEORDER_V0_C0_F4_P1_C10_S7009/CREATEORDER_V0_C0_F4_P1_C10_S7009_1788415273501,0.0,0.0,0.0,0.0,0.0,0.0,0.0,0.0,0.0,0.0,0.0,1436.5679789052851,1264.5334301794032,0,PASS
CREATEORDER_V0_C0_F4_P1_C50_S7000,/Users/nischithacn/paper3-exactly-once/results/phase6/runs/CREATEORDER_V0_C0_F4_P1_C50_S7000/CREATEORDER_V0_C0_F4_P1_C50_S7000_1788144460566,0.0,0.0,0.0,0.0,0.0,0.0,0.0,0.0,0.0,0.0,0.0,1757.7225857686756,1553.0299439794496,0,PASS
CREATEORDER_V0_C0_F4_P1_C50_S7001,/Users/nischithacn/paper3-exactly-once/results/phase6/runs/CREATEORDER_V0_C0_F4_P1_C50_S7001/CREATEORDER_V0_C0_F4_P1_C50_S7001_1788378371871,0.0,0.0,0.0,0.0,0.0,0.0,0.0,0.0,0.0,0.0,0.0,1631.0741197903276,1410.7866566880534,0,PASS
CREATEORDER_V0_C0_F4_P1_C50_S7002,/Users/nischithacn/paper3-exactly-once/results/phase6/runs/CREATEORDER_V0_C0_F4_P1_C50_S7002/CREATEORDER_V0_C0_F4_P1_C50_S7002_1788381869461,0.0,0.0,0.0,0.0,0.0,0.0,0.0,0.0,0.0,0.0,0.0,1749.860290416538,1534.2348059212927,0,PASS
CREATEORDER_V0_C0_F4_P1_C50_S7003,/Users/nischithacn/paper3-exactly-once/results/phase6/runs/CREATEORDER_V0_C0_F4_P1_C50_S7003/CREATEORDER_V0_C0_F4_P1_C50_S7003_1788386344289,0.0,0.0,0.0,0.0,0.0,0.0,0.0,0.0,0.0,0.0,0.0,1806.8936829130564,1596.32492806497,0,PASS
CREATEORDER_V0_C0_F4_P1_C50_S7004,/Users/nischithacn/paper3-exactly-once/results/phase6/runs/CREATEORDER_V0_C0_F4_P1_C50_S7004/CREATEORDER_V0_C0_F4_P1_C50_S7004_1788390081772,0.0,0.0,0.0,0.0,0.0,0.0,0.0,0.0,0.0,0.0,0.0,1744.3091360489962,1524.5778190586693,0,PASS
CREATEORDER_V0_C0_F4_P1_C50_S7005,/Users/nischithacn/paper3-exactly-once/results/phase6/runs/CREATEORDER_V0_C0_F4_P1_C50_S7005/CREATEORDER_V0_C0_F4_P1_C50_S7005_1788393800987,0.0,0.0,0.0,0.0,0.0,0.0,0.0,0.0,0.0,0.0,0.0,1737.334120227068,1523.5124055919387,0,PASS
CREATEORDER_V0_C0_F4_P1_C50_S7006,/Users/nischithacn/paper3-exactly-once/results/phase6/runs/CREATEORDER_V0_C0_F4_P1_C50_S7006/CREATEORDER_V0_C0_F4_P1_C50_S7006_1788401697294,0.0,0.0,0.0,0.0,0.0,0.0,0.0,0.0,0.0,0.0,0.0,1638.2508935710148,1411.6575751378875,0,PASS
CREATEORDER_V0_C0_F4_P1_C50_S7007,/Users/nischithacn/paper3-exactly-once/results/phase6/runs/CREATEORDER_V0_C0_F4_P1_C50_S7007/CREATEORDER_V0_C0_F4_P1_C50_S7007_1788405164145,0.0,0.0,0.0,0.0,0.0,0.0,0.0,0.0,0.0,0.0,0.0,1811.302398726428,1605.9949121909153,0,PASS
CREATEORDER_V0_C0_F4_P1_C50_S7008,/Users/nischithacn/paper3-exactly-once/results/phase6/runs/CREATEORDER_V0_C0_F4_P1_C50_S7008/CREATEORDER_V0_C0_F4_P1_C50_S7008_1788410530815,0.0,0.0,0.0,0.0,0.0,0.0,0.0,0.0,0.0,0.0,0.0,1716.442412435964,1508.2836131468928,0,PASS
CREATEORDER_V0_C0_F4_P1_C50_S7009,/Users/nischithacn/paper3-exactly-once/results/phase6/runs/CREATEORDER_V0_C0_F4_P1_C50_S7009/CREATEORDER_V0_C0_F4_P1_C50_S7009_1788415288389,0.0,0.0,0.0,0.0,0.0,0.0,0.0,0.0,0.0,0.0,0.0,1699.466339796348,1488.0954429439957,0,PASS
CREATEORDER_V0_C0_F4_P20_C10_S7000,/Users/nischithacn/paper3-exactly-once/results/phase6/runs/CREATEORDER_V0_C0_F4_P20_C10_S7000/CREATEORDER_V0_C0_F4_P20_C10_S7000_1788147039507,0.0,0.0,0.0,0.0,0.0,0.0,0.0,0.0,0.0,0.0,0.0,1668.4962838271656,1473.4530338742466,0,PASS
CREATEORDER_V0_C0_F4_P20_C10_S7001,/Users/nischithacn/paper3-exactly-once/results/phase6/runs/CREATEORDER_V0_C0_F4_P20_C10_S7001/CREATEORDER_V0_C0_F4_P20_C10_S7001_1788378418967,0.0,0.0,0.0,0.0,0.0,0.0,0.0,0.0,0.0,0.0,0.0,1275.7165310264227,1128.2169167711438,0,PASS
CREATEORDER_V0_C0_F4_P20_C10_S7002,/Users/nischithacn/paper3-exactly-once/results/phase6/runs/CREATEORDER_V0_C0_F4_P20_C10_S7002/CREATEORDER_V0_C0_F4_P20_C10_S7002_1788381931327,0.0,0.0,0.0,0.0,0.0,0.0,0.0,0.0,0.0,0.0,0.0,1142.2991617183106,1016.8700675587726,0,PASS
CREATEORDER_V0_C0_F4_P20_C10_S7003,/Users/nischithacn/paper3-exactly-once/results/phase6/runs/CREATEORDER_V0_C0_F4_P20_C10_S7003/CREATEORDER_V0_C0_F4_P20_C10_S7003_1788386404496,0.0,0.0,0.0,0.0,0.0,0.0,0.0,0.0,0.0,0.0,0.0,1592.8986630229376,1406.4414844547673,0,PASS
CREATEORDER_V0_C0_F4_P20_C10_S7004,/Users/nischithacn/paper3-exactly-once/results/phase6/runs/CREATEORDER_V0_C0_F4_P20_C10_S7004/CREATEORDER_V0_C0_F4_P20_C10_S7004_1788390142131,0.0,0.0,0.0,0.0,0.0,0.0,0.0,0.0,0.0,0.0,0.0,1079.8331194333991,877.0322793280429,0,PASS
CREATEORDER_V0_C0_F4_P20_C10_S7005,/Users/nischithacn/paper3-exactly-once/results/phase6/runs/CREATEORDER_V0_C0_F4_P20_C10_S7005/CREATEORDER_V0_C0_F4_P20_C10_S7005_1788393848061,0.0,0.0,0.0,0.0,0.0,0.0,0.0,0.0,0.0,0.0,0.0,1229.0166982078724,1087.2506753154464,0,PASS
CREATEORDER_V0_C0_F4_P20_C10_S7006,/Users/nischithacn/paper3-exactly-once/results/phase6/runs/CREATEORDER_V0_C0_F4_P20_C10_S7006/CREATEORDER_V0_C0_F4_P20_C10_S7006_1788401744087,0.0,0.0,0.0,0.0,0.0,0.0,0.0,0.0,0.0,0.0,0.0,1268.4966231976457,1114.424413212651,0,PASS
CREATEORDER_V0_C0_F4_P20_C10_S7007,/Users/nischithacn/paper3-exactly-once/results/phase6/runs/CREATEORDER_V0_C0_F4_P20_C10_S7007/CREATEORDER_V0_C0_F4_P20_C10_S7007_1788405224422,0.0,0.0,0.0,0.0,0.0,0.0,0.0,0.0,0.0,0.0,0.0,1188.8197593032717,1060.4543882045161,0,PASS
CREATEORDER_V0_C0_F4_P20_C10_S7008,/Users/nischithacn/paper3-exactly-once/results/phase6/runs/CREATEORDER_V0_C0_F4_P20_C10_S7008/CREATEORDER_V0_C0_F4_P20_C10_S7008_1788410594319,0.0,0.0,0.0,0.0,0.0,0.0,0.0,0.0,0.0,0.0,0.0,1475.1020020297535,1299.5183145682113,0,PASS
CREATEORDER_V0_C0_F4_P20_C10_S7009,/Users/nischithacn/paper3-exactly-once/results/phase6/runs/CREATEORDER_V0_C0_F4_P20_C10_S7009/CREATEORDER_V0_C0_F4_P20_C10_S7009_1788415349391,0.0,0.0,0.0,0.0,0.0,0.0,0.0,0.0,0.0,0.0,0.0,1081.6497671784814,870.9788053927498,0,PASS
CREATEORDER_V0_C0_F4_P20_C50_S7000,/Users/nischithacn/paper3-exactly-once/results/phase6/runs/CREATEORDER_V0_C0_F4_P20_C50_S7000/CREATEORDER_V0_C0_F4_P20_C50_S7000_1788147047041,0.0,0.0,0.0,0.0,0.0,0.0,0.0,0.0,0.0,0.0,0.0,1916.2157253988685,1679.5251412777097,0,PASS
CREATEORDER_V0_C0_F4_P20_C50_S7001,/Users/nischithacn/paper3-exactly-once/results/phase6/runs/CREATEORDER_V0_C0_F4_P20_C50_S7001/CREATEORDER_V0_C0_F4_P20_C50_S7001_1788378428251,0.0,0.0,0.0,0.0,0.0,0.0,0.0,0.0,0.0,0.0,0.0,1701.5510050816865,1501.2816701747126,0,PASS
CREATEORDER_V0_C0_F4_P20_C50_S7002,/Users/nischithacn/paper3-exactly-once/results/phase6/runs/CREATEORDER_V0_C0_F4_P20_C50_S7002/CREATEORDER_V0_C0_F4_P20_C50_S7002_1788381948191,0.0,0.0,0.0,0.0,0.0,0.0,0.0,0.0,0.0,0.0,0.0,1558.5334987771007,1382.4366214076185,0,PASS
CREATEORDER_V0_C0_F4_P20_C50_S7003,/Users/nischithacn/paper3-exactly-once/results/phase6/runs/CREATEORDER_V0_C0_F4_P20_C50_S7003/CREATEORDER_V0_C0_F4_P20_C50_S7003_1788386412018,0.0,0.0,0.0,0.0,0.0,0.0,0.0,0.0,0.0,0.0,0.0,1814.3423010024012,1591.6526034706972,0,PASS
CREATEORDER_V0_C0_F4_P20_C50_S7004,/Users/nischithacn/paper3-exactly-once/results/phase6/runs/CREATEORDER_V0_C0_F4_P20_C50_S7004/CREATEORDER_V0_C0_F4_P20_C50_S7004_1788390153956,0.0,0.0,0.0,0.0,0.0,0.0,0.0,0.0,0.0,0.0,0.0,1641.4011352710404,1421.1107747389271,0,PASS
CREATEORDER_V0_C0_F4_P20_C50_S7005,/Users/nischithacn/paper3-exactly-once/results/phase6/runs/CREATEORDER_V0_C0_F4_P20_C50_S7005/CREATEORDER_V0_C0_F4_P20_C50_S7005_1788393857688,0.0,0.0,0.0,0.0,0.0,0.0,0.0,0.0,0.0,0.0,0.0,1726.7518911070777,1512.132996337904,0,PASS
CREATEORDER_V0_C0_F4_P20_C50_S7006,/Users/nischithacn/paper3-exactly-once/results/phase6/runs/CREATEORDER_V0_C0_F4_P20_C50_S7006/CREATEORDER_V0_C0_F4_P20_C50_S7006_1788401753479,0.0,0.0,0.0,0.0,0.0,0.0,0.0,0.0,0.0,0.0,0.0,1737.3303062181024,1521.9497949725883,0,PASS
CREATEORDER_V0_C0_F4_P20_C50_S7007,/Users/nischithacn/paper3-exactly-once/results/phase6/runs/CREATEORDER_V0_C0_F4_P20_C50_S7007/CREATEORDER_V0_C0_F4_P20_C50_S7007_1788405241310,0.0,0.0,0.0,0.0,0.0,0.0,0.0,0.0,0.0,0.0,0.0,1650.0662260409574,1456.9344340530859,0,PASS
CREATEORDER_V0_C0_F4_P20_C50_S7008,/Users/nischithacn/paper3-exactly-once/results/phase6/runs/CREATEORDER_V0_C0_F4_P20_C50_S7008/CREATEORDER_V0_C0_F4_P20_C50_S7008_1788410602432,0.0,0.0,0.0,0.0,0.0,0.0,0.0,0.0,0.0,0.0,0.0,1673.0515776702175,1469.4336682691583,0,PASS
CREATEORDER_V0_C0_F4_P20_C50_S7009,/Users/nischithacn/paper3-exactly-once/results/phase6/runs/CREATEORDER_V0_C0_F4_P20_C50_S7009/CREATEORDER_V0_C0_F4_P20_C50_S7009_1788415361293,0.0,0.0,0.0,0.0,0.0,0.0,0.0,0.0,0.0,0.0,0.0,1609.7278544328133,1402.8757872626506,0,PASS
CREATEORDER_V0_C0_F4_P5_C10_S7000,/Users/nischithacn/paper3-exactly-once/results/phase6/runs/CREATEORDER_V0_C0_F4_P5_C10_S7000/CREATEORDER_V0_C0_F4_P5_C10_S7000_1788144467440,0.0,0.0,0.0,0.0,0.0,0.0,0.0,0.0,0.0,0.0,0.0,1211.4643474322659,1085.7014526015653,0,PASS
CREATEORDER_V0_C0_F4_P5_C10_S7001,/Users/nischithacn/paper3-exactly-once/results/phase6/runs/CREATEORDER_V0_C0_F4_P5_C10_S7001/CREATEORDER_V0_C0_F4_P5_C10_S7001_1788378379393,0.0,0.0,0.0,0.0,0.0,0.0,0.0,0.0,0.0,0.0,0.0,1485.1441992096163,1311.1822327114755,0,PASS
CREATEORDER_V0_C0_F4_P5_C10_S7002,/Users/nischithacn/paper3-exactly-once/results/phase6/runs/CREATEORDER_V0_C0_F4_P5_C10_S7002/CREATEORDER_V0_C0_F4_P5_C10_S7002_1788381896731,0.0,0.0,0.0,0.0,0.0,0.0,0.0,0.0,0.0,0.0,0.0,1087.1186502707674,884.2459992244329,0,PASS
CREATEORDER_V0_C0_F4_P5_C10_S7003,/Users/nischithacn/paper3-exactly-once/results/phase6/runs/CREATEORDER_V0_C0_F4_P5_C10_S7003/CREATEORDER_V0_C0_F4_P5_C10_S7003_1788386350975,0.0,0.0,0.0,0.0,0.0,0.0,0.0,0.0,0.0,0.0,0.0,1601.1084944941167,1412.2133934792523,0,PASS
CREATEORDER_V0_C0_F4_P5_C10_S7004,/Users/nischithacn/paper3-exactly-once/results/phase6/runs/CREATEORDER_V0_C0_F4_P5_C10_S7004/CREATEORDER_V0_C0_F4_P5_C10_S7004_1788390088761,0.0,0.0,0.0,0.0,0.0,0.0,0.0,0.0,0.0,0.0,0.0,1511.17875974219,1332.1367204250002,0,PASS
CREATEORDER_V0_C0_F4_P5_C10_S7005,/Users/nischithacn/paper3-exactly-once/results/phase6/runs/CREATEORDER_V0_C0_F4_P5_C10_S7005/CREATEORDER_V0_C0_F4_P5_C10_S7005_1788393807974,0.0,0.0,0.0,0.0,0.0,0.0,0.0,0.0,0.0,0.0,0.0,1488.0859397104914,1313.9917161865812,0,PASS
CREATEORDER_V0_C0_F4_P5_C10_S7006,/Users/nischithacn/paper3-exactly-once/results/phase6/runs/CREATEORDER_V0_C0_F4_P5_C10_S7006/CREATEORDER_V0_C0_F4_P5_C10_S7006_1788401704795,0.0,0.0,0.0,0.0,0.0,0.0,0.0,0.0,0.0,0.0,0.0,1473.8183066942588,1302.8271474340577,0,PASS
CREATEORDER_V0_C0_F4_P5_C10_S7007,/Users/nischithacn/paper3-exactly-once/results/phase6/runs/CREATEORDER_V0_C0_F4_P5_C10_S7007/CREATEORDER_V0_C0_F4_P5_C10_S7007_1788405191971,0.0,0.0,0.0,0.0,0.0,0.0,0.0,0.0,0.0,0.0,0.0,1149.200451186029,931.97079627644,0,PASS
CREATEORDER_V0_C0_F4_P5_C10_S7008,/Users/nischithacn/paper3-exactly-once/results/phase6/runs/CREATEORDER_V0_C0_F4_P5_C10_S7008/CREATEORDER_V0_C0_F4_P5_C10_S7008_1788410537862,0.0,0.0,0.0,0.0,0.0,0.0,0.0,0.0,0.0,0.0,0.0,1476.0558788480334,1306.6683888267326,0,PASS
CREATEORDER_V0_C0_F4_P5_C10_S7009,/Users/nischithacn/paper3-exactly-once/results/phase6/runs/CREATEORDER_V0_C0_F4_P5_C10_S7009/CREATEORDER_V0_C0_F4_P5_C10_S7009_1788415295545,0.0,0.0,0.0,0.0,0.0,0.0,0.0,0.0,0.0,0.0,0.0,1490.6257665380122,1317.7775636448443,0,PASS
CREATEORDER_V0_C0_F4_P5_C50_S7000,/Users/nischithacn/paper3-exactly-once/results/phase6/runs/CREATEORDER_V0_C0_F4_P5_C50_S7000/CREATEORDER_V0_C0_F4_P5_C50_S7000_1788144477097,0.0,0.0,0.0,0.0,0.0,0.0,0.0,0.0,0.0,0.0,0.0,1624.0396828605064,1434.5146221475397,0,PASS
CREATEORDER_V0_C0_F4_P5_C50_S7001,/Users/nischithacn/paper3-exactly-once/results/phase6/runs/CREATEORDER_V0_C0_F4_P5_C50_S7001/CREATEORDER_V0_C0_F4_P5_C50_S7001_1788378387437,0.0,0.0,0.0,0.0,0.0,0.0,0.0,0.0,0.0,0.0,0.0,1674.7493218934762,1476.0506843430808,0,PASS
CREATEORDER_V0_C0_F4_P5_C50_S7002,/Users/nischithacn/paper3-exactly-once/results/phase6/runs/CREATEORDER_V0_C0_F4_P5_C50_S7002/CREATEORDER_V0_C0_F4_P5_C50_S7002_1788381908458,0.0,0.0,0.0,0.0,0.0,0.0,0.0,0.0,0.0,0.0,0.0,1588.243938859388,1382.2187643260102,0,PASS
CREATEORDER_V0_C0_F4_P5_C50_S7003,/Users/nischithacn/paper3-exactly-once/results/phase6/runs/CREATEORDER_V0_C0_F4_P5_C50_S7003/CREATEORDER_V0_C0_F4_P5_C50_S7003_1788386358461,0.0,0.0,0.0,0.0,0.0,0.0,0.0,0.0,0.0,0.0,0.0,1791.625709443464,1574.1652640384516,0,PASS
CREATEORDER_V0_C0_F4_P5_C50_S7004,/Users/nischithacn/paper3-exactly-once/results/phase6/runs/CREATEORDER_V0_C0_F4_P5_C50_S7004/CREATEORDER_V0_C0_F4_P5_C50_S7004_1788390096691,0.0,0.0,0.0,0.0,0.0,0.0,0.0,0.0,0.0,0.0,0.0,1666.39531103831,1470.4152268725866,0,PASS
CREATEORDER_V0_C0_F4_P5_C50_S7005,/Users/nischithacn/paper3-exactly-once/results/phase6/runs/CREATEORDER_V0_C0_F4_P5_C50_S7005/CREATEORDER_V0_C0_F4_P5_C50_S7005_1788393823050,0.0,0.0,0.0,0.0,0.0,0.0,0.0,0.0,0.0,0.0,0.0,1639.4106710629185,1442.1226561918984,0,PASS
CREATEORDER_V0_C0_F4_P5_C50_S7006,/Users/nischithacn/paper3-exactly-once/results/phase6/runs/CREATEORDER_V0_C0_F4_P5_C50_S7006/CREATEORDER_V0_C0_F4_P5_C50_S7006_1788401712882,0.0,0.0,0.0,0.0,0.0,0.0,0.0,0.0,0.0,0.0,0.0,1666.2470893937154,1477.4256459473268,0,PASS
CREATEORDER_V0_C0_F4_P5_C50_S7007,/Users/nischithacn/paper3-exactly-once/results/phase6/runs/CREATEORDER_V0_C0_F4_P5_C50_S7007/CREATEORDER_V0_C0_F4_P5_C50_S7007_1788405203125,0.0,0.0,0.0,0.0,0.0,0.0,0.0,0.0,0.0,0.0,0.0,1742.338813562406,1502.677682160489,0,PASS
CREATEORDER_V0_C0_F4_P5_C50_S7008,/Users/nischithacn/paper3-exactly-once/results/phase6/runs/CREATEORDER_V0_C0_F4_P5_C50_S7008/CREATEORDER_V0_C0_F4_P5_C50_S7008_1788410545939,0.0,0.0,0.0,0.0,0.0,0.0,0.0,0.0,0.0,0.0,0.0,1662.070480629287,1470.0667868057153,0,PASS
CREATEORDER_V0_C0_F4_P5_C50_S7009,/Users/nischithacn/paper3-exactly-once/results/phase6/runs/CREATEORDER_V0_C0_F4_P5_C50_S7009/CREATEORDER_V0_C0_F4_P5_C50_S7009_1788415303553,0.0,0.0,0.0,0.0,0.0,0.0,0.0,0.0,0.0,0.0,0.0,1634.1708806634829,1447.5873980532638,0,PASS
CREATEORDER_V0_C0_F5_P0_C50_FAN10_S7000,/Users/nischithacn/paper3-exactly-once/results/phase6/runs/CREATEORDER_V0_C0_F5_P0_C50_FAN10_S7000/CREATEORDER_V0_C0_F5_P0_C50_FAN10_S7000_1788592101148,0.0,0.0,0.0,0.0,0.0,0.0,0.0,0.0,0.0,0.0,0.0,877.8997555098712,777.7375359811974,0,PASS
CREATEORDER_V0_C0_F5_P0_C50_FAN10_S7001,/Users/nischithacn/paper3-exactly-once/results/phase6/runs/CREATEORDER_V0_C0_F5_P0_C50_FAN10_S7001/CREATEORDER_V0_C0_F5_P0_C50_FAN10_S7001_1788592436957,0.0,0.0,0.0,0.0,0.0,0.0,0.0,0.0,0.0,0.0,0.0,677.5117330744265,552.5640055989621,0,PASS
CREATEORDER_V0_C0_F5_P0_C50_FAN10_S7002,/Users/nischithacn/paper3-exactly-once/results/phase6/runs/CREATEORDER_V0_C0_F5_P0_C50_FAN10_S7002/CREATEORDER_V0_C0_F5_P0_C50_FAN10_S7002_1788592763970,0.0,0.0,0.0,0.0,0.0,0.0,0.0,0.0,0.0,0.0,0.0,747.6992844515937,675.7080940595467,0,PASS
CREATEORDER_V0_C0_F5_P0_C50_FAN10_S7003,/Users/nischithacn/paper3-exactly-once/results/phase6/runs/CREATEORDER_V0_C0_F5_P0_C50_FAN10_S7003/CREATEORDER_V0_C0_F5_P0_C50_FAN10_S7003_1788593119892,0.0,0.0,0.0,0.0,0.0,0.0,0.0,0.0,0.0,0.0,0.0,764.1521645719441,688.5256117067266,0,PASS
CREATEORDER_V0_C0_F5_P0_C50_FAN10_S7004,/Users/nischithacn/paper3-exactly-once/results/phase6/runs/CREATEORDER_V0_C0_F5_P0_C50_FAN10_S7004/CREATEORDER_V0_C0_F5_P0_C50_FAN10_S7004_1788593471743,0.0,0.0,0.0,0.0,0.0,0.0,0.0,0.0,0.0,0.0,0.0,741.0438034509114,665.6986960075988,0,PASS
CREATEORDER_V0_C0_F5_P0_C50_FAN10_S7005,/Users/nischithacn/paper3-exactly-once/results/phase6/runs/CREATEORDER_V0_C0_F5_P0_C50_FAN10_S7005/CREATEORDER_V0_C0_F5_P0_C50_FAN10_S7005_1788593833143,0.0,0.0,0.0,0.0,0.0,0.0,0.0,0.0,0.0,0.0,0.0,781.3731315167109,703.2330632665874,0,PASS
CREATEORDER_V0_C0_F5_P0_C50_FAN10_S7006,/Users/nischithacn/paper3-exactly-once/results/phase6/runs/CREATEORDER_V0_C0_F5_P0_C50_FAN10_S7006/CREATEORDER_V0_C0_F5_P0_C50_FAN10_S7006_1788594193233,0.0,0.0,0.0,0.0,0.0,0.0,0.0,0.0,0.0,0.0,0.0,619.9256137269547,511.4569141707025,0,PASS
CREATEORDER_V0_C0_F5_P0_C50_FAN10_S7007,/Users/nischithacn/paper3-exactly-once/results/phase6/runs/CREATEORDER_V0_C0_F5_P0_C50_FAN10_S7007/CREATEORDER_V0_C0_F5_P0_C50_FAN10_S7007_1788594538676,0.0,0.0,0.0,0.0,0.0,0.0,0.0,0.0,0.0,0.0,0.0,714.044263313628,644.9018285777756,0,PASS
CREATEORDER_V0_C0_F5_P0_C50_FAN10_S7008,/Users/nischithacn/paper3-exactly-once/results/phase6/runs/CREATEORDER_V0_C0_F5_P0_C50_FAN10_S7008/CREATEORDER_V0_C0_F5_P0_C50_FAN10_S7008_1788594907437,0.0,0.0,0.0,0.0,0.0,0.0,0.0,0.0,0.0,0.0,0.0,736.5287349362343,665.5327407347745,0,PASS
CREATEORDER_V0_C0_F5_P0_C50_FAN10_S7009,/Users/nischithacn/paper3-exactly-once/results/phase6/runs/CREATEORDER_V0_C0_F5_P0_C50_FAN10_S7009/CREATEORDER_V0_C0_F5_P0_C50_FAN10_S7009_1788595270379,0.0,0.0,0.0,0.0,0.0,0.0,0.0,0.0,0.0,0.0,0.0,720.7892995327703,650.6700717897382,0,PASS
CREATEORDER_V0_C0_F5_P0_C50_FAN2_S7000,/Users/nischithacn/paper3-exactly-once/results/phase6/runs/CREATEORDER_V0_C0_F5_P0_C50_FAN2_S7000/CREATEORDER_V0_C0_F5_P0_C50_FAN2_S7000_1788592069234,0.0,0.0,0.0,0.0,0.0,0.0,0.0,0.0,0.0,0.0,0.0,722.7059028817421,572.4637201480409,0,PASS
CREATEORDER_V0_C0_F5_P0_C50_FAN2_S7001,/Users/nischithacn/paper3-exactly-once/results/phase6/runs/CREATEORDER_V0_C0_F5_P0_C50_FAN2_S7001/CREATEORDER_V0_C0_F5_P0_C50_FAN2_S7001_1788592385823,0.0,0.0,0.0,0.0,0.0,0.0,0.0,0.0,0.0,0.0,0.0,779.3072757739754,698.1536904410829,0,PASS
CREATEORDER_V0_C0_F5_P0_C50_FAN2_S7002,/Users/nischithacn/paper3-exactly-once/results/phase6/runs/CREATEORDER_V0_C0_F5_P0_C50_FAN2_S7002/CREATEORDER_V0_C0_F5_P0_C50_FAN2_S7002_1788592733983,0.0,0.0,0.0,0.0,0.0,0.0,0.0,0.0,0.0,0.0,0.0,788.9358358003817,702.9973877343925,0,PASS
CREATEORDER_V0_C0_F5_P0_C50_FAN2_S7003,/Users/nischithacn/paper3-exactly-once/results/phase6/runs/CREATEORDER_V0_C0_F5_P0_C50_FAN2_S7003/CREATEORDER_V0_C0_F5_P0_C50_FAN2_S7003_1788593083329,0.0,0.0,0.0,0.0,0.0,0.0,0.0,0.0,0.0,0.0,0.0,752.480844973665,675.723345338878,0,PASS
CREATEORDER_V0_C0_F5_P0_C50_FAN2_S7004,/Users/nischithacn/paper3-exactly-once/results/phase6/runs/CREATEORDER_V0_C0_F5_P0_C50_FAN2_S7004/CREATEORDER_V0_C0_F5_P0_C50_FAN2_S7004_1788593441294,0.0,0.0,0.0,0.0,0.0,0.0,0.0,0.0,0.0,0.0,0.0,783.6882389028801,699.8890053821301,0,PASS
CREATEORDER_V0_C0_F5_P0_C50_FAN2_S7005,/Users/nischithacn/paper3-exactly-once/results/phase6/runs/CREATEORDER_V0_C0_F5_P0_C50_FAN2_S7005/CREATEORDER_V0_C0_F5_P0_C50_FAN2_S7005_1788593798270,0.0,0.0,0.0,0.0,0.0,0.0,0.0,0.0,0.0,0.0,0.0,628.9611634284363,521.8370293177376,0,PASS
CREATEORDER_V0_C0_F5_P0_C50_FAN2_S7006,/Users/nischithacn/paper3-exactly-once/results/phase6/runs/CREATEORDER_V0_C0_F5_P0_C50_FAN2_S7006/CREATEORDER_V0_C0_F5_P0_C50_FAN2_S7006_1788594140816,0.0,0.0,0.0,0.0,0.0,0.0,0.0,0.0,0.0,0.0,0.0,731.9748336880525,660.3447464511129,0,PASS
CREATEORDER_V0_C0_F5_P0_C50_FAN2_S7007,/Users/nischithacn/paper3-exactly-once/results/phase6/runs/CREATEORDER_V0_C0_F5_P0_C50_FAN2_S7007/CREATEORDER_V0_C0_F5_P0_C50_FAN2_S7007_1788594507115,0.0,0.0,0.0,0.0,0.0,0.0,0.0,0.0,0.0,0.0,0.0,735.9402351756954,663.7020818369537,0,PASS
CREATEORDER_V0_C0_F5_P0_C50_FAN2_S7008,/Users/nischithacn/paper3-exactly-once/results/phase6/runs/CREATEORDER_V0_C0_F5_P0_C50_FAN2_S7008/CREATEORDER_V0_C0_F5_P0_C50_FAN2_S7008_1788594869058,0.0,0.0,0.0,0.0,0.0,0.0,0.0,0.0,0.0,0.0,0.0,715.5133407124467,644.0127370774713,0,PASS
CREATEORDER_V0_C0_F5_P0_C50_FAN2_S7009,/Users/nischithacn/paper3-exactly-once/results/phase6/runs/CREATEORDER_V0_C0_F5_P0_C50_FAN2_S7009/CREATEORDER_V0_C0_F5_P0_C50_FAN2_S7009_1788595238445,0.0,0.0,0.0,0.0,0.0,0.0,0.0,0.0,0.0,0.0,0.0,741.3950364035876,665.2212291061884,0,PASS
CREATEORDER_V0_C0_F5_P0_C50_FAN5_S7000,/Users/nischithacn/paper3-exactly-once/results/phase6/runs/CREATEORDER_V0_C0_F5_P0_C50_FAN5_S7000/CREATEORDER_V0_C0_F5_P0_C50_FAN5_S7000_1788592087452,0.0,0.0,0.0,0.0,0.0,0.0,0.0,0.0,0.0,0.0,0.0,869.9400340741225,771.698235680534,0,PASS
CREATEORDER_V0_C0_F5_P0_C50_FAN5_S7001,/Users/nischithacn/paper3-exactly-once/results/phase6/runs/CREATEORDER_V0_C0_F5_P0_C50_FAN5_S7001/CREATEORDER_V0_C0_F5_P0_C50_FAN5_S7001_1788592400890,0.0,0.0,0.0,0.0,0.0,0.0,0.0,0.0,0.0,0.0,0.0,800.5696038805686,715.9484583148655,0,PASS
CREATEORDER_V0_C0_F5_P0_C50_FAN5_S7002,/Users/nischithacn/paper3-exactly-once/results/phase6/runs/CREATEORDER_V0_C0_F5_P0_C50_FAN5_S7002/CREATEORDER_V0_C0_F5_P0_C50_FAN5_S7002_1788592748926,0.0,0.0,0.0,0.0,0.0,0.0,0.0,0.0,0.0,0.0,0.0,776.9390671257079,698.9273292906245,0,PASS
CREATEORDER_V0_C0_F5_P0_C50_FAN5_S7003,/Users/nischithacn/paper3-exactly-once/results/phase6/runs/CREATEORDER_V0_C0_F5_P0_C50_FAN5_S7003/CREATEORDER_V0_C0_F5_P0_C50_FAN5_S7003_1788593105123,0.0,0.0,0.0,0.0,0.0,0.0,0.0,0.0,0.0,0.0,0.0,790.593277835471,712.5753830660291,0,PASS
CREATEORDER_V0_C0_F5_P0_C50_FAN5_S7004,/Users/nischithacn/paper3-exactly-once/results/phase6/runs/CREATEORDER_V0_C0_F5_P0_C50_FAN5_S7004/CREATEORDER_V0_C0_F5_P0_C50_FAN5_S7004_1788593456314,0.0,0.0,0.0,0.0,0.0,0.0,0.0,0.0,0.0,0.0,0.0,755.824308849308,680.8825416317972,0,PASS
CREATEORDER_V0_C0_F5_P0_C50_FAN5_S7005,/Users/nischithacn/paper3-exactly-once/results/phase6/runs/CREATEORDER_V0_C0_F5_P0_C50_FAN5_S7005/CREATEORDER_V0_C0_F5_P0_C50_FAN5_S7005_1788593818181,0.0,0.0,0.0,0.0,0.0,0.0,0.0,0.0,0.0,0.0,0.0,785.3183008516472,702.33690102657,0,PASS
CREATEORDER_V0_C0_F5_P0_C50_FAN5_S7006,/Users/nischithacn/paper3-exactly-once/results/phase6/runs/CREATEORDER_V0_C0_F5_P0_C50_FAN5_S7006/CREATEORDER_V0_C0_F5_P0_C50_FAN5_S7006_1788594156957,0.0,0.0,0.0,0.0,0.0,0.0,0.0,0.0,0.0,0.0,0.0,737.4641672721792,665.6441923714484,0,PASS
CREATEORDER_V0_C0_F5_P0_C50_FAN5_S7007,/Users/nischithacn/paper3-exactly-once/results/phase6/runs/CREATEORDER_V0_C0_F5_P0_C50_FAN5_S7007/CREATEORDER_V0_C0_F5_P0_C50_FAN5_S7007_1788594522913,0.0,0.0,0.0,0.0,0.0,0.0,0.0,0.0,0.0,0.0,0.0,735.7824470399586,666.1319045368442,0,PASS
CREATEORDER_V0_C0_F5_P0_C50_FAN5_S7008,/Users/nischithacn/paper3-exactly-once/results/phase6/runs/CREATEORDER_V0_C0_F5_P0_C50_FAN5_S7008/CREATEORDER_V0_C0_F5_P0_C50_FAN5_S7008_1788594892164,0.0,0.0,0.0,0.0,0.0,0.0,0.0,0.0,0.0,0.0,0.0,766.7091732278859,688.4557910134963,0,PASS
CREATEORDER_V0_C0_F5_P0_C50_FAN5_S7009,/Users/nischithacn/paper3-exactly-once/results/phase6/runs/CREATEORDER_V0_C0_F5_P0_C50_FAN5_S7009/CREATEORDER_V0_C0_F5_P0_C50_FAN5_S7009_1788595254231,0.0,0.0,0.0,0.0,0.0,0.0,0.0,0.0,0.0,0.0,0.0,716.635553485577,648.9306185017845,0,PASS
CREATEORDER_V0_C0_F6_P0_C50_FAN10_S7000,/Users/nischithacn/paper3-exactly-once/results/phase6/runs/CREATEORDER_V0_C0_F6_P0_C50_FAN10_S7000/CREATEORDER_V0_C0_F6_P0_C50_FAN10_S7000_1788605430324,0.0,0.0,0.0,0.0,0.0,0.0,0.0,0.0,0.0,0.0,0.0,91.37547230249947,82.92274261726536,0,PASS
CREATEORDER_V0_C0_F6_P0_C50_FAN10_S7001,/Users/nischithacn/paper3-exactly-once/results/phase6/runs/CREATEORDER_V0_C0_F6_P0_C50_FAN10_S7001/CREATEORDER_V0_C0_F6_P0_C50_FAN10_S7001_1788623977357,0.0,0.0,0.0,0.0,0.0,0.0,0.0,0.0,0.0,0.0,0.0,89.5532811890174,81.07851475785009,0,PASS
CREATEORDER_V0_C0_F6_P0_C50_FAN10_S7002,/Users/nischithacn/paper3-exactly-once/results/phase6/runs/CREATEORDER_V0_C0_F6_P0_C50_FAN10_S7002/CREATEORDER_V0_C0_F6_P0_C50_FAN10_S7002_1788625400041,0.0,0.0,0.0,0.0,0.0,0.0,0.0,0.0,0.0,0.0,0.0,81.69471692535869,74.27257784118827,0,PASS
CREATEORDER_V0_C0_F6_P0_C50_FAN10_S7003,/Users/nischithacn/paper3-exactly-once/results/phase6/runs/CREATEORDER_V0_C0_F6_P0_C50_FAN10_S7003/CREATEORDER_V0_C0_F6_P0_C50_FAN10_S7003_1788626846444,0.0,0.0,0.0,0.0,0.0,0.0,0.0,0.0,0.0,0.0,0.0,76.25333858697846,68.85484607727497,0,PASS
CREATEORDER_V0_C0_F6_P0_C50_FAN10_S7004,/Users/nischithacn/paper3-exactly-once/results/phase6/runs/CREATEORDER_V0_C0_F6_P0_C50_FAN10_S7004/CREATEORDER_V0_C0_F6_P0_C50_FAN10_S7004_1788628389246,0.0,0.0,0.0,0.0,0.0,0.0,0.0,0.0,0.0,0.0,0.0,79.50700313992746,72.26785142203614,0,PASS
CREATEORDER_V0_C0_F6_P0_C50_FAN10_S7005,/Users/nischithacn/paper3-exactly-once/results/phase6/runs/CREATEORDER_V0_C0_F6_P0_C50_FAN10_S7005/CREATEORDER_V0_C0_F6_P0_C50_FAN10_S7005_1788629944118,0.0,0.0,0.0,0.0,0.0,0.0,0.0,0.0,0.0,0.0,0.0,76.61568414663685,70.65052187134035,0,PASS
CREATEORDER_V0_C0_F6_P0_C50_FAN10_S7006,/Users/nischithacn/paper3-exactly-once/results/phase6/runs/CREATEORDER_V0_C0_F6_P0_C50_FAN10_S7006/CREATEORDER_V0_C0_F6_P0_C50_FAN10_S7006_1788631525919,0.0,0.0,0.0,0.0,0.0,0.0,0.0,0.0,0.0,0.0,0.0,69.96567034727423,63.726562230919036,0,PASS
CREATEORDER_V0_C0_F6_P0_C50_FAN10_S7007,/Users/nischithacn/paper3-exactly-once/results/phase6/runs/CREATEORDER_V0_C0_F6_P0_C50_FAN10_S7007/CREATEORDER_V0_C0_F6_P0_C50_FAN10_S7007_1788643937020,0.0,0.0,0.0,0.0,0.0,0.0,0.0,0.0,0.0,0.0,0.0,80.31621983909615,73.08325829628794,0,PASS
CREATEORDER_V0_C0_F6_P0_C50_FAN10_S7008,/Users/nischithacn/paper3-exactly-once/results/phase6/runs/CREATEORDER_V0_C0_F6_P0_C50_FAN10_S7008/CREATEORDER_V0_C0_F6_P0_C50_FAN10_S7008_1788645478825,0.0,0.0,0.0,0.0,0.0,0.0,0.0,0.0,0.0,0.0,0.0,85.44262173362924,77.69785183919076,0,PASS
CREATEORDER_V0_C0_F6_P0_C50_FAN10_S7009,/Users/nischithacn/paper3-exactly-once/results/phase6/runs/CREATEORDER_V0_C0_F6_P0_C50_FAN10_S7009/CREATEORDER_V0_C0_F6_P0_C50_FAN10_S7009_1788646992056,0.0,0.0,0.0,0.0,0.0,0.0,0.0,0.0,0.0,0.0,0.0,76.55504795689241,69.4129532384281,0,PASS
CREATEORDER_V0_C0_F6_P0_C50_FAN2_S7000,/Users/nischithacn/paper3-exactly-once/results/phase6/runs/CREATEORDER_V0_C0_F6_P0_C50_FAN2_S7000/CREATEORDER_V0_C0_F6_P0_C50_FAN2_S7000_1788605335170,0.0,0.0,0.0,0.0,0.0,0.0,0.0,0.0,0.0,0.0,0.0,416.4513279192693,350.24470092456227,0,PASS
CREATEORDER_V0_C0_F6_P0_C50_FAN2_S7001,/Users/nischithacn/paper3-exactly-once/results/phase6/runs/CREATEORDER_V0_C0_F6_P0_C50_FAN2_S7001/CREATEORDER_V0_C0_F6_P0_C50_FAN2_S7001_1788623880833,0.0,0.0,0.0,0.0,0.0,0.0,0.0,0.0,0.0,0.0,0.0,402.4777822506018,365.1230396788334,0,PASS
CREATEORDER_V0_C0_F6_P0_C50_FAN2_S7002,/Users/nischithacn/paper3-exactly-once/results/phase6/runs/CREATEORDER_V0_C0_F6_P0_C50_FAN2_S7002/CREATEORDER_V0_C0_F6_P0_C50_FAN2_S7002_1788625277424,0.0,0.0,0.0,0.0,0.0,0.0,0.0,0.0,0.0,0.0,0.0,397.6215234658427,362.59453357729546,0,PASS
CREATEORDER_V0_C0_F6_P0_C50_FAN2_S7003,/Users/nischithacn/paper3-exactly-once/results/phase6/runs/CREATEORDER_V0_C0_F6_P0_C50_FAN2_S7003/CREATEORDER_V0_C0_F6_P0_C50_FAN2_S7003_1788626741979,0.0,0.0,0.0,0.0,0.0,0.0,0.0,0.0,0.0,0.0,0.0,390.1800274957444,355.97676853843603,0,PASS
CREATEORDER_V0_C0_F6_P0_C50_FAN2_S7004,/Users/nischithacn/paper3-exactly-once/results/phase6/runs/CREATEORDER_V0_C0_F6_P0_C50_FAN2_S7004/CREATEORDER_V0_C0_F6_P0_C50_FAN2_S7004_1788628289184,0.0,0.0,0.0,0.0,0.0,0.0,0.0,0.0,0.0,0.0,0.0,402.62537257186455,367.41582965832447,0,PASS
CREATEORDER_V0_C0_F6_P0_C50_FAN2_S7005,/Users/nischithacn/paper3-exactly-once/results/phase6/runs/CREATEORDER_V0_C0_F6_P0_C50_FAN2_S7005/CREATEORDER_V0_C0_F6_P0_C50_FAN2_S7005_1788629831843,0.0,0.0,0.0,0.0,0.0,0.0,0.0,0.0,0.0,0.0,0.0,368.15526283647637,334.6452887388972,0,PASS
CREATEORDER_V0_C0_F6_P0_C50_FAN2_S7006,/Users/nischithacn/paper3-exactly-once/results/phase6/runs/CREATEORDER_V0_C0_F6_P0_C50_FAN2_S7006/CREATEORDER_V0_C0_F6_P0_C50_FAN2_S7006_1788631416629,0.0,0.0,0.0,0.0,0.0,0.0,0.0,0.0,0.0,0.0,0.0,361.17596709179696,326.62572615710593,0,PASS
CREATEORDER_V0_C0_F6_P0_C50_FAN2_S7007,/Users/nischithacn/paper3-exactly-once/results/phase6/runs/CREATEORDER_V0_C0_F6_P0_C50_FAN2_S7007/CREATEORDER_V0_C0_F6_P0_C50_FAN2_S7007_1788643813745,0.0,0.0,0.0,0.0,0.0,0.0,0.0,0.0,0.0,0.0,0.0,393.8280703569707,360.32634059668175,0,PASS
CREATEORDER_V0_C0_F6_P0_C50_FAN2_S7008,/Users/nischithacn/paper3-exactly-once/results/phase6/runs/CREATEORDER_V0_C0_F6_P0_C50_FAN2_S7008/CREATEORDER_V0_C0_F6_P0_C50_FAN2_S7008_1788645383700,0.0,0.0,0.0,0.0,0.0,0.0,0.0,0.0,0.0,0.0,0.0,413.0069564965141,377.9810474717807,0,PASS
CREATEORDER_V0_C0_F6_P0_C50_FAN2_S7009,/Users/nischithacn/paper3-exactly-once/results/phase6/runs/CREATEORDER_V0_C0_F6_P0_C50_FAN2_S7009/CREATEORDER_V0_C0_F6_P0_C50_FAN2_S7009_1788646886462,0.0,0.0,0.0,0.0,0.0,0.0,0.0,0.0,0.0,0.0,0.0,394.30162820856145,358.308921213878,0,PASS
CREATEORDER_V0_C0_F6_P0_C50_FAN5_S7000,/Users/nischithacn/paper3-exactly-once/results/phase6/runs/CREATEORDER_V0_C0_F6_P0_C50_FAN5_S7000/CREATEORDER_V0_C0_F6_P0_C50_FAN5_S7000_1788605364461,0.0,0.0,0.0,0.0,0.0,0.0,0.0,0.0,0.0,0.0,0.0,171.84754937958394,155.67748178798269,0,PASS
CREATEORDER_V0_C0_F6_P0_C50_FAN5_S7001,/Users/nischithacn/paper3-exactly-once/results/phase6/runs/CREATEORDER_V0_C0_F6_P0_C50_FAN5_S7001/CREATEORDER_V0_C0_F6_P0_C50_FAN5_S7001_1788623908974,0.0,0.0,0.0,0.0,0.0,0.0,0.0,0.0,0.0,0.0,0.0,164.35202267664687,149.83639419623893,0,PASS
CREATEORDER_V0_C0_F6_P0_C50_FAN5_S7002,/Users/nischithacn/paper3-exactly-once/results/phase6/runs/CREATEORDER_V0_C0_F6_P0_C50_FAN5_S7002/CREATEORDER_V0_C0_F6_P0_C50_FAN5_S7002_1788625328273,0.0,0.0,0.0,0.0,0.0,0.0,0.0,0.0,0.0,0.0,0.0,165.20949442378213,142.62010015176958,0,PASS
CREATEORDER_V0_C0_F6_P0_C50_FAN5_S7003,/Users/nischithacn/paper3-exactly-once/results/phase6/runs/CREATEORDER_V0_C0_F6_P0_C50_FAN5_S7003/CREATEORDER_V0_C0_F6_P0_C50_FAN5_S7003_1788626770845,0.0,0.0,0.0,0.0,0.0,0.0,0.0,0.0,0.0,0.0,0.0,148.66798127983978,135.26422292611423,0,PASS
CREATEORDER_V0_C0_F6_P0_C50_FAN5_S7004,/Users/nischithacn/paper3-exactly-once/results/phase6/runs/CREATEORDER_V0_C0_F6_P0_C50_FAN5_S7004/CREATEORDER_V0_C0_F6_P0_C50_FAN5_S7004_1788628317160,0.0,0.0,0.0,0.0,0.0,0.0,0.0,0.0,0.0,0.0,0.0,156.80133331138623,142.01061382990693,0,PASS
CREATEORDER_V0_C0_F6_P0_C50_FAN5_S7005,/Users/nischithacn/paper3-exactly-once/results/phase6/runs/CREATEORDER_V0_C0_F6_P0_C50_FAN5_S7005/CREATEORDER_V0_C0_F6_P0_C50_FAN5_S7005_1788629862508,0.0,0.0,0.0,0.0,0.0,0.0,0.0,0.0,0.0,0.0,0.0,150.15473820695107,135.94936310962206,0,PASS
CREATEORDER_V0_C0_F6_P0_C50_FAN5_S7006,/Users/nischithacn/paper3-exactly-once/results/phase6/runs/CREATEORDER_V0_C0_F6_P0_C50_FAN5_S7006/CREATEORDER_V0_C0_F6_P0_C50_FAN5_S7006_1788631448054,0.0,0.0,0.0,0.0,0.0,0.0,0.0,0.0,0.0,0.0,0.0,144.68640070969985,131.23405231897402,0,PASS
CREATEORDER_V0_C0_F6_P0_C50_FAN5_S7007,/Users/nischithacn/paper3-exactly-once/results/phase6/runs/CREATEORDER_V0_C0_F6_P0_C50_FAN5_S7007/CREATEORDER_V0_C0_F6_P0_C50_FAN5_S7007_1788643864490,0.0,0.0,0.0,0.0,0.0,0.0,0.0,0.0,0.0,0.0,0.0,162.73408143139244,141.10263867738158,0,PASS
CREATEORDER_V0_C0_F6_P0_C50_FAN5_S7008,/Users/nischithacn/paper3-exactly-once/results/phase6/runs/CREATEORDER_V0_C0_F6_P0_C50_FAN5_S7008/CREATEORDER_V0_C0_F6_P0_C50_FAN5_S7008_1788645410882,0.0,0.0,0.0,0.0,0.0,0.0,0.0,0.0,0.0,0.0,0.0,166.4881137630777,150.80739895349407,0,PASS
CREATEORDER_V0_C0_F6_P0_C50_FAN5_S7009,/Users/nischithacn/paper3-exactly-once/results/phase6/runs/CREATEORDER_V0_C0_F6_P0_C50_FAN5_S7009/CREATEORDER_V0_C0_F6_P0_C50_FAN5_S7009_1788646915160,0.0,0.0,0.0,0.0,0.0,0.0,0.0,0.0,0.0,0.0,0.0,146.7432053697627,132.88606168004765,0,PASS
CREATEORDER_V0_C0_F7_P10_C50_S7000,/Users/nischithacn/paper3-exactly-once/results/phase6/runs/CREATEORDER_V0_C0_F7_P10_C50_S7000/CREATEORDER_V0_C0_F7_P10_C50_S7000_1788677112595,0.0,0.0,0.0,0.0,0.0,0.0,0.0,0.0,0.0,0.0,0.0,1670.271653936514,1476.3949513064338,0,PASS
CREATEORDER_V0_C0_F7_P10_C50_S7001,/Users/nischithacn/paper3-exactly-once/results/phase6/runs/CREATEORDER_V0_C0_F7_P10_C50_S7001/CREATEORDER_V0_C0_F7_P10_C50_S7001_1788677349560,0.0,0.0,0.0,0.0,0.0,0.0,0.0,0.0,0.0,0.0,0.0,1120.721194075283,901.8691679215013,0,PASS
CREATEORDER_V0_C0_F7_P10_C50_S7002,/Users/nischithacn/paper3-exactly-once/results/phase6/runs/CREATEORDER_V0_C0_F7_P10_C50_S7002/CREATEORDER_V0_C0_F7_P10_C50_S7002_1788677571672,0.0,0.0,0.0,0.0,0.0,0.0,0.0,0.0,0.0,0.0,0.0,1674.4705818758764,1477.6064608926456,0,PASS
CREATEORDER_V0_C0_F7_P10_C50_S7003,/Users/nischithacn/paper3-exactly-once/results/phase6/runs/CREATEORDER_V0_C0_F7_P10_C50_S7003/CREATEORDER_V0_C0_F7_P10_C50_S7003_1788677818125,0.0,0.0,0.0,0.0,0.0,0.0,0.0,0.0,0.0,0.0,0.0,1663.4072487255273,1472.5503886264717,0,PASS
CREATEORDER_V0_C0_F7_P10_C50_S7004,/Users/nischithacn/paper3-exactly-once/results/phase6/runs/CREATEORDER_V0_C0_F7_P10_C50_S7004/CREATEORDER_V0_C0_F7_P10_C50_S7004_1788678058726,0.0,0.0,0.0,0.0,0.0,0.0,0.0,0.0,0.0,0.0,0.0,1543.0577184635142,1362.0055529689212,0,PASS
CREATEORDER_V0_C0_F7_P10_C50_S7005,/Users/nischithacn/paper3-exactly-once/results/phase6/runs/CREATEORDER_V0_C0_F7_P10_C50_S7005/CREATEORDER_V0_C0_F7_P10_C50_S7005_1788678309414,0.0,0.0,0.0,0.0,0.0,0.0,0.0,0.0,0.0,0.0,0.0,1657.09658055209,1461.0030162962482,0,PASS
CREATEORDER_V0_C0_F7_P10_C50_S7006,/Users/nischithacn/paper3-exactly-once/results/phase6/runs/CREATEORDER_V0_C0_F7_P10_C50_S7006/CREATEORDER_V0_C0_F7_P10_C50_S7006_1788678557599,0.0,0.0,0.0,0.0,0.0,0.0,0.0,0.0,0.0,0.0,0.0,988.7742417188733,806.645275256211,0,PASS
CREATEORDER_V0_C0_F7_P10_C50_S7007,/Users/nischithacn/paper3-exactly-once/results/phase6/runs/CREATEORDER_V0_C0_F7_P10_C50_S7007/CREATEORDER_V0_C0_F7_P10_C50_S7007_1788678789732,0.0,0.0,0.0,0.0,0.0,0.0,0.0,0.0,0.0,0.0,0.0,1590.5210300444483,1408.685444464133,0,PASS
CREATEORDER_V0_C0_F7_P10_C50_S7008,/Users/nischithacn/paper3-exactly-once/results/phase6/runs/CREATEORDER_V0_C0_F7_P10_C50_S7008/CREATEORDER_V0_C0_F7_P10_C50_S7008_1788679044753,0.0,0.0,0.0,0.0,0.0,0.0,0.0,0.0,0.0,0.0,0.0,1611.4066722000168,1426.1551359353077,0,PASS
CREATEORDER_V0_C0_F7_P10_C50_S7009,/Users/nischithacn/paper3-exactly-once/results/phase6/runs/CREATEORDER_V0_C0_F7_P10_C50_S7009/CREATEORDER_V0_C0_F7_P10_C50_S7009_1788679293196,0.0,0.0,0.0,0.0,0.0,0.0,0.0,0.0,0.0,0.0,0.0,1484.6191997682547,1331.3035758082283,0,PASS
CREATEORDER_V0_C0_F8_P10_C10_S7000,/Users/nischithacn/paper3-exactly-once/results/phase6/runs/CREATEORDER_V0_C0_F8_P10_C10_S7000/CREATEORDER_V0_C0_F8_P10_C10_S7000_1788151341615,0.0,0.0,0.0,0.0,0.0,0.0,0.0,0.0,0.0,0.0,0.0,217.33709904833356,198.12001511743597,0,PASS
CREATEORDER_V0_C0_F8_P10_C10_S7001,/Users/nischithacn/paper3-exactly-once/results/phase6/runs/CREATEORDER_V0_C0_F8_P10_C10_S7001/CREATEORDER_V0_C0_F8_P10_C10_S7001_1788475219387,0.0,0.0,0.0,0.0,0.0,0.0,0.0,0.0,0.0,0.0,0.0,247.1158488870851,222.544367602047,0,PASS
CREATEORDER_V0_C0_F8_P10_C10_S7002,/Users/nischithacn/paper3-exactly-once/results/phase6/runs/CREATEORDER_V0_C0_F8_P10_C10_S7002/CREATEORDER_V0_C0_F8_P10_C10_S7002_1788540115714,0.0,0.0,0.0,0.0,0.0,0.0,0.0,0.0,0.0,0.0,0.0,234.10359909647025,211.68158005202469,0,PASS
CREATEORDER_V0_C0_F8_P10_C10_S7003,/Users/nischithacn/paper3-exactly-once/results/phase6/runs/CREATEORDER_V0_C0_F8_P10_C10_S7003/CREATEORDER_V0_C0_F8_P10_C10_S7003_1788554156855,0.0,0.0,0.0,0.0,0.0,0.0,0.0,0.0,0.0,0.0,0.0,229.81078458909406,203.44519013402893,0,PASS
CREATEORDER_V0_C0_F8_P10_C10_S7004,/Users/nischithacn/paper3-exactly-once/results/phase6/runs/CREATEORDER_V0_C0_F8_P10_C10_S7004/CREATEORDER_V0_C0_F8_P10_C10_S7004_1788559698495,0.0,0.0,0.0,0.0,0.0,0.0,0.0,0.0,0.0,0.0,0.0,227.91255549742596,207.0018497685027,0,PASS
CREATEORDER_V0_C0_F8_P10_C10_S7005,/Users/nischithacn/paper3-exactly-once/results/phase6/runs/CREATEORDER_V0_C0_F8_P10_C10_S7005/CREATEORDER_V0_C0_F8_P10_C10_S7005_1788561765117,0.0,0.0,0.0,0.0,0.0,0.0,0.0,0.0,0.0,0.0,0.0,219.3214774212276,197.48153395456157,0,PASS
CREATEORDER_V0_C0_F8_P10_C10_S7006,/Users/nischithacn/paper3-exactly-once/results/phase6/runs/CREATEORDER_V0_C0_F8_P10_C10_S7006/CREATEORDER_V0_C0_F8_P10_C10_S7006_1788567450669,0.0,0.0,0.0,0.0,0.0,0.0,0.0,0.0,0.0,0.0,0.0,236.42386847826526,213.36893389133388,0,PASS
CREATEORDER_V0_C0_F8_P10_C10_S7007,/Users/nischithacn/paper3-exactly-once/results/phase6/runs/CREATEORDER_V0_C0_F8_P10_C10_S7007/CREATEORDER_V0_C0_F8_P10_C10_S7007_1788569197973,0.0,0.0,0.0,0.0,0.0,0.0,0.0,0.0,0.0,0.0,0.0,238.59030540303593,214.54391083779836,0,PASS
CREATEORDER_V0_C0_F8_P10_C10_S7008,/Users/nischithacn/paper3-exactly-once/results/phase6/runs/CREATEORDER_V0_C0_F8_P10_C10_S7008/CREATEORDER_V0_C0_F8_P10_C10_S7008_1788573745422,0.0,0.0,0.0,0.0,0.0,0.0,0.0,0.0,0.0,0.0,0.0,233.77387336698226,207.54341793969292,0,PASS
CREATEORDER_V0_C0_F8_P10_C10_S7009,/Users/nischithacn/paper3-exactly-once/results/phase6/runs/CREATEORDER_V0_C0_F8_P10_C10_S7009/CREATEORDER_V0_C0_F8_P10_C10_S7009_1788575485083,0.0,0.0,0.0,0.0,0.0,0.0,0.0,0.0,0.0,0.0,0.0,230.41752827090673,208.56411898501278,0,PASS
CREATEORDER_V0_C0_F8_P10_C50_S7000,/Users/nischithacn/paper3-exactly-once/results/phase6/runs/CREATEORDER_V0_C0_F8_P10_C50_S7000/CREATEORDER_V0_C0_F8_P10_C50_S7000_1788151392623,0.0,0.0,0.0,0.0,0.0,0.0,0.0,0.0,0.0,0.0,0.0,1187.2843868501338,1038.0275125164324,0,PASS
CREATEORDER_V0_C0_F8_P10_C50_S7001,/Users/nischithacn/paper3-exactly-once/results/phase6/runs/CREATEORDER_V0_C0_F8_P10_C50_S7001/CREATEORDER_V0_C0_F8_P10_C50_S7001_1788476106104,0.0,0.0,0.0,0.0,0.0,0.0,0.0,0.0,0.0,0.0,0.0,1053.9275807732715,916.2077549945323,0,PASS
CREATEORDER_V0_C0_F8_P10_C50_S7002,/Users/nischithacn/paper3-exactly-once/results/phase6/runs/CREATEORDER_V0_C0_F8_P10_C50_S7002/CREATEORDER_V0_C0_F8_P10_C50_S7002_1788540163473,0.0,0.0,0.0,0.0,0.0,0.0,0.0,0.0,0.0,0.0,0.0,1116.297440034301,971.2634084090541,0,PASS
CREATEORDER_V0_C0_F8_P10_C50_S7003,/Users/nischithacn/paper3-exactly-once/results/phase6/runs/CREATEORDER_V0_C0_F8_P10_C50_S7003/CREATEORDER_V0_C0_F8_P10_C50_S7003_1788554206551,0.0,0.0,0.0,0.0,0.0,0.0,0.0,0.0,0.0,0.0,0.0,1091.7135318105493,950.5558887145171,0,PASS
CREATEORDER_V0_C0_F8_P10_C50_S7004,/Users/nischithacn/paper3-exactly-once/results/phase6/runs/CREATEORDER_V0_C0_F8_P10_C50_S7004/CREATEORDER_V0_C0_F8_P10_C50_S7004_1788559747325,0.0,0.0,0.0,0.0,0.0,0.0,0.0,0.0,0.0,0.0,0.0,1093.685067970573,950.239276877277,0,PASS
CREATEORDER_V0_C0_F8_P10_C50_S7005,/Users/nischithacn/paper3-exactly-once/results/phase6/runs/CREATEORDER_V0_C0_F8_P10_C50_S7005/CREATEORDER_V0_C0_F8_P10_C50_S7005_1788561816278,0.0,0.0,0.0,0.0,0.0,0.0,0.0,0.0,0.0,0.0,0.0,1133.0087771291228,983.5820305411743,0,PASS
CREATEORDER_V0_C0_F8_P10_C50_S7006,/Users/nischithacn/paper3-exactly-once/results/phase6/runs/CREATEORDER_V0_C0_F8_P10_C50_S7006/CREATEORDER_V0_C0_F8_P10_C50_S7006_1788567504585,0.0,0.0,0.0,0.0,0.0,0.0,0.0,0.0,0.0,0.0,0.0,1137.1078021521607,985.8883855910327,0,PASS
CREATEORDER_V0_C0_F8_P10_C50_S7007,/Users/nischithacn/paper3-exactly-once/results/phase6/runs/CREATEORDER_V0_C0_F8_P10_C50_S7007/CREATEORDER_V0_C0_F8_P10_C50_S7007_1788569245114,0.0,0.0,0.0,0.0,0.0,0.0,0.0,0.0,0.0,0.0,0.0,1124.470717368631,976.8352190041372,0,PASS
CREATEORDER_V0_C0_F8_P10_C50_S7008,/Users/nischithacn/paper3-exactly-once/results/phase6/runs/CREATEORDER_V0_C0_F8_P10_C50_S7008/CREATEORDER_V0_C0_F8_P10_C50_S7008_1788573794141,0.0,0.0,0.0,0.0,0.0,0.0,0.0,0.0,0.0,0.0,0.0,1101.1564113440504,951.8412322259824,0,PASS
CREATEORDER_V0_C0_F8_P10_C50_S7009,/Users/nischithacn/paper3-exactly-once/results/phase6/runs/CREATEORDER_V0_C0_F8_P10_C50_S7009/CREATEORDER_V0_C0_F8_P10_C50_S7009_1788575533563,0.0,0.0,0.0,0.0,0.0,0.0,0.0,0.0,0.0,0.0,0.0,1098.532564821361,962.2905130791016,0,PASS
CREATEORDER_V0_C0_F8_P1_C10_S7000,/Users/nischithacn/paper3-exactly-once/results/phase6/runs/CREATEORDER_V0_C0_F8_P1_C10_S7000/CREATEORDER_V0_C0_F8_P1_C10_S7000_1788151283162,0.0,0.0,0.0,0.0,0.0,0.0,0.0,0.0,0.0,0.0,0.0,963.966159747769,862.1239385380194,0,PASS
CREATEORDER_V0_C0_F8_P1_C10_S7001,/Users/nischithacn/paper3-exactly-once/results/phase6/runs/CREATEORDER_V0_C0_F8_P1_C10_S7001/CREATEORDER_V0_C0_F8_P1_C10_S7001_1788475164267,0.0,0.0,0.0,0.0,0.0,0.0,0.0,0.0,0.0,0.0,0.0,919.1678316504621,742.504544766796,0,PASS
CREATEORDER_V0_C0_F8_P1_C10_S7002,/Users/nischithacn/paper3-exactly-once/results/phase6/runs/CREATEORDER_V0_C0_F8_P1_C10_S7002/CREATEORDER_V0_C0_F8_P1_C10_S7002_1788499221203,0.0,0.0,0.0,0.0,0.0,0.0,0.0,0.0,0.0,0.0,0.0,1047.557198246845,919.515212522074,0,PASS
CREATEORDER_V0_C0_F8_P1_C10_S7003,/Users/nischithacn/paper3-exactly-once/results/phase6/runs/CREATEORDER_V0_C0_F8_P1_C10_S7003/CREATEORDER_V0_C0_F8_P1_C10_S7003_1788554082526,0.0,0.0,0.0,0.0,0.0,0.0,0.0,0.0,0.0,0.0,0.0,1082.6116037072811,942.7319488570147,0,PASS
CREATEORDER_V0_C0_F8_P1_C10_S7004,/Users/nischithacn/paper3-exactly-once/results/phase6/runs/CREATEORDER_V0_C0_F8_P1_C10_S7004/CREATEORDER_V0_C0_F8_P1_C10_S7004_1788559636461,0.0,0.0,0.0,0.0,0.0,0.0,0.0,0.0,0.0,0.0,0.0,1048.4806931049968,916.9985188945612,0,PASS
CREATEORDER_V0_C0_F8_P1_C10_S7005,/Users/nischithacn/paper3-exactly-once/results/phase6/runs/CREATEORDER_V0_C0_F8_P1_C10_S7005/CREATEORDER_V0_C0_F8_P1_C10_S7005_1788561701516,0.0,0.0,0.0,0.0,0.0,0.0,0.0,0.0,0.0,0.0,0.0,1054.900073193793,918.4849189312956,0,PASS
CREATEORDER_V0_C0_F8_P1_C10_S7006,/Users/nischithacn/paper3-exactly-once/results/phase6/runs/CREATEORDER_V0_C0_F8_P1_C10_S7006/CREATEORDER_V0_C0_F8_P1_C10_S7006_1788567390786,0.0,0.0,0.0,0.0,0.0,0.0,0.0,0.0,0.0,0.0,0.0,904.8857527542864,730.9679178533868,0,PASS
CREATEORDER_V0_C0_F8_P1_C10_S7007,/Users/nischithacn/paper3-exactly-once/results/phase6/runs/CREATEORDER_V0_C0_F8_P1_C10_S7007/CREATEORDER_V0_C0_F8_P1_C10_S7007_1788569120239,0.0,0.0,0.0,0.0,0.0,0.0,0.0,0.0,0.0,0.0,0.0,1105.212737241199,953.5600142382518,0,PASS
CREATEORDER_V0_C0_F8_P1_C10_S7008,/Users/nischithacn/paper3-exactly-once/results/phase6/runs/CREATEORDER_V0_C0_F8_P1_C10_S7008/CREATEORDER_V0_C0_F8_P1_C10_S7008_1788570873225,0.0,0.0,0.0,0.0,0.0,0.0,0.0,0.0,0.0,0.0,0.0,1070.7796055931083,943.5642145306141,0,PASS
CREATEORDER_V0_C0_F8_P1_C10_S7009,/Users/nischithacn/paper3-exactly-once/results/phase6/runs/CREATEORDER_V0_C0_F8_P1_C10_S7009/CREATEORDER_V0_C0_F8_P1_C10_S7009_1788575424589,0.0,0.0,0.0,0.0,0.0,0.0,0.0,0.0,0.0,0.0,0.0,1030.6115137647187,905.7248893126335,0,PASS
CREATEORDER_V0_C0_F8_P1_C50_S7000,/Users/nischithacn/paper3-exactly-once/results/phase6/runs/CREATEORDER_V0_C0_F8_P1_C50_S7000/CREATEORDER_V0_C0_F8_P1_C50_S7000_1788151295184,0.0,0.0,0.0,0.0,0.0,0.0,0.0,0.0,0.0,0.0,0.0,1689.1164471169086,1450.281093481096,0,PASS
CREATEORDER_V0_C0_F8_P1_C50_S7001,/Users/nischithacn/paper3-exactly-once/results/phase6/runs/CREATEORDER_V0_C0_F8_P1_C50_S7001/CREATEORDER_V0_C0_F8_P1_C50_S7001_1788475178175,0.0,0.0,0.0,0.0,0.0,0.0,0.0,0.0,0.0,0.0,0.0,1542.9389687160713,1309.579847045666,0,PASS
CREATEORDER_V0_C0_F8_P1_C50_S7002,/Users/nischithacn/paper3-exactly-once/results/phase6/runs/CREATEORDER_V0_C0_F8_P1_C50_S7002/CREATEORDER_V0_C0_F8_P1_C50_S7002_1788499232514,0.0,0.0,0.0,0.0,0.0,0.0,0.0,0.0,0.0,0.0,0.0,1675.4284076299089,1429.8756974442774,0,PASS
CREATEORDER_V0_C0_F8_P1_C50_S7003,/Users/nischithacn/paper3-exactly-once/results/phase6/runs/CREATEORDER_V0_C0_F8_P1_C50_S7003/CREATEORDER_V0_C0_F8_P1_C50_S7003_1788554093566,0.0,0.0,0.0,0.0,0.0,0.0,0.0,0.0,0.0,0.0,0.0,1656.5368787340963,1426.4570164899267,0,PASS
CREATEORDER_V0_C0_F8_P1_C50_S7004,/Users/nischithacn/paper3-exactly-once/results/phase6/runs/CREATEORDER_V0_C0_F8_P1_C50_S7004/CREATEORDER_V0_C0_F8_P1_C50_S7004_1788559654295,0.0,0.0,0.0,0.0,0.0,0.0,0.0,0.0,0.0,0.0,0.0,1650.8435557317098,1413.130161013062,0,PASS
CREATEORDER_V0_C0_F8_P1_C50_S7005,/Users/nischithacn/paper3-exactly-once/results/phase6/runs/CREATEORDER_V0_C0_F8_P1_C50_S7005/CREATEORDER_V0_C0_F8_P1_C50_S7005_1788561712830,0.0,0.0,0.0,0.0,0.0,0.0,0.0,0.0,0.0,0.0,0.0,1618.5331379709141,1391.0873780341267,0,PASS
CREATEORDER_V0_C0_F8_P1_C50_S7006,/Users/nischithacn/paper3-exactly-once/results/phase6/runs/CREATEORDER_V0_C0_F8_P1_C50_S7006/CREATEORDER_V0_C0_F8_P1_C50_S7006_1788567404902,0.0,0.0,0.0,0.0,0.0,0.0,0.0,0.0,0.0,0.0,0.0,1569.5795175213786,1330.3340291970978,0,PASS
CREATEORDER_V0_C0_F8_P1_C50_S7007,/Users/nischithacn/paper3-exactly-once/results/phase6/runs/CREATEORDER_V0_C0_F8_P1_C50_S7007/CREATEORDER_V0_C0_F8_P1_C50_S7007_1788569131163,0.0,0.0,0.0,0.0,0.0,0.0,0.0,0.0,0.0,0.0,0.0,1630.163281628307,1403.8333251833897,0,PASS
CREATEORDER_V0_C0_F8_P1_C50_S7008,/Users/nischithacn/paper3-exactly-once/results/phase6/runs/CREATEORDER_V0_C0_F8_P1_C50_S7008/CREATEORDER_V0_C0_F8_P1_C50_S7008_1788570884252,0.0,0.0,0.0,0.0,0.0,0.0,0.0,0.0,0.0,0.0,0.0,1639.9709768853968,1412.9703976195904,0,PASS
CREATEORDER_V0_C0_F8_P1_C50_S7009,/Users/nischithacn/paper3-exactly-once/results/phase6/runs/CREATEORDER_V0_C0_F8_P1_C50_S7009/CREATEORDER_V0_C0_F8_P1_C50_S7009_1788575442750,0.0,0.0,0.0,0.0,0.0,0.0,0.0,0.0,0.0,0.0,0.0,1629.770049274628,1397.161090491469,0,PASS
CREATEORDER_V0_C0_F8_P20_C10_S7000,/Users/nischithacn/paper3-exactly-once/results/phase6/runs/CREATEORDER_V0_C0_F8_P20_C10_S7000/CREATEORDER_V0_C0_F8_P20_C10_S7000_1788151402797,0.0,0.0,0.0,0.0,0.0,0.0,0.0,0.0,0.0,0.0,0.0,120.33561678529199,108.04121482360631,0,PASS
CREATEORDER_V0_C0_F8_P20_C10_S7001,/Users/nischithacn/paper3-exactly-once/results/phase6/runs/CREATEORDER_V0_C0_F8_P20_C10_S7001/CREATEORDER_V0_C0_F8_P20_C10_S7001_1788476117565,0.0,0.0,0.0,0.0,0.0,0.0,0.0,0.0,0.0,0.0,0.0,129.77942892718178,116.30827951079912,0,PASS
CREATEORDER_V0_C0_F8_P20_C10_S7002,/Users/nischithacn/paper3-exactly-once/results/phase6/runs/CREATEORDER_V0_C0_F8_P20_C10_S7002/CREATEORDER_V0_C0_F8_P20_C10_S7002_1788540174301,0.0,0.0,0.0,0.0,0.0,0.0,0.0,0.0,0.0,0.0,0.0,129.64778544944352,117.19466641973932,0,PASS
CREATEORDER_V0_C0_F8_P20_C10_S7003,/Users/nischithacn/paper3-exactly-once/results/phase6/runs/CREATEORDER_V0_C0_F8_P20_C10_S7003/CREATEORDER_V0_C0_F8_P20_C10_S7003_1788554217598,0.0,0.0,0.0,0.0,0.0,0.0,0.0,0.0,0.0,0.0,0.0,122.82839959740976,111.26102938925602,0,PASS
CREATEORDER_V0_C0_F8_P20_C10_S7004,/Users/nischithacn/paper3-exactly-once/results/phase6/runs/CREATEORDER_V0_C0_F8_P20_C10_S7004/CREATEORDER_V0_C0_F8_P20_C10_S7004_1788559778416,0.0,0.0,0.0,0.0,0.0,0.0,0.0,0.0,0.0,0.0,0.0,123.74535355345569,111.69761274975517,0,PASS
CREATEORDER_V0_C0_F8_P20_C10_S7005,/Users/nischithacn/paper3-exactly-once/results/phase6/runs/CREATEORDER_V0_C0_F8_P20_C10_S7005/CREATEORDER_V0_C0_F8_P20_C10_S7005_1788561826969,0.0,0.0,0.0,0.0,0.0,0.0,0.0,0.0,0.0,0.0,0.0,119.20855090478942,107.77388452639143,0,PASS
CREATEORDER_V0_C0_F8_P20_C10_S7006,/Users/nischithacn/paper3-exactly-once/results/phase6/runs/CREATEORDER_V0_C0_F8_P20_C10_S7006/CREATEORDER_V0_C0_F8_P20_C10_S7006_1788567515275,0.0,0.0,0.0,0.0,0.0,0.0,0.0,0.0,0.0,0.0,0.0,131.85309402060983,118.77989077256001,0,PASS
CREATEORDER_V0_C0_F8_P20_C10_S7007,/Users/nischithacn/paper3-exactly-once/results/phase6/runs/CREATEORDER_V0_C0_F8_P20_C10_S7007/CREATEORDER_V0_C0_F8_P20_C10_S7007_1788569255933,0.0,0.0,0.0,0.0,0.0,0.0,0.0,0.0,0.0,0.0,0.0,123.01424878934846,111.45994488218902,0,PASS
CREATEORDER_V0_C0_F8_P20_C10_S7008,/Users/nischithacn/paper3-exactly-once/results/phase6/runs/CREATEORDER_V0_C0_F8_P20_C10_S7008/CREATEORDER_V0_C0_F8_P20_C10_S7008_1788573805176,0.0,0.0,0.0,0.0,0.0,0.0,0.0,0.0,0.0,0.0,0.0,119.93225651123046,108.91764037515196,0,PASS
CREATEORDER_V0_C0_F8_P20_C10_S7009,/Users/nischithacn/paper3-exactly-once/results/phase6/runs/CREATEORDER_V0_C0_F8_P20_C10_S7009/CREATEORDER_V0_C0_F8_P20_C10_S7009_1788575564771,0.0,0.0,0.0,0.0,0.0,0.0,0.0,0.0,0.0,0.0,0.0,124.34425536521248,111.47860799633807,0,PASS
CREATEORDER_V0_C0_F8_P20_C50_S7000,/Users/nischithacn/paper3-exactly-once/results/phase6/runs/CREATEORDER_V0_C0_F8_P20_C50_S7000/CREATEORDER_V0_C0_F8_P20_C50_S7000_1788151496010,0.0,0.0,0.0,0.0,0.0,0.0,0.0,0.0,0.0,0.0,0.0,678.5171104629915,599.3017882917978,0,PASS
CREATEORDER_V0_C0_F8_P20_C50_S7001,/Users/nischithacn/paper3-exactly-once/results/phase6/runs/CREATEORDER_V0_C0_F8_P20_C50_S7001/CREATEORDER_V0_C0_F8_P20_C50_S7001_1788476204194,0.0,0.0,0.0,0.0,0.0,0.0,0.0,0.0,0.0,0.0,0.0,672.3915842746093,594.957084277024,0,PASS
CREATEORDER_V0_C0_F8_P20_C50_S7002,/Users/nischithacn/paper3-exactly-once/results/phase6/runs/CREATEORDER_V0_C0_F8_P20_C50_S7002/CREATEORDER_V0_C0_F8_P20_C50_S7002_1788542133154,0.0,0.0,0.0,0.0,0.0,0.0,0.0,0.0,0.0,0.0,0.0,671.2899732887888,594.7968464324724,0,PASS
CREATEORDER_V0_C0_F8_P20_C50_S7003,/Users/nischithacn/paper3-exactly-once/results/phase6/runs/CREATEORDER_V0_C0_F8_P20_C50_S7003/CREATEORDER_V0_C0_F8_P20_C50_S7003_1788554308123,0.0,0.0,0.0,0.0,0.0,0.0,0.0,0.0,0.0,0.0,0.0,671.6314579173404,595.2262961851626,0,PASS
CREATEORDER_V0_C0_F8_P20_C50_S7004,/Users/nischithacn/paper3-exactly-once/results/phase6/runs/CREATEORDER_V0_C0_F8_P20_C50_S7004/CREATEORDER_V0_C0_F8_P20_C50_S7004_1788559868593,0.0,0.0,0.0,0.0,0.0,0.0,0.0,0.0,0.0,0.0,0.0,658.3641671293116,584.8160193954104,0,PASS
CREATEORDER_V0_C0_F8_P20_C50_S7005,/Users/nischithacn/paper3-exactly-once/results/phase6/runs/CREATEORDER_V0_C0_F8_P20_C50_S7005/CREATEORDER_V0_C0_F8_P20_C50_S7005_1788561920390,0.0,0.0,0.0,0.0,0.0,0.0,0.0,0.0,0.0,0.0,0.0,667.8981386801908,590.5337265002316,0,PASS
CREATEORDER_V0_C0_F8_P20_C50_S7006,/Users/nischithacn/paper3-exactly-once/results/phase6/runs/CREATEORDER_V0_C0_F8_P20_C50_S7006/CREATEORDER_V0_C0_F8_P20_C50_S7006_1788567600086,0.0,0.0,0.0,0.0,0.0,0.0,0.0,0.0,0.0,0.0,0.0,678.5997512045972,608.0019051085085,0,PASS
CREATEORDER_V0_C0_F8_P20_C50_S7007,/Users/nischithacn/paper3-exactly-once/results/phase6/runs/CREATEORDER_V0_C0_F8_P20_C50_S7007/CREATEORDER_V0_C0_F8_P20_C50_S7007_1788569353308,0.0,0.0,0.0,0.0,0.0,0.0,0.0,0.0,0.0,0.0,0.0,717.1122624729252,625.0269163815431,0,PASS
CREATEORDER_V0_C0_F8_P20_C50_S7008,/Users/nischithacn/paper3-exactly-once/results/phase6/runs/CREATEORDER_V0_C0_F8_P20_C50_S7008/CREATEORDER_V0_C0_F8_P20_C50_S7008_1788573897650,0.0,0.0,0.0,0.0,0.0,0.0,0.0,0.0,0.0,0.0,0.0,673.1305519114792,593.9586015087211,0,PASS
CREATEORDER_V0_C0_F8_P20_C50_S7009,/Users/nischithacn/paper3-exactly-once/results/phase6/runs/CREATEORDER_V0_C0_F8_P20_C50_S7009/CREATEORDER_V0_C0_F8_P20_C50_S7009_1788575655119,0.0,0.0,0.0,0.0,0.0,0.0,0.0,0.0,0.0,0.0,0.0,661.5482672051202,576.4478870606862,0,PASS
CREATEORDER_V0_C0_F8_P5_C10_S7000,/Users/nischithacn/paper3-exactly-once/results/phase6/runs/CREATEORDER_V0_C0_F8_P5_C10_S7000/CREATEORDER_V0_C0_F8_P5_C10_S7000_1788151302515,0.0,0.0,0.0,0.0,0.0,0.0,0.0,0.0,0.0,0.0,0.0,368.1505707803007,328.68624469164934,0,PASS
CREATEORDER_V0_C0_F8_P5_C10_S7001,/Users/nischithacn/paper3-exactly-once/results/phase6/runs/CREATEORDER_V0_C0_F8_P5_C10_S7001/CREATEORDER_V0_C0_F8_P5_C10_S7001_1788475186238,0.0,0.0,0.0,0.0,0.0,0.0,0.0,0.0,0.0,0.0,0.0,461.5036070923804,417.0500202812416,0,PASS
CREATEORDER_V0_C0_F8_P5_C10_S7002,/Users/nischithacn/paper3-exactly-once/results/phase6/runs/CREATEORDER_V0_C0_F8_P5_C10_S7002/CREATEORDER_V0_C0_F8_P5_C10_S7002_1788540077819,0.0,0.0,0.0,0.0,0.0,0.0,0.0,0.0,0.0,0.0,0.0,404.54082586376734,353.52430600976754,0,PASS
CREATEORDER_V0_C0_F8_P5_C10_S7003,/Users/nischithacn/paper3-exactly-once/results/phase6/runs/CREATEORDER_V0_C0_F8_P5_C10_S7003/CREATEORDER_V0_C0_F8_P5_C10_S7003_1788554101019,0.0,0.0,0.0,0.0,0.0,0.0,0.0,0.0,0.0,0.0,0.0,426.87876423626295,383.2104447446113,0,PASS
CREATEORDER_V0_C0_F8_P5_C10_S7004,/Users/nischithacn/paper3-exactly-once/results/phase6/runs/CREATEORDER_V0_C0_F8_P5_C10_S7004/CREATEORDER_V0_C0_F8_P5_C10_S7004_1788559661813,0.0,0.0,0.0,0.0,0.0,0.0,0.0,0.0,0.0,0.0,0.0,408.9404676826434,365.4911056683161,0,PASS
CREATEORDER_V0_C0_F8_P5_C10_S7005,/Users/nischithacn/paper3-exactly-once/results/phase6/runs/CREATEORDER_V0_C0_F8_P5_C10_S7005/CREATEORDER_V0_C0_F8_P5_C10_S7005_1788561720454,0.0,0.0,0.0,0.0,0.0,0.0,0.0,0.0,0.0,0.0,0.0,390.0321662083904,347.93302076325216,0,PASS
CREATEORDER_V0_C0_F8_P5_C10_S7006,/Users/nischithacn/paper3-exactly-once/results/phase6/runs/CREATEORDER_V0_C0_F8_P5_C10_S7006/CREATEORDER_V0_C0_F8_P5_C10_S7006_1788567412850,0.0,0.0,0.0,0.0,0.0,0.0,0.0,0.0,0.0,0.0,0.0,388.1889315014291,350.1149356378208,0,PASS
CREATEORDER_V0_C0_F8_P5_C10_S7007,/Users/nischithacn/paper3-exactly-once/results/phase6/runs/CREATEORDER_V0_C0_F8_P5_C10_S7007/CREATEORDER_V0_C0_F8_P5_C10_S7007_1788569159824,0.0,0.0,0.0,0.0,0.0,0.0,0.0,0.0,0.0,0.0,0.0,425.58350763252645,362.14901505543105,0,PASS
CREATEORDER_V0_C0_F8_P5_C10_S7008,/Users/nischithacn/paper3-exactly-once/results/phase6/runs/CREATEORDER_V0_C0_F8_P5_C10_S7008/CREATEORDER_V0_C0_F8_P5_C10_S7008_1788570891772,0.0,0.0,0.0,0.0,0.0,0.0,0.0,0.0,0.0,0.0,0.0,413.3472104386948,373.26380391290945,0,PASS
CREATEORDER_V0_C0_F8_P5_C10_S7009,/Users/nischithacn/paper3-exactly-once/results/phase6/runs/CREATEORDER_V0_C0_F8_P5_C10_S7009/CREATEORDER_V0_C0_F8_P5_C10_S7009_1788575450340,0.0,0.0,0.0,0.0,0.0,0.0,0.0,0.0,0.0,0.0,0.0,443.0211803911701,389.83421377834316,0,PASS
CREATEORDER_V0_C0_F8_P5_C50_S7000,/Users/nischithacn/paper3-exactly-once/results/phase6/runs/CREATEORDER_V0_C0_F8_P5_C50_S7000/CREATEORDER_V0_C0_F8_P5_C50_S7000_1788151333411,0.0,0.0,0.0,0.0,0.0,0.0,0.0,0.0,0.0,0.0,0.0,1495.1846707980299,1293.8924036467845,0,PASS
CREATEORDER_V0_C0_F8_P5_C50_S7001,/Users/nischithacn/paper3-exactly-once/results/phase6/runs/CREATEORDER_V0_C0_F8_P5_C50_S7001/CREATEORDER_V0_C0_F8_P5_C50_S7001_1788475210683,0.0,0.0,0.0,0.0,0.0,0.0,0.0,0.0,0.0,0.0,0.0,1410.4911344749323,1215.4818326166935,0,PASS
CREATEORDER_V0_C0_F8_P5_C50_S7002,/Users/nischithacn/paper3-exactly-once/results/phase6/runs/CREATEORDER_V0_C0_F8_P5_C50_S7002/CREATEORDER_V0_C0_F8_P5_C50_S7002_1788540106576,0.0,0.0,0.0,0.0,0.0,0.0,0.0,0.0,0.0,0.0,0.0,1339.1789333622223,1153.4587655866183,0,PASS
CREATEORDER_V0_C0_F8_P5_C50_S7003,/Users/nischithacn/paper3-exactly-once/results/phase6/runs/CREATEORDER_V0_C0_F8_P5_C50_S7003/CREATEORDER_V0_C0_F8_P5_C50_S7003_1788554127579,0.0,0.0,0.0,0.0,0.0,0.0,0.0,0.0,0.0,0.0,0.0,1410.340171317347,1224.8510515025093,0,PASS
CREATEORDER_V0_C0_F8_P5_C50_S7004,/Users/nischithacn/paper3-exactly-once/results/phase6/runs/CREATEORDER_V0_C0_F8_P5_C50_S7004/CREATEORDER_V0_C0_F8_P5_C50_S7004_1788559689638,0.0,0.0,0.0,0.0,0.0,0.0,0.0,0.0,0.0,0.0,0.0,1383.1893533402194,1195.9655370183245,0,PASS
CREATEORDER_V0_C0_F8_P5_C50_S7005,/Users/nischithacn/paper3-exactly-once/results/phase6/runs/CREATEORDER_V0_C0_F8_P5_C50_S7005/CREATEORDER_V0_C0_F8_P5_C50_S7005_1788561756283,0.0,0.0,0.0,0.0,0.0,0.0,0.0,0.0,0.0,0.0,0.0,1387.0473978012956,1198.8709592130442,0,PASS
CREATEORDER_V0_C0_F8_P5_C50_S7006,/Users/nischithacn/paper3-exactly-once/results/phase6/runs/CREATEORDER_V0_C0_F8_P5_C50_S7006/CREATEORDER_V0_C0_F8_P5_C50_S7006_1788567441896,0.0,0.0,0.0,0.0,0.0,0.0,0.0,0.0,0.0,0.0,0.0,1382.3975733792597,1205.657983703008,0,PASS
CREATEORDER_V0_C0_F8_P5_C50_S7007,/Users/nischithacn/paper3-exactly-once/results/phase6/runs/CREATEORDER_V0_C0_F8_P5_C50_S7007/CREATEORDER_V0_C0_F8_P5_C50_S7007_1788569187947,0.0,0.0,0.0,0.0,0.0,0.0,0.0,0.0,0.0,0.0,0.0,1226.3442934564275,1048.987045573808,0,PASS
CREATEORDER_V0_C0_F8_P5_C50_S7008,/Users/nischithacn/paper3-exactly-once/results/phase6/runs/CREATEORDER_V0_C0_F8_P5_C50_S7008/CREATEORDER_V0_C0_F8_P5_C50_S7008_1788570919033,0.0,0.0,0.0,0.0,0.0,0.0,0.0,0.0,0.0,0.0,0.0,1396.9964953716938,1212.1566278385608,0,PASS
CREATEORDER_V0_C0_F8_P5_C50_S7009,/Users/nischithacn/paper3-exactly-once/results/phase6/runs/CREATEORDER_V0_C0_F8_P5_C50_S7009/CREATEORDER_V0_C0_F8_P5_C50_S7009_1788575476460,0.0,0.0,0.0,0.0,0.0,0.0,0.0,0.0,0.0,0.0,0.0,1418.9149233726455,1226.838232949808,0,PASS
CREATEORDER_V0_C0_F9_P10_C10_S7000,/Users/nischithacn/paper3-exactly-once/results/phase6/runs/CREATEORDER_V0_C0_F9_P10_C10_S7000/CREATEORDER_V0_C0_F9_P10_C10_S7000_1788578696833,0.0,0.0,0.0,0.0,0.0,0.0,0.0,0.0,0.0,0.0,0.0,1147.4316546609077,1024.4802501289728,0,PASS
CREATEORDER_V0_C0_F9_P10_C10_S7001,/Users/nischithacn/paper3-exactly-once/results/phase6/runs/CREATEORDER_V0_C0_F9_P10_C10_S7001/CREATEORDER_V0_C0_F9_P10_C10_S7001_1788579318994,0.0,0.0,0.0,0.0,0.0,0.0,0.0,0.0,0.0,0.0,0.0,1518.0959375055988,1342.3399071644328,0,PASS
CREATEORDER_V0_C0_F9_P10_C10_S7002,/Users/nischithacn/paper3-exactly-once/results/phase6/runs/CREATEORDER_V0_C0_F9_P10_C10_S7002/CREATEORDER_V0_C0_F9_P10_C10_S7002_1788581299481,0.0,0.0,0.0,0.0,0.0,0.0,0.0,0.0,0.0,0.0,0.0,1113.7882756973743,890.3593636663335,0,PASS
CREATEORDER_V0_C0_F9_P10_C10_S7003,/Users/nischithacn/paper3-exactly-once/results/phase6/runs/CREATEORDER_V0_C0_F9_P10_C10_S7003/CREATEORDER_V0_C0_F9_P10_C10_S7003_1788581903685,0.0,0.0,0.0,0.0,0.0,0.0,0.0,0.0,0.0,0.0,0.0,1147.5202759714823,1023.6856465316876,0,PASS
CREATEORDER_V0_C0_F9_P10_C10_S7004,/Users/nischithacn/paper3-exactly-once/results/phase6/runs/CREATEORDER_V0_C0_F9_P10_C10_S7004/CREATEORDER_V0_C0_F9_P10_C10_S7004_1788582588969,0.0,0.0,0.0,0.0,0.0,0.0,0.0,0.0,0.0,0.0,0.0,977.4698119119905,875.0155682651476,0,PASS
CREATEORDER_V0_C0_F9_P10_C10_S7005,/Users/nischithacn/paper3-exactly-once/results/phase6/runs/CREATEORDER_V0_C0_F9_P10_C10_S7005/CREATEORDER_V0_C0_F9_P10_C10_S7005_1788583730562,0.0,0.0,0.0,0.0,0.0,0.0,0.0,0.0,0.0,0.0,0.0,1056.9759730284525,945.7718101010714,0,PASS
CREATEORDER_V0_C0_F9_P10_C10_S7006,/Users/nischithacn/paper3-exactly-once/results/phase6/runs/CREATEORDER_V0_C0_F9_P10_C10_S7006/CREATEORDER_V0_C0_F9_P10_C10_S7006_1788584374425,0.0,0.0,0.0,0.0,0.0,0.0,0.0,0.0,0.0,0.0,0.0,1478.0100449474185,1307.9180308535272,0,PASS
CREATEORDER_V0_C0_F9_P10_C10_S7007,/Users/nischithacn/paper3-exactly-once/results/phase6/runs/CREATEORDER_V0_C0_F9_P10_C10_S7007/CREATEORDER_V0_C0_F9_P10_C10_S7007_1788585017323,0.0,0.0,0.0,0.0,0.0,0.0,0.0,0.0,0.0,0.0,0.0,984.2369705645305,814.862306508271,0,PASS
CREATEORDER_V0_C0_F9_P10_C10_S7008,/Users/nischithacn/paper3-exactly-once/results/phase6/runs/CREATEORDER_V0_C0_F9_P10_C10_S7008/CREATEORDER_V0_C0_F9_P10_C10_S7008_1788585652270,0.0,0.0,0.0,0.0,0.0,0.0,0.0,0.0,0.0,0.0,0.0,1139.395599605853,1014.9173814532235,0,PASS
CREATEORDER_V0_C0_F9_P10_C10_S7009,/Users/nischithacn/paper3-exactly-once/results/phase6/runs/CREATEORDER_V0_C0_F9_P10_C10_S7009/CREATEORDER_V0_C0_F9_P10_C10_S7009_1788586317771,0.0,0.0,0.0,0.0,0.0,0.0,0.0,0.0,0.0,0.0,0.0,1121.4795440941202,1018.343939747349,0,PASS
CREATEORDER_V0_C0_F9_P10_C50_S7000,/Users/nischithacn/paper3-exactly-once/results/phase6/runs/CREATEORDER_V0_C0_F9_P10_C50_S7000/CREATEORDER_V0_C0_F9_P10_C50_S7000_1788578713246,0.0,0.0,0.0,0.0,0.0,0.0,0.0,0.0,0.0,0.0,0.0,1568.51229986884,1395.4742135788497,0,PASS
CREATEORDER_V0_C0_F9_P10_C50_S7001,/Users/nischithacn/paper3-exactly-once/results/phase6/runs/CREATEORDER_V0_C0_F9_P10_C50_S7001/CREATEORDER_V0_C0_F9_P10_C50_S7001_1788579326878,0.0,0.0,0.0,0.0,0.0,0.0,0.0,0.0,0.0,0.0,0.0,1651.4150211099247,1456.539645983034,0,PASS
CREATEORDER_V0_C0_F9_P10_C50_S7002,/Users/nischithacn/paper3-exactly-once/results/phase6/runs/CREATEORDER_V0_C0_F9_P10_C50_S7002/CREATEORDER_V0_C0_F9_P10_C50_S7002_1788581311139,0.0,0.0,0.0,0.0,0.0,0.0,0.0,0.0,0.0,0.0,0.0,1658.667491326636,1447.1545169874967,0,PASS
CREATEORDER_V0_C0_F9_P10_C50_S7003,/Users/nischithacn/paper3-exactly-once/results/phase6/runs/CREATEORDER_V0_C0_F9_P10_C50_S7003/CREATEORDER_V0_C0_F9_P10_C50_S7003_1788581913886,0.0,0.0,0.0,0.0,0.0,0.0,0.0,0.0,0.0,0.0,0.0,1503.405303137699,1343.1975943838554,0,PASS
CREATEORDER_V0_C0_F9_P10_C50_S7004,/Users/nischithacn/paper3-exactly-once/results/phase6/runs/CREATEORDER_V0_C0_F9_P10_C50_S7004/CREATEORDER_V0_C0_F9_P10_C50_S7004_1788582600878,0.0,0.0,0.0,0.0,0.0,0.0,0.0,0.0,0.0,0.0,0.0,1228.0668776539942,1096.8992090946595,0,PASS
CREATEORDER_V0_C0_F9_P10_C50_S7005,/Users/nischithacn/paper3-exactly-once/results/phase6/runs/CREATEORDER_V0_C0_F9_P10_C50_S7005/CREATEORDER_V0_C0_F9_P10_C50_S7005_1788583748130,0.0,0.0,0.0,0.0,0.0,0.0,0.0,0.0,0.0,0.0,0.0,1465.137682394936,1297.38892337825,0,PASS
CREATEORDER_V0_C0_F9_P10_C50_S7006,/Users/nischithacn/paper3-exactly-once/results/phase6/runs/CREATEORDER_V0_C0_F9_P10_C50_S7006/CREATEORDER_V0_C0_F9_P10_C50_S7006_1788584382531,0.0,0.0,0.0,0.0,0.0,0.0,0.0,0.0,0.0,0.0,0.0,1622.8936945089615,1437.1697387569664,0,PASS
CREATEORDER_V0_C0_F9_P10_C50_S7007,/Users/nischithacn/paper3-exactly-once/results/phase6/runs/CREATEORDER_V0_C0_F9_P10_C50_S7007/CREATEORDER_V0_C0_F9_P10_C50_S7007_1788585030011,0.0,0.0,0.0,0.0,0.0,0.0,0.0,0.0,0.0,0.0,0.0,1462.912502094893,1286.4454970954018,0,PASS
CREATEORDER_V0_C0_F9_P10_C50_S7008,/Users/nischithacn/paper3-exactly-once/results/phase6/runs/CREATEORDER_V0_C0_F9_P10_C50_S7008/CREATEORDER_V0_C0_F9_P10_C50_S7008_1788585662558,0.0,0.0,0.0,0.0,0.0,0.0,0.0,0.0,0.0,0.0,0.0,1428.8684430840403,1280.1779544245119,0,PASS
CREATEORDER_V0_C0_F9_P10_C50_S7009,/Users/nischithacn/paper3-exactly-once/results/phase6/runs/CREATEORDER_V0_C0_F9_P10_C50_S7009/CREATEORDER_V0_C0_F9_P10_C50_S7009_1788586328010,0.0,0.0,0.0,0.0,0.0,0.0,0.0,0.0,0.0,0.0,0.0,1450.41023335838,1281.8072355432769,0,PASS
CREATEORDER_V0_C0_F9_P1_C10_S7000,/Users/nischithacn/paper3-exactly-once/results/phase6/runs/CREATEORDER_V0_C0_F9_P1_C10_S7000/CREATEORDER_V0_C0_F9_P1_C10_S7000_1788578663015,0.0,0.0,0.0,0.0,0.0,0.0,0.0,0.0,0.0,0.0,0.0,1123.386340612192,892.057887085397,0,PASS
CREATEORDER_V0_C0_F9_P1_C10_S7001,/Users/nischithacn/paper3-exactly-once/results/phase6/runs/CREATEORDER_V0_C0_F9_P1_C10_S7001/CREATEORDER_V0_C0_F9_P1_C10_S7001_1788579261245,0.0,0.0,0.0,0.0,0.0,0.0,0.0,0.0,0.0,0.0,0.0,1407.9047619111557,1239.8745742267738,0,PASS
CREATEORDER_V0_C0_F9_P1_C10_S7002,/Users/nischithacn/paper3-exactly-once/results/phase6/runs/CREATEORDER_V0_C0_F9_P1_C10_S7002/CREATEORDER_V0_C0_F9_P1_C10_S7002_1788579900062,0.0,0.0,0.0,0.0,0.0,0.0,0.0,0.0,0.0,0.0,0.0,1428.6567777902142,1271.3744953783553,0,PASS
CREATEORDER_V0_C0_F9_P1_C10_S7003,/Users/nischithacn/paper3-exactly-once/results/phase6/runs/CREATEORDER_V0_C0_F9_P1_C10_S7003/CREATEORDER_V0_C0_F9_P1_C10_S7003_1788581863666,0.0,0.0,0.0,0.0,0.0,0.0,0.0,0.0,0.0,0.0,0.0,1302.8652291064095,1169.2859486994435,0,PASS
CREATEORDER_V0_C0_F9_P1_C10_S7004,/Users/nischithacn/paper3-exactly-once/results/phase6/runs/CREATEORDER_V0_C0_F9_P1_C10_S7004/CREATEORDER_V0_C0_F9_P1_C10_S7004_1788582543629,0.0,0.0,0.0,0.0,0.0,0.0,0.0,0.0,0.0,0.0,0.0,1147.4405695401176,1032.5625806600276,0,PASS
CREATEORDER_V0_C0_F9_P1_C10_S7005,/Users/nischithacn/paper3-exactly-once/results/phase6/runs/CREATEORDER_V0_C0_F9_P1_C10_S7005/CREATEORDER_V0_C0_F9_P1_C10_S7005_1788583690682,0.0,0.0,0.0,0.0,0.0,0.0,0.0,0.0,0.0,0.0,0.0,881.1938273085705,744.1516650721377,0,PASS
CREATEORDER_V0_C0_F9_P1_C10_S7006,/Users/nischithacn/paper3-exactly-once/results/phase6/runs/CREATEORDER_V0_C0_F9_P1_C10_S7006/CREATEORDER_V0_C0_F9_P1_C10_S7006_1788584317211,0.0,0.0,0.0,0.0,0.0,0.0,0.0,0.0,0.0,0.0,0.0,1429.2209034406699,1271.4210507633384,0,PASS
CREATEORDER_V0_C0_F9_P1_C10_S7007,/Users/nischithacn/paper3-exactly-once/results/phase6/runs/CREATEORDER_V0_C0_F9_P1_C10_S7007/CREATEORDER_V0_C0_F9_P1_C10_S7007_1788584962195,0.0,0.0,0.0,0.0,0.0,0.0,0.0,0.0,0.0,0.0,0.0,1369.5559078062456,1218.2808468268104,0,PASS
CREATEORDER_V0_C0_F9_P1_C10_S7008,/Users/nischithacn/paper3-exactly-once/results/phase6/runs/CREATEORDER_V0_C0_F9_P1_C10_S7008/CREATEORDER_V0_C0_F9_P1_C10_S7008_1788585611279,0.0,0.0,0.0,0.0,0.0,0.0,0.0,0.0,0.0,0.0,0.0,1264.2987049413346,1131.5975496564404,0,PASS
CREATEORDER_V0_C0_F9_P1_C10_S7009,/Users/nischithacn/paper3-exactly-once/results/phase6/runs/CREATEORDER_V0_C0_F9_P1_C10_S7009/CREATEORDER_V0_C0_F9_P1_C10_S7009_1788586276799,0.0,0.0,0.0,0.0,0.0,0.0,0.0,0.0,0.0,0.0,0.0,1400.9508673976202,1244.338876143795,0,PASS
CREATEORDER_V0_C0_F9_P1_C50_S7000,/Users/nischithacn/paper3-exactly-once/results/phase6/runs/CREATEORDER_V0_C0_F9_P1_C50_S7000/CREATEORDER_V0_C0_F9_P1_C50_S7000_1788578674655,0.0,0.0,0.0,0.0,0.0,0.0,0.0,0.0,0.0,0.0,0.0,1666.4699945495997,1448.4944554380222,0,PASS
CREATEORDER_V0_C0_F9_P1_C50_S7001,/Users/nischithacn/paper3-exactly-once/results/phase6/runs/CREATEORDER_V0_C0_F9_P1_C50_S7001/CREATEORDER_V0_C0_F9_P1_C50_S7001_1788579269873,0.0,0.0,0.0,0.0,0.0,0.0,0.0,0.0,0.0,0.0,0.0,1611.2628096481294,1424.1259050642036,0,PASS
CREATEORDER_V0_C0_F9_P1_C50_S7002,/Users/nischithacn/paper3-exactly-once/results/phase6/runs/CREATEORDER_V0_C0_F9_P1_C50_S7002/CREATEORDER_V0_C0_F9_P1_C50_S7002_1788579908353,0.0,0.0,0.0,0.0,0.0,0.0,0.0,0.0,0.0,0.0,0.0,1536.0317631568212,1371.3233648554642,0,PASS
CREATEORDER_V0_C0_F9_P1_C50_S7003,/Users/nischithacn/paper3-exactly-once/results/phase6/runs/CREATEORDER_V0_C0_F9_P1_C50_S7003/CREATEORDER_V0_C0_F9_P1_C50_S7003_1788581879270,0.0,0.0,0.0,0.0,0.0,0.0,0.0,0.0,0.0,0.0,0.0,1695.9707883937692,1492.4647557077392,0,PASS
CREATEORDER_V0_C0_F9_P1_C50_S7004,/Users/nischithacn/paper3-exactly-once/results/phase6/runs/CREATEORDER_V0_C0_F9_P1_C50_S7004/CREATEORDER_V0_C0_F9_P1_C50_S7004_1788582553779,0.0,0.0,0.0,0.0,0.0,0.0,0.0,0.0,0.0,0.0,0.0,1238.3612737166713,1112.1658036825452,0,PASS
CREATEORDER_V0_C0_F9_P1_C50_S7005,/Users/nischithacn/paper3-exactly-once/results/phase6/runs/CREATEORDER_V0_C0_F9_P1_C50_S7005/CREATEORDER_V0_C0_F9_P1_C50_S7005_1788583704560,0.0,0.0,0.0,0.0,0.0,0.0,0.0,0.0,0.0,0.0,0.0,1325.3812011747448,1172.5247982622172,0,PASS
CREATEORDER_V0_C0_F9_P1_C50_S7006,/Users/nischithacn/paper3-exactly-once/results/phase6/runs/CREATEORDER_V0_C0_F9_P1_C50_S7006/CREATEORDER_V0_C0_F9_P1_C50_S7006_1788584325505,0.0,0.0,0.0,0.0,0.0,0.0,0.0,0.0,0.0,0.0,0.0,1538.2355677733447,1367.9153180245983,0,PASS
CREATEORDER_V0_C0_F9_P1_C50_S7007,/Users/nischithacn/paper3-exactly-once/results/phase6/runs/CREATEORDER_V0_C0_F9_P1_C50_S7007/CREATEORDER_V0_C0_F9_P1_C50_S7007_1788584970831,0.0,0.0,0.0,0.0,0.0,0.0,0.0,0.0,0.0,0.0,0.0,1478.3059869484982,1324.1597246452525,0,PASS
CREATEORDER_V0_C0_F9_P1_C50_S7008,/Users/nischithacn/paper3-exactly-once/results/phase6/runs/CREATEORDER_V0_C0_F9_P1_C50_S7008/CREATEORDER_V0_C0_F9_P1_C50_S7008_1788585627474,0.0,0.0,0.0,0.0,0.0,0.0,0.0,0.0,0.0,0.0,0.0,1644.1757453360283,1466.0632870496609,0,PASS
CREATEORDER_V0_C0_F9_P1_C50_S7009,/Users/nischithacn/paper3-exactly-once/results/phase6/runs/CREATEORDER_V0_C0_F9_P1_C50_S7009/CREATEORDER_V0_C0_F9_P1_C50_S7009_1788586285267,0.0,0.0,0.0,0.0,0.0,0.0,0.0,0.0,0.0,0.0,0.0,1527.9275551087787,1363.6444472563553,0,PASS
CREATEORDER_V0_C0_F9_P20_C10_S7000,/Users/nischithacn/paper3-exactly-once/results/phase6/runs/CREATEORDER_V0_C0_F9_P20_C10_S7000/CREATEORDER_V0_C0_F9_P20_C10_S7000_1788578720848,0.0,0.0,0.0,0.0,0.0,0.0,0.0,0.0,0.0,0.0,0.0,1239.326285582249,1092.3412815411843,0,PASS
CREATEORDER_V0_C0_F9_P20_C10_S7001,/Users/nischithacn/paper3-exactly-once/results/phase6/runs/CREATEORDER_V0_C0_F9_P20_C10_S7001/CREATEORDER_V0_C0_F9_P20_C10_S7001_1788579334181,0.0,0.0,0.0,0.0,0.0,0.0,0.0,0.0,0.0,0.0,0.0,1118.5518486276478,997.2724886182103,0,PASS
CREATEORDER_V0_C0_F9_P20_C10_S7002,/Users/nischithacn/paper3-exactly-once/results/phase6/runs/CREATEORDER_V0_C0_F9_P20_C10_S7002/CREATEORDER_V0_C0_F9_P20_C10_S7002_1788581318475,0.0,0.0,0.0,0.0,0.0,0.0,0.0,0.0,0.0,0.0,0.0,1534.5347740475343,1353.6435723647069,0,PASS
CREATEORDER_V0_C0_F9_P20_C10_S7003,/Users/nischithacn/paper3-exactly-once/results/phase6/runs/CREATEORDER_V0_C0_F9_P20_C10_S7003/CREATEORDER_V0_C0_F9_P20_C10_S7003_1788581942593,0.0,0.0,0.0,0.0,0.0,0.0,0.0,0.0,0.0,0.0,0.0,1023.4644552326904,840.1389537987512,0,PASS
CREATEORDER_V0_C0_F9_P20_C10_S7004,/Users/nischithacn/paper3-exactly-once/results/phase6/runs/CREATEORDER_V0_C0_F9_P20_C10_S7004/CREATEORDER_V0_C0_F9_P20_C10_S7004_1788582610485,0.0,0.0,0.0,0.0,0.0,0.0,0.0,0.0,0.0,0.0,0.0,1144.5511959884122,1029.5805730410784,0,PASS
CREATEORDER_V0_C0_F9_P20_C10_S7005,/Users/nischithacn/paper3-exactly-once/results/phase6/runs/CREATEORDER_V0_C0_F9_P20_C10_S7005/CREATEORDER_V0_C0_F9_P20_C10_S7005_1788583756299,0.0,0.0,0.0,0.0,0.0,0.0,0.0,0.0,0.0,0.0,0.0,1258.8728118277925,1110.8750974262725,0,PASS
CREATEORDER_V0_C0_F9_P20_C10_S7006,/Users/nischithacn/paper3-exactly-once/results/phase6/runs/CREATEORDER_V0_C0_F9_P20_C10_S7006/CREATEORDER_V0_C0_F9_P20_C10_S7006_1788584389925,0.0,0.0,0.0,0.0,0.0,0.0,0.0,0.0,0.0,0.0,0.0,1108.1295117701166,989.2499392082282,0,PASS
CREATEORDER_V0_C0_F9_P20_C10_S7007,/Users/nischithacn/paper3-exactly-once/results/phase6/runs/CREATEORDER_V0_C0_F9_P20_C10_S7007/CREATEORDER_V0_C0_F9_P20_C10_S7007_1788585038229,0.0,0.0,0.0,0.0,0.0,0.0,0.0,0.0,0.0,0.0,0.0,1480.5282638975664,1310.4497197453024,0,PASS
CREATEORDER_V0_C0_F9_P20_C10_S7008,/Users/nischithacn/paper3-exactly-once/results/phase6/runs/CREATEORDER_V0_C0_F9_P20_C10_S7008/CREATEORDER_V0_C0_F9_P20_C10_S7008_1788585691700,0.0,0.0,0.0,0.0,0.0,0.0,0.0,0.0,0.0,0.0,0.0,954.1342856453258,794.4511100598329,0,PASS
CREATEORDER_V0_C0_F9_P20_C10_S7009,/Users/nischithacn/paper3-exactly-once/results/phase6/runs/CREATEORDER_V0_C0_F9_P20_C10_S7009/CREATEORDER_V0_C0_F9_P20_C10_S7009_1788586336263,0.0,0.0,0.0,0.0,0.0,0.0,0.0,0.0,0.0,0.0,0.0,1265.5667916169912,1119.7470975250124,0,PASS
CREATEORDER_V0_C0_F9_P20_C50_S7000,/Users/nischithacn/paper3-exactly-once/results/phase6/runs/CREATEORDER_V0_C0_F9_P20_C50_S7000/CREATEORDER_V0_C0_F9_P20_C50_S7000_1788578730419,0.0,0.0,0.0,0.0,0.0,0.0,0.0,0.0,0.0,0.0,0.0,1805.1225268299922,1561.3438391674806,0,PASS
CREATEORDER_V0_C0_F9_P20_C50_S7001,/Users/nischithacn/paper3-exactly-once/results/phase6/runs/CREATEORDER_V0_C0_F9_P20_C50_S7001/CREATEORDER_V0_C0_F9_P20_C50_S7001_1788579351282,0.0,0.0,0.0,0.0,0.0,0.0,0.0,0.0,0.0,0.0,0.0,1550.0845388980563,1380.6538268364245,0,PASS
CREATEORDER_V0_C0_F9_P20_C50_S7002,/Users/nischithacn/paper3-exactly-once/results/phase6/runs/CREATEORDER_V0_C0_F9_P20_C50_S7002/CREATEORDER_V0_C0_F9_P20_C50_S7002_1788581326297,0.0,0.0,0.0,0.0,0.0,0.0,0.0,0.0,0.0,0.0,0.0,1741.8645063021315,1531.476386667058,0,PASS
CREATEORDER_V0_C0_F9_P20_C50_S7003,/Users/nischithacn/paper3-exactly-once/results/phase6/runs/CREATEORDER_V0_C0_F9_P20_C50_S7003/CREATEORDER_V0_C0_F9_P20_C50_S7003_1788581954924,0.0,0.0,0.0,0.0,0.0,0.0,0.0,0.0,0.0,0.0,0.0,1538.9753397993989,1355.7016731262,0,PASS
CREATEORDER_V0_C0_F9_P20_C50_S7004,/Users/nischithacn/paper3-exactly-once/results/phase6/runs/CREATEORDER_V0_C0_F9_P20_C50_S7004/CREATEORDER_V0_C0_F9_P20_C50_S7004_1788582620691,0.0,0.0,0.0,0.0,0.0,0.0,0.0,0.0,0.0,0.0,0.0,1245.2619495065956,1110.5237347049947,0,PASS
CREATEORDER_V0_C0_F9_P20_C50_S7005,/Users/nischithacn/paper3-exactly-once/results/phase6/runs/CREATEORDER_V0_C0_F9_P20_C50_S7005/CREATEORDER_V0_C0_F9_P20_C50_S7005_1788583765743,0.0,0.0,0.0,0.0,0.0,0.0,0.0,0.0,0.0,0.0,0.0,1554.2396818879095,1380.4746961595963,0,PASS
CREATEORDER_V0_C0_F9_P20_C50_S7006,/Users/nischithacn/paper3-exactly-once/results/phase6/runs/CREATEORDER_V0_C0_F9_P20_C50_S7006/CREATEORDER_V0_C0_F9_P20_C50_S7006_1788584407058,0.0,0.0,0.0,0.0,0.0,0.0,0.0,0.0,0.0,0.0,0.0,1493.9196995508557,1317.1935121647225,0,PASS
CREATEORDER_V0_C0_F9_P20_C50_S7007,/Users/nischithacn/paper3-exactly-once/results/phase6/runs/CREATEORDER_V0_C0_F9_P20_C50_S7007/CREATEORDER_V0_C0_F9_P20_C50_S7007_1788585046281,0.0,0.0,0.0,0.0,0.0,0.0,0.0,0.0,0.0,0.0,0.0,1571.0713682919945,1406.5645855591565,0,PASS
CREATEORDER_V0_C0_F9_P20_C50_S7008,/Users/nischithacn/paper3-exactly-once/results/phase6/runs/CREATEORDER_V0_C0_F9_P20_C50_S7008/CREATEORDER_V0_C0_F9_P20_C50_S7008_1788585704724,0.0,0.0,0.0,0.0,0.0,0.0,0.0,0.0,0.0,0.0,0.0,1481.4610739171478,1301.7355029173334,0,PASS
CREATEORDER_V0_C0_F9_P20_C50_S7009,/Users/nischithacn/paper3-exactly-once/results/phase6/runs/CREATEORDER_V0_C0_F9_P20_C50_S7009/CREATEORDER_V0_C0_F9_P20_C50_S7009_1788586345631,0.0,0.0,0.0,0.0,0.0,0.0,0.0,0.0,0.0,0.0,0.0,1515.8403411774132,1344.8045331697456,0,PASS
CREATEORDER_V0_C0_F9_P5_C10_S7000,/Users/nischithacn/paper3-exactly-once/results/phase6/runs/CREATEORDER_V0_C0_F9_P5_C10_S7000/CREATEORDER_V0_C0_F9_P5_C10_S7000_1788578681982,0.0,0.0,0.0,0.0,0.0,0.0,0.0,0.0,0.0,0.0,0.0,1530.3684793797065,1354.3384155337362,0,PASS
CREATEORDER_V0_C0_F9_P5_C10_S7001,/Users/nischithacn/paper3-exactly-once/results/phase6/runs/CREATEORDER_V0_C0_F9_P5_C10_S7001/CREATEORDER_V0_C0_F9_P5_C10_S7001_1788579298993,0.0,0.0,0.0,0.0,0.0,0.0,0.0,0.0,0.0,0.0,0.0,1021.3259014897616,836.0510497949123,0,PASS
CREATEORDER_V0_C0_F9_P5_C10_S7002,/Users/nischithacn/paper3-exactly-once/results/phase6/runs/CREATEORDER_V0_C0_F9_P5_C10_S7002/CREATEORDER_V0_C0_F9_P5_C10_S7002_1788579916083,0.0,0.0,0.0,0.0,0.0,0.0,0.0,0.0,0.0,0.0,0.0,1230.4920707956335,1111.376967271552,0,PASS
CREATEORDER_V0_C0_F9_P5_C10_S7003,/Users/nischithacn/paper3-exactly-once/results/phase6/runs/CREATEORDER_V0_C0_F9_P5_C10_S7003/CREATEORDER_V0_C0_F9_P5_C10_S7003_1788581886406,0.0,0.0,0.0,0.0,0.0,0.0,0.0,0.0,0.0,0.0,0.0,1229.6046705877484,1110.9272943104568,0,PASS
CREATEORDER_V0_C0_F9_P5_C10_S7004,/Users/nischithacn/paper3-exactly-once/results/phase6/runs/CREATEORDER_V0_C0_F9_P5_C10_S7004/CREATEORDER_V0_C0_F9_P5_C10_S7004_1788582563264,0.0,0.0,0.0,0.0,0.0,0.0,0.0,0.0,0.0,0.0,0.0,996.7954185526734,906.9822407411372,0,PASS
CREATEORDER_V0_C0_F9_P5_C10_S7005,/Users/nischithacn/paper3-exactly-once/results/phase6/runs/CREATEORDER_V0_C0_F9_P5_C10_S7005/CREATEORDER_V0_C0_F9_P5_C10_S7005_1788583713536,0.0,0.0,0.0,0.0,0.0,0.0,0.0,0.0,0.0,0.0,0.0,1334.2233448877057,1191.644140050143,0,PASS
CREATEORDER_V0_C0_F9_P5_C10_S7006,/Users/nischithacn/paper3-exactly-once/results/phase6/runs/CREATEORDER_V0_C0_F9_P5_C10_S7006/CREATEORDER_V0_C0_F9_P5_C10_S7006_1788584353895,0.0,0.0,0.0,0.0,0.0,0.0,0.0,0.0,0.0,0.0,0.0,993.5679311835652,817.930003916965,0,PASS
CREATEORDER_V0_C0_F9_P5_C10_S7007,/Users/nischithacn/paper3-exactly-once/results/phase6/runs/CREATEORDER_V0_C0_F9_P5_C10_S7007/CREATEORDER_V0_C0_F9_P5_C10_S7007_1788584978817,0.0,0.0,0.0,0.0,0.0,0.0,0.0,0.0,0.0,0.0,0.0,1253.2493902355761,1131.3175384908018,0,PASS
CREATEORDER_V0_C0_F9_P5_C10_S7008,/Users/nischithacn/paper3-exactly-once/results/phase6/runs/CREATEORDER_V0_C0_F9_P5_C10_S7008/CREATEORDER_V0_C0_F9_P5_C10_S7008_1788585634750,0.0,0.0,0.0,0.0,0.0,0.0,0.0,0.0,0.0,0.0,0.0,1250.252402119993,1126.1744599191366,0,PASS
CREATEORDER_V0_C0_F9_P5_C10_S7009,/Users/nischithacn/paper3-exactly-once/results/phase6/runs/CREATEORDER_V0_C0_F9_P5_C10_S7009/CREATEORDER_V0_C0_F9_P5_C10_S7009_1788586293032,0.0,0.0,0.0,0.0,0.0,0.0,0.0,0.0,0.0,0.0,0.0,1148.1799505026318,1044.1189173714706,0,PASS
CREATEORDER_V0_C0_F9_P5_C50_S7000,/Users/nischithacn/paper3-exactly-once/results/phase6/runs/CREATEORDER_V0_C0_F9_P5_C50_S7000/CREATEORDER_V0_C0_F9_P5_C50_S7000_1788578689793,0.0,0.0,0.0,0.0,0.0,0.0,0.0,0.0,0.0,0.0,0.0,1716.6336332094847,1510.028849397132,0,PASS
CREATEORDER_V0_C0_F9_P5_C50_S7001,/Users/nischithacn/paper3-exactly-once/results/phase6/runs/CREATEORDER_V0_C0_F9_P5_C50_S7001/CREATEORDER_V0_C0_F9_P5_C50_S7001_1788579311383,0.0,0.0,0.0,0.0,0.0,0.0,0.0,0.0,0.0,0.0,0.0,1597.6775702860518,1396.180793573054,0,PASS
CREATEORDER_V0_C0_F9_P5_C50_S7002,/Users/nischithacn/paper3-exactly-once/results/phase6/runs/CREATEORDER_V0_C0_F9_P5_C50_S7002/CREATEORDER_V0_C0_F9_P5_C50_S7002_1788579925521,0.0,0.0,0.0,0.0,0.0,0.0,0.0,0.0,0.0,0.0,0.0,1498.894172161499,1328.1967448174948,0,PASS
CREATEORDER_V0_C0_F9_P5_C50_S7003,/Users/nischithacn/paper3-exactly-once/results/phase6/runs/CREATEORDER_V0_C0_F9_P5_C50_S7003/CREATEORDER_V0_C0_F9_P5_C50_S7003_1788581895834,0.0,0.0,0.0,0.0,0.0,0.0,0.0,0.0,0.0,0.0,0.0,1522.603284301123,1351.5409721012732,0,PASS
CREATEORDER_V0_C0_F9_P5_C50_S7004,/Users/nischithacn/paper3-exactly-once/results/phase6/runs/CREATEORDER_V0_C0_F9_P5_C50_S7004/CREATEORDER_V0_C0_F9_P5_C50_S7004_1788582581654,0.0,0.0,0.0,0.0,0.0,0.0,0.0,0.0,0.0,0.0,0.0,1654.6998927679115,1467.895096854281,0,PASS
CREATEORDER_V0_C0_F9_P5_C50_S7005,/Users/nischithacn/paper3-exactly-once/results/phase6/runs/CREATEORDER_V0_C0_F9_P5_C50_S7005/CREATEORDER_V0_C0_F9_P5_C50_S7005_1788583722373,0.0,0.0,0.0,0.0,0.0,0.0,0.0,0.0,0.0,0.0,0.0,1438.1881925215177,1291.8725086324187,0,PASS
CREATEORDER_V0_C0_F9_P5_C50_S7006,/Users/nischithacn/paper3-exactly-once/results/phase6/runs/CREATEORDER_V0_C0_F9_P5_C50_S7006/CREATEORDER_V0_C0_F9_P5_C50_S7006_1788584366564,0.0,0.0,0.0,0.0,0.0,0.0,0.0,0.0,0.0,0.0,0.0,1548.7662998700114,1343.9991407232055,0,PASS
CREATEORDER_V0_C0_F9_P5_C50_S7007,/Users/nischithacn/paper3-exactly-once/results/phase6/runs/CREATEORDER_V0_C0_F9_P5_C50_S7007/CREATEORDER_V0_C0_F9_P5_C50_S7007_1788584988097,0.0,0.0,0.0,0.0,0.0,0.0,0.0,0.0,0.0,0.0,0.0,1441.2567892912966,1283.1002643869886,0,PASS
CREATEORDER_V0_C0_F9_P5_C50_S7008,/Users/nischithacn/paper3-exactly-once/results/phase6/runs/CREATEORDER_V0_C0_F9_P5_C50_S7008/CREATEORDER_V0_C0_F9_P5_C50_S7008_1788585644071,0.0,0.0,0.0,0.0,0.0,0.0,0.0,0.0,0.0,0.0,0.0,1456.5976137562304,1289.395533438283,0,PASS
CREATEORDER_V0_C0_F9_P5_C50_S7009,/Users/nischithacn/paper3-exactly-once/results/phase6/runs/CREATEORDER_V0_C0_F9_P5_C50_S7009/CREATEORDER_V0_C0_F9_P5_C50_S7009_1788586309707,0.0,0.0,0.0,0.0,0.0,0.0,0.0,0.0,0.0,0.0,0.0,1460.4765843620899,1314.157836901334,0,PASS
CREATEORDER_V1_C1_F0_P0_C100_S7000,/Users/nischithacn/paper3-exactly-once/results/phase6/runs/CREATEORDER_V1_C1_F0_P0_C100_S7000/CREATEORDER_V1_C1_F0_P0_C100_S7000_1788142720391,0.0,0.0,0.0,0.0,0.0,0.0,0.0,0.0,0.0,0.0,0.0,1815.403547856871,1592.3970185988667,0,PASS
CREATEORDER_V1_C1_F0_P0_C100_S7001,/Users/nischithacn/paper3-exactly-once/results/phase6/runs/CREATEORDER_V1_C1_F0_P0_C100_S7001/CREATEORDER_V1_C1_F0_P0_C100_S7001_1788320091193,0.0,0.0,0.0,0.0,0.0,0.0,0.0,0.0,0.0,0.0,0.0,1669.7496142317964,1464.0619608665822,0,PASS
CREATEORDER_V1_C1_F0_P0_C100_S7002,/Users/nischithacn/paper3-exactly-once/results/phase6/runs/CREATEORDER_V1_C1_F0_P0_C100_S7002/CREATEORDER_V1_C1_F0_P0_C100_S7002_1788321417292,0.0,0.0,0.0,0.0,0.0,0.0,0.0,0.0,0.0,0.0,0.0,1703.4670514907282,1484.5887741155188,0,PASS
CREATEORDER_V1_C1_F0_P0_C100_S7003,/Users/nischithacn/paper3-exactly-once/results/phase6/runs/CREATEORDER_V1_C1_F0_P0_C100_S7003/CREATEORDER_V1_C1_F0_P0_C100_S7003_1788324932460,0.0,0.0,0.0,0.0,0.0,0.0,0.0,0.0,0.0,0.0,0.0,980.3900440075337,808.7440763886522,0,PASS
CREATEORDER_V1_C1_F0_P0_C100_S7004,/Users/nischithacn/paper3-exactly-once/results/phase6/runs/CREATEORDER_V1_C1_F0_P0_C100_S7004/CREATEORDER_V1_C1_F0_P0_C100_S7004_1788325661804,0.0,0.0,0.0,0.0,0.0,0.0,0.0,0.0,0.0,0.0,0.0,1674.5255335855773,1469.7893279442628,0,PASS
CREATEORDER_V1_C1_F0_P0_C100_S7005,/Users/nischithacn/paper3-exactly-once/results/phase6/runs/CREATEORDER_V1_C1_F0_P0_C100_S7005/CREATEORDER_V1_C1_F0_P0_C100_S7005_1788326417804,0.0,0.0,0.0,0.0,0.0,0.0,0.0,0.0,0.0,0.0,0.0,1683.5799193738467,1480.5118542847051,0,PASS
CREATEORDER_V1_C1_F0_P0_C100_S7006,/Users/nischithacn/paper3-exactly-once/results/phase6/runs/CREATEORDER_V1_C1_F0_P0_C100_S7006/CREATEORDER_V1_C1_F0_P0_C100_S7006_1788328982106,0.0,0.0,0.0,0.0,0.0,0.0,0.0,0.0,0.0,0.0,0.0,1611.9924777599401,1412.8530259676634,0,PASS
CREATEORDER_V1_C1_F0_P0_C100_S7007,/Users/nischithacn/paper3-exactly-once/results/phase6/runs/CREATEORDER_V1_C1_F0_P0_C100_S7007/CREATEORDER_V1_C1_F0_P0_C100_S7007_1788329680174,0.0,0.0,0.0,0.0,0.0,0.0,0.0,0.0,0.0,0.0,0.0,1702.7977488810316,1478.5388751750306,0,PASS
CREATEORDER_V1_C1_F0_P0_C100_S7008,/Users/nischithacn/paper3-exactly-once/results/phase6/runs/CREATEORDER_V1_C1_F0_P0_C100_S7008/CREATEORDER_V1_C1_F0_P0_C100_S7008_1788330467251,0.0,0.0,0.0,0.0,0.0,0.0,0.0,0.0,0.0,0.0,0.0,1103.1275317624575,890.4282609173315,0,PASS
CREATEORDER_V1_C1_F0_P0_C100_S7009,/Users/nischithacn/paper3-exactly-once/results/phase6/runs/CREATEORDER_V1_C1_F0_P0_C100_S7009/CREATEORDER_V1_C1_F0_P0_C100_S7009_1788331152373,0.0,0.0,0.0,0.0,0.0,0.0,0.0,0.0,0.0,0.0,0.0,1632.4068351089304,1440.2817115954604,0,PASS
CREATEORDER_V1_C1_F0_P0_C10_S7000,/Users/nischithacn/paper3-exactly-once/results/phase6/runs/CREATEORDER_V1_C1_F0_P0_C10_S7000/CREATEORDER_V1_C1_F0_P0_C10_S7000_1788142706318,0.0,0.0,0.0,0.0,0.0,0.0,0.0,0.0,0.0,0.0,0.0,1594.177273347151,1409.558933121209,0,PASS
CREATEORDER_V1_C1_F0_P0_C10_S7001,/Users/nischithacn/paper3-exactly-once/results/phase6/runs/CREATEORDER_V1_C1_F0_P0_C10_S7001/CREATEORDER_V1_C1_F0_P0_C10_S7001_1788320075408,0.0,0.0,0.0,0.0,0.0,0.0,0.0,0.0,0.0,0.0,0.0,1397.9257538586487,1221.0231438147187,0,PASS
CREATEORDER_V1_C1_F0_P0_C10_S7002,/Users/nischithacn/paper3-exactly-once/results/phase6/runs/CREATEORDER_V1_C1_F0_P0_C10_S7002/CREATEORDER_V1_C1_F0_P0_C10_S7002_1788321395359,0.0,0.0,0.0,0.0,0.0,0.0,0.0,0.0,0.0,0.0,0.0,1437.9286003976129,1269.866874674798,0,PASS
CREATEORDER_V1_C1_F0_P0_C10_S7003,/Users/nischithacn/paper3-exactly-once/results/phase6/runs/CREATEORDER_V1_C1_F0_P0_C10_S7003/CREATEORDER_V1_C1_F0_P0_C10_S7003_1788324893924,0.0,0.0,0.0,0.0,0.0,0.0,0.0,0.0,0.0,0.0,0.0,1382.073291168325,1230.6168423263955,0,PASS
CREATEORDER_V1_C1_F0_P0_C10_S7004,/Users/nischithacn/paper3-exactly-once/results/phase6/runs/CREATEORDER_V1_C1_F0_P0_C10_S7004/CREATEORDER_V1_C1_F0_P0_C10_S7004_1788325646140,0.0,0.0,0.0,0.0,0.0,0.0,0.0,0.0,0.0,0.0,0.0,1418.716369870096,1250.0604643861561,0,PASS
CREATEORDER_V1_C1_F0_P0_C10_S7005,/Users/nischithacn/paper3-exactly-once/results/phase6/runs/CREATEORDER_V1_C1_F0_P0_C10_S7005/CREATEORDER_V1_C1_F0_P0_C10_S7005_1788326402484,0.0,0.0,0.0,0.0,0.0,0.0,0.0,0.0,0.0,0.0,0.0,1445.1921985262106,1278.3174489875844,0,PASS
CREATEORDER_V1_C1_F0_P0_C10_S7006,/Users/nischithacn/paper3-exactly-once/results/phase6/runs/CREATEORDER_V1_C1_F0_P0_C10_S7006/CREATEORDER_V1_C1_F0_P0_C10_S7006_1788328961000,0.0,0.0,0.0,0.0,0.0,0.0,0.0,0.0,0.0,0.0,0.0,986.9881376107187,800.0578655133443,0,PASS
CREATEORDER_V1_C1_F0_P0_C10_S7007,/Users/nischithacn/paper3-exactly-once/results/phase6/runs/CREATEORDER_V1_C1_F0_P0_C10_S7007/CREATEORDER_V1_C1_F0_P0_C10_S7007_1788329658327,0.0,0.0,0.0,0.0,0.0,0.0,0.0,0.0,0.0,0.0,0.0,1452.1922011920824,1277.179315494293,0,PASS
CREATEORDER_V1_C1_F0_P0_C10_S7008,/Users/nischithacn/paper3-exactly-once/results/phase6/runs/CREATEORDER_V1_C1_F0_P0_C10_S7008/CREATEORDER_V1_C1_F0_P0_C10_S7008_1788330430923,0.0,0.0,0.0,0.0,0.0,0.0,0.0,0.0,0.0,0.0,0.0,1397.8458071197917,1238.760883522771,0,PASS
CREATEORDER_V1_C1_F0_P0_C10_S7009,/Users/nischithacn/paper3-exactly-once/results/phase6/runs/CREATEORDER_V1_C1_F0_P0_C10_S7009/CREATEORDER_V1_C1_F0_P0_C10_S7009_1788331136409,0.0,0.0,0.0,0.0,0.0,0.0,0.0,0.0,0.0,0.0,0.0,1395.4835457498612,1234.258750389761,0,PASS
CREATEORDER_V1_C1_F0_P0_C1_S7000,/Users/nischithacn/paper3-exactly-once/results/phase6/runs/CREATEORDER_V1_C1_F0_P0_C1_S7000/CREATEORDER_V1_C1_F0_P0_C1_S7000_1788142613125,0.0,0.0,0.0,0.0,0.0,0.0,0.0,0.0,0.0,0.0,0.0,117.4470338337888,107.77968426865463,0,PASS
CREATEORDER_V1_C1_F0_P0_C1_S7001,/Users/nischithacn/paper3-exactly-once/results/phase6/runs/CREATEORDER_V1_C1_F0_P0_C1_S7001/CREATEORDER_V1_C1_F0_P0_C1_S7001_1788319568042,0.0,0.0,0.0,0.0,0.0,0.0,0.0,0.0,0.0,0.0,0.0,144.6958764181169,132.13235762791422,0,PASS
CREATEORDER_V1_C1_F0_P0_C1_S7002,/Users/nischithacn/paper3-exactly-once/results/phase6/runs/CREATEORDER_V1_C1_F0_P0_C1_S7002/CREATEORDER_V1_C1_F0_P0_C1_S7002_1788321332694,0.0,0.0,0.0,0.0,0.0,0.0,0.0,0.0,0.0,0.0,0.0,176.46920772827272,160.61526213222115,0,PASS
CREATEORDER_V1_C1_F0_P0_C1_S7003,/Users/nischithacn/paper3-exactly-once/results/phase6/runs/CREATEORDER_V1_C1_F0_P0_C1_S7003/CREATEORDER_V1_C1_F0_P0_C1_S7003_1788324159177,0.0,0.0,0.0,0.0,0.0,0.0,0.0,0.0,0.0,0.0,0.0,13.727644248851279,13.617622320093046,0,PASS
CREATEORDER_V1_C1_F0_P0_C1_S7004,/Users/nischithacn/paper3-exactly-once/results/phase6/runs/CREATEORDER_V1_C1_F0_P0_C1_S7004/CREATEORDER_V1_C1_F0_P0_C1_S7004_1788325572105,0.0,0.0,0.0,0.0,0.0,0.0,0.0,0.0,0.0,0.0,0.0,148.83187933162878,135.80443969522395,0,PASS
CREATEORDER_V1_C1_F0_P0_C1_S7005,/Users/nischithacn/paper3-exactly-once/results/phase6/runs/CREATEORDER_V1_C1_F0_P0_C1_S7005/CREATEORDER_V1_C1_F0_P0_C1_S7005_1788326336638,0.0,0.0,0.0,0.0,0.0,0.0,0.0,0.0,0.0,0.0,0.0,170.81616069454208,152.8381605392681,0,PASS
CREATEORDER_V1_C1_F0_P0_C1_S7006,/Users/nischithacn/paper3-exactly-once/results/phase6/runs/CREATEORDER_V1_C1_F0_P0_C1_S7006/CREATEORDER_V1_C1_F0_P0_C1_S7006_1788326998929,0.0,0.0,0.0,0.0,0.0,0.0,0.0,0.0,0.0,0.0,0.0,165.9756048661011,150.29444162679712,0,PASS
CREATEORDER_V1_C1_F0_P0_C1_S7007,/Users/nischithacn/paper3-exactly-once/results/phase6/runs/CREATEORDER_V1_C1_F0_P0_C1_S7007/CREATEORDER_V1_C1_F0_P0_C1_S7007_1788329595783,0.0,0.0,0.0,0.0,0.0,0.0,0.0,0.0,0.0,0.0,0.0,177.18285901630423,160.91265004213676,0,PASS
CREATEORDER_V1_C1_F0_P0_C1_S7008,/Users/nischithacn/paper3-exactly-once/results/phase6/runs/CREATEORDER_V1_C1_F0_P0_C1_S7008/CREATEORDER_V1_C1_F0_P0_C1_S7008_1788330358505,0.0,0.0,0.0,0.0,0.0,0.0,0.0,0.0,0.0,0.0,0.0,153.17039611678888,138.85908974200848,0,PASS
CREATEORDER_V1_C1_F0_P0_C1_S7009,/Users/nischithacn/paper3-exactly-once/results/phase6/runs/CREATEORDER_V1_C1_F0_P0_C1_S7009/CREATEORDER_V1_C1_F0_P0_C1_S7009_1788331064722,0.0,0.0,0.0,0.0,0.0,0.0,0.0,0.0,0.0,0.0,0.0,154.77044011766424,140.28718598839828,0,PASS
CREATEORDER_V1_C1_F0_P0_C50_S7000,/Users/nischithacn/paper3-exactly-once/results/phase6/runs/CREATEORDER_V1_C1_F0_P0_C50_S7000/CREATEORDER_V1_C1_F0_P0_C50_S7000_1788142713821,0.0,0.0,0.0,0.0,0.0,0.0,0.0,0.0,0.0,0.0,0.0,1854.8322617301455,1622.4808642175171,0,PASS
CREATEORDER_V1_C1_F0_P0_C50_S7001,/Users/nischithacn/paper3-exactly-once/results/phase6/runs/CREATEORDER_V1_C1_F0_P0_C50_S7001/CREATEORDER_V1_C1_F0_P0_C50_S7001_1788320084022,0.0,0.0,0.0,0.0,0.0,0.0,0.0,0.0,0.0,0.0,0.0,1671.9896849620131,1481.4305159490184,0,PASS
CREATEORDER_V1_C1_F0_P0_C50_S7002,/Users/nischithacn/paper3-exactly-once/results/phase6/runs/CREATEORDER_V1_C1_F0_P0_C50_S7002/CREATEORDER_V1_C1_F0_P0_C50_S7002_1788321410197,0.0,0.0,0.0,0.0,0.0,0.0,0.0,0.0,0.0,0.0,0.0,1711.1210400250914,1497.741587955231,0,PASS
CREATEORDER_V1_C1_F0_P0_C50_S7003,/Users/nischithacn/paper3-exactly-once/results/phase6/runs/CREATEORDER_V1_C1_F0_P0_C50_S7003/CREATEORDER_V1_C1_F0_P0_C50_S7003_1788324902469,0.0,0.0,0.0,0.0,0.0,0.0,0.0,0.0,0.0,0.0,0.0,1312.261209782727,1177.9396929602844,0,PASS
CREATEORDER_V1_C1_F0_P0_C50_S7004,/Users/nischithacn/paper3-exactly-once/results/phase6/runs/CREATEORDER_V1_C1_F0_P0_C50_S7004/CREATEORDER_V1_C1_F0_P0_C50_S7004_1788325654545,0.0,0.0,0.0,0.0,0.0,0.0,0.0,0.0,0.0,0.0,0.0,1654.1059296424942,1458.0264640084931,0,PASS
CREATEORDER_V1_C1_F0_P0_C50_S7005,/Users/nischithacn/paper3-exactly-once/results/phase6/runs/CREATEORDER_V1_C1_F0_P0_C50_S7005/CREATEORDER_V1_C1_F0_P0_C50_S7005_1788326410726,0.0,0.0,0.0,0.0,0.0,0.0,0.0,0.0,0.0,0.0,0.0,1711.6106696866748,1500.0271265643953,0,PASS
CREATEORDER_V1_C1_F0_P0_C50_S7006,/Users/nischithacn/paper3-exactly-once/results/phase6/runs/CREATEORDER_V1_C1_F0_P0_C50_S7006/CREATEORDER_V1_C1_F0_P0_C50_S7006_1788328973920,0.0,0.0,0.0,0.0,0.0,0.0,0.0,0.0,0.0,0.0,0.0,1488.4326222897957,1288.1133688553323,0,PASS
CREATEORDER_V1_C1_F0_P0_C50_S7007,/Users/nischithacn/paper3-exactly-once/results/phase6/runs/CREATEORDER_V1_C1_F0_P0_C50_S7007/CREATEORDER_V1_C1_F0_P0_C50_S7007_1788329673067,0.0,0.0,0.0,0.0,0.0,0.0,0.0,0.0,0.0,0.0,0.0,1702.9688626957643,1495.2281118159913,0,PASS
CREATEORDER_V1_C1_F0_P0_C50_S7008,/Users/nischithacn/paper3-exactly-once/results/phase6/runs/CREATEORDER_V1_C1_F0_P0_C50_S7008/CREATEORDER_V1_C1_F0_P0_C50_S7008_1788330439404,0.0,0.0,0.0,0.0,0.0,0.0,0.0,0.0,0.0,0.0,0.0,1698.8464842157857,1494.6186226387877,0,PASS
CREATEORDER_V1_C1_F0_P0_C50_S7009,/Users/nischithacn/paper3-exactly-once/results/phase6/runs/CREATEORDER_V1_C1_F0_P0_C50_S7009/CREATEORDER_V1_C1_F0_P0_C50_S7009_1788331144932,0.0,0.0,0.0,0.0,0.0,0.0,0.0,0.0,0.0,0.0,0.0,1610.9389034441558,1423.492646160446,0,PASS
CREATEORDER_V1_C1_F11_P0_C50_FAN10_S7000,/Users/nischithacn/paper3-exactly-once/results/phase6/runs/CREATEORDER_V1_C1_F11_P0_C50_FAN10_S7000/CREATEORDER_V1_C1_F11_P0_C50_FAN10_S7000_1788649660450,0.0,0.0,0.0,0.0,0.0,0.0,0.0,0.0,0.0,0.0,0.0,75.39502733284189,68.29409301419619,0,PASS
CREATEORDER_V1_C1_F11_P0_C50_FAN10_S7001,/Users/nischithacn/paper3-exactly-once/results/phase6/runs/CREATEORDER_V1_C1_F11_P0_C50_FAN10_S7001/CREATEORDER_V1_C1_F11_P0_C50_FAN10_S7001_1788651376682,0.0,0.0,0.0,0.0,0.0,0.0,0.0,0.0,0.0,0.0,0.0,74.4341291061693,67.56246792394636,0,PASS
CREATEORDER_V1_C1_F11_P0_C50_FAN10_S7002,/Users/nischithacn/paper3-exactly-once/results/phase6/runs/CREATEORDER_V1_C1_F11_P0_C50_FAN10_S7002/CREATEORDER_V1_C1_F11_P0_C50_FAN10_S7002_1788653074923,0.0,0.0,0.0,0.0,0.0,0.0,0.0,0.0,0.0,0.0,0.0,74.46071876309564,67.49874886924455,0,PASS
CREATEORDER_V1_C1_F11_P0_C50_FAN10_S7003,/Users/nischithacn/paper3-exactly-once/results/phase6/runs/CREATEORDER_V1_C1_F11_P0_C50_FAN10_S7003/CREATEORDER_V1_C1_F11_P0_C50_FAN10_S7003_1788654808814,0.0,0.0,0.0,0.0,0.0,0.0,0.0,0.0,0.0,0.0,0.0,70.48364991527241,64.03538889346346,0,PASS
CREATEORDER_V1_C1_F11_P0_C50_FAN10_S7004,/Users/nischithacn/paper3-exactly-once/results/phase6/runs/CREATEORDER_V1_C1_F11_P0_C50_FAN10_S7004/CREATEORDER_V1_C1_F11_P0_C50_FAN10_S7004_1788656624313,0.0,0.0,0.0,0.0,0.0,0.0,0.0,0.0,0.0,0.0,0.0,70.99586836871771,64.39673660502098,0,PASS
CREATEORDER_V1_C1_F11_P0_C50_FAN10_S7005,/Users/nischithacn/paper3-exactly-once/results/phase6/runs/CREATEORDER_V1_C1_F11_P0_C50_FAN10_S7005/CREATEORDER_V1_C1_F11_P0_C50_FAN10_S7005_1788658330336,0.0,0.0,0.0,0.0,0.0,0.0,0.0,0.0,0.0,0.0,0.0,75.39945742535308,68.46112780364459,0,PASS
CREATEORDER_V1_C1_F11_P0_C50_FAN10_S7006,/Users/nischithacn/paper3-exactly-once/results/phase6/runs/CREATEORDER_V1_C1_F11_P0_C50_FAN10_S7006/CREATEORDER_V1_C1_F11_P0_C50_FAN10_S7006_1788660017880,0.0,0.0,0.0,0.0,0.0,0.0,0.0,0.0,0.0,0.0,0.0,75.03531077710319,67.89502846473246,0,PASS
CREATEORDER_V1_C1_F11_P0_C50_FAN10_S7007,/Users/nischithacn/paper3-exactly-once/results/phase6/runs/CREATEORDER_V1_C1_F11_P0_C50_FAN10_S7007/CREATEORDER_V1_C1_F11_P0_C50_FAN10_S7007_1788661722889,0.0,0.0,0.0,0.0,0.0,0.0,0.0,0.0,0.0,0.0,0.0,75.27385169322018,68.2300914952405,0,PASS
CREATEORDER_V1_C1_F11_P0_C50_FAN10_S7008,/Users/nischithacn/paper3-exactly-once/results/phase6/runs/CREATEORDER_V1_C1_F11_P0_C50_FAN10_S7008/CREATEORDER_V1_C1_F11_P0_C50_FAN10_S7008_1788663412718,0.0,0.0,0.0,0.0,0.0,0.0,0.0,0.0,0.0,0.0,0.0,75.40407239886441,68.38732499312903,0,PASS
CREATEORDER_V1_C1_F11_P0_C50_FAN10_S7009,/Users/nischithacn/paper3-exactly-once/results/phase6/runs/CREATEORDER_V1_C1_F11_P0_C50_FAN10_S7009/CREATEORDER_V1_C1_F11_P0_C50_FAN10_S7009_1788665131550,0.0,0.0,0.0,0.0,0.0,0.0,0.0,0.0,0.0,0.0,0.0,78.41547782567838,71.26239666637399,0,PASS
CREATEORDER_V1_C1_F11_P0_C50_FAN2_S7000,/Users/nischithacn/paper3-exactly-once/results/phase6/runs/CREATEORDER_V1_C1_F11_P0_C50_FAN2_S7000/CREATEORDER_V1_C1_F11_P0_C50_FAN2_S7000_1788649541170,0.0,0.0,0.0,0.0,0.0,0.0,0.0,0.0,0.0,0.0,0.0,311.1744836899633,284.71411151093173,0,PASS
CREATEORDER_V1_C1_F11_P0_C50_FAN2_S7001,/Users/nischithacn/paper3-exactly-once/results/phase6/runs/CREATEORDER_V1_C1_F11_P0_C50_FAN2_S7001/CREATEORDER_V1_C1_F11_P0_C50_FAN2_S7001_1788651256854,0.0,0.0,0.0,0.0,0.0,0.0,0.0,0.0,0.0,0.0,0.0,305.19658929620704,278.84851621823054,0,PASS
CREATEORDER_V1_C1_F11_P0_C50_FAN2_S7002,/Users/nischithacn/paper3-exactly-once/results/phase6/runs/CREATEORDER_V1_C1_F11_P0_C50_FAN2_S7002/CREATEORDER_V1_C1_F11_P0_C50_FAN2_S7002_1788652956955,0.0,0.0,0.0,0.0,0.0,0.0,0.0,0.0,0.0,0.0,0.0,311.1995824677996,284.39153376371746,0,PASS
CREATEORDER_V1_C1_F11_P0_C50_FAN2_S7003,/Users/nischithacn/paper3-exactly-once/results/phase6/runs/CREATEORDER_V1_C1_F11_P0_C50_FAN2_S7003/CREATEORDER_V1_C1_F11_P0_C50_FAN2_S7003_1788654684456,0.0,0.0,0.0,0.0,0.0,0.0,0.0,0.0,0.0,0.0,0.0,287.1250041184802,263.37508924135795,0,PASS
CREATEORDER_V1_C1_F11_P0_C50_FAN2_S7004,/Users/nischithacn/paper3-exactly-once/results/phase6/runs/CREATEORDER_V1_C1_F11_P0_C50_FAN2_S7004/CREATEORDER_V1_C1_F11_P0_C50_FAN2_S7004_1788656498271,0.0,0.0,0.0,0.0,0.0,0.0,0.0,0.0,0.0,0.0,0.0,288.57758603933934,263.7269551163471,0,PASS
CREATEORDER_V1_C1_F11_P0_C50_FAN2_S7005,/Users/nischithacn/paper3-exactly-once/results/phase6/runs/CREATEORDER_V1_C1_F11_P0_C50_FAN2_S7005/CREATEORDER_V1_C1_F11_P0_C50_FAN2_S7005_1788658212712,0.0,0.0,0.0,0.0,0.0,0.0,0.0,0.0,0.0,0.0,0.0,313.42755998644543,285.9149492216339,0,PASS
CREATEORDER_V1_C1_F11_P0_C50_FAN2_S7006,/Users/nischithacn/paper3-exactly-once/results/phase6/runs/CREATEORDER_V1_C1_F11_P0_C50_FAN2_S7006/CREATEORDER_V1_C1_F11_P0_C50_FAN2_S7006_1788659898542,0.0,0.0,0.0,0.0,0.0,0.0,0.0,0.0,0.0,0.0,0.0,306.8922259084912,280.6214698174913,0,PASS
CREATEORDER_V1_C1_F11_P0_C50_FAN2_S7007,/Users/nischithacn/paper3-exactly-once/results/phase6/runs/CREATEORDER_V1_C1_F11_P0_C50_FAN2_S7007/CREATEORDER_V1_C1_F11_P0_C50_FAN2_S7007_1788661604866,0.0,0.0,0.0,0.0,0.0,0.0,0.0,0.0,0.0,0.0,0.0,311.85296501007565,285.3405611829773,0,PASS
CREATEORDER_V1_C1_F11_P0_C50_FAN2_S7008,/Users/nischithacn/paper3-exactly-once/results/phase6/runs/CREATEORDER_V1_C1_F11_P0_C50_FAN2_S7008/CREATEORDER_V1_C1_F11_P0_C50_FAN2_S7008_1788663296018,0.0,0.0,0.0,0.0,0.0,0.0,0.0,0.0,0.0,0.0,0.0,314.51358652706455,287.3337488158618,0,PASS
CREATEORDER_V1_C1_F11_P0_C50_FAN2_S7009,/Users/nischithacn/paper3-exactly-once/results/phase6/runs/CREATEORDER_V1_C1_F11_P0_C50_FAN2_S7009/CREATEORDER_V1_C1_F11_P0_C50_FAN2_S7009_1788665020065,0.0,0.0,0.0,0.0,0.0,0.0,0.0,0.0,0.0,0.0,0.0,322.49891881500554,293.4490163481933,0,PASS
CREATEORDER_V1_C1_F11_P0_C50_FAN5_S7000,/Users/nischithacn/paper3-exactly-once/results/phase6/runs/CREATEORDER_V1_C1_F11_P0_C50_FAN5_S7000/CREATEORDER_V1_C1_F11_P0_C50_FAN5_S7000_1788649577246,0.0,0.0,0.0,0.0,0.0,0.0,0.0,0.0,0.0,0.0,0.0,134.84275025297902,122.74355878746559,0,PASS
CREATEORDER_V1_C1_F11_P0_C50_FAN5_S7001,/Users/nischithacn/paper3-exactly-once/results/phase6/runs/CREATEORDER_V1_C1_F11_P0_C50_FAN5_S7001/CREATEORDER_V1_C1_F11_P0_C50_FAN5_S7001_1788651293706,0.0,0.0,0.0,0.0,0.0,0.0,0.0,0.0,0.0,0.0,0.0,135.71532204139658,123.0022797614873,0,PASS
CREATEORDER_V1_C1_F11_P0_C50_FAN5_S7002,/Users/nischithacn/paper3-exactly-once/results/phase6/runs/CREATEORDER_V1_C1_F11_P0_C50_FAN5_S7002/CREATEORDER_V1_C1_F11_P0_C50_FAN5_S7002_1788652993082,0.0,0.0,0.0,0.0,0.0,0.0,0.0,0.0,0.0,0.0,0.0,137.05244534586802,124.73275550110985,0,PASS
CREATEORDER_V1_C1_F11_P0_C50_FAN5_S7003,/Users/nischithacn/paper3-exactly-once/results/phase6/runs/CREATEORDER_V1_C1_F11_P0_C50_FAN5_S7003/CREATEORDER_V1_C1_F11_P0_C50_FAN5_S7003_1788654723418,0.0,0.0,0.0,0.0,0.0,0.0,0.0,0.0,0.0,0.0,0.0,132.0789842090015,119.47929784923967,0,PASS
CREATEORDER_V1_C1_F11_P0_C50_FAN5_S7004,/Users/nischithacn/paper3-exactly-once/results/phase6/runs/CREATEORDER_V1_C1_F11_P0_C50_FAN5_S7004/CREATEORDER_V1_C1_F11_P0_C50_FAN5_S7004_1788656537228,0.0,0.0,0.0,0.0,0.0,0.0,0.0,0.0,0.0,0.0,0.0,129.1468868635769,117.0873947766571,0,PASS
CREATEORDER_V1_C1_F11_P0_C50_FAN5_S7005,/Users/nischithacn/paper3-exactly-once/results/phase6/runs/CREATEORDER_V1_C1_F11_P0_C50_FAN5_S7005/CREATEORDER_V1_C1_F11_P0_C50_FAN5_S7005_1788658248669,0.0,0.0,0.0,0.0,0.0,0.0,0.0,0.0,0.0,0.0,0.0,137.62240681610584,125.04377444674189,0,PASS
CREATEORDER_V1_C1_F11_P0_C50_FAN5_S7006,/Users/nischithacn/paper3-exactly-once/results/phase6/runs/CREATEORDER_V1_C1_F11_P0_C50_FAN5_S7006/CREATEORDER_V1_C1_F11_P0_C50_FAN5_S7006_1788659935136,0.0,0.0,0.0,0.0,0.0,0.0,0.0,0.0,0.0,0.0,0.0,135.54854184885068,123.33997644759481,0,PASS
CREATEORDER_V1_C1_F11_P0_C50_FAN5_S7007,/Users/nischithacn/paper3-exactly-once/results/phase6/runs/CREATEORDER_V1_C1_F11_P0_C50_FAN5_S7007/CREATEORDER_V1_C1_F11_P0_C50_FAN5_S7007_1788661640874,0.0,0.0,0.0,0.0,0.0,0.0,0.0,0.0,0.0,0.0,0.0,136.9222893542948,124.50754290335023,0,PASS
CREATEORDER_V1_C1_F11_P0_C50_FAN5_S7008,/Users/nischithacn/paper3-exactly-once/results/phase6/runs/CREATEORDER_V1_C1_F11_P0_C50_FAN5_S7008/CREATEORDER_V1_C1_F11_P0_C50_FAN5_S7008_1788663331789,0.0,0.0,0.0,0.0,0.0,0.0,0.0,0.0,0.0,0.0,0.0,138.7441784595302,126.19305888893982,0,PASS
CREATEORDER_V1_C1_F11_P0_C50_FAN5_S7009,/Users/nischithacn/paper3-exactly-once/results/phase6/runs/CREATEORDER_V1_C1_F11_P0_C50_FAN5_S7009/CREATEORDER_V1_C1_F11_P0_C50_FAN5_S7009_1788665055067,0.0,0.0,0.0,0.0,0.0,0.0,0.0,0.0,0.0,0.0,0.0,146.74385944463,133.61229115951804,0,PASS
CREATEORDER_V1_C1_F1_P10_C50_S7000,/Users/nischithacn/paper3-exactly-once/results/phase6/runs/CREATEORDER_V1_C1_F1_P10_C50_S7000/CREATEORDER_V1_C1_F1_P10_C50_S7000_1788676971492,0.0,0.0,0.0,0.0,0.0,0.0,0.0,0.0,0.0,0.0,0.0,1844.6835380963973,1596.1345443135929,0,PASS
CREATEORDER_V1_C1_F1_P10_C50_S7001,/Users/nischithacn/paper3-exactly-once/results/phase6/runs/CREATEORDER_V1_C1_F1_P10_C50_S7001/CREATEORDER_V1_C1_F1_P10_C50_S7001_1788677187171,0.0,0.0,0.0,0.0,0.0,0.0,0.0,0.0,0.0,0.0,0.0,1720.0330366757953,1528.488984234163,0,PASS
CREATEORDER_V1_C1_F1_P10_C50_S7002,/Users/nischithacn/paper3-exactly-once/results/phase6/runs/CREATEORDER_V1_C1_F1_P10_C50_S7002/CREATEORDER_V1_C1_F1_P10_C50_S7002_1788677428993,0.0,0.0,0.0,0.0,0.0,0.0,0.0,0.0,0.0,0.0,0.0,1802.2989548884698,1591.4720280740512,0,PASS
CREATEORDER_V1_C1_F1_P10_C50_S7003,/Users/nischithacn/paper3-exactly-once/results/phase6/runs/CREATEORDER_V1_C1_F1_P10_C50_S7003/CREATEORDER_V1_C1_F1_P10_C50_S7003_1788677673453,0.0,0.0,0.0,0.0,0.0,0.0,0.0,0.0,0.0,0.0,0.0,1867.4718267724402,1642.6135604408996,0,PASS
CREATEORDER_V1_C1_F1_P10_C50_S7004,/Users/nischithacn/paper3-exactly-once/results/phase6/runs/CREATEORDER_V1_C1_F1_P10_C50_S7004/CREATEORDER_V1_C1_F1_P10_C50_S7004_1788677912234,0.0,0.0,0.0,0.0,0.0,0.0,0.0,0.0,0.0,0.0,0.0,1777.9480897133192,1557.2724326767966,0,PASS
CREATEORDER_V1_C1_F1_P10_C50_S7005,/Users/nischithacn/paper3-exactly-once/results/phase6/runs/CREATEORDER_V1_C1_F1_P10_C50_S7005/CREATEORDER_V1_C1_F1_P10_C50_S7005_1788678162199,0.0,0.0,0.0,0.0,0.0,0.0,0.0,0.0,0.0,0.0,0.0,1667.42730400761,1461.6036260754327,0,PASS
CREATEORDER_V1_C1_F1_P10_C50_S7006,/Users/nischithacn/paper3-exactly-once/results/phase6/runs/CREATEORDER_V1_C1_F1_P10_C50_S7006/CREATEORDER_V1_C1_F1_P10_C50_S7006_1788678386652,0.0,0.0,0.0,0.0,0.0,0.0,0.0,0.0,0.0,0.0,0.0,1561.2678198787846,1402.9223825728861,0,PASS
CREATEORDER_V1_C1_F1_P10_C50_S7007,/Users/nischithacn/paper3-exactly-once/results/phase6/runs/CREATEORDER_V1_C1_F1_P10_C50_S7007/CREATEORDER_V1_C1_F1_P10_C50_S7007_1788678641005,0.0,0.0,0.0,0.0,0.0,0.0,0.0,0.0,0.0,0.0,0.0,1705.145870266505,1514.7769249960238,0,PASS
CREATEORDER_V1_C1_F1_P10_C50_S7008,/Users/nischithacn/paper3-exactly-once/results/phase6/runs/CREATEORDER_V1_C1_F1_P10_C50_S7008/CREATEORDER_V1_C1_F1_P10_C50_S7008_1788678895622,0.0,0.0,0.0,0.0,0.0,0.0,0.0,0.0,0.0,0.0,0.0,1862.7627930640965,1643.4253507767248,0,PASS
CREATEORDER_V1_C1_F1_P10_C50_S7009,/Users/nischithacn/paper3-exactly-once/results/phase6/runs/CREATEORDER_V1_C1_F1_P10_C50_S7009/CREATEORDER_V1_C1_F1_P10_C50_S7009_1788679142684,0.0,0.0,0.0,0.0,0.0,0.0,0.0,0.0,0.0,0.0,0.0,1669.08594958715,1481.502779205857,0,PASS
CREATEORDER_V1_C1_F2_P10_C50_S7000,/Users/nischithacn/paper3-exactly-once/results/phase6/runs/CREATEORDER_V1_C1_F2_P10_C50_S7000/CREATEORDER_V1_C1_F2_P10_C50_S7000_1788677033941,0.0,0.0,0.0,0.0,0.0,0.0,0.0,0.0,0.0,0.0,0.0,1669.7442964391043,1475.4883357627525,0,PASS
CREATEORDER_V1_C1_F2_P10_C50_S7001,/Users/nischithacn/paper3-exactly-once/results/phase6/runs/CREATEORDER_V1_C1_F2_P10_C50_S7001/CREATEORDER_V1_C1_F2_P10_C50_S7001_1788677275999,0.0,0.0,0.0,0.0,0.0,0.0,0.0,0.0,0.0,0.0,0.0,1678.9349326971617,1472.5584536827391,0,PASS
CREATEORDER_V1_C1_F2_P10_C50_S7002,/Users/nischithacn/paper3-exactly-once/results/phase6/runs/CREATEORDER_V1_C1_F2_P10_C50_S7002/CREATEORDER_V1_C1_F2_P10_C50_S7002_1788677510608,0.0,0.0,0.0,0.0,0.0,0.0,0.0,0.0,0.0,0.0,0.0,1622.7507244782137,1436.9108094898168,0,PASS
CREATEORDER_V1_C1_F2_P10_C50_S7003,/Users/nischithacn/paper3-exactly-once/results/phase6/runs/CREATEORDER_V1_C1_F2_P10_C50_S7003/CREATEORDER_V1_C1_F2_P10_C50_S7003_1788677756247,0.0,0.0,0.0,0.0,0.0,0.0,0.0,0.0,0.0,0.0,0.0,1633.091432163324,1420.0357739114795,0,PASS
CREATEORDER_V1_C1_F2_P10_C50_S7004,/Users/nischithacn/paper3-exactly-once/results/phase6/runs/CREATEORDER_V1_C1_F2_P10_C50_S7004/CREATEORDER_V1_C1_F2_P10_C50_S7004_1788677976648,0.0,0.0,0.0,0.0,0.0,0.0,0.0,0.0,0.0,0.0,0.0,1562.3582539226263,1393.0368549779373,0,PASS
CREATEORDER_V1_C1_F2_P10_C50_S7005,/Users/nischithacn/paper3-exactly-once/results/phase6/runs/CREATEORDER_V1_C1_F2_P10_C50_S7005/CREATEORDER_V1_C1_F2_P10_C50_S7005_1788678228062,0.0,0.0,0.0,0.0,0.0,0.0,0.0,0.0,0.0,0.0,0.0,1554.4700338133878,1383.6907933202467,0,PASS
CREATEORDER_V1_C1_F2_P10_C50_S7006,/Users/nischithacn/paper3-exactly-once/results/phase6/runs/CREATEORDER_V1_C1_F2_P10_C50_S7006/CREATEORDER_V1_C1_F2_P10_C50_S7006_1788678478624,0.0,0.0,0.0,0.0,0.0,0.0,0.0,0.0,0.0,0.0,0.0,1569.6152300171009,1401.3706376061593,0,PASS
CREATEORDER_V1_C1_F2_P10_C50_S7007,/Users/nischithacn/paper3-exactly-once/results/phase6/runs/CREATEORDER_V1_C1_F2_P10_C50_S7007/CREATEORDER_V1_C1_F2_P10_C50_S7007_1788678725226,0.0,0.0,0.0,0.0,0.0,0.0,0.0,0.0,0.0,0.0,0.0,1527.0500180036124,1366.2936082453002,0,PASS
CREATEORDER_V1_C1_F2_P10_C50_S7008,/Users/nischithacn/paper3-exactly-once/results/phase6/runs/CREATEORDER_V1_C1_F2_P10_C50_S7008/CREATEORDER_V1_C1_F2_P10_C50_S7008_1788678980838,0.0,0.0,0.0,0.0,0.0,0.0,0.0,0.0,0.0,0.0,0.0,1532.817215074446,1346.493383752014,0,PASS
CREATEORDER_V1_C1_F2_P10_C50_S7009,/Users/nischithacn/paper3-exactly-once/results/phase6/runs/CREATEORDER_V1_C1_F2_P10_C50_S7009/CREATEORDER_V1_C1_F2_P10_C50_S7009_1788679208944,0.0,0.0,0.0,0.0,0.0,0.0,0.0,0.0,0.0,0.0,0.0,1474.4515298997555,1314.0387279986915,0,PASS
CREATEORDER_V1_C1_F3_P10_C10_S7000,/Users/nischithacn/paper3-exactly-once/results/phase6/runs/CREATEORDER_V1_C1_F3_P10_C10_S7000/CREATEORDER_V1_C1_F3_P10_C10_S7000_1788146640067,0.0,0.0,0.0,0.0,0.0,0.0,0.0,0.0,0.0,0.0,0.0,227.45732513813846,207.1879166134512,0,PASS
CREATEORDER_V1_C1_F3_P10_C10_S7001,/Users/nischithacn/paper3-exactly-once/results/phase6/runs/CREATEORDER_V1_C1_F3_P10_C10_S7001/CREATEORDER_V1_C1_F3_P10_C10_S7001_1788332198266,0.0,0.0,0.0,0.0,0.0,0.0,0.0,0.0,0.0,0.0,0.0,256.0284187794429,232.4717903264414,0,PASS
CREATEORDER_V1_C1_F3_P10_C10_S7002,/Users/nischithacn/paper3-exactly-once/results/phase6/runs/CREATEORDER_V1_C1_F3_P10_C10_S7002/CREATEORDER_V1_C1_F3_P10_C10_S7002_1788333648198,0.0,0.0,0.0,0.0,0.0,0.0,0.0,0.0,0.0,0.0,0.0,232.9783840336299,206.67671641897687,0,PASS
CREATEORDER_V1_C1_F3_P10_C10_S7003,/Users/nischithacn/paper3-exactly-once/results/phase6/runs/CREATEORDER_V1_C1_F3_P10_C10_S7003/CREATEORDER_V1_C1_F3_P10_C10_S7003_1788335830822,0.0,0.0,0.0,0.0,0.0,0.0,0.0,0.0,0.0,0.0,0.0,245.6398629164196,222.42739848143583,0,PASS
CREATEORDER_V1_C1_F3_P10_C10_S7004,/Users/nischithacn/paper3-exactly-once/results/phase6/runs/CREATEORDER_V1_C1_F3_P10_C10_S7004/CREATEORDER_V1_C1_F3_P10_C10_S7004_1788337168584,0.0,0.0,0.0,0.0,0.0,0.0,0.0,0.0,0.0,0.0,0.0,243.28833732113026,221.5515108144771,0,PASS
CREATEORDER_V1_C1_F3_P10_C10_S7005,/Users/nischithacn/paper3-exactly-once/results/phase6/runs/CREATEORDER_V1_C1_F3_P10_C10_S7005/CREATEORDER_V1_C1_F3_P10_C10_S7005_1788365608099,0.0,0.0,0.0,0.0,0.0,0.0,0.0,0.0,0.0,0.0,0.0,238.2765146578746,213.47407825415902,0,PASS
CREATEORDER_V1_C1_F3_P10_C10_S7006,/Users/nischithacn/paper3-exactly-once/results/phase6/runs/CREATEORDER_V1_C1_F3_P10_C10_S7006/CREATEORDER_V1_C1_F3_P10_C10_S7006_1788367083080,0.0,0.0,0.0,0.0,0.0,0.0,0.0,0.0,0.0,0.0,0.0,260.5523702496651,232.38738245480315,0,PASS
CREATEORDER_V1_C1_F3_P10_C10_S7007,/Users/nischithacn/paper3-exactly-once/results/phase6/runs/CREATEORDER_V1_C1_F3_P10_C10_S7007/CREATEORDER_V1_C1_F3_P10_C10_S7007_1788368567297,0.0,0.0,0.0,0.0,0.0,0.0,0.0,0.0,0.0,0.0,0.0,239.21779147647456,211.84653502727565,0,PASS
CREATEORDER_V1_C1_F3_P10_C10_S7008,/Users/nischithacn/paper3-exactly-once/results/phase6/runs/CREATEORDER_V1_C1_F3_P10_C10_S7008/CREATEORDER_V1_C1_F3_P10_C10_S7008_1788372691468,0.0,0.0,0.0,0.0,0.0,0.0,0.0,0.0,0.0,0.0,0.0,246.66598247399963,225.61084199587845,0,PASS
CREATEORDER_V1_C1_F3_P10_C10_S7009,/Users/nischithacn/paper3-exactly-once/results/phase6/runs/CREATEORDER_V1_C1_F3_P10_C10_S7009/CREATEORDER_V1_C1_F3_P10_C10_S7009_1788374380269,0.0,0.0,0.0,0.0,0.0,0.0,0.0,0.0,0.0,0.0,0.0,238.48006575386594,215.50025145268575,0,PASS
CREATEORDER_V1_C1_F3_P10_C50_S7000,/Users/nischithacn/paper3-exactly-once/results/phase6/runs/CREATEORDER_V1_C1_F3_P10_C50_S7000/CREATEORDER_V1_C1_F3_P10_C50_S7000_1788146689576,0.0,0.0,0.0,0.0,0.0,0.0,0.0,0.0,0.0,0.0,0.0,1124.9790657481954,984.0778176922678,0,PASS
CREATEORDER_V1_C1_F3_P10_C50_S7001,/Users/nischithacn/paper3-exactly-once/results/phase6/runs/CREATEORDER_V1_C1_F3_P10_C50_S7001/CREATEORDER_V1_C1_F3_P10_C50_S7001_1788332241794,0.0,0.0,0.0,0.0,0.0,0.0,0.0,0.0,0.0,0.0,0.0,1074.4147067234633,943.3995238854303,0,PASS
CREATEORDER_V1_C1_F3_P10_C50_S7002,/Users/nischithacn/paper3-exactly-once/results/phase6/runs/CREATEORDER_V1_C1_F3_P10_C50_S7002/CREATEORDER_V1_C1_F3_P10_C50_S7002_1788333697132,0.0,0.0,0.0,0.0,0.0,0.0,0.0,0.0,0.0,0.0,0.0,1044.9362258911647,891.9375603048248,0,PASS
CREATEORDER_V1_C1_F3_P10_C50_S7003,/Users/nischithacn/paper3-exactly-once/results/phase6/runs/CREATEORDER_V1_C1_F3_P10_C50_S7003/CREATEORDER_V1_C1_F3_P10_C50_S7003_1788335876299,0.0,0.0,0.0,0.0,0.0,0.0,0.0,0.0,0.0,0.0,0.0,1092.0942067898445,954.0224964672565,0,PASS
CREATEORDER_V1_C1_F3_P10_C50_S7004,/Users/nischithacn/paper3-exactly-once/results/phase6/runs/CREATEORDER_V1_C1_F3_P10_C50_S7004/CREATEORDER_V1_C1_F3_P10_C50_S7004_1788337214220,0.0,0.0,0.0,0.0,0.0,0.0,0.0,0.0,0.0,0.0,0.0,1094.069859044507,954.3427856857775,0,PASS
CREATEORDER_V1_C1_F3_P10_C50_S7005,/Users/nischithacn/paper3-exactly-once/results/phase6/runs/CREATEORDER_V1_C1_F3_P10_C50_S7005/CREATEORDER_V1_C1_F3_P10_C50_S7005_1788365662148,0.0,0.0,0.0,0.0,0.0,0.0,0.0,0.0,0.0,0.0,0.0,1109.7580429202874,962.2146823868701,0,PASS
CREATEORDER_V1_C1_F3_P10_C50_S7006,/Users/nischithacn/paper3-exactly-once/results/phase6/runs/CREATEORDER_V1_C1_F3_P10_C50_S7006/CREATEORDER_V1_C1_F3_P10_C50_S7006_1788367126610,0.0,0.0,0.0,0.0,0.0,0.0,0.0,0.0,0.0,0.0,0.0,1058.7398496193532,920.3227645633045,0,PASS
CREATEORDER_V1_C1_F3_P10_C50_S7007,/Users/nischithacn/paper3-exactly-once/results/phase6/runs/CREATEORDER_V1_C1_F3_P10_C50_S7007/CREATEORDER_V1_C1_F3_P10_C50_S7007_1788368615019,0.0,0.0,0.0,0.0,0.0,0.0,0.0,0.0,0.0,0.0,0.0,1031.1618926315227,892.5038704814973,0,PASS
CREATEORDER_V1_C1_F3_P10_C50_S7008,/Users/nischithacn/paper3-exactly-once/results/phase6/runs/CREATEORDER_V1_C1_F3_P10_C50_S7008/CREATEORDER_V1_C1_F3_P10_C50_S7008_1788372736305,0.0,0.0,0.0,0.0,0.0,0.0,0.0,0.0,0.0,0.0,0.0,1108.9946964599562,966.2642485425649,0,PASS
CREATEORDER_V1_C1_F3_P10_C50_S7009,/Users/nischithacn/paper3-exactly-once/results/phase6/runs/CREATEORDER_V1_C1_F3_P10_C50_S7009/CREATEORDER_V1_C1_F3_P10_C50_S7009_1788374427193,0.0,0.0,0.0,0.0,0.0,0.0,0.0,0.0,0.0,0.0,0.0,1095.8854573867973,947.1108753867653,0,PASS
CREATEORDER_V1_C1_F3_P1_C10_S7000,/Users/nischithacn/paper3-exactly-once/results/phase6/runs/CREATEORDER_V1_C1_F3_P1_C10_S7000/CREATEORDER_V1_C1_F3_P1_C10_S7000_1788146585147,0.0,0.0,0.0,0.0,0.0,0.0,0.0,0.0,0.0,0.0,0.0,1159.70210590122,988.5355626643462,0,PASS
CREATEORDER_V1_C1_F3_P1_C10_S7001,/Users/nischithacn/paper3-exactly-once/results/phase6/runs/CREATEORDER_V1_C1_F3_P1_C10_S7001/CREATEORDER_V1_C1_F3_P1_C10_S7001_1788332120753,0.0,0.0,0.0,0.0,0.0,0.0,0.0,0.0,0.0,0.0,0.0,1036.4676224706302,913.0191358771793,0,PASS
CREATEORDER_V1_C1_F3_P1_C10_S7002,/Users/nischithacn/paper3-exactly-once/results/phase6/runs/CREATEORDER_V1_C1_F3_P1_C10_S7002/CREATEORDER_V1_C1_F3_P1_C10_S7002_1788333570855,0.0,0.0,0.0,0.0,0.0,0.0,0.0,0.0,0.0,0.0,0.0,1011.1266251254084,889.9292663599696,0,PASS
CREATEORDER_V1_C1_F3_P1_C10_S7003,/Users/nischithacn/paper3-exactly-once/results/phase6/runs/CREATEORDER_V1_C1_F3_P1_C10_S7003/CREATEORDER_V1_C1_F3_P1_C10_S7003_1788335769528,0.0,0.0,0.0,0.0,0.0,0.0,0.0,0.0,0.0,0.0,0.0,1064.2711255701201,921.5750549252101,0,PASS
CREATEORDER_V1_C1_F3_P1_C10_S7004,/Users/nischithacn/paper3-exactly-once/results/phase6/runs/CREATEORDER_V1_C1_F3_P1_C10_S7004/CREATEORDER_V1_C1_F3_P1_C10_S7004_1788337106956,0.0,0.0,0.0,0.0,0.0,0.0,0.0,0.0,0.0,0.0,0.0,1106.2545350445082,961.0221051370423,0,PASS
CREATEORDER_V1_C1_F3_P1_C10_S7005,/Users/nischithacn/paper3-exactly-once/results/phase6/runs/CREATEORDER_V1_C1_F3_P1_C10_S7005/CREATEORDER_V1_C1_F3_P1_C10_S7005_1788365550058,0.0,0.0,0.0,0.0,0.0,0.0,0.0,0.0,0.0,0.0,0.0,840.959565969599,692.7060907656337,0,PASS
CREATEORDER_V1_C1_F3_P1_C10_S7006,/Users/nischithacn/paper3-exactly-once/results/phase6/runs/CREATEORDER_V1_C1_F3_P1_C10_S7006/CREATEORDER_V1_C1_F3_P1_C10_S7006_1788367006051,0.0,0.0,0.0,0.0,0.0,0.0,0.0,0.0,0.0,0.0,0.0,1039.990230652073,902.6834830537226,0,PASS
CREATEORDER_V1_C1_F3_P1_C10_S7007,/Users/nischithacn/paper3-exactly-once/results/phase6/runs/CREATEORDER_V1_C1_F3_P1_C10_S7007/CREATEORDER_V1_C1_F3_P1_C10_S7007_1788368492142,0.0,0.0,0.0,0.0,0.0,0.0,0.0,0.0,0.0,0.0,0.0,1010.8428292611378,888.0497137983417,0,PASS
CREATEORDER_V1_C1_F3_P1_C10_S7008,/Users/nischithacn/paper3-exactly-once/results/phase6/runs/CREATEORDER_V1_C1_F3_P1_C10_S7008/CREATEORDER_V1_C1_F3_P1_C10_S7008_1788372631753,0.0,0.0,0.0,0.0,0.0,0.0,0.0,0.0,0.0,0.0,0.0,1132.959013950863,971.1956019373971,0,PASS
CREATEORDER_V1_C1_F3_P1_C10_S7009,/Users/nischithacn/paper3-exactly-once/results/phase6/runs/CREATEORDER_V1_C1_F3_P1_C10_S7009/CREATEORDER_V1_C1_F3_P1_C10_S7009_1788374322393,0.0,0.0,0.0,0.0,0.0,0.0,0.0,0.0,0.0,0.0,0.0,1075.06594746533,937.1335956476718,0,PASS
CREATEORDER_V1_C1_F3_P1_C50_S7000,/Users/nischithacn/paper3-exactly-once/results/phase6/runs/CREATEORDER_V1_C1_F3_P1_C50_S7000/CREATEORDER_V1_C1_F3_P1_C50_S7000_1788146596249,0.0,0.0,0.0,0.0,0.0,0.0,0.0,0.0,0.0,0.0,0.0,1689.9144680803572,1451.269059068667,0,PASS
CREATEORDER_V1_C1_F3_P1_C50_S7001,/Users/nischithacn/paper3-exactly-once/results/phase6/runs/CREATEORDER_V1_C1_F3_P1_C50_S7001/CREATEORDER_V1_C1_F3_P1_C50_S7001_1788332132145,0.0,0.0,0.0,0.0,0.0,0.0,0.0,0.0,0.0,0.0,0.0,1542.9932325852137,1326.6493272186633,0,PASS
CREATEORDER_V1_C1_F3_P1_C50_S7002,/Users/nischithacn/paper3-exactly-once/results/phase6/runs/CREATEORDER_V1_C1_F3_P1_C50_S7002/CREATEORDER_V1_C1_F3_P1_C50_S7002_1788333582516,0.0,0.0,0.0,0.0,0.0,0.0,0.0,0.0,0.0,0.0,0.0,1507.9392243153359,1298.101841614271,0,PASS
CREATEORDER_V1_C1_F3_P1_C50_S7003,/Users/nischithacn/paper3-exactly-once/results/phase6/runs/CREATEORDER_V1_C1_F3_P1_C50_S7003/CREATEORDER_V1_C1_F3_P1_C50_S7003_1788335787824,0.0,0.0,0.0,0.0,0.0,0.0,0.0,0.0,0.0,0.0,0.0,1595.8355136241335,1376.5907266388742,0,PASS
CREATEORDER_V1_C1_F3_P1_C50_S7004,/Users/nischithacn/paper3-exactly-once/results/phase6/runs/CREATEORDER_V1_C1_F3_P1_C50_S7004/CREATEORDER_V1_C1_F3_P1_C50_S7004_1788337117792,0.0,0.0,0.0,0.0,0.0,0.0,0.0,0.0,0.0,0.0,0.0,1548.4454221594685,1328.31797158695,0,PASS
CREATEORDER_V1_C1_F3_P1_C50_S7005,/Users/nischithacn/paper3-exactly-once/results/phase6/runs/CREATEORDER_V1_C1_F3_P1_C50_S7005/CREATEORDER_V1_C1_F3_P1_C50_S7005_1788365564926,0.0,0.0,0.0,0.0,0.0,0.0,0.0,0.0,0.0,0.0,0.0,1451.0847923566519,1241.1009833222201,0,PASS
CREATEORDER_V1_C1_F3_P1_C50_S7006,/Users/nischithacn/paper3-exactly-once/results/phase6/runs/CREATEORDER_V1_C1_F3_P1_C50_S7006/CREATEORDER_V1_C1_F3_P1_C50_S7006_1788367017563,0.0,0.0,0.0,0.0,0.0,0.0,0.0,0.0,0.0,0.0,0.0,1568.6220538109817,1343.2592807236601,0,PASS
CREATEORDER_V1_C1_F3_P1_C50_S7007,/Users/nischithacn/paper3-exactly-once/results/phase6/runs/CREATEORDER_V1_C1_F3_P1_C50_S7007/CREATEORDER_V1_C1_F3_P1_C50_S7007_1788368503829,0.0,0.0,0.0,0.0,0.0,0.0,0.0,0.0,0.0,0.0,0.0,1570.760947436501,1346.0854074538522,0,PASS
CREATEORDER_V1_C1_F3_P1_C50_S7008,/Users/nischithacn/paper3-exactly-once/results/phase6/runs/CREATEORDER_V1_C1_F3_P1_C50_S7008/CREATEORDER_V1_C1_F3_P1_C50_S7008_1788372649515,0.0,0.0,0.0,0.0,0.0,0.0,0.0,0.0,0.0,0.0,0.0,1565.1992388921358,1342.5830193291054,0,PASS
CREATEORDER_V1_C1_F3_P1_C50_S7009,/Users/nischithacn/paper3-exactly-once/results/phase6/runs/CREATEORDER_V1_C1_F3_P1_C50_S7009/CREATEORDER_V1_C1_F3_P1_C50_S7009_1788374333493,0.0,0.0,0.0,0.0,0.0,0.0,0.0,0.0,0.0,0.0,0.0,1543.5660172027053,1323.7732314200716,0,PASS
CREATEORDER_V1_C1_F3_P20_C10_S7000,/Users/nischithacn/paper3-exactly-once/results/phase6/runs/CREATEORDER_V1_C1_F3_P20_C10_S7000/CREATEORDER_V1_C1_F3_P20_C10_S7000_1788146700939,0.0,0.0,0.0,0.0,0.0,0.0,0.0,0.0,0.0,0.0,0.0,121.67655717944338,110.14785237458078,0,PASS
CREATEORDER_V1_C1_F3_P20_C10_S7001,/Users/nischithacn/paper3-exactly-once/results/phase6/runs/CREATEORDER_V1_C1_F3_P20_C10_S7001/CREATEORDER_V1_C1_F3_P20_C10_S7001_1788332252889,0.0,0.0,0.0,0.0,0.0,0.0,0.0,0.0,0.0,0.0,0.0,134.0035367468638,120.53718038821741,0,PASS
CREATEORDER_V1_C1_F3_P20_C10_S7002,/Users/nischithacn/paper3-exactly-once/results/phase6/runs/CREATEORDER_V1_C1_F3_P20_C10_S7002/CREATEORDER_V1_C1_F3_P20_C10_S7002_1788333708875,0.0,0.0,0.0,0.0,0.0,0.0,0.0,0.0,0.0,0.0,0.0,127.64245582755241,115.01646428828433,0,PASS
CREATEORDER_V1_C1_F3_P20_C10_S7003,/Users/nischithacn/paper3-exactly-once/results/phase6/runs/CREATEORDER_V1_C1_F3_P20_C10_S7003/CREATEORDER_V1_C1_F3_P20_C10_S7003_1788335907783,0.0,0.0,0.0,0.0,0.0,0.0,0.0,0.0,0.0,0.0,0.0,127.58421360719215,114.4407796187526,0,PASS
CREATEORDER_V1_C1_F3_P20_C10_S7004,/Users/nischithacn/paper3-exactly-once/results/phase6/runs/CREATEORDER_V1_C1_F3_P20_C10_S7004/CREATEORDER_V1_C1_F3_P20_C10_S7004_1788337225208,0.0,0.0,0.0,0.0,0.0,0.0,0.0,0.0,0.0,0.0,0.0,132.27667551297168,119.87074868755259,0,PASS
CREATEORDER_V1_C1_F3_P20_C10_S7005,/Users/nischithacn/paper3-exactly-once/results/phase6/runs/CREATEORDER_V1_C1_F3_P20_C10_S7005/CREATEORDER_V1_C1_F3_P20_C10_S7005_1788365673064,0.0,0.0,0.0,0.0,0.0,0.0,0.0,0.0,0.0,0.0,0.0,129.23479014610854,116.487331439197,0,PASS
CREATEORDER_V1_C1_F3_P20_C10_S7006,/Users/nischithacn/paper3-exactly-once/results/phase6/runs/CREATEORDER_V1_C1_F3_P20_C10_S7006/CREATEORDER_V1_C1_F3_P20_C10_S7006_1788367137994,0.0,0.0,0.0,0.0,0.0,0.0,0.0,0.0,0.0,0.0,0.0,130.86380060063692,117.06851616008008,0,PASS
CREATEORDER_V1_C1_F3_P20_C10_S7007,/Users/nischithacn/paper3-exactly-once/results/phase6/runs/CREATEORDER_V1_C1_F3_P20_C10_S7007/CREATEORDER_V1_C1_F3_P20_C10_S7007_1788368626746,0.0,0.0,0.0,0.0,0.0,0.0,0.0,0.0,0.0,0.0,0.0,135.34624411723354,123.25393981505545,0,PASS
CREATEORDER_V1_C1_F3_P20_C10_S7008,/Users/nischithacn/paper3-exactly-once/results/phase6/runs/CREATEORDER_V1_C1_F3_P20_C10_S7008/CREATEORDER_V1_C1_F3_P20_C10_S7008_1788372767926,0.0,0.0,0.0,0.0,0.0,0.0,0.0,0.0,0.0,0.0,0.0,128.42758806902813,115.35676036038889,0,PASS
CREATEORDER_V1_C1_F3_P20_C10_S7009,/Users/nischithacn/paper3-exactly-once/results/phase6/runs/CREATEORDER_V1_C1_F3_P20_C10_S7009/CREATEORDER_V1_C1_F3_P20_C10_S7009_1788374438268,0.0,0.0,0.0,0.0,0.0,0.0,0.0,0.0,0.0,0.0,0.0,125.49288440495611,113.94686510856211,0,PASS
CREATEORDER_V1_C1_F3_P20_C50_S7000,/Users/nischithacn/paper3-exactly-once/results/phase6/runs/CREATEORDER_V1_C1_F3_P20_C50_S7000/CREATEORDER_V1_C1_F3_P20_C50_S7000_1788146793069,0.0,0.0,0.0,0.0,0.0,0.0,0.0,0.0,0.0,0.0,0.0,673.9600873899301,600.1856548481734,0,PASS
CREATEORDER_V1_C1_F3_P20_C50_S7001,/Users/nischithacn/paper3-exactly-once/results/phase6/runs/CREATEORDER_V1_C1_F3_P20_C50_S7001/CREATEORDER_V1_C1_F3_P20_C50_S7001_1788332343164,0.0,0.0,0.0,0.0,0.0,0.0,0.0,0.0,0.0,0.0,0.0,685.7245024042924,608.8080622756507,0,PASS
CREATEORDER_V1_C1_F3_P20_C50_S7002,/Users/nischithacn/paper3-exactly-once/results/phase6/runs/CREATEORDER_V1_C1_F3_P20_C50_S7002/CREATEORDER_V1_C1_F3_P20_C50_S7002_1788333796430,0.0,0.0,0.0,0.0,0.0,0.0,0.0,0.0,0.0,0.0,0.0,670.3536106729694,587.021752604024,0,PASS
CREATEORDER_V1_C1_F3_P20_C50_S7003,/Users/nischithacn/paper3-exactly-once/results/phase6/runs/CREATEORDER_V1_C1_F3_P20_C50_S7003/CREATEORDER_V1_C1_F3_P20_C50_S7003_1788335995760,0.0,0.0,0.0,0.0,0.0,0.0,0.0,0.0,0.0,0.0,0.0,698.3887803399125,612.2421394259535,0,PASS
CREATEORDER_V1_C1_F3_P20_C50_S7004,/Users/nischithacn/paper3-exactly-once/results/phase6/runs/CREATEORDER_V1_C1_F3_P20_C50_S7004/CREATEORDER_V1_C1_F3_P20_C50_S7004_1788337309216,0.0,0.0,0.0,0.0,0.0,0.0,0.0,0.0,0.0,0.0,0.0,677.9876579951153,597.7564948754361,0,PASS
CREATEORDER_V1_C1_F3_P20_C50_S7005,/Users/nischithacn/paper3-exactly-once/results/phase6/runs/CREATEORDER_V1_C1_F3_P20_C50_S7005/CREATEORDER_V1_C1_F3_P20_C50_S7005_1788365759508,0.0,0.0,0.0,0.0,0.0,0.0,0.0,0.0,0.0,0.0,0.0,651.3588754453406,580.9210088484311,0,PASS
CREATEORDER_V1_C1_F3_P20_C50_S7006,/Users/nischithacn/paper3-exactly-once/results/phase6/runs/CREATEORDER_V1_C1_F3_P20_C50_S7006/CREATEORDER_V1_C1_F3_P20_C50_S7006_1788367230258,0.0,0.0,0.0,0.0,0.0,0.0,0.0,0.0,0.0,0.0,0.0,663.3717898706896,587.778726570048,0,PASS
CREATEORDER_V1_C1_F3_P20_C50_S7007,/Users/nischithacn/paper3-exactly-once/results/phase6/runs/CREATEORDER_V1_C1_F3_P20_C50_S7007/CREATEORDER_V1_C1_F3_P20_C50_S7007_1788368708458,0.0,0.0,0.0,0.0,0.0,0.0,0.0,0.0,0.0,0.0,0.0,673.559925979941,600.0618788632979,0,PASS
CREATEORDER_V1_C1_F3_P20_C50_S7008,/Users/nischithacn/paper3-exactly-once/results/phase6/runs/CREATEORDER_V1_C1_F3_P20_C50_S7008/CREATEORDER_V1_C1_F3_P20_C50_S7008_1788372855207,0.0,0.0,0.0,0.0,0.0,0.0,0.0,0.0,0.0,0.0,0.0,663.5484680300002,584.6108514809974,0,PASS
CREATEORDER_V1_C1_F3_P20_C50_S7009,/Users/nischithacn/paper3-exactly-once/results/phase6/runs/CREATEORDER_V1_C1_F3_P20_C50_S7009/CREATEORDER_V1_C1_F3_P20_C50_S7009_1788374526634,0.0,0.0,0.0,0.0,0.0,0.0,0.0,0.0,0.0,0.0,0.0,666.1870065496811,594.6489022157715,0,PASS
CREATEORDER_V1_C1_F3_P5_C10_S7000,/Users/nischithacn/paper3-exactly-once/results/phase6/runs/CREATEORDER_V1_C1_F3_P5_C10_S7000/CREATEORDER_V1_C1_F3_P5_C10_S7000_1788146604116,0.0,0.0,0.0,0.0,0.0,0.0,0.0,0.0,0.0,0.0,0.0,424.3562853244173,382.4742954684841,0,PASS
CREATEORDER_V1_C1_F3_P5_C10_S7001,/Users/nischithacn/paper3-exactly-once/results/phase6/runs/CREATEORDER_V1_C1_F3_P5_C10_S7001/CREATEORDER_V1_C1_F3_P5_C10_S7001_1788332161590,0.0,0.0,0.0,0.0,0.0,0.0,0.0,0.0,0.0,0.0,0.0,432.1896943191556,378.09401979473506,0,PASS
CREATEORDER_V1_C1_F3_P5_C10_S7002,/Users/nischithacn/paper3-exactly-once/results/phase6/runs/CREATEORDER_V1_C1_F3_P5_C10_S7002/CREATEORDER_V1_C1_F3_P5_C10_S7002_1788333590682,0.0,0.0,0.0,0.0,0.0,0.0,0.0,0.0,0.0,0.0,0.0,415.3867224117368,373.9496356484226,0,PASS
CREATEORDER_V1_C1_F3_P5_C10_S7003,/Users/nischithacn/paper3-exactly-once/results/phase6/runs/CREATEORDER_V1_C1_F3_P5_C10_S7003/CREATEORDER_V1_C1_F3_P5_C10_S7003_1788335795524,0.0,0.0,0.0,0.0,0.0,0.0,0.0,0.0,0.0,0.0,0.0,429.8591130747095,387.7512937857837,0,PASS
CREATEORDER_V1_C1_F3_P5_C10_S7004,/Users/nischithacn/paper3-exactly-once/results/phase6/runs/CREATEORDER_V1_C1_F3_P5_C10_S7004/CREATEORDER_V1_C1_F3_P5_C10_S7004_1788337125745,0.0,0.0,0.0,0.0,0.0,0.0,0.0,0.0,0.0,0.0,0.0,413.0315256107367,370.9879246079807,0,PASS
CREATEORDER_V1_C1_F3_P5_C10_S7005,/Users/nischithacn/paper3-exactly-once/results/phase6/runs/CREATEORDER_V1_C1_F3_P5_C10_S7005/CREATEORDER_V1_C1_F3_P5_C10_S7005_1788365573417,0.0,0.0,0.0,0.0,0.0,0.0,0.0,0.0,0.0,0.0,0.0,443.47099360637094,400.0848492324565,0,PASS
CREATEORDER_V1_C1_F3_P5_C10_S7006,/Users/nischithacn/paper3-exactly-once/results/phase6/runs/CREATEORDER_V1_C1_F3_P5_C10_S7006/CREATEORDER_V1_C1_F3_P5_C10_S7006_1788367045303,0.0,0.0,0.0,0.0,0.0,0.0,0.0,0.0,0.0,0.0,0.0,412.4200955878014,359.85635650947165,0,PASS
CREATEORDER_V1_C1_F3_P5_C10_S7007,/Users/nischithacn/paper3-exactly-once/results/phase6/runs/CREATEORDER_V1_C1_F3_P5_C10_S7007/CREATEORDER_V1_C1_F3_P5_C10_S7007_1788368511682,0.0,0.0,0.0,0.0,0.0,0.0,0.0,0.0,0.0,0.0,0.0,439.54428953360355,392.779516397787,0,PASS
CREATEORDER_V1_C1_F3_P5_C10_S7008,/Users/nischithacn/paper3-exactly-once/results/phase6/runs/CREATEORDER_V1_C1_F3_P5_C10_S7008/CREATEORDER_V1_C1_F3_P5_C10_S7008_1788372657400,0.0,0.0,0.0,0.0,0.0,0.0,0.0,0.0,0.0,0.0,0.0,464.3894778344278,405.73548834136733,0,PASS
CREATEORDER_V1_C1_F3_P5_C10_S7009,/Users/nischithacn/paper3-exactly-once/results/phase6/runs/CREATEORDER_V1_C1_F3_P5_C10_S7009/CREATEORDER_V1_C1_F3_P5_C10_S7009_1788374341478,0.0,0.0,0.0,0.0,0.0,0.0,0.0,0.0,0.0,0.0,0.0,476.50101197435004,426.0862247429131,0,PASS
CREATEORDER_V1_C1_F3_P5_C50_S7000,/Users/nischithacn/paper3-exactly-once/results/phase6/runs/CREATEORDER_V1_C1_F3_P5_C50_S7000/CREATEORDER_V1_C1_F3_P5_C50_S7000_1788146631283,0.0,0.0,0.0,0.0,0.0,0.0,0.0,0.0,0.0,0.0,0.0,1490.8288503596052,1295.4092744149114,0,PASS
CREATEORDER_V1_C1_F3_P5_C50_S7001,/Users/nischithacn/paper3-exactly-once/results/phase6/runs/CREATEORDER_V1_C1_F3_P5_C50_S7001/CREATEORDER_V1_C1_F3_P5_C50_S7001_1788332188503,0.0,0.0,0.0,0.0,0.0,0.0,0.0,0.0,0.0,0.0,0.0,1258.1931867507521,1075.7789534511817,0,PASS
CREATEORDER_V1_C1_F3_P5_C50_S7002,/Users/nischithacn/paper3-exactly-once/results/phase6/runs/CREATEORDER_V1_C1_F3_P5_C50_S7002/CREATEORDER_V1_C1_F3_P5_C50_S7002_1788333617886,0.0,0.0,0.0,0.0,0.0,0.0,0.0,0.0,0.0,0.0,0.0,1328.9998530728265,1156.0841048937154,0,PASS
CREATEORDER_V1_C1_F3_P5_C50_S7003,/Users/nischithacn/paper3-exactly-once/results/phase6/runs/CREATEORDER_V1_C1_F3_P5_C50_S7003/CREATEORDER_V1_C1_F3_P5_C50_S7003_1788335821772,0.0,0.0,0.0,0.0,0.0,0.0,0.0,0.0,0.0,0.0,0.0,1346.8720665749722,1164.7861621214279,0,PASS
CREATEORDER_V1_C1_F3_P5_C50_S7004,/Users/nischithacn/paper3-exactly-once/results/phase6/runs/CREATEORDER_V1_C1_F3_P5_C50_S7004/CREATEORDER_V1_C1_F3_P5_C50_S7004_1788337159806,0.0,0.0,0.0,0.0,0.0,0.0,0.0,0.0,0.0,0.0,0.0,1388.6392841153001,1205.0967011389178,0,PASS
CREATEORDER_V1_C1_F3_P5_C50_S7005,/Users/nischithacn/paper3-exactly-once/results/phase6/runs/CREATEORDER_V1_C1_F3_P5_C50_S7005/CREATEORDER_V1_C1_F3_P5_C50_S7005_1788365598880,0.0,0.0,0.0,0.0,0.0,0.0,0.0,0.0,0.0,0.0,0.0,1314.966767360614,1141.8489288727862,0,PASS
CREATEORDER_V1_C1_F3_P5_C50_S7006,/Users/nischithacn/paper3-exactly-once/results/phase6/runs/CREATEORDER_V1_C1_F3_P5_C50_S7006/CREATEORDER_V1_C1_F3_P5_C50_S7006_1788367073552,0.0,0.0,0.0,0.0,0.0,0.0,0.0,0.0,0.0,0.0,0.0,1275.0563162255814,1102.9131678971296,0,PASS
CREATEORDER_V1_C1_F3_P5_C50_S7007,/Users/nischithacn/paper3-exactly-once/results/phase6/runs/CREATEORDER_V1_C1_F3_P5_C50_S7007/CREATEORDER_V1_C1_F3_P5_C50_S7007_1788368537615,0.0,0.0,0.0,0.0,0.0,0.0,0.0,0.0,0.0,0.0,0.0,1379.5596379316407,1187.421693601501,0,PASS
CREATEORDER_V1_C1_F3_P5_C50_S7008,/Users/nischithacn/paper3-exactly-once/results/phase6/runs/CREATEORDER_V1_C1_F3_P5_C50_S7008/CREATEORDER_V1_C1_F3_P5_C50_S7008_1788372682517,0.0,0.0,0.0,0.0,0.0,0.0,0.0,0.0,0.0,0.0,0.0,1368.096335705072,1178.0678980244638,0,PASS
CREATEORDER_V1_C1_F3_P5_C50_S7009,/Users/nischithacn/paper3-exactly-once/results/phase6/runs/CREATEORDER_V1_C1_F3_P5_C50_S7009/CREATEORDER_V1_C1_F3_P5_C50_S7009_1788374371313,0.0,0.0,0.0,0.0,0.0,0.0,0.0,0.0,0.0,0.0,0.0,1348.6743948189962,1177.5285663334564,0,PASS
CREATEORDER_V1_C1_F4_P10_C10_S7000,/Users/nischithacn/paper3-exactly-once/results/phase6/runs/CREATEORDER_V1_C1_F4_P10_C10_S7000/CREATEORDER_V1_C1_F4_P10_C10_S7000_1788144552384,0.0,0.0,0.0,0.0,0.0,0.0,0.0,0.0,0.0,0.0,0.0,1224.7925362335939,1092.5163806321043,0,PASS
CREATEORDER_V1_C1_F4_P10_C10_S7001,/Users/nischithacn/paper3-exactly-once/results/phase6/runs/CREATEORDER_V1_C1_F4_P10_C10_S7001/CREATEORDER_V1_C1_F4_P10_C10_S7001_1788378491877,0.0,0.0,0.0,0.0,0.0,0.0,0.0,0.0,0.0,0.0,0.0,1426.604753650801,1263.138861692013,0,PASS
CREATEORDER_V1_C1_F4_P10_C10_S7002,/Users/nischithacn/paper3-exactly-once/results/phase6/runs/CREATEORDER_V1_C1_F4_P10_C10_S7002/CREATEORDER_V1_C1_F4_P10_C10_S7002_1788382980709,0.0,0.0,0.0,0.0,0.0,0.0,0.0,0.0,0.0,0.0,0.0,1046.6756817990176,838.9353981356022,0,PASS
CREATEORDER_V1_C1_F4_P10_C10_S7003,/Users/nischithacn/paper3-exactly-once/results/phase6/runs/CREATEORDER_V1_C1_F4_P10_C10_S7003/CREATEORDER_V1_C1_F4_P10_C10_S7003_1788386458123,0.0,0.0,0.0,0.0,0.0,0.0,0.0,0.0,0.0,0.0,0.0,1506.4985219138343,1334.3422783353324,0,PASS
CREATEORDER_V1_C1_F4_P10_C10_S7004,/Users/nischithacn/paper3-exactly-once/results/phase6/runs/CREATEORDER_V1_C1_F4_P10_C10_S7004/CREATEORDER_V1_C1_F4_P10_C10_S7004_1788390201887,0.0,0.0,0.0,0.0,0.0,0.0,0.0,0.0,0.0,0.0,0.0,1265.9783853329316,1114.216144390246,0,PASS
CREATEORDER_V1_C1_F4_P10_C10_S7005,/Users/nischithacn/paper3-exactly-once/results/phase6/runs/CREATEORDER_V1_C1_F4_P10_C10_S7005/CREATEORDER_V1_C1_F4_P10_C10_S7005_1788393920956,0.0,0.0,0.0,0.0,0.0,0.0,0.0,0.0,0.0,0.0,0.0,1130.7421409209671,1007.3421127298881,0,PASS
CREATEORDER_V1_C1_F4_P10_C10_S7006,/Users/nischithacn/paper3-exactly-once/results/phase6/runs/CREATEORDER_V1_C1_F4_P10_C10_S7006/CREATEORDER_V1_C1_F4_P10_C10_S7006_1788401817214,0.0,0.0,0.0,0.0,0.0,0.0,0.0,0.0,0.0,0.0,0.0,1436.2190169077705,1270.3161652582746,0,PASS
CREATEORDER_V1_C1_F4_P10_C10_S7007,/Users/nischithacn/paper3-exactly-once/results/phase6/runs/CREATEORDER_V1_C1_F4_P10_C10_S7007/CREATEORDER_V1_C1_F4_P10_C10_S7007_1788407152319,0.0,0.0,0.0,0.0,0.0,0.0,0.0,0.0,0.0,0.0,0.0,1064.658194354827,849.98950863913,0,PASS
CREATEORDER_V1_C1_F4_P10_C10_S7008,/Users/nischithacn/paper3-exactly-once/results/phase6/runs/CREATEORDER_V1_C1_F4_P10_C10_S7008/CREATEORDER_V1_C1_F4_P10_C10_S7008_1788410651391,0.0,0.0,0.0,0.0,0.0,0.0,0.0,0.0,0.0,0.0,0.0,1402.5192221324096,1244.474078095206,0,PASS
CREATEORDER_V1_C1_F4_P10_C10_S7009,/Users/nischithacn/paper3-exactly-once/results/phase6/runs/CREATEORDER_V1_C1_F4_P10_C10_S7009/CREATEORDER_V1_C1_F4_P10_C10_S7009_1788415410317,0.0,0.0,0.0,0.0,0.0,0.0,0.0,0.0,0.0,0.0,0.0,1297.5186398832527,1143.2548505149985,0,PASS
CREATEORDER_V1_C1_F4_P10_C50_S7000,/Users/nischithacn/paper3-exactly-once/results/phase6/runs/CREATEORDER_V1_C1_F4_P10_C50_S7000/CREATEORDER_V1_C1_F4_P10_C50_S7000_1788144561982,0.0,0.0,0.0,0.0,0.0,0.0,0.0,0.0,0.0,0.0,0.0,1570.8601911044748,1408.656301086958,0,PASS
CREATEORDER_V1_C1_F4_P10_C50_S7001,/Users/nischithacn/paper3-exactly-once/results/phase6/runs/CREATEORDER_V1_C1_F4_P10_C50_S7001/CREATEORDER_V1_C1_F4_P10_C50_S7001_1788378500252,0.0,0.0,0.0,0.0,0.0,0.0,0.0,0.0,0.0,0.0,0.0,1540.5149574850159,1365.7866393416252,0,PASS
CREATEORDER_V1_C1_F4_P10_C50_S7002,/Users/nischithacn/paper3-exactly-once/results/phase6/runs/CREATEORDER_V1_C1_F4_P10_C50_S7002/CREATEORDER_V1_C1_F4_P10_C50_S7002_1788382993059,0.0,0.0,0.0,0.0,0.0,0.0,0.0,0.0,0.0,0.0,0.0,1597.322359704024,1383.2618842737622,0,PASS
CREATEORDER_V1_C1_F4_P10_C50_S7003,/Users/nischithacn/paper3-exactly-once/results/phase6/runs/CREATEORDER_V1_C1_F4_P10_C50_S7003/CREATEORDER_V1_C1_F4_P10_C50_S7003_1788386466034,0.0,0.0,0.0,0.0,0.0,0.0,0.0,0.0,0.0,0.0,0.0,1793.8424000846817,1564.5791232829579,0,PASS
CREATEORDER_V1_C1_F4_P10_C50_S7004,/Users/nischithacn/paper3-exactly-once/results/phase6/runs/CREATEORDER_V1_C1_F4_P10_C50_S7004/CREATEORDER_V1_C1_F4_P10_C50_S7004_1788390211346,0.0,0.0,0.0,0.0,0.0,0.0,0.0,0.0,0.0,0.0,0.0,1666.7138881286874,1474.4645917735832,0,PASS
CREATEORDER_V1_C1_F4_P10_C50_S7005,/Users/nischithacn/paper3-exactly-once/results/phase6/runs/CREATEORDER_V1_C1_F4_P10_C50_S7005/CREATEORDER_V1_C1_F4_P10_C50_S7005_1788393938452,0.0,0.0,0.0,0.0,0.0,0.0,0.0,0.0,0.0,0.0,0.0,1485.519448747184,1313.3035553785824,0,PASS
CREATEORDER_V1_C1_F4_P10_C50_S7006,/Users/nischithacn/paper3-exactly-once/results/phase6/runs/CREATEORDER_V1_C1_F4_P10_C50_S7006/CREATEORDER_V1_C1_F4_P10_C50_S7006_1788401825513,0.0,0.0,0.0,0.0,0.0,0.0,0.0,0.0,0.0,0.0,0.0,1540.6141506650367,1376.5968260157285,0,PASS
CREATEORDER_V1_C1_F4_P10_C50_S7007,/Users/nischithacn/paper3-exactly-once/results/phase6/runs/CREATEORDER_V1_C1_F4_P10_C50_S7007/CREATEORDER_V1_C1_F4_P10_C50_S7007_1788407164518,0.0,0.0,0.0,0.0,0.0,0.0,0.0,0.0,0.0,0.0,0.0,1578.4174249470625,1371.2436523687009,0,PASS
CREATEORDER_V1_C1_F4_P10_C50_S7008,/Users/nischithacn/paper3-exactly-once/results/phase6/runs/CREATEORDER_V1_C1_F4_P10_C50_S7008/CREATEORDER_V1_C1_F4_P10_C50_S7008_1788410659844,0.0,0.0,0.0,0.0,0.0,0.0,0.0,0.0,0.0,0.0,0.0,1693.1687168374515,1474.2648015088853,0,PASS
CREATEORDER_V1_C1_F4_P10_C50_S7009,/Users/nischithacn/paper3-exactly-once/results/phase6/runs/CREATEORDER_V1_C1_F4_P10_C50_S7009/CREATEORDER_V1_C1_F4_P10_C50_S7009_1788415419495,0.0,0.0,0.0,0.0,0.0,0.0,0.0,0.0,0.0,0.0,0.0,1670.6405565880902,1470.288324236423,0,PASS
CREATEORDER_V1_C1_F4_P1_C10_S7000,/Users/nischithacn/paper3-exactly-once/results/phase6/runs/CREATEORDER_V1_C1_F4_P1_C10_S7000/CREATEORDER_V1_C1_F4_P1_C10_S7000_1788144518817,0.0,0.0,0.0,0.0,0.0,0.0,0.0,0.0,0.0,0.0,0.0,1544.9933246686387,1371.7073071183768,0,PASS
CREATEORDER_V1_C1_F4_P1_C10_S7001,/Users/nischithacn/paper3-exactly-once/results/phase6/runs/CREATEORDER_V1_C1_F4_P1_C10_S7001/CREATEORDER_V1_C1_F4_P1_C10_S7001_1788378435339,0.0,0.0,0.0,0.0,0.0,0.0,0.0,0.0,0.0,0.0,0.0,1401.6346206061112,1235.302977476999,0,PASS
CREATEORDER_V1_C1_F4_P1_C10_S7002,/Users/nischithacn/paper3-exactly-once/results/phase6/runs/CREATEORDER_V1_C1_F4_P1_C10_S7002/CREATEORDER_V1_C1_F4_P1_C10_S7002_1788381955848,0.0,0.0,0.0,0.0,0.0,0.0,0.0,0.0,0.0,0.0,0.0,1220.2385489465223,1072.8719360011,0,PASS
CREATEORDER_V1_C1_F4_P1_C10_S7003,/Users/nischithacn/paper3-exactly-once/results/phase6/runs/CREATEORDER_V1_C1_F4_P1_C10_S7003/CREATEORDER_V1_C1_F4_P1_C10_S7003_1788386418713,0.0,0.0,0.0,0.0,0.0,0.0,0.0,0.0,0.0,0.0,0.0,1184.1746556430273,1051.8227665156805,0,PASS
CREATEORDER_V1_C1_F4_P1_C10_S7004,/Users/nischithacn/paper3-exactly-once/results/phase6/runs/CREATEORDER_V1_C1_F4_P1_C10_S7004/CREATEORDER_V1_C1_F4_P1_C10_S7004_1788390161414,0.0,0.0,0.0,0.0,0.0,0.0,0.0,0.0,0.0,0.0,0.0,1440.9377715626429,1265.290763196186,0,PASS
CREATEORDER_V1_C1_F4_P1_C10_S7005,/Users/nischithacn/paper3-exactly-once/results/phase6/runs/CREATEORDER_V1_C1_F4_P1_C10_S7005/CREATEORDER_V1_C1_F4_P1_C10_S7005_1788393885444,0.0,0.0,0.0,0.0,0.0,0.0,0.0,0.0,0.0,0.0,0.0,1068.1613253897501,861.2305928904674,0,PASS
CREATEORDER_V1_C1_F4_P1_C10_S7006,/Users/nischithacn/paper3-exactly-once/results/phase6/runs/CREATEORDER_V1_C1_F4_P1_C10_S7006/CREATEORDER_V1_C1_F4_P1_C10_S7006_1788401760476,0.0,0.0,0.0,0.0,0.0,0.0,0.0,0.0,0.0,0.0,0.0,1367.5370623285648,1207.957194067557,0,PASS
CREATEORDER_V1_C1_F4_P1_C10_S7007,/Users/nischithacn/paper3-exactly-once/results/phase6/runs/CREATEORDER_V1_C1_F4_P1_C10_S7007/CREATEORDER_V1_C1_F4_P1_C10_S7007_1788405248587,0.0,0.0,0.0,0.0,0.0,0.0,0.0,0.0,0.0,0.0,0.0,1209.4976692183468,1069.7923901291385,0,PASS
CREATEORDER_V1_C1_F4_P1_C10_S7008,/Users/nischithacn/paper3-exactly-once/results/phase6/runs/CREATEORDER_V1_C1_F4_P1_C10_S7008/CREATEORDER_V1_C1_F4_P1_C10_S7008_1788410609665,0.0,0.0,0.0,0.0,0.0,0.0,0.0,0.0,0.0,0.0,0.0,1122.8173573589909,993.618371690761,0,PASS
CREATEORDER_V1_C1_F4_P1_C10_S7009,/Users/nischithacn/paper3-exactly-once/results/phase6/runs/CREATEORDER_V1_C1_F4_P1_C10_S7009/CREATEORDER_V1_C1_F4_P1_C10_S7009_1788415368853,0.0,0.0,0.0,0.0,0.0,0.0,0.0,0.0,0.0,0.0,0.0,1373.6754604999987,1211.1735337163357,0,PASS
CREATEORDER_V1_C1_F4_P1_C50_S7000,/Users/nischithacn/paper3-exactly-once/results/phase6/runs/CREATEORDER_V1_C1_F4_P1_C50_S7000/CREATEORDER_V1_C1_F4_P1_C50_S7000_1788144526550,0.0,0.0,0.0,0.0,0.0,0.0,0.0,0.0,0.0,0.0,0.0,1588.7994198612957,1428.2512895810014,0,PASS
CREATEORDER_V1_C1_F4_P1_C50_S7001,/Users/nischithacn/paper3-exactly-once/results/phase6/runs/CREATEORDER_V1_C1_F4_P1_C50_S7001/CREATEORDER_V1_C1_F4_P1_C50_S7001_1788378443869,0.0,0.0,0.0,0.0,0.0,0.0,0.0,0.0,0.0,0.0,0.0,1642.0439906700765,1441.263376121275,0,PASS
CREATEORDER_V1_C1_F4_P1_C50_S7002,/Users/nischithacn/paper3-exactly-once/results/phase6/runs/CREATEORDER_V1_C1_F4_P1_C50_S7002/CREATEORDER_V1_C1_F4_P1_C50_S7002_1788381965590,0.0,0.0,0.0,0.0,0.0,0.0,0.0,0.0,0.0,0.0,0.0,1695.2525456248154,1485.7638258033107,0,PASS
CREATEORDER_V1_C1_F4_P1_C50_S7003,/Users/nischithacn/paper3-exactly-once/results/phase6/runs/CREATEORDER_V1_C1_F4_P1_C50_S7003/CREATEORDER_V1_C1_F4_P1_C50_S7003_1788386434344,0.0,0.0,0.0,0.0,0.0,0.0,0.0,0.0,0.0,0.0,0.0,1586.4368797071002,1400.1547068828006,0,PASS
CREATEORDER_V1_C1_F4_P1_C50_S7004,/Users/nischithacn/paper3-exactly-once/results/phase6/runs/CREATEORDER_V1_C1_F4_P1_C50_S7004/CREATEORDER_V1_C1_F4_P1_C50_S7004_1788390169745,0.0,0.0,0.0,0.0,0.0,0.0,0.0,0.0,0.0,0.0,0.0,1644.2013976423766,1447.3277981600945,0,PASS
CREATEORDER_V1_C1_F4_P1_C50_S7005,/Users/nischithacn/paper3-exactly-once/results/phase6/runs/CREATEORDER_V1_C1_F4_P1_C50_S7005/CREATEORDER_V1_C1_F4_P1_C50_S7005_1788393897479,0.0,0.0,0.0,0.0,0.0,0.0,0.0,0.0,0.0,0.0,0.0,1578.6869671447262,1380.1279727484955,0,PASS
CREATEORDER_V1_C1_F4_P1_C50_S7006,/Users/nischithacn/paper3-exactly-once/results/phase6/runs/CREATEORDER_V1_C1_F4_P1_C50_S7006/CREATEORDER_V1_C1_F4_P1_C50_S7006_1788401769185,0.0,0.0,0.0,0.0,0.0,0.0,0.0,0.0,0.0,0.0,0.0,1646.7272940852774,1447.0073354918652,0,PASS
CREATEORDER_V1_C1_F4_P1_C50_S7007,/Users/nischithacn/paper3-exactly-once/results/phase6/runs/CREATEORDER_V1_C1_F4_P1_C50_S7007/CREATEORDER_V1_C1_F4_P1_C50_S7007_1788405258362,0.0,0.0,0.0,0.0,0.0,0.0,0.0,0.0,0.0,0.0,0.0,1775.1329433346177,1561.7193365564328,0,PASS
CREATEORDER_V1_C1_F4_P1_C50_S7008,/Users/nischithacn/paper3-exactly-once/results/phase6/runs/CREATEORDER_V1_C1_F4_P1_C50_S7008/CREATEORDER_V1_C1_F4_P1_C50_S7008_1788410626660,0.0,0.0,0.0,0.0,0.0,0.0,0.0,0.0,0.0,0.0,0.0,1480.7985522412685,1317.5417784236915,0,PASS
CREATEORDER_V1_C1_F4_P1_C50_S7009,/Users/nischithacn/paper3-exactly-once/results/phase6/runs/CREATEORDER_V1_C1_F4_P1_C50_S7009/CREATEORDER_V1_C1_F4_P1_C50_S7009_1788415377546,0.0,0.0,0.0,0.0,0.0,0.0,0.0,0.0,0.0,0.0,0.0,1608.9088268989444,1419.2228223724362,0,PASS
CREATEORDER_V1_C1_F4_P20_C10_S7000,/Users/nischithacn/paper3-exactly-once/results/phase6/runs/CREATEORDER_V1_C1_F4_P20_C10_S7000/CREATEORDER_V1_C1_F4_P20_C10_S7000_1788144569516,0.0,0.0,0.0,0.0,0.0,0.0,0.0,0.0,0.0,0.0,0.0,1247.5957487850283,1128.194095787173,0,PASS
CREATEORDER_V1_C1_F4_P20_C10_S7001,/Users/nischithacn/paper3-exactly-once/results/phase6/runs/CREATEORDER_V1_C1_F4_P20_C10_S7001/CREATEORDER_V1_C1_F4_P20_C10_S7001_1788378508005,0.0,0.0,0.0,0.0,0.0,0.0,0.0,0.0,0.0,0.0,0.0,1107.5094870165542,989.4522457699559,0,PASS
CREATEORDER_V1_C1_F4_P20_C10_S7002,/Users/nischithacn/paper3-exactly-once/results/phase6/runs/CREATEORDER_V1_C1_F4_P20_C10_S7002/CREATEORDER_V1_C1_F4_P20_C10_S7002_1788383000711,0.0,0.0,0.0,0.0,0.0,0.0,0.0,0.0,0.0,0.0,0.0,1422.7463350485557,1261.4680306296164,0,PASS
CREATEORDER_V1_C1_F4_P20_C10_S7003,/Users/nischithacn/paper3-exactly-once/results/phase6/runs/CREATEORDER_V1_C1_F4_P20_C10_S7003/CREATEORDER_V1_C1_F4_P20_C10_S7003_1788386493347,0.0,0.0,0.0,0.0,0.0,0.0,0.0,0.0,0.0,0.0,0.0,1126.8385123983417,913.7994655335968,0,PASS
CREATEORDER_V1_C1_F4_P20_C10_S7004,/Users/nischithacn/paper3-exactly-once/results/phase6/runs/CREATEORDER_V1_C1_F4_P20_C10_S7004/CREATEORDER_V1_C1_F4_P20_C10_S7004_1788390218555,0.0,0.0,0.0,0.0,0.0,0.0,0.0,0.0,0.0,0.0,0.0,1384.3056660699358,1227.8082570648598,0,PASS
CREATEORDER_V1_C1_F4_P20_C10_S7005,/Users/nischithacn/paper3-exactly-once/results/phase6/runs/CREATEORDER_V1_C1_F4_P20_C10_S7005/CREATEORDER_V1_C1_F4_P20_C10_S7005_1788393946491,0.0,0.0,0.0,0.0,0.0,0.0,0.0,0.0,0.0,0.0,0.0,1307.5951336669714,1147.6952985308787,0,PASS
CREATEORDER_V1_C1_F4_P20_C10_S7006,/Users/nischithacn/paper3-exactly-once/results/phase6/runs/CREATEORDER_V1_C1_F4_P20_C10_S7006/CREATEORDER_V1_C1_F4_P20_C10_S7006_1788401833220,0.0,0.0,0.0,0.0,0.0,0.0,0.0,0.0,0.0,0.0,0.0,1119.4491663056879,995.9663437166024,0,PASS
CREATEORDER_V1_C1_F4_P20_C10_S7007,/Users/nischithacn/paper3-exactly-once/results/phase6/runs/CREATEORDER_V1_C1_F4_P20_C10_S7007/CREATEORDER_V1_C1_F4_P20_C10_S7007_1788407172234,0.0,0.0,0.0,0.0,0.0,0.0,0.0,0.0,0.0,0.0,0.0,1429.3596176491376,1263.1255858171096,0,PASS
CREATEORDER_V1_C1_F4_P20_C10_S7008,/Users/nischithacn/paper3-exactly-once/results/phase6/runs/CREATEORDER_V1_C1_F4_P20_C10_S7008/CREATEORDER_V1_C1_F4_P20_C10_S7008_1788410688671,0.0,0.0,0.0,0.0,0.0,0.0,0.0,0.0,0.0,0.0,0.0,1034.6232518841593,836.950711087157,0,PASS
CREATEORDER_V1_C1_F4_P20_C10_S7009,/Users/nischithacn/paper3-exactly-once/results/phase6/runs/CREATEORDER_V1_C1_F4_P20_C10_S7009/CREATEORDER_V1_C1_F4_P20_C10_S7009_1788415426725,0.0,0.0,0.0,0.0,0.0,0.0,0.0,0.0,0.0,0.0,0.0,1382.8605962255654,1229.359995087606,0,PASS
CREATEORDER_V1_C1_F4_P20_C50_S7000,/Users/nischithacn/paper3-exactly-once/results/phase6/runs/CREATEORDER_V1_C1_F4_P20_C50_S7000/CREATEORDER_V1_C1_F4_P20_C50_S7000_1788144578823,0.0,0.0,0.0,0.0,0.0,0.0,0.0,0.0,0.0,0.0,0.0,1611.338947127403,1431.6617271545417,0,PASS
CREATEORDER_V1_C1_F4_P20_C50_S7001,/Users/nischithacn/paper3-exactly-once/results/phase6/runs/CREATEORDER_V1_C1_F4_P20_C50_S7001/CREATEORDER_V1_C1_F4_P20_C50_S7001_1788378525636,0.0,0.0,0.0,0.0,0.0,0.0,0.0,0.0,0.0,0.0,0.0,1489.2176773445728,1315.1540418521045,0,PASS
CREATEORDER_V1_C1_F4_P20_C50_S7002,/Users/nischithacn/paper3-exactly-once/results/phase6/runs/CREATEORDER_V1_C1_F4_P20_C50_S7002/CREATEORDER_V1_C1_F4_P20_C50_S7002_1788383009058,0.0,0.0,0.0,0.0,0.0,0.0,0.0,0.0,0.0,0.0,0.0,1582.3949029600826,1397.3000748937202,0,PASS
CREATEORDER_V1_C1_F4_P20_C50_S7003,/Users/nischithacn/paper3-exactly-once/results/phase6/runs/CREATEORDER_V1_C1_F4_P20_C50_S7003/CREATEORDER_V1_C1_F4_P20_C50_S7003_1788386504720,0.0,0.0,0.0,0.0,0.0,0.0,0.0,0.0,0.0,0.0,0.0,1676.4551387299978,1458.0237270774628,0,PASS
CREATEORDER_V1_C1_F4_P20_C50_S7004,/Users/nischithacn/paper3-exactly-once/results/phase6/runs/CREATEORDER_V1_C1_F4_P20_C50_S7004/CREATEORDER_V1_C1_F4_P20_C50_S7004_1788390227137,0.0,0.0,0.0,0.0,0.0,0.0,0.0,0.0,0.0,0.0,0.0,1628.311528778592,1445.3135108858783,0,PASS
CREATEORDER_V1_C1_F4_P20_C50_S7005,/Users/nischithacn/paper3-exactly-once/results/phase6/runs/CREATEORDER_V1_C1_F4_P20_C50_S7005/CREATEORDER_V1_C1_F4_P20_C50_S7005_1788393955627,0.0,0.0,0.0,0.0,0.0,0.0,0.0,0.0,0.0,0.0,0.0,1656.763933860015,1457.622675044876,0,PASS
CREATEORDER_V1_C1_F4_P20_C50_S7006,/Users/nischithacn/paper3-exactly-once/results/phase6/runs/CREATEORDER_V1_C1_F4_P20_C50_S7006/CREATEORDER_V1_C1_F4_P20_C50_S7006_1788401850686,0.0,0.0,0.0,0.0,0.0,0.0,0.0,0.0,0.0,0.0,0.0,1508.2002534772212,1322.310339380053,0,PASS
CREATEORDER_V1_C1_F4_P20_C50_S7007,/Users/nischithacn/paper3-exactly-once/results/phase6/runs/CREATEORDER_V1_C1_F4_P20_C50_S7007/CREATEORDER_V1_C1_F4_P20_C50_S7007_1788407180570,0.0,0.0,0.0,0.0,0.0,0.0,0.0,0.0,0.0,0.0,0.0,1626.0268881314494,1434.3831465835035,0,PASS
CREATEORDER_V1_C1_F4_P20_C50_S7008,/Users/nischithacn/paper3-exactly-once/results/phase6/runs/CREATEORDER_V1_C1_F4_P20_C50_S7008/CREATEORDER_V1_C1_F4_P20_C50_S7008_1788410701048,0.0,0.0,0.0,0.0,0.0,0.0,0.0,0.0,0.0,0.0,0.0,1604.3754581548465,1385.0401736557308,0,PASS
CREATEORDER_V1_C1_F4_P20_C50_S7009,/Users/nischithacn/paper3-exactly-once/results/phase6/runs/CREATEORDER_V1_C1_F4_P20_C50_S7009/CREATEORDER_V1_C1_F4_P20_C50_S7009_1788415435275,0.0,0.0,0.0,0.0,0.0,0.0,0.0,0.0,0.0,0.0,0.0,1638.4830762122235,1451.3962655450177,0,PASS
CREATEORDER_V1_C1_F4_P5_C10_S7000,/Users/nischithacn/paper3-exactly-once/results/phase6/runs/CREATEORDER_V1_C1_F4_P5_C10_S7000/CREATEORDER_V1_C1_F4_P5_C10_S7000_1788144534004,0.0,0.0,0.0,0.0,0.0,0.0,0.0,0.0,0.0,0.0,0.0,1222.829011914984,1088.8175817847427,0,PASS
CREATEORDER_V1_C1_F4_P5_C10_S7001,/Users/nischithacn/paper3-exactly-once/results/phase6/runs/CREATEORDER_V1_C1_F4_P5_C10_S7001/CREATEORDER_V1_C1_F4_P5_C10_S7001_1788378471995,0.0,0.0,0.0,0.0,0.0,0.0,0.0,0.0,0.0,0.0,0.0,1061.9847522297468,858.7635381097737,0,PASS
CREATEORDER_V1_C1_F4_P5_C10_S7002,/Users/nischithacn/paper3-exactly-once/results/phase6/runs/CREATEORDER_V1_C1_F4_P5_C10_S7002/CREATEORDER_V1_C1_F4_P5_C10_S7002_1788381972742,0.0,0.0,0.0,0.0,0.0,0.0,0.0,0.0,0.0,0.0,0.0,1332.8489156833327,1192.5933322884919,0,PASS
CREATEORDER_V1_C1_F4_P5_C10_S7003,/Users/nischithacn/paper3-exactly-once/results/phase6/runs/CREATEORDER_V1_C1_F4_P5_C10_S7003/CREATEORDER_V1_C1_F4_P5_C10_S7003_1788386441903,0.0,0.0,0.0,0.0,0.0,0.0,0.0,0.0,0.0,0.0,0.0,1276.3223935621536,1125.2854728716395,0,PASS
CREATEORDER_V1_C1_F4_P5_C10_S7004,/Users/nischithacn/paper3-exactly-once/results/phase6/runs/CREATEORDER_V1_C1_F4_P5_C10_S7004/CREATEORDER_V1_C1_F4_P5_C10_S7004_1788390177106,0.0,0.0,0.0,0.0,0.0,0.0,0.0,0.0,0.0,0.0,0.0,1166.2218346837708,1030.2751453229919,0,PASS
CREATEORDER_V1_C1_F4_P5_C10_S7005,/Users/nischithacn/paper3-exactly-once/results/phase6/runs/CREATEORDER_V1_C1_F4_P5_C10_S7005/CREATEORDER_V1_C1_F4_P5_C10_S7005_1788393905159,0.0,0.0,0.0,0.0,0.0,0.0,0.0,0.0,0.0,0.0,0.0,1431.929913852136,1264.284871145733,0,PASS
CREATEORDER_V1_C1_F4_P5_C10_S7006,/Users/nischithacn/paper3-exactly-once/results/phase6/runs/CREATEORDER_V1_C1_F4_P5_C10_S7006/CREATEORDER_V1_C1_F4_P5_C10_S7006_1788401797277,0.0,0.0,0.0,0.0,0.0,0.0,0.0,0.0,0.0,0.0,0.0,1055.6663566930702,854.1599492656803,0,PASS
CREATEORDER_V1_C1_F4_P5_C10_S7007,/Users/nischithacn/paper3-exactly-once/results/phase6/runs/CREATEORDER_V1_C1_F4_P5_C10_S7007/CREATEORDER_V1_C1_F4_P5_C10_S7007_1788405265179,0.0,0.0,0.0,0.0,0.0,0.0,0.0,0.0,0.0,0.0,0.0,1519.0716414190317,1346.6112723228225,0,PASS
CREATEORDER_V1_C1_F4_P5_C10_S7008,/Users/nischithacn/paper3-exactly-once/results/phase6/runs/CREATEORDER_V1_C1_F4_P5_C10_S7008/CREATEORDER_V1_C1_F4_P5_C10_S7008_1788410634671,0.0,0.0,0.0,0.0,0.0,0.0,0.0,0.0,0.0,0.0,0.0,1243.7360677333338,1099.003760055031,0,PASS
CREATEORDER_V1_C1_F4_P5_C10_S7009,/Users/nischithacn/paper3-exactly-once/results/phase6/runs/CREATEORDER_V1_C1_F4_P5_C10_S7009/CREATEORDER_V1_C1_F4_P5_C10_S7009_1788415385021,0.0,0.0,0.0,0.0,0.0,0.0,0.0,0.0,0.0,0.0,0.0,1156.5188482227009,1028.1544871302724,0,PASS
CREATEORDER_V1_C1_F4_P5_C50_S7000,/Users/nischithacn/paper3-exactly-once/results/phase6/runs/CREATEORDER_V1_C1_F4_P5_C50_S7000/CREATEORDER_V1_C1_F4_P5_C50_S7000_1788144543629,0.0,0.0,0.0,0.0,0.0,0.0,0.0,0.0,0.0,0.0,0.0,1576.8935741281575,1389.6592000152143,0,PASS
CREATEORDER_V1_C1_F4_P5_C50_S7001,/Users/nischithacn/paper3-exactly-once/results/phase6/runs/CREATEORDER_V1_C1_F4_P5_C50_S7001/CREATEORDER_V1_C1_F4_P5_C50_S7001_1788378484063,0.0,0.0,0.0,0.0,0.0,0.0,0.0,0.0,0.0,0.0,0.0,1555.089540378288,1355.887888159835,0,PASS
CREATEORDER_V1_C1_F4_P5_C50_S7002,/Users/nischithacn/paper3-exactly-once/results/phase6/runs/CREATEORDER_V1_C1_F4_P5_C50_S7002/CREATEORDER_V1_C1_F4_P5_C50_S7002_1788381981553,0.0,0.0,0.0,0.0,0.0,0.0,0.0,0.0,0.0,0.0,0.0,1711.0288293988438,1499.381344472231,0,PASS
CREATEORDER_V1_C1_F4_P5_C50_S7003,/Users/nischithacn/paper3-exactly-once/results/phase6/runs/CREATEORDER_V1_C1_F4_P5_C50_S7003/CREATEORDER_V1_C1_F4_P5_C50_S7003_1788386451204,0.0,0.0,0.0,0.0,0.0,0.0,0.0,0.0,0.0,0.0,0.0,1755.3131830954417,1540.6668363211925,0,PASS
CREATEORDER_V1_C1_F4_P5_C50_S7004,/Users/nischithacn/paper3-exactly-once/results/phase6/runs/CREATEORDER_V1_C1_F4_P5_C50_S7004/CREATEORDER_V1_C1_F4_P5_C50_S7004_1788390193917,0.0,0.0,0.0,0.0,0.0,0.0,0.0,0.0,0.0,0.0,0.0,1503.8029941437321,1325.0445598447718,0,PASS
CREATEORDER_V1_C1_F4_P5_C50_S7005,/Users/nischithacn/paper3-exactly-once/results/phase6/runs/CREATEORDER_V1_C1_F4_P5_C50_S7005/CREATEORDER_V1_C1_F4_P5_C50_S7005_1788393913487,0.0,0.0,0.0,0.0,0.0,0.0,0.0,0.0,0.0,0.0,0.0,1595.7372174886211,1420.5927737170232,0,PASS
CREATEORDER_V1_C1_F4_P5_C50_S7006,/Users/nischithacn/paper3-exactly-once/results/phase6/runs/CREATEORDER_V1_C1_F4_P5_C50_S7006/CREATEORDER_V1_C1_F4_P5_C50_S7006_1788401809418,0.0,0.0,0.0,0.0,0.0,0.0,0.0,0.0,0.0,0.0,0.0,1574.0341763575586,1359.1152043055101,0,PASS
CREATEORDER_V1_C1_F4_P5_C50_S7007,/Users/nischithacn/paper3-exactly-once/results/phase6/runs/CREATEORDER_V1_C1_F4_P5_C50_S7007/CREATEORDER_V1_C1_F4_P5_C50_S7007_1788405273016,0.0,0.0,0.0,0.0,0.0,0.0,0.0,0.0,0.0,0.0,0.0,1779.4053636231736,1560.0850701753068,0,PASS
CREATEORDER_V1_C1_F4_P5_C50_S7008,/Users/nischithacn/paper3-exactly-once/results/phase6/runs/CREATEORDER_V1_C1_F4_P5_C50_S7008/CREATEORDER_V1_C1_F4_P5_C50_S7008_1788410644198,0.0,0.0,0.0,0.0,0.0,0.0,0.0,0.0,0.0,0.0,0.0,1672.6149726792125,1477.5996938483147,0,PASS
CREATEORDER_V1_C1_F4_P5_C50_S7009,/Users/nischithacn/paper3-exactly-once/results/phase6/runs/CREATEORDER_V1_C1_F4_P5_C50_S7009/CREATEORDER_V1_C1_F4_P5_C50_S7009_1788415402199,0.0,0.0,0.0,0.0,0.0,0.0,0.0,0.0,0.0,0.0,0.0,1474.311077548028,1297.8543294739766,0,PASS
CREATEORDER_V1_C1_F5_P0_C50_FAN10_S7000,/Users/nischithacn/paper3-exactly-once/results/phase6/runs/CREATEORDER_V1_C1_F5_P0_C50_FAN10_S7000/CREATEORDER_V1_C1_F5_P0_C50_FAN10_S7000_1788592151878,0.0,0.0,0.0,0.0,0.0,0.0,0.0,0.0,0.0,0.0,0.0,860.304226979146,768.7595817635145,0,PASS
CREATEORDER_V1_C1_F5_P0_C50_FAN10_S7001,/Users/nischithacn/paper3-exactly-once/results/phase6/runs/CREATEORDER_V1_C1_F5_P0_C50_FAN10_S7001/CREATEORDER_V1_C1_F5_P0_C50_FAN10_S7001_1788592484444,0.0,0.0,0.0,0.0,0.0,0.0,0.0,0.0,0.0,0.0,0.0,723.7752264795838,650.7252803636871,0,PASS
CREATEORDER_V1_C1_F5_P0_C50_FAN10_S7002,/Users/nischithacn/paper3-exactly-once/results/phase6/runs/CREATEORDER_V1_C1_F5_P0_C50_FAN10_S7002/CREATEORDER_V1_C1_F5_P0_C50_FAN10_S7002_1788592836341,0.0,0.0,0.0,0.0,0.0,0.0,0.0,0.0,0.0,0.0,0.0,812.1678321353338,724.3843429783454,0,PASS
CREATEORDER_V1_C1_F5_P0_C50_FAN10_S7003,/Users/nischithacn/paper3-exactly-once/results/phase6/runs/CREATEORDER_V1_C1_F5_P0_C50_FAN10_S7003/CREATEORDER_V1_C1_F5_P0_C50_FAN10_S7003_1788593166820,0.0,0.0,0.0,0.0,0.0,0.0,0.0,0.0,0.0,0.0,0.0,746.6002823240384,666.5223116394933,0,PASS
CREATEORDER_V1_C1_F5_P0_C50_FAN10_S7004,/Users/nischithacn/paper3-exactly-once/results/phase6/runs/CREATEORDER_V1_C1_F5_P0_C50_FAN10_S7004/CREATEORDER_V1_C1_F5_P0_C50_FAN10_S7004_1788593523637,0.0,0.0,0.0,0.0,0.0,0.0,0.0,0.0,0.0,0.0,0.0,718.5299661469116,650.7977350094355,0,PASS
CREATEORDER_V1_C1_F5_P0_C50_FAN10_S7005,/Users/nischithacn/paper3-exactly-once/results/phase6/runs/CREATEORDER_V1_C1_F5_P0_C50_FAN10_S7005/CREATEORDER_V1_C1_F5_P0_C50_FAN10_S7005_1788593887326,0.0,0.0,0.0,0.0,0.0,0.0,0.0,0.0,0.0,0.0,0.0,784.9850468754076,705.2084172781294,0,PASS
CREATEORDER_V1_C1_F5_P0_C50_FAN10_S7006,/Users/nischithacn/paper3-exactly-once/results/phase6/runs/CREATEORDER_V1_C1_F5_P0_C50_FAN10_S7006/CREATEORDER_V1_C1_F5_P0_C50_FAN10_S7006_1788594244015,0.0,0.0,0.0,0.0,0.0,0.0,0.0,0.0,0.0,0.0,0.0,670.7670152653844,610.642426142663,0,PASS
CREATEORDER_V1_C1_F5_P0_C50_FAN10_S7007,/Users/nischithacn/paper3-exactly-once/results/phase6/runs/CREATEORDER_V1_C1_F5_P0_C50_FAN10_S7007/CREATEORDER_V1_C1_F5_P0_C50_FAN10_S7007_1788594613127,0.0,0.0,0.0,0.0,0.0,0.0,0.0,0.0,0.0,0.0,0.0,766.858044277083,687.1664437005396,0,PASS
CREATEORDER_V1_C1_F5_P0_C50_FAN10_S7008,/Users/nischithacn/paper3-exactly-once/results/phase6/runs/CREATEORDER_V1_C1_F5_P0_C50_FAN10_S7008/CREATEORDER_V1_C1_F5_P0_C50_FAN10_S7008_1788594956594,0.0,0.0,0.0,0.0,0.0,0.0,0.0,0.0,0.0,0.0,0.0,720.159897562705,651.2248241207122,0,PASS
CREATEORDER_V1_C1_F5_P0_C50_FAN10_S7009,/Users/nischithacn/paper3-exactly-once/results/phase6/runs/CREATEORDER_V1_C1_F5_P0_C50_FAN10_S7009/CREATEORDER_V1_C1_F5_P0_C50_FAN10_S7009_1788595324312,0.0,0.0,0.0,0.0,0.0,0.0,0.0,0.0,0.0,0.0,0.0,715.5245338462673,647.97408761155,0,PASS
CREATEORDER_V1_C1_F5_P0_C50_FAN2_S7000,/Users/nischithacn/paper3-exactly-once/results/phase6/runs/CREATEORDER_V1_C1_F5_P0_C50_FAN2_S7000/CREATEORDER_V1_C1_F5_P0_C50_FAN2_S7000_1788592114747,0.0,0.0,0.0,0.0,0.0,0.0,0.0,0.0,0.0,0.0,0.0,751.6939756972764,667.8778785436662,0,PASS
CREATEORDER_V1_C1_F5_P0_C50_FAN2_S7001,/Users/nischithacn/paper3-exactly-once/results/phase6/runs/CREATEORDER_V1_C1_F5_P0_C50_FAN2_S7001/CREATEORDER_V1_C1_F5_P0_C50_FAN2_S7001_1788592455802,0.0,0.0,0.0,0.0,0.0,0.0,0.0,0.0,0.0,0.0,0.0,821.0844047456961,729.1600044080212,0,PASS
CREATEORDER_V1_C1_F5_P0_C50_FAN2_S7002,/Users/nischithacn/paper3-exactly-once/results/phase6/runs/CREATEORDER_V1_C1_F5_P0_C50_FAN2_S7002/CREATEORDER_V1_C1_F5_P0_C50_FAN2_S7002_1788592779518,0.0,0.0,0.0,0.0,0.0,0.0,0.0,0.0,0.0,0.0,0.0,722.4789366749013,651.2204460077156,0,PASS
CREATEORDER_V1_C1_F5_P0_C50_FAN2_S7003,/Users/nischithacn/paper3-exactly-once/results/phase6/runs/CREATEORDER_V1_C1_F5_P0_C50_FAN2_S7003/CREATEORDER_V1_C1_F5_P0_C50_FAN2_S7003_1788593135153,0.0,0.0,0.0,0.0,0.0,0.0,0.0,0.0,0.0,0.0,0.0,723.0123815084282,653.8671192001287,0,PASS
CREATEORDER_V1_C1_F5_P0_C50_FAN2_S7004,/Users/nischithacn/paper3-exactly-once/results/phase6/runs/CREATEORDER_V1_C1_F5_P0_C50_FAN2_S7004/CREATEORDER_V1_C1_F5_P0_C50_FAN2_S7004_1788593493130,0.0,0.0,0.0,0.0,0.0,0.0,0.0,0.0,0.0,0.0,0.0,788.5973849155714,708.7456096738217,0,PASS
CREATEORDER_V1_C1_F5_P0_C50_FAN2_S7005,/Users/nischithacn/paper3-exactly-once/results/phase6/runs/CREATEORDER_V1_C1_F5_P0_C50_FAN2_S7005/CREATEORDER_V1_C1_F5_P0_C50_FAN2_S7005_1788593848099,0.0,0.0,0.0,0.0,0.0,0.0,0.0,0.0,0.0,0.0,0.0,691.2259201282232,623.3714505124792,0,PASS
CREATEORDER_V1_C1_F5_P0_C50_FAN2_S7006,/Users/nischithacn/paper3-exactly-once/results/phase6/runs/CREATEORDER_V1_C1_F5_P0_C50_FAN2_S7006/CREATEORDER_V1_C1_F5_P0_C50_FAN2_S7006_1788594213523,0.0,0.0,0.0,0.0,0.0,0.0,0.0,0.0,0.0,0.0,0.0,758.5472027307745,676.51158937297,0,PASS
CREATEORDER_V1_C1_F5_P0_C50_FAN2_S7007,/Users/nischithacn/paper3-exactly-once/results/phase6/runs/CREATEORDER_V1_C1_F5_P0_C50_FAN2_S7007/CREATEORDER_V1_C1_F5_P0_C50_FAN2_S7007_1788594554931,0.0,0.0,0.0,0.0,0.0,0.0,0.0,0.0,0.0,0.0,0.0,689.5257306055147,619.0050225797964,0,PASS
CREATEORDER_V1_C1_F5_P0_C50_FAN2_S7008,/Users/nischithacn/paper3-exactly-once/results/phase6/runs/CREATEORDER_V1_C1_F5_P0_C50_FAN2_S7008/CREATEORDER_V1_C1_F5_P0_C50_FAN2_S7008_1788594923217,0.0,0.0,0.0,0.0,0.0,0.0,0.0,0.0,0.0,0.0,0.0,702.187878262907,636.8758622881431,0,PASS
CREATEORDER_V1_C1_F5_P0_C50_FAN2_S7009,/Users/nischithacn/paper3-exactly-once/results/phase6/runs/CREATEORDER_V1_C1_F5_P0_C50_FAN2_S7009/CREATEORDER_V1_C1_F5_P0_C50_FAN2_S7009_1788595293123,0.0,0.0,0.0,0.0,0.0,0.0,0.0,0.0,0.0,0.0,0.0,744.7767041072435,669.432752565103,0,PASS
CREATEORDER_V1_C1_F5_P0_C50_FAN5_S7000,/Users/nischithacn/paper3-exactly-once/results/phase6/runs/CREATEORDER_V1_C1_F5_P0_C50_FAN5_S7000/CREATEORDER_V1_C1_F5_P0_C50_FAN5_S7000_1788592130418,0.0,0.0,0.0,0.0,0.0,0.0,0.0,0.0,0.0,0.0,0.0,787.9332689556729,703.2900404228321,0,PASS
CREATEORDER_V1_C1_F5_P0_C50_FAN5_S7001,/Users/nischithacn/paper3-exactly-once/results/phase6/runs/CREATEORDER_V1_C1_F5_P0_C50_FAN5_S7001/CREATEORDER_V1_C1_F5_P0_C50_FAN5_S7001_1788592470209,0.0,0.0,0.0,0.0,0.0,0.0,0.0,0.0,0.0,0.0,0.0,822.7651119363973,738.8563688229086,0,PASS
CREATEORDER_V1_C1_F5_P0_C50_FAN5_S7002,/Users/nischithacn/paper3-exactly-once/results/phase6/runs/CREATEORDER_V1_C1_F5_P0_C50_FAN5_S7002/CREATEORDER_V1_C1_F5_P0_C50_FAN5_S7002_1788592816667,0.0,0.0,0.0,0.0,0.0,0.0,0.0,0.0,0.0,0.0,0.0,646.7014855895239,527.8153437584955,0,PASS
CREATEORDER_V1_C1_F5_P0_C50_FAN5_S7003,/Users/nischithacn/paper3-exactly-once/results/phase6/runs/CREATEORDER_V1_C1_F5_P0_C50_FAN5_S7003/CREATEORDER_V1_C1_F5_P0_C50_FAN5_S7003_1788593151134,0.0,0.0,0.0,0.0,0.0,0.0,0.0,0.0,0.0,0.0,0.0,736.2744059074489,666.3119297331745,0,PASS
CREATEORDER_V1_C1_F5_P0_C50_FAN5_S7004,/Users/nischithacn/paper3-exactly-once/results/phase6/runs/CREATEORDER_V1_C1_F5_P0_C50_FAN5_S7004/CREATEORDER_V1_C1_F5_P0_C50_FAN5_S7004_1788593507942,0.0,0.0,0.0,0.0,0.0,0.0,0.0,0.0,0.0,0.0,0.0,740.8007132648469,666.3358529350531,0,PASS
CREATEORDER_V1_C1_F5_P0_C50_FAN5_S7005,/Users/nischithacn/paper3-exactly-once/results/phase6/runs/CREATEORDER_V1_C1_F5_P0_C50_FAN5_S7005/CREATEORDER_V1_C1_F5_P0_C50_FAN5_S7005_1788593864824,0.0,0.0,0.0,0.0,0.0,0.0,0.0,0.0,0.0,0.0,0.0,731.6412735712839,656.0181809909313,0,PASS
CREATEORDER_V1_C1_F5_P0_C50_FAN5_S7006,/Users/nischithacn/paper3-exactly-once/results/phase6/runs/CREATEORDER_V1_C1_F5_P0_C50_FAN5_S7006/CREATEORDER_V1_C1_F5_P0_C50_FAN5_S7006_1788594228980,0.0,0.0,0.0,0.0,0.0,0.0,0.0,0.0,0.0,0.0,0.0,772.2098255381511,696.3870789413266,0,PASS
CREATEORDER_V1_C1_F5_P0_C50_FAN5_S7007,/Users/nischithacn/paper3-exactly-once/results/phase6/runs/CREATEORDER_V1_C1_F5_P0_C50_FAN5_S7007/CREATEORDER_V1_C1_F5_P0_C50_FAN5_S7007_1788594592825,0.0,0.0,0.0,0.0,0.0,0.0,0.0,0.0,0.0,0.0,0.0,616.8965665487475,509.5656979209513,0,PASS
CREATEORDER_V1_C1_F5_P0_C50_FAN5_S7008,/Users/nischithacn/paper3-exactly-once/results/phase6/runs/CREATEORDER_V1_C1_F5_P0_C50_FAN5_S7008/CREATEORDER_V1_C1_F5_P0_C50_FAN5_S7008_1788594939603,0.0,0.0,0.0,0.0,0.0,0.0,0.0,0.0,0.0,0.0,0.0,675.2183945394406,613.538009055188,0,PASS
CREATEORDER_V1_C1_F5_P0_C50_FAN5_S7009,/Users/nischithacn/paper3-exactly-once/results/phase6/runs/CREATEORDER_V1_C1_F5_P0_C50_FAN5_S7009/CREATEORDER_V1_C1_F5_P0_C50_FAN5_S7009_1788595308742,0.0,0.0,0.0,0.0,0.0,0.0,0.0,0.0,0.0,0.0,0.0,741.9470396114928,672.0054812702944,0,PASS
CREATEORDER_V1_C1_F6_P0_C50_FAN10_S7000,/Users/nischithacn/paper3-exactly-once/results/phase6/runs/CREATEORDER_V1_C1_F6_P0_C50_FAN10_S7000/CREATEORDER_V1_C1_F6_P0_C50_FAN10_S7000_1788620025581,0.0,0.0,0.0,0.0,0.0,0.0,0.0,0.0,0.0,0.0,0.0,97.02898606043908,87.91014822209466,0,PASS
CREATEORDER_V1_C1_F6_P0_C50_FAN10_S7001,/Users/nischithacn/paper3-exactly-once/results/phase6/runs/CREATEORDER_V1_C1_F6_P0_C50_FAN10_S7001/CREATEORDER_V1_C1_F6_P0_C50_FAN10_S7001_1788624204899,0.0,0.0,0.0,0.0,0.0,0.0,0.0,0.0,0.0,0.0,0.0,85.74912412309936,78.34672243851634,0,PASS
CREATEORDER_V1_C1_F6_P0_C50_FAN10_S7002,/Users/nischithacn/paper3-exactly-once/results/phase6/runs/CREATEORDER_V1_C1_F6_P0_C50_FAN10_S7002/CREATEORDER_V1_C1_F6_P0_C50_FAN10_S7002_1788625638354,0.0,0.0,0.0,0.0,0.0,0.0,0.0,0.0,0.0,0.0,0.0,84.31844983342484,76.7200138132842,0,PASS
CREATEORDER_V1_C1_F6_P0_C50_FAN10_S7003,/Users/nischithacn/paper3-exactly-once/results/phase6/runs/CREATEORDER_V1_C1_F6_P0_C50_FAN10_S7003/CREATEORDER_V1_C1_F6_P0_C50_FAN10_S7003_1788627133898,0.0,0.0,0.0,0.0,0.0,0.0,0.0,0.0,0.0,0.0,0.0,74.79530113266046,68.1638799955747,0,PASS
CREATEORDER_V1_C1_F6_P0_C50_FAN10_S7004,/Users/nischithacn/paper3-exactly-once/results/phase6/runs/CREATEORDER_V1_C1_F6_P0_C50_FAN10_S7004/CREATEORDER_V1_C1_F6_P0_C50_FAN10_S7004_1788628661504,0.0,0.0,0.0,0.0,0.0,0.0,0.0,0.0,0.0,0.0,0.0,78.40260817038254,68.93899522747114,0,PASS
CREATEORDER_V1_C1_F6_P0_C50_FAN10_S7005,/Users/nischithacn/paper3-exactly-once/results/phase6/runs/CREATEORDER_V1_C1_F6_P0_C50_FAN10_S7005/CREATEORDER_V1_C1_F6_P0_C50_FAN10_S7005_1788630200328,0.0,0.0,0.0,0.0,0.0,0.0,0.0,0.0,0.0,0.0,0.0,76.36379086107978,69.40450035739072,0,PASS
CREATEORDER_V1_C1_F6_P0_C50_FAN10_S7006,/Users/nischithacn/paper3-exactly-once/results/phase6/runs/CREATEORDER_V1_C1_F6_P0_C50_FAN10_S7006/CREATEORDER_V1_C1_F6_P0_C50_FAN10_S7006_1788631820858,0.0,0.0,0.0,0.0,0.0,0.0,0.0,0.0,0.0,0.0,0.0,65.55717609464253,59.59429750450328,0,PASS
CREATEORDER_V1_C1_F6_P0_C50_FAN10_S7007,/Users/nischithacn/paper3-exactly-once/results/phase6/runs/CREATEORDER_V1_C1_F6_P0_C50_FAN10_S7007/CREATEORDER_V1_C1_F6_P0_C50_FAN10_S7007_1788644185257,0.0,0.0,0.0,0.0,0.0,0.0,0.0,0.0,0.0,0.0,0.0,77.29409443145941,70.34490663680207,0,PASS
CREATEORDER_V1_C1_F6_P0_C50_FAN10_S7008,/Users/nischithacn/paper3-exactly-once/results/phase6/runs/CREATEORDER_V1_C1_F6_P0_C50_FAN10_S7008/CREATEORDER_V1_C1_F6_P0_C50_FAN10_S7008_1788645735955,0.0,0.0,0.0,0.0,0.0,0.0,0.0,0.0,0.0,0.0,0.0,78.51223398783563,71.4294566293374,0,PASS
CREATEORDER_V1_C1_F6_P0_C50_FAN10_S7009,/Users/nischithacn/paper3-exactly-once/results/phase6/runs/CREATEORDER_V1_C1_F6_P0_C50_FAN10_S7009/CREATEORDER_V1_C1_F6_P0_C50_FAN10_S7009_1788647271837,0.0,0.0,0.0,0.0,0.0,0.0,0.0,0.0,0.0,0.0,0.0,78.36443273410187,69.13944776532972,0,PASS
CREATEORDER_V1_C1_F6_P0_C50_FAN2_S7000,/Users/nischithacn/paper3-exactly-once/results/phase6/runs/CREATEORDER_V1_C1_F6_P0_C50_FAN2_S7000/CREATEORDER_V1_C1_F6_P0_C50_FAN2_S7000_1788605554028,0.0,0.0,0.0,0.0,0.0,0.0,0.0,0.0,0.0,0.0,0.0,407.1294715718233,354.33697851284467,0,PASS
CREATEORDER_V1_C1_F6_P0_C50_FAN2_S7001,/Users/nischithacn/paper3-exactly-once/results/phase6/runs/CREATEORDER_V1_C1_F6_P0_C50_FAN2_S7001/CREATEORDER_V1_C1_F6_P0_C50_FAN2_S7001_1788624103923,0.0,0.0,0.0,0.0,0.0,0.0,0.0,0.0,0.0,0.0,0.0,411.54539598561365,369.7765790933919,0,PASS
CREATEORDER_V1_C1_F6_P0_C50_FAN2_S7002,/Users/nischithacn/paper3-exactly-once/results/phase6/runs/CREATEORDER_V1_C1_F6_P0_C50_FAN2_S7002/CREATEORDER_V1_C1_F6_P0_C50_FAN2_S7002_1788625537860,0.0,0.0,0.0,0.0,0.0,0.0,0.0,0.0,0.0,0.0,0.0,357.9422804350112,316.6356065674192,0,PASS
CREATEORDER_V1_C1_F6_P0_C50_FAN2_S7003,/Users/nischithacn/paper3-exactly-once/results/phase6/runs/CREATEORDER_V1_C1_F6_P0_C50_FAN2_S7003/CREATEORDER_V1_C1_F6_P0_C50_FAN2_S7003_1788627017713,0.0,0.0,0.0,0.0,0.0,0.0,0.0,0.0,0.0,0.0,0.0,321.4697666798372,274.02555451314197,0,PASS
CREATEORDER_V1_C1_F6_P0_C50_FAN2_S7004,/Users/nischithacn/paper3-exactly-once/results/phase6/runs/CREATEORDER_V1_C1_F6_P0_C50_FAN2_S7004/CREATEORDER_V1_C1_F6_P0_C50_FAN2_S7004_1788628530769,0.0,0.0,0.0,0.0,0.0,0.0,0.0,0.0,0.0,0.0,0.0,346.94626777476503,304.3191585252076,0,PASS
CREATEORDER_V1_C1_F6_P0_C50_FAN2_S7005,/Users/nischithacn/paper3-exactly-once/results/phase6/runs/CREATEORDER_V1_C1_F6_P0_C50_FAN2_S7005/CREATEORDER_V1_C1_F6_P0_C50_FAN2_S7005_1788630088802,0.0,0.0,0.0,0.0,0.0,0.0,0.0,0.0,0.0,0.0,0.0,324.3018514909555,288.6664774939399,0,PASS
CREATEORDER_V1_C1_F6_P0_C50_FAN2_S7006,/Users/nischithacn/paper3-exactly-once/results/phase6/runs/CREATEORDER_V1_C1_F6_P0_C50_FAN2_S7006/CREATEORDER_V1_C1_F6_P0_C50_FAN2_S7006_1788631686234,0.0,0.0,0.0,0.0,0.0,0.0,0.0,0.0,0.0,0.0,0.0,294.0242088323476,257.31585713116755,0,PASS
CREATEORDER_V1_C1_F6_P0_C50_FAN2_S7007,/Users/nischithacn/paper3-exactly-once/results/phase6/runs/CREATEORDER_V1_C1_F6_P0_C50_FAN2_S7007/CREATEORDER_V1_C1_F6_P0_C50_FAN2_S7007_1788644077054,0.0,0.0,0.0,0.0,0.0,0.0,0.0,0.0,0.0,0.0,0.0,345.14882608489535,304.81460395948585,0,PASS
CREATEORDER_V1_C1_F6_P0_C50_FAN2_S7008,/Users/nischithacn/paper3-exactly-once/results/phase6/runs/CREATEORDER_V1_C1_F6_P0_C50_FAN2_S7008/CREATEORDER_V1_C1_F6_P0_C50_FAN2_S7008_1788645633003,0.0,0.0,0.0,0.0,0.0,0.0,0.0,0.0,0.0,0.0,0.0,355.55239381187346,305.5435489108333,0,PASS
CREATEORDER_V1_C1_F6_P0_C50_FAN2_S7009,/Users/nischithacn/paper3-exactly-once/results/phase6/runs/CREATEORDER_V1_C1_F6_P0_C50_FAN2_S7009/CREATEORDER_V1_C1_F6_P0_C50_FAN2_S7009_1788647139268,0.0,0.0,0.0,0.0,0.0,0.0,0.0,0.0,0.0,0.0,0.0,334.64641814819555,295.25752442594967,0,PASS
CREATEORDER_V1_C1_F6_P0_C50_FAN5_S7000,/Users/nischithacn/paper3-exactly-once/results/phase6/runs/CREATEORDER_V1_C1_F6_P0_C50_FAN5_S7000/CREATEORDER_V1_C1_F6_P0_C50_FAN5_S7000_1788619966912,0.0,0.0,0.0,0.0,0.0,0.0,0.0,0.0,0.0,0.0,0.0,193.71310296107396,175.23037405806505,0,PASS
CREATEORDER_V1_C1_F6_P0_C50_FAN5_S7001,/Users/nischithacn/paper3-exactly-once/results/phase6/runs/CREATEORDER_V1_C1_F6_P0_C50_FAN5_S7001/CREATEORDER_V1_C1_F6_P0_C50_FAN5_S7001_1788624138533,0.0,0.0,0.0,0.0,0.0,0.0,0.0,0.0,0.0,0.0,0.0,168.41711874558402,153.76253048591389,0,PASS
CREATEORDER_V1_C1_F6_P0_C50_FAN5_S7002,/Users/nischithacn/paper3-exactly-once/results/phase6/runs/CREATEORDER_V1_C1_F6_P0_C50_FAN5_S7002/CREATEORDER_V1_C1_F6_P0_C50_FAN5_S7002_1788625570079,0.0,0.0,0.0,0.0,0.0,0.0,0.0,0.0,0.0,0.0,0.0,163.15151589836353,149.40070118918683,0,PASS
CREATEORDER_V1_C1_F6_P0_C50_FAN5_S7003,/Users/nischithacn/paper3-exactly-once/results/phase6/runs/CREATEORDER_V1_C1_F6_P0_C50_FAN5_S7003/CREATEORDER_V1_C1_F6_P0_C50_FAN5_S7003_1788627054889,0.0,0.0,0.0,0.0,0.0,0.0,0.0,0.0,0.0,0.0,0.0,140.83315333973854,128.76072091690637,0,PASS
CREATEORDER_V1_C1_F6_P0_C50_FAN5_S7004,/Users/nischithacn/paper3-exactly-once/results/phase6/runs/CREATEORDER_V1_C1_F6_P0_C50_FAN5_S7004/CREATEORDER_V1_C1_F6_P0_C50_FAN5_S7004_1788628564338,0.0,0.0,0.0,0.0,0.0,0.0,0.0,0.0,0.0,0.0,0.0,149.9950722286754,135.7484123279831,0,PASS
CREATEORDER_V1_C1_F6_P0_C50_FAN5_S7005,/Users/nischithacn/paper3-exactly-once/results/phase6/runs/CREATEORDER_V1_C1_F6_P0_C50_FAN5_S7005/CREATEORDER_V1_C1_F6_P0_C50_FAN5_S7005_1788630124080,0.0,0.0,0.0,0.0,0.0,0.0,0.0,0.0,0.0,0.0,0.0,145.4937961002219,133.49825145561908,0,PASS
CREATEORDER_V1_C1_F6_P0_C50_FAN5_S7006,/Users/nischithacn/paper3-exactly-once/results/phase6/runs/CREATEORDER_V1_C1_F6_P0_C50_FAN5_S7006/CREATEORDER_V1_C1_F6_P0_C50_FAN5_S7006_1788631732927,0.0,0.0,0.0,0.0,0.0,0.0,0.0,0.0,0.0,0.0,0.0,124.20459849860198,115.65189088124492,0,PASS
CREATEORDER_V1_C1_F6_P0_C50_FAN5_S7007,/Users/nischithacn/paper3-exactly-once/results/phase6/runs/CREATEORDER_V1_C1_F6_P0_C50_FAN5_S7007/CREATEORDER_V1_C1_F6_P0_C50_FAN5_S7007_1788644110518,0.0,0.0,0.0,0.0,0.0,0.0,0.0,0.0,0.0,0.0,0.0,149.34534473774312,136.26223757130018,0,PASS
CREATEORDER_V1_C1_F6_P0_C50_FAN5_S7008,/Users/nischithacn/paper3-exactly-once/results/phase6/runs/CREATEORDER_V1_C1_F6_P0_C50_FAN5_S7008/CREATEORDER_V1_C1_F6_P0_C50_FAN5_S7008_1788645666369,0.0,0.0,0.0,0.0,0.0,0.0,0.0,0.0,0.0,0.0,0.0,159.55949918519661,146.56359163769318,0,PASS
CREATEORDER_V1_C1_F6_P0_C50_FAN5_S7009,/Users/nischithacn/paper3-exactly-once/results/phase6/runs/CREATEORDER_V1_C1_F6_P0_C50_FAN5_S7009/CREATEORDER_V1_C1_F6_P0_C50_FAN5_S7009_1788647173832,0.0,0.0,0.0,0.0,0.0,0.0,0.0,0.0,0.0,0.0,0.0,148.0846907200183,134.30891967346713,0,PASS
CREATEORDER_V1_C1_F7_P10_C50_S7000,/Users/nischithacn/paper3-exactly-once/results/phase6/runs/CREATEORDER_V1_C1_F7_P10_C50_S7000/CREATEORDER_V1_C1_F7_P10_C50_S7000_1788677119900,0.0,0.0,0.0,0.0,0.0,0.0,0.0,0.0,0.0,0.0,0.0,1575.2303109731438,1402.8216411127923,0,PASS
CREATEORDER_V1_C1_F7_P10_C50_S7001,/Users/nischithacn/paper3-exactly-once/results/phase6/runs/CREATEORDER_V1_C1_F7_P10_C50_S7001/CREATEORDER_V1_C1_F7_P10_C50_S7001_1788677361111,0.0,0.0,0.0,0.0,0.0,0.0,0.0,0.0,0.0,0.0,0.0,1629.1242375103411,1411.5280231441511,0,PASS
CREATEORDER_V1_C1_F7_P10_C50_S7002,/Users/nischithacn/paper3-exactly-once/results/phase6/runs/CREATEORDER_V1_C1_F7_P10_C50_S7002/CREATEORDER_V1_C1_F7_P10_C50_S7002_1788677578892,0.0,0.0,0.0,0.0,0.0,0.0,0.0,0.0,0.0,0.0,0.0,1611.4368222125806,1425.4700252076477,0,PASS
CREATEORDER_V1_C1_F7_P10_C50_S7003,/Users/nischithacn/paper3-exactly-once/results/phase6/runs/CREATEORDER_V1_C1_F7_P10_C50_S7003/CREATEORDER_V1_C1_F7_P10_C50_S7003_1788677825365,0.0,0.0,0.0,0.0,0.0,0.0,0.0,0.0,0.0,0.0,0.0,1614.8146853401277,1430.137266178082,0,PASS
CREATEORDER_V1_C1_F7_P10_C50_S7004,/Users/nischithacn/paper3-exactly-once/results/phase6/runs/CREATEORDER_V1_C1_F7_P10_C50_S7004/CREATEORDER_V1_C1_F7_P10_C50_S7004_1788678073593,0.0,0.0,0.0,0.0,0.0,0.0,0.0,0.0,0.0,0.0,0.0,1679.2339852965174,1476.9663127486479,0,PASS
CREATEORDER_V1_C1_F7_P10_C50_S7005,/Users/nischithacn/paper3-exactly-once/results/phase6/runs/CREATEORDER_V1_C1_F7_P10_C50_S7005/CREATEORDER_V1_C1_F7_P10_C50_S7005_1788678316713,0.0,0.0,0.0,0.0,0.0,0.0,0.0,0.0,0.0,0.0,0.0,1526.7126224575743,1362.3837193627987,0,PASS
CREATEORDER_V1_C1_F7_P10_C50_S7006,/Users/nischithacn/paper3-exactly-once/results/phase6/runs/CREATEORDER_V1_C1_F7_P10_C50_S7006/CREATEORDER_V1_C1_F7_P10_C50_S7006_1788678570470,0.0,0.0,0.0,0.0,0.0,0.0,0.0,0.0,0.0,0.0,0.0,1556.1848111936267,1370.5649922750374,0,PASS
CREATEORDER_V1_C1_F7_P10_C50_S7007,/Users/nischithacn/paper3-exactly-once/results/phase6/runs/CREATEORDER_V1_C1_F7_P10_C50_S7007/CREATEORDER_V1_C1_F7_P10_C50_S7007_1788678797274,0.0,0.0,0.0,0.0,0.0,0.0,0.0,0.0,0.0,0.0,0.0,1417.7857765357032,1270.8341937000582,0,PASS
CREATEORDER_V1_C1_F7_P10_C50_S7008,/Users/nischithacn/paper3-exactly-once/results/phase6/runs/CREATEORDER_V1_C1_F7_P10_C50_S7008/CREATEORDER_V1_C1_F7_P10_C50_S7008_1788679052210,0.0,0.0,0.0,0.0,0.0,0.0,0.0,0.0,0.0,0.0,0.0,1539.6350008040833,1359.1160851168845,0,PASS
CREATEORDER_V1_C1_F7_P10_C50_S7009,/Users/nischithacn/paper3-exactly-once/results/phase6/runs/CREATEORDER_V1_C1_F7_P10_C50_S7009/CREATEORDER_V1_C1_F7_P10_C50_S7009_1788679308247,0.0,0.0,0.0,0.0,0.0,0.0,0.0,0.0,0.0,0.0,0.0,1598.2810235908844,1417.6309480542836,0,PASS
CREATEORDER_V1_C1_F8_P10_C10_S7000,/Users/nischithacn/paper3-exactly-once/results/phase6/runs/CREATEORDER_V1_C1_F8_P10_C10_S7000/CREATEORDER_V1_C1_F8_P10_C10_S7000_1788151573041,0.0,0.0,0.0,0.0,0.0,0.0,0.0,0.0,0.0,0.0,0.0,232.7542864513589,209.668545603575,0,PASS
CREATEORDER_V1_C1_F8_P10_C10_S7001,/Users/nischithacn/paper3-exactly-once/results/phase6/runs/CREATEORDER_V1_C1_F8_P10_C10_S7001/CREATEORDER_V1_C1_F8_P10_C10_S7001_1788476281866,0.0,0.0,0.0,0.0,0.0,0.0,0.0,0.0,0.0,0.0,0.0,229.01844691787673,208.2974753086803,0,PASS
CREATEORDER_V1_C1_F8_P10_C10_S7002,/Users/nischithacn/paper3-exactly-once/results/phase6/runs/CREATEORDER_V1_C1_F8_P10_C10_S7002/CREATEORDER_V1_C1_F8_P10_C10_S7002_1788542617038,0.0,0.0,0.0,0.0,0.0,0.0,0.0,0.0,0.0,0.0,0.0,232.37234351913776,210.9323089531831,0,PASS
CREATEORDER_V1_C1_F8_P10_C10_S7003,/Users/nischithacn/paper3-exactly-once/results/phase6/runs/CREATEORDER_V1_C1_F8_P10_C10_S7003/CREATEORDER_V1_C1_F8_P10_C10_S7003_1788554386598,0.0,0.0,0.0,0.0,0.0,0.0,0.0,0.0,0.0,0.0,0.0,241.457661176649,219.12671658109693,0,PASS
CREATEORDER_V1_C1_F8_P10_C10_S7004,/Users/nischithacn/paper3-exactly-once/results/phase6/runs/CREATEORDER_V1_C1_F8_P10_C10_S7004/CREATEORDER_V1_C1_F8_P10_C10_S7004_1788559947255,0.0,0.0,0.0,0.0,0.0,0.0,0.0,0.0,0.0,0.0,0.0,225.30767026821428,203.28100847135707,0,PASS
CREATEORDER_V1_C1_F8_P10_C10_S7005,/Users/nischithacn/paper3-exactly-once/results/phase6/runs/CREATEORDER_V1_C1_F8_P10_C10_S7005/CREATEORDER_V1_C1_F8_P10_C10_S7005_1788562019210,0.0,0.0,0.0,0.0,0.0,0.0,0.0,0.0,0.0,0.0,0.0,220.30177885099792,197.1014030182628,0,PASS
CREATEORDER_V1_C1_F8_P10_C10_S7006,/Users/nischithacn/paper3-exactly-once/results/phase6/runs/CREATEORDER_V1_C1_F8_P10_C10_S7006/CREATEORDER_V1_C1_F8_P10_C10_S7006_1788567691913,0.0,0.0,0.0,0.0,0.0,0.0,0.0,0.0,0.0,0.0,0.0,232.93565775459493,211.0288705463161,0,PASS
CREATEORDER_V1_C1_F8_P10_C10_S7007,/Users/nischithacn/paper3-exactly-once/results/phase6/runs/CREATEORDER_V1_C1_F8_P10_C10_S7007/CREATEORDER_V1_C1_F8_P10_C10_S7007_1788569445259,0.0,0.0,0.0,0.0,0.0,0.0,0.0,0.0,0.0,0.0,0.0,233.14707432940986,208.81244429178003,0,PASS
CREATEORDER_V1_C1_F8_P10_C10_S7008,/Users/nischithacn/paper3-exactly-once/results/phase6/runs/CREATEORDER_V1_C1_F8_P10_C10_S7008/CREATEORDER_V1_C1_F8_P10_C10_S7008_1788573976934,0.0,0.0,0.0,0.0,0.0,0.0,0.0,0.0,0.0,0.0,0.0,230.1325001845755,210.23322412473843,0,PASS
CREATEORDER_V1_C1_F8_P10_C10_S7009,/Users/nischithacn/paper3-exactly-once/results/phase6/runs/CREATEORDER_V1_C1_F8_P10_C10_S7009/CREATEORDER_V1_C1_F8_P10_C10_S7009_1788575734434,0.0,0.0,0.0,0.0,0.0,0.0,0.0,0.0,0.0,0.0,0.0,224.94336171497346,201.34359409738508,0,PASS
CREATEORDER_V1_C1_F8_P10_C50_S7000,/Users/nischithacn/paper3-exactly-once/results/phase6/runs/CREATEORDER_V1_C1_F8_P10_C50_S7000/CREATEORDER_V1_C1_F8_P10_C50_S7000_1788151621237,0.0,0.0,0.0,0.0,0.0,0.0,0.0,0.0,0.0,0.0,0.0,1193.4568250624386,1031.9198589506668,0,PASS
CREATEORDER_V1_C1_F8_P10_C50_S7001,/Users/nischithacn/paper3-exactly-once/results/phase6/runs/CREATEORDER_V1_C1_F8_P10_C50_S7001/CREATEORDER_V1_C1_F8_P10_C50_S7001_1788476330370,0.0,0.0,0.0,0.0,0.0,0.0,0.0,0.0,0.0,0.0,0.0,1107.4726994364523,964.227167133722,0,PASS
CREATEORDER_V1_C1_F8_P10_C50_S7002,/Users/nischithacn/paper3-exactly-once/results/phase6/runs/CREATEORDER_V1_C1_F8_P10_C50_S7002/CREATEORDER_V1_C1_F8_P10_C50_S7002_1788542664951,0.0,0.0,0.0,0.0,0.0,0.0,0.0,0.0,0.0,0.0,0.0,1123.7946374231162,980.5163271604166,0,PASS
CREATEORDER_V1_C1_F8_P10_C50_S7003,/Users/nischithacn/paper3-exactly-once/results/phase6/runs/CREATEORDER_V1_C1_F8_P10_C50_S7003/CREATEORDER_V1_C1_F8_P10_C50_S7003_1788554432737,0.0,0.0,0.0,0.0,0.0,0.0,0.0,0.0,0.0,0.0,0.0,1089.3653519814454,953.1114082393395,0,PASS
CREATEORDER_V1_C1_F8_P10_C50_S7004,/Users/nischithacn/paper3-exactly-once/results/phase6/runs/CREATEORDER_V1_C1_F8_P10_C50_S7004/CREATEORDER_V1_C1_F8_P10_C50_S7004_1788559996951,0.0,0.0,0.0,0.0,0.0,0.0,0.0,0.0,0.0,0.0,0.0,1106.185767612226,968.0169293289694,0,PASS
CREATEORDER_V1_C1_F8_P10_C50_S7005,/Users/nischithacn/paper3-exactly-once/results/phase6/runs/CREATEORDER_V1_C1_F8_P10_C50_S7005/CREATEORDER_V1_C1_F8_P10_C50_S7005_1788562077046,0.0,0.0,0.0,0.0,0.0,0.0,0.0,0.0,0.0,0.0,0.0,1115.569044729321,968.0634012027997,0,PASS
CREATEORDER_V1_C1_F8_P10_C50_S7006,/Users/nischithacn/paper3-exactly-once/results/phase6/runs/CREATEORDER_V1_C1_F8_P10_C50_S7006/CREATEORDER_V1_C1_F8_P10_C50_S7006_1788567739805,0.0,0.0,0.0,0.0,0.0,0.0,0.0,0.0,0.0,0.0,0.0,1118.7573251421552,973.1185620976447,0,PASS
CREATEORDER_V1_C1_F8_P10_C50_S7007,/Users/nischithacn/paper3-exactly-once/results/phase6/runs/CREATEORDER_V1_C1_F8_P10_C50_S7007/CREATEORDER_V1_C1_F8_P10_C50_S7007_1788569493680,0.0,0.0,0.0,0.0,0.0,0.0,0.0,0.0,0.0,0.0,0.0,1098.0522295167038,944.9385211549394,0,PASS
CREATEORDER_V1_C1_F8_P10_C50_S7008,/Users/nischithacn/paper3-exactly-once/results/phase6/runs/CREATEORDER_V1_C1_F8_P10_C50_S7008/CREATEORDER_V1_C1_F8_P10_C50_S7008_1788574025021,0.0,0.0,0.0,0.0,0.0,0.0,0.0,0.0,0.0,0.0,0.0,1088.1391903632618,954.3161210830625,0,PASS
CREATEORDER_V1_C1_F8_P10_C50_S7009,/Users/nischithacn/paper3-exactly-once/results/phase6/runs/CREATEORDER_V1_C1_F8_P10_C50_S7009/CREATEORDER_V1_C1_F8_P10_C50_S7009_1788575784612,0.0,0.0,0.0,0.0,0.0,0.0,0.0,0.0,0.0,0.0,0.0,1103.3959376137695,965.9941947357961,0,PASS
CREATEORDER_V1_C1_F8_P1_C10_S7000,/Users/nischithacn/paper3-exactly-once/results/phase6/runs/CREATEORDER_V1_C1_F8_P1_C10_S7000/CREATEORDER_V1_C1_F8_P1_C10_S7000_1788151514375,0.0,0.0,0.0,0.0,0.0,0.0,0.0,0.0,0.0,0.0,0.0,967.7985266116191,866.144096520034,0,PASS
CREATEORDER_V1_C1_F8_P1_C10_S7001,/Users/nischithacn/paper3-exactly-once/results/phase6/runs/CREATEORDER_V1_C1_F8_P1_C10_S7001/CREATEORDER_V1_C1_F8_P1_C10_S7001_1788476221645,0.0,0.0,0.0,0.0,0.0,0.0,0.0,0.0,0.0,0.0,0.0,1075.2469908661133,937.079598673027,0,PASS
CREATEORDER_V1_C1_F8_P1_C10_S7002,/Users/nischithacn/paper3-exactly-once/results/phase6/runs/CREATEORDER_V1_C1_F8_P1_C10_S7002/CREATEORDER_V1_C1_F8_P1_C10_S7002_1788542150644,0.0,0.0,0.0,0.0,0.0,0.0,0.0,0.0,0.0,0.0,0.0,1047.6989973617833,938.1383950425148,0,PASS
CREATEORDER_V1_C1_F8_P1_C10_S7003,/Users/nischithacn/paper3-exactly-once/results/phase6/runs/CREATEORDER_V1_C1_F8_P1_C10_S7003/CREATEORDER_V1_C1_F8_P1_C10_S7003_1788554325556,0.0,0.0,0.0,0.0,0.0,0.0,0.0,0.0,0.0,0.0,0.0,1045.3200371482906,927.2712347905875,0,PASS
CREATEORDER_V1_C1_F8_P1_C10_S7004,/Users/nischithacn/paper3-exactly-once/results/phase6/runs/CREATEORDER_V1_C1_F8_P1_C10_S7004/CREATEORDER_V1_C1_F8_P1_C10_S7004_1788559886323,0.0,0.0,0.0,0.0,0.0,0.0,0.0,0.0,0.0,0.0,0.0,1076.7600599748337,943.5344555990448,0,PASS
CREATEORDER_V1_C1_F8_P1_C10_S7005,/Users/nischithacn/paper3-exactly-once/results/phase6/runs/CREATEORDER_V1_C1_F8_P1_C10_S7005/CREATEORDER_V1_C1_F8_P1_C10_S7005_1788561958667,0.0,0.0,0.0,0.0,0.0,0.0,0.0,0.0,0.0,0.0,0.0,863.6251474686458,709.9913373454359,0,PASS
CREATEORDER_V1_C1_F8_P1_C10_S7006,/Users/nischithacn/paper3-exactly-once/results/phase6/runs/CREATEORDER_V1_C1_F8_P1_C10_S7006/CREATEORDER_V1_C1_F8_P1_C10_S7006_1788567617278,0.0,0.0,0.0,0.0,0.0,0.0,0.0,0.0,0.0,0.0,0.0,1090.9257371147964,945.4509601571345,0,PASS
CREATEORDER_V1_C1_F8_P1_C10_S7007,/Users/nischithacn/paper3-exactly-once/results/phase6/runs/CREATEORDER_V1_C1_F8_P1_C10_S7007/CREATEORDER_V1_C1_F8_P1_C10_S7007_1788569369945,0.0,0.0,0.0,0.0,0.0,0.0,0.0,0.0,0.0,0.0,0.0,1092.110102444949,967.306487919047,0,PASS
CREATEORDER_V1_C1_F8_P1_C10_S7008,/Users/nischithacn/paper3-exactly-once/results/phase6/runs/CREATEORDER_V1_C1_F8_P1_C10_S7008/CREATEORDER_V1_C1_F8_P1_C10_S7008_1788573915122,0.0,0.0,0.0,0.0,0.0,0.0,0.0,0.0,0.0,0.0,0.0,1096.4887193239385,956.5241564936156,0,PASS
CREATEORDER_V1_C1_F8_P1_C10_S7009,/Users/nischithacn/paper3-exactly-once/results/phase6/runs/CREATEORDER_V1_C1_F8_P1_C10_S7009/CREATEORDER_V1_C1_F8_P1_C10_S7009_1788575673115,0.0,0.0,0.0,0.0,0.0,0.0,0.0,0.0,0.0,0.0,0.0,1029.8174124150248,904.9890367035999,0,PASS
CREATEORDER_V1_C1_F8_P1_C50_S7000,/Users/nischithacn/paper3-exactly-once/results/phase6/runs/CREATEORDER_V1_C1_F8_P1_C50_S7000/CREATEORDER_V1_C1_F8_P1_C50_S7000_1788151526378,0.0,0.0,0.0,0.0,0.0,0.0,0.0,0.0,0.0,0.0,0.0,1736.662824809838,1473.6145496276636,0,PASS
CREATEORDER_V1_C1_F8_P1_C50_S7001,/Users/nischithacn/paper3-exactly-once/results/phase6/runs/CREATEORDER_V1_C1_F8_P1_C50_S7001/CREATEORDER_V1_C1_F8_P1_C50_S7001_1788476232743,0.0,0.0,0.0,0.0,0.0,0.0,0.0,0.0,0.0,0.0,0.0,1669.3969849946259,1416.2331778786229,0,PASS
CREATEORDER_V1_C1_F8_P1_C50_S7002,/Users/nischithacn/paper3-exactly-once/results/phase6/runs/CREATEORDER_V1_C1_F8_P1_C50_S7002/CREATEORDER_V1_C1_F8_P1_C50_S7002_1788542161737,0.0,0.0,0.0,0.0,0.0,0.0,0.0,0.0,0.0,0.0,0.0,1648.1744470527951,1416.5048476145105,0,PASS
CREATEORDER_V1_C1_F8_P1_C50_S7003,/Users/nischithacn/paper3-exactly-once/results/phase6/runs/CREATEORDER_V1_C1_F8_P1_C50_S7003/CREATEORDER_V1_C1_F8_P1_C50_S7003_1788554343305,0.0,0.0,0.0,0.0,0.0,0.0,0.0,0.0,0.0,0.0,0.0,1601.2689499346138,1382.933594258228,0,PASS
CREATEORDER_V1_C1_F8_P1_C50_S7004,/Users/nischithacn/paper3-exactly-once/results/phase6/runs/CREATEORDER_V1_C1_F8_P1_C50_S7004/CREATEORDER_V1_C1_F8_P1_C50_S7004_1788559897348,0.0,0.0,0.0,0.0,0.0,0.0,0.0,0.0,0.0,0.0,0.0,1618.0187781502902,1401.9191329775333,0,PASS
CREATEORDER_V1_C1_F8_P1_C50_S7005,/Users/nischithacn/paper3-exactly-once/results/phase6/runs/CREATEORDER_V1_C1_F8_P1_C50_S7005/CREATEORDER_V1_C1_F8_P1_C50_S7005_1788561973186,0.0,0.0,0.0,0.0,0.0,0.0,0.0,0.0,0.0,0.0,0.0,1554.260243162955,1315.226335332255,0,PASS
CREATEORDER_V1_C1_F8_P1_C50_S7006,/Users/nischithacn/paper3-exactly-once/results/phase6/runs/CREATEORDER_V1_C1_F8_P1_C50_S7006/CREATEORDER_V1_C1_F8_P1_C50_S7006_1788567628283,0.0,0.0,0.0,0.0,0.0,0.0,0.0,0.0,0.0,0.0,0.0,1608.4985152571555,1382.2859546592974,0,PASS
CREATEORDER_V1_C1_F8_P1_C50_S7007,/Users/nischithacn/paper3-exactly-once/results/phase6/runs/CREATEORDER_V1_C1_F8_P1_C50_S7007/CREATEORDER_V1_C1_F8_P1_C50_S7007_1788569380706,0.0,0.0,0.0,0.0,0.0,0.0,0.0,0.0,0.0,0.0,0.0,1615.216158908498,1391.7675384426348,0,PASS
CREATEORDER_V1_C1_F8_P1_C50_S7008,/Users/nischithacn/paper3-exactly-once/results/phase6/runs/CREATEORDER_V1_C1_F8_P1_C50_S7008/CREATEORDER_V1_C1_F8_P1_C50_S7008_1788573932600,0.0,0.0,0.0,0.0,0.0,0.0,0.0,0.0,0.0,0.0,0.0,1575.0708317423541,1367.5186031324145,0,PASS
CREATEORDER_V1_C1_F8_P1_C50_S7009,/Users/nischithacn/paper3-exactly-once/results/phase6/runs/CREATEORDER_V1_C1_F8_P1_C50_S7009/CREATEORDER_V1_C1_F8_P1_C50_S7009_1788575684584,0.0,0.0,0.0,0.0,0.0,0.0,0.0,0.0,0.0,0.0,0.0,1618.0405621932373,1392.6966027804829,0,PASS
CREATEORDER_V1_C1_F8_P20_C10_S7000,/Users/nischithacn/paper3-exactly-once/results/phase6/runs/CREATEORDER_V1_C1_F8_P20_C10_S7000/CREATEORDER_V1_C1_F8_P20_C10_S7000_1788151631452,0.0,0.0,0.0,0.0,0.0,0.0,0.0,0.0,0.0,0.0,0.0,124.78017344031893,113.50113200784426,0,PASS
CREATEORDER_V1_C1_F8_P20_C10_S7001,/Users/nischithacn/paper3-exactly-once/results/phase6/runs/CREATEORDER_V1_C1_F8_P20_C10_S7001/CREATEORDER_V1_C1_F8_P20_C10_S7001_1788476341254,0.0,0.0,0.0,0.0,0.0,0.0,0.0,0.0,0.0,0.0,0.0,124.13731999647018,111.81714285982402,0,PASS
CREATEORDER_V1_C1_F8_P20_C10_S7002,/Users/nischithacn/paper3-exactly-once/results/phase6/runs/CREATEORDER_V1_C1_F8_P20_C10_S7002/CREATEORDER_V1_C1_F8_P20_C10_S7002_1788542675671,0.0,0.0,0.0,0.0,0.0,0.0,0.0,0.0,0.0,0.0,0.0,124.84426479365027,113.72813185719711,0,PASS
CREATEORDER_V1_C1_F8_P20_C10_S7003,/Users/nischithacn/paper3-exactly-once/results/phase6/runs/CREATEORDER_V1_C1_F8_P20_C10_S7003/CREATEORDER_V1_C1_F8_P20_C10_S7003_1788554464856,0.0,0.0,0.0,0.0,0.0,0.0,0.0,0.0,0.0,0.0,0.0,132.44909601596638,118.01847144466275,0,PASS
CREATEORDER_V1_C1_F8_P20_C10_S7004,/Users/nischithacn/paper3-exactly-once/results/phase6/runs/CREATEORDER_V1_C1_F8_P20_C10_S7004/CREATEORDER_V1_C1_F8_P20_C10_S7004_1788560007793,0.0,0.0,0.0,0.0,0.0,0.0,0.0,0.0,0.0,0.0,0.0,122.68083413527849,111.50877120277391,0,PASS
CREATEORDER_V1_C1_F8_P20_C10_S7005,/Users/nischithacn/paper3-exactly-once/results/phase6/runs/CREATEORDER_V1_C1_F8_P20_C10_S7005/CREATEORDER_V1_C1_F8_P20_C10_S7005_1788562087899,0.0,0.0,0.0,0.0,0.0,0.0,0.0,0.0,0.0,0.0,0.0,117.03828521437497,106.61823651708663,0,PASS
CREATEORDER_V1_C1_F8_P20_C10_S7006,/Users/nischithacn/paper3-exactly-once/results/phase6/runs/CREATEORDER_V1_C1_F8_P20_C10_S7006/CREATEORDER_V1_C1_F8_P20_C10_S7006_1788567750597,0.0,0.0,0.0,0.0,0.0,0.0,0.0,0.0,0.0,0.0,0.0,121.07628962305338,109.63952170917183,0,PASS
CREATEORDER_V1_C1_F8_P20_C10_S7007,/Users/nischithacn/paper3-exactly-once/results/phase6/runs/CREATEORDER_V1_C1_F8_P20_C10_S7007/CREATEORDER_V1_C1_F8_P20_C10_S7007_1788569504759,0.0,0.0,0.0,0.0,0.0,0.0,0.0,0.0,0.0,0.0,0.0,124.20162083567662,113.40722833455226,0,PASS
CREATEORDER_V1_C1_F8_P20_C10_S7008,/Users/nischithacn/paper3-exactly-once/results/phase6/runs/CREATEORDER_V1_C1_F8_P20_C10_S7008/CREATEORDER_V1_C1_F8_P20_C10_S7008_1788574057201,0.0,0.0,0.0,0.0,0.0,0.0,0.0,0.0,0.0,0.0,0.0,127.7726521796791,114.78375004855857,0,PASS
CREATEORDER_V1_C1_F8_P20_C10_S7009,/Users/nischithacn/paper3-exactly-once/results/phase6/runs/CREATEORDER_V1_C1_F8_P20_C10_S7009/CREATEORDER_V1_C1_F8_P20_C10_S7009_1788575795484,0.0,0.0,0.0,0.0,0.0,0.0,0.0,0.0,0.0,0.0,0.0,125.08835812621713,113.47529458002003,0,PASS
CREATEORDER_V1_C1_F8_P20_C50_S7000,/Users/nischithacn/paper3-exactly-once/results/phase6/runs/CREATEORDER_V1_C1_F8_P20_C50_S7000/CREATEORDER_V1_C1_F8_P20_C50_S7000_1788151720147,0.0,0.0,0.0,0.0,0.0,0.0,0.0,0.0,0.0,0.0,0.0,697.2896848106668,619.1185326932814,0,PASS
CREATEORDER_V1_C1_F8_P20_C50_S7001,/Users/nischithacn/paper3-exactly-once/results/phase6/runs/CREATEORDER_V1_C1_F8_P20_C50_S7001/CREATEORDER_V1_C1_F8_P20_C50_S7001_1788477619797,0.0,0.0,0.0,0.0,0.0,0.0,0.0,0.0,0.0,0.0,0.0,610.148350440785,507.8028900970456,0,PASS
CREATEORDER_V1_C1_F8_P20_C50_S7002,/Users/nischithacn/paper3-exactly-once/results/phase6/runs/CREATEORDER_V1_C1_F8_P20_C50_S7002/CREATEORDER_V1_C1_F8_P20_C50_S7002_1788542764173,0.0,0.0,0.0,0.0,0.0,0.0,0.0,0.0,0.0,0.0,0.0,647.6580504638835,578.9321860467055,0,PASS
CREATEORDER_V1_C1_F8_P20_C50_S7003,/Users/nischithacn/paper3-exactly-once/results/phase6/runs/CREATEORDER_V1_C1_F8_P20_C50_S7003/CREATEORDER_V1_C1_F8_P20_C50_S7003_1788554550175,0.0,0.0,0.0,0.0,0.0,0.0,0.0,0.0,0.0,0.0,0.0,681.4325019029662,601.4365088604865,0,PASS
CREATEORDER_V1_C1_F8_P20_C50_S7004,/Users/nischithacn/paper3-exactly-once/results/phase6/runs/CREATEORDER_V1_C1_F8_P20_C50_S7004/CREATEORDER_V1_C1_F8_P20_C50_S7004_1788560098057,0.0,0.0,0.0,0.0,0.0,0.0,0.0,0.0,0.0,0.0,0.0,663.6720359760756,588.4595673048007,0,PASS
CREATEORDER_V1_C1_F8_P20_C50_S7005,/Users/nischithacn/paper3-exactly-once/results/phase6/runs/CREATEORDER_V1_C1_F8_P20_C50_S7005/CREATEORDER_V1_C1_F8_P20_C50_S7005_1788562182282,0.0,0.0,0.0,0.0,0.0,0.0,0.0,0.0,0.0,0.0,0.0,663.3732902156131,588.687886648433,0,PASS
CREATEORDER_V1_C1_F8_P20_C50_S7006,/Users/nischithacn/paper3-exactly-once/results/phase6/runs/CREATEORDER_V1_C1_F8_P20_C50_S7006/CREATEORDER_V1_C1_F8_P20_C50_S7006_1788567849098,0.0,0.0,0.0,0.0,0.0,0.0,0.0,0.0,0.0,0.0,0.0,637.1282950923046,567.5354728952377,0,PASS
CREATEORDER_V1_C1_F8_P20_C50_S7007,/Users/nischithacn/paper3-exactly-once/results/phase6/runs/CREATEORDER_V1_C1_F8_P20_C50_S7007/CREATEORDER_V1_C1_F8_P20_C50_S7007_1788569593535,0.0,0.0,0.0,0.0,0.0,0.0,0.0,0.0,0.0,0.0,0.0,646.9745227744131,576.0280094674342,0,PASS
CREATEORDER_V1_C1_F8_P20_C50_S7008,/Users/nischithacn/paper3-exactly-once/results/phase6/runs/CREATEORDER_V1_C1_F8_P20_C50_S7008/CREATEORDER_V1_C1_F8_P20_C50_S7008_1788574144942,0.0,0.0,0.0,0.0,0.0,0.0,0.0,0.0,0.0,0.0,0.0,665.3202812263937,586.6416578315475,0,PASS
CREATEORDER_V1_C1_F8_P20_C50_S7009,/Users/nischithacn/paper3-exactly-once/results/phase6/runs/CREATEORDER_V1_C1_F8_P20_C50_S7009/CREATEORDER_V1_C1_F8_P20_C50_S7009_1788575884192,0.0,0.0,0.0,0.0,0.0,0.0,0.0,0.0,0.0,0.0,0.0,693.7811559637177,611.0227121833453,0,PASS
CREATEORDER_V1_C1_F8_P5_C10_S7000,/Users/nischithacn/paper3-exactly-once/results/phase6/runs/CREATEORDER_V1_C1_F8_P5_C10_S7000/CREATEORDER_V1_C1_F8_P5_C10_S7000_1788151533646,0.0,0.0,0.0,0.0,0.0,0.0,0.0,0.0,0.0,0.0,0.0,366.32824838336404,327.3157001828504,0,PASS
CREATEORDER_V1_C1_F8_P5_C10_S7001,/Users/nischithacn/paper3-exactly-once/results/phase6/runs/CREATEORDER_V1_C1_F8_P5_C10_S7001/CREATEORDER_V1_C1_F8_P5_C10_S7001_1788476247264,0.0,0.0,0.0,0.0,0.0,0.0,0.0,0.0,0.0,0.0,0.0,437.1517403074125,391.3368225906161,0,PASS
CREATEORDER_V1_C1_F8_P5_C10_S7002,/Users/nischithacn/paper3-exactly-once/results/phase6/runs/CREATEORDER_V1_C1_F8_P5_C10_S7002/CREATEORDER_V1_C1_F8_P5_C10_S7002_1788542169228,0.0,0.0,0.0,0.0,0.0,0.0,0.0,0.0,0.0,0.0,0.0,393.87566049447327,360.55285130429655,0,PASS
CREATEORDER_V1_C1_F8_P5_C10_S7003,/Users/nischithacn/paper3-exactly-once/results/phase6/runs/CREATEORDER_V1_C1_F8_P5_C10_S7003/CREATEORDER_V1_C1_F8_P5_C10_S7003_1788554350986,0.0,0.0,0.0,0.0,0.0,0.0,0.0,0.0,0.0,0.0,0.0,415.57256919284606,377.29158565995056,0,PASS
CREATEORDER_V1_C1_F8_P5_C10_S7004,/Users/nischithacn/paper3-exactly-once/results/phase6/runs/CREATEORDER_V1_C1_F8_P5_C10_S7004/CREATEORDER_V1_C1_F8_P5_C10_S7004_1788559904916,0.0,0.0,0.0,0.0,0.0,0.0,0.0,0.0,0.0,0.0,0.0,410.625203615053,375.280838516692,0,PASS
CREATEORDER_V1_C1_F8_P5_C10_S7005,/Users/nischithacn/paper3-exactly-once/results/phase6/runs/CREATEORDER_V1_C1_F8_P5_C10_S7005/CREATEORDER_V1_C1_F8_P5_C10_S7005_1788561981243,0.0,0.0,0.0,0.0,0.0,0.0,0.0,0.0,0.0,0.0,0.0,389.45826808631404,349.10571989487704,0,PASS
CREATEORDER_V1_C1_F8_P5_C10_S7006,/Users/nischithacn/paper3-exactly-once/results/phase6/runs/CREATEORDER_V1_C1_F8_P5_C10_S7006/CREATEORDER_V1_C1_F8_P5_C10_S7006_1788567655824,0.0,0.0,0.0,0.0,0.0,0.0,0.0,0.0,0.0,0.0,0.0,437.2950985931493,378.25721897437694,0,PASS
CREATEORDER_V1_C1_F8_P5_C10_S7007,/Users/nischithacn/paper3-exactly-once/results/phase6/runs/CREATEORDER_V1_C1_F8_P5_C10_S7007/CREATEORDER_V1_C1_F8_P5_C10_S7007_1788569388327,0.0,0.0,0.0,0.0,0.0,0.0,0.0,0.0,0.0,0.0,0.0,399.8065053888752,360.9220702934193,0,PASS
CREATEORDER_V1_C1_F8_P5_C10_S7008,/Users/nischithacn/paper3-exactly-once/results/phase6/runs/CREATEORDER_V1_C1_F8_P5_C10_S7008/CREATEORDER_V1_C1_F8_P5_C10_S7008_1788573940355,0.0,0.0,0.0,0.0,0.0,0.0,0.0,0.0,0.0,0.0,0.0,410.5551742539445,366.28323387537256,0,PASS
CREATEORDER_V1_C1_F8_P5_C10_S7009,/Users/nischithacn/paper3-exactly-once/results/phase6/runs/CREATEORDER_V1_C1_F8_P5_C10_S7009/CREATEORDER_V1_C1_F8_P5_C10_S7009_1788575692195,0.0,0.0,0.0,0.0,0.0,0.0,0.0,0.0,0.0,0.0,0.0,423.74537371582585,379.33335466514285,0,PASS
CREATEORDER_V1_C1_F8_P5_C50_S7000,/Users/nischithacn/paper3-exactly-once/results/phase6/runs/CREATEORDER_V1_C1_F8_P5_C50_S7000/CREATEORDER_V1_C1_F8_P5_C50_S7000_1788151564662,0.0,0.0,0.0,0.0,0.0,0.0,0.0,0.0,0.0,0.0,0.0,1477.423668365886,1265.4793504971067,0,PASS
CREATEORDER_V1_C1_F8_P5_C50_S7001,/Users/nischithacn/paper3-exactly-once/results/phase6/runs/CREATEORDER_V1_C1_F8_P5_C50_S7001/CREATEORDER_V1_C1_F8_P5_C50_S7001_1788476273300,0.0,0.0,0.0,0.0,0.0,0.0,0.0,0.0,0.0,0.0,0.0,1433.2990002114254,1234.0451498332336,0,PASS
CREATEORDER_V1_C1_F8_P5_C50_S7002,/Users/nischithacn/paper3-exactly-once/results/phase6/runs/CREATEORDER_V1_C1_F8_P5_C50_S7002/CREATEORDER_V1_C1_F8_P5_C50_S7002_1788542197424,0.0,0.0,0.0,0.0,0.0,0.0,0.0,0.0,0.0,0.0,0.0,1407.0476707349897,1215.8713925095692,0,PASS
CREATEORDER_V1_C1_F8_P5_C50_S7003,/Users/nischithacn/paper3-exactly-once/results/phase6/runs/CREATEORDER_V1_C1_F8_P5_C50_S7003/CREATEORDER_V1_C1_F8_P5_C50_S7003_1788554377947,0.0,0.0,0.0,0.0,0.0,0.0,0.0,0.0,0.0,0.0,0.0,1411.00701492824,1221.0805173780439,0,PASS
CREATEORDER_V1_C1_F8_P5_C50_S7004,/Users/nischithacn/paper3-exactly-once/results/phase6/runs/CREATEORDER_V1_C1_F8_P5_C50_S7004/CREATEORDER_V1_C1_F8_P5_C50_S7004_1788559938434,0.0,0.0,0.0,0.0,0.0,0.0,0.0,0.0,0.0,0.0,0.0,1371.9666491688722,1198.5584507220149,0,PASS
CREATEORDER_V1_C1_F8_P5_C50_S7005,/Users/nischithacn/paper3-exactly-once/results/phase6/runs/CREATEORDER_V1_C1_F8_P5_C50_S7005/CREATEORDER_V1_C1_F8_P5_C50_S7005_1788562010362,0.0,0.0,0.0,0.0,0.0,0.0,0.0,0.0,0.0,0.0,0.0,1371.234193290515,1191.714157987114,0,PASS
CREATEORDER_V1_C1_F8_P5_C50_S7006,/Users/nischithacn/paper3-exactly-once/results/phase6/runs/CREATEORDER_V1_C1_F8_P5_C50_S7006/CREATEORDER_V1_C1_F8_P5_C50_S7006_1788567682730,0.0,0.0,0.0,0.0,0.0,0.0,0.0,0.0,0.0,0.0,0.0,1353.622865209234,1147.5446390280208,0,PASS
CREATEORDER_V1_C1_F8_P5_C50_S7007,/Users/nischithacn/paper3-exactly-once/results/phase6/runs/CREATEORDER_V1_C1_F8_P5_C50_S7007/CREATEORDER_V1_C1_F8_P5_C50_S7007_1788569416496,0.0,0.0,0.0,0.0,0.0,0.0,0.0,0.0,0.0,0.0,0.0,1407.17394663688,1215.5960391250962,0,PASS
CREATEORDER_V1_C1_F8_P5_C50_S7008,/Users/nischithacn/paper3-exactly-once/results/phase6/runs/CREATEORDER_V1_C1_F8_P5_C50_S7008/CREATEORDER_V1_C1_F8_P5_C50_S7008_1788573968125,0.0,0.0,0.0,0.0,0.0,0.0,0.0,0.0,0.0,0.0,0.0,1384.5153152968776,1198.3973268933528,0,PASS
CREATEORDER_V1_C1_F8_P5_C50_S7009,/Users/nischithacn/paper3-exactly-once/results/phase6/runs/CREATEORDER_V1_C1_F8_P5_C50_S7009/CREATEORDER_V1_C1_F8_P5_C50_S7009_1788575725751,0.0,0.0,0.0,0.0,0.0,0.0,0.0,0.0,0.0,0.0,0.0,1411.9206478663905,1217.5245102663782,0,PASS
CREATEORDER_V1_C1_F9_P10_C10_S7000,/Users/nischithacn/paper3-exactly-once/results/phase6/runs/CREATEORDER_V1_C1_F9_P10_C10_S7000/CREATEORDER_V1_C1_F9_P10_C10_S7000_1788578792474,0.0,0.0,0.0,0.0,0.0,0.0,0.0,0.0,0.0,0.0,0.0,1458.8562783593766,1287.7707975875421,0,PASS
CREATEORDER_V1_C1_F9_P10_C10_S7001,/Users/nischithacn/paper3-exactly-once/results/phase6/runs/CREATEORDER_V1_C1_F9_P10_C10_S7001/CREATEORDER_V1_C1_F9_P10_C10_S7001_1788579413344,0.0,0.0,0.0,0.0,0.0,0.0,0.0,0.0,0.0,0.0,0.0,1022.6664140338675,838.7535066514291,0,PASS
CREATEORDER_V1_C1_F9_P10_C10_S7002,/Users/nischithacn/paper3-exactly-once/results/phase6/runs/CREATEORDER_V1_C1_F9_P10_C10_S7002/CREATEORDER_V1_C1_F9_P10_C10_S7002_1788581374440,0.0,0.0,0.0,0.0,0.0,0.0,0.0,0.0,0.0,0.0,0.0,1404.9164895631047,1247.9910184484277,0,PASS
CREATEORDER_V1_C1_F9_P10_C10_S7003,/Users/nischithacn/paper3-exactly-once/results/phase6/runs/CREATEORDER_V1_C1_F9_P10_C10_S7003/CREATEORDER_V1_C1_F9_P10_C10_S7003_1788582004339,0.0,0.0,0.0,0.0,0.0,0.0,0.0,0.0,0.0,0.0,0.0,1233.7866548023076,1095.0873435955127,0,PASS
CREATEORDER_V1_C1_F9_P10_C10_S7004,/Users/nischithacn/paper3-exactly-once/results/phase6/runs/CREATEORDER_V1_C1_F9_P10_C10_S7004/CREATEORDER_V1_C1_F9_P10_C10_S7004_1788583097231,0.0,0.0,0.0,0.0,0.0,0.0,0.0,0.0,0.0,0.0,0.0,1116.0243548142516,996.7161367839328,0,PASS
CREATEORDER_V1_C1_F9_P10_C10_S7005,/Users/nischithacn/paper3-exactly-once/results/phase6/runs/CREATEORDER_V1_C1_F9_P10_C10_S7005/CREATEORDER_V1_C1_F9_P10_C10_S7005_1788583832635,0.0,0.0,0.0,0.0,0.0,0.0,0.0,0.0,0.0,0.0,0.0,1411.3361854569957,1255.3189311539495,0,PASS
CREATEORDER_V1_C1_F9_P10_C10_S7006,/Users/nischithacn/paper3-exactly-once/results/phase6/runs/CREATEORDER_V1_C1_F9_P10_C10_S7006/CREATEORDER_V1_C1_F9_P10_C10_S7006_1788584469874,0.0,0.0,0.0,0.0,0.0,0.0,0.0,0.0,0.0,0.0,0.0,988.2506829780456,816.5064377567105,0,PASS
CREATEORDER_V1_C1_F9_P10_C10_S7007,/Users/nischithacn/paper3-exactly-once/results/phase6/runs/CREATEORDER_V1_C1_F9_P10_C10_S7007/CREATEORDER_V1_C1_F9_P10_C10_S7007_1788585097138,0.0,0.0,0.0,0.0,0.0,0.0,0.0,0.0,0.0,0.0,0.0,1274.4552174797127,1140.7719327562327,0,PASS
CREATEORDER_V1_C1_F9_P10_C10_S7008,/Users/nischithacn/paper3-exactly-once/results/phase6/runs/CREATEORDER_V1_C1_F9_P10_C10_S7008/CREATEORDER_V1_C1_F9_P10_C10_S7008_1788585755324,0.0,0.0,0.0,0.0,0.0,0.0,0.0,0.0,0.0,0.0,0.0,1245.2647223398997,1105.3729936522877,0,PASS
CREATEORDER_V1_C1_F9_P10_C10_S7009,/Users/nischithacn/paper3-exactly-once/results/phase6/runs/CREATEORDER_V1_C1_F9_P10_C10_S7009/CREATEORDER_V1_C1_F9_P10_C10_S7009_1788586412473,0.0,0.0,0.0,0.0,0.0,0.0,0.0,0.0,0.0,0.0,0.0,1073.4186099279368,962.2879300030091,0,PASS
CREATEORDER_V1_C1_F9_P10_C50_S7000,/Users/nischithacn/paper3-exactly-once/results/phase6/runs/CREATEORDER_V1_C1_F9_P10_C50_S7000/CREATEORDER_V1_C1_F9_P10_C50_S7000_1788578800664,0.0,0.0,0.0,0.0,0.0,0.0,0.0,0.0,0.0,0.0,0.0,1626.1143251529247,1441.5027219365793,0,PASS
CREATEORDER_V1_C1_F9_P10_C50_S7001,/Users/nischithacn/paper3-exactly-once/results/phase6/runs/CREATEORDER_V1_C1_F9_P10_C50_S7001/CREATEORDER_V1_C1_F9_P10_C50_S7001_1788579425712,0.0,0.0,0.0,0.0,0.0,0.0,0.0,0.0,0.0,0.0,0.0,1508.2037243531358,1298.6095327316755,0,PASS
CREATEORDER_V1_C1_F9_P10_C50_S7002,/Users/nischithacn/paper3-exactly-once/results/phase6/runs/CREATEORDER_V1_C1_F9_P10_C50_S7002/CREATEORDER_V1_C1_F9_P10_C50_S7002_1788581382901,0.0,0.0,0.0,0.0,0.0,0.0,0.0,0.0,0.0,0.0,0.0,1695.1830020307177,1489.453487604057,0,PASS
CREATEORDER_V1_C1_F9_P10_C50_S7003,/Users/nischithacn/paper3-exactly-once/results/phase6/runs/CREATEORDER_V1_C1_F9_P10_C50_S7003/CREATEORDER_V1_C1_F9_P10_C50_S7003_1788582013899,0.0,0.0,0.0,0.0,0.0,0.0,0.0,0.0,0.0,0.0,0.0,1544.3047286651852,1384.748846423401,0,PASS
CREATEORDER_V1_C1_F9_P10_C50_S7004,/Users/nischithacn/paper3-exactly-once/results/phase6/runs/CREATEORDER_V1_C1_F9_P10_C50_S7004/CREATEORDER_V1_C1_F9_P10_C50_S7004_1788583113750,0.0,0.0,0.0,0.0,0.0,0.0,0.0,0.0,0.0,0.0,0.0,1436.4838465331345,1273.690010329685,0,PASS
CREATEORDER_V1_C1_F9_P10_C50_S7005,/Users/nischithacn/paper3-exactly-once/results/phase6/runs/CREATEORDER_V1_C1_F9_P10_C50_S7005/CREATEORDER_V1_C1_F9_P10_C50_S7005_1788583841021,0.0,0.0,0.0,0.0,0.0,0.0,0.0,0.0,0.0,0.0,0.0,1511.512210612699,1345.7282369501013,0,PASS
CREATEORDER_V1_C1_F9_P10_C50_S7006,/Users/nischithacn/paper3-exactly-once/results/phase6/runs/CREATEORDER_V1_C1_F9_P10_C50_S7006/CREATEORDER_V1_C1_F9_P10_C50_S7006_1788584482553,0.0,0.0,0.0,0.0,0.0,0.0,0.0,0.0,0.0,0.0,0.0,1476.8184130204677,1296.1534227867776,0,PASS
CREATEORDER_V1_C1_F9_P10_C50_S7007,/Users/nischithacn/paper3-exactly-once/results/phase6/runs/CREATEORDER_V1_C1_F9_P10_C50_S7007/CREATEORDER_V1_C1_F9_P10_C50_S7007_1788585106332,0.0,0.0,0.0,0.0,0.0,0.0,0.0,0.0,0.0,0.0,0.0,1498.4299599965345,1343.1135053275696,0,PASS
CREATEORDER_V1_C1_F9_P10_C50_S7008,/Users/nischithacn/paper3-exactly-once/results/phase6/runs/CREATEORDER_V1_C1_F9_P10_C50_S7008/CREATEORDER_V1_C1_F9_P10_C50_S7008_1788585764807,0.0,0.0,0.0,0.0,0.0,0.0,0.0,0.0,0.0,0.0,0.0,1535.288017678325,1364.945665659737,0,PASS
CREATEORDER_V1_C1_F9_P10_C50_S7009,/Users/nischithacn/paper3-exactly-once/results/phase6/runs/CREATEORDER_V1_C1_F9_P10_C50_S7009/CREATEORDER_V1_C1_F9_P10_C50_S7009_1788586429944,0.0,0.0,0.0,0.0,0.0,0.0,0.0,0.0,0.0,0.0,0.0,1434.6590768189888,1267.1029124155787,0,PASS
CREATEORDER_V1_C1_F9_P1_C10_S7000,/Users/nischithacn/paper3-exactly-once/results/phase6/runs/CREATEORDER_V1_C1_F9_P1_C10_S7000/CREATEORDER_V1_C1_F9_P1_C10_S7000_1788578737259,0.0,0.0,0.0,0.0,0.0,0.0,0.0,0.0,0.0,0.0,0.0,1417.1118414493144,1254.068475547766,0,PASS
CREATEORDER_V1_C1_F9_P1_C10_S7001,/Users/nischithacn/paper3-exactly-once/results/phase6/runs/CREATEORDER_V1_C1_F9_P1_C10_S7001/CREATEORDER_V1_C1_F9_P1_C10_S7001_1788579358957,0.0,0.0,0.0,0.0,0.0,0.0,0.0,0.0,0.0,0.0,0.0,1249.9994039538365,1094.4645452850289,0,PASS
CREATEORDER_V1_C1_F9_P1_C10_S7002,/Users/nischithacn/paper3-exactly-once/results/phase6/runs/CREATEORDER_V1_C1_F9_P1_C10_S7002/CREATEORDER_V1_C1_F9_P1_C10_S7002_1788581333255,0.0,0.0,0.0,0.0,0.0,0.0,0.0,0.0,0.0,0.0,0.0,1132.9332771463646,1007.8327728220514,0,PASS
CREATEORDER_V1_C1_F9_P1_C10_S7003,/Users/nischithacn/paper3-exactly-once/results/phase6/runs/CREATEORDER_V1_C1_F9_P1_C10_S7003/CREATEORDER_V1_C1_F9_P1_C10_S7003_1788581962727,0.0,0.0,0.0,0.0,0.0,0.0,0.0,0.0,0.0,0.0,0.0,1413.1804872989921,1242.6357908570974,0,PASS
CREATEORDER_V1_C1_F9_P1_C10_S7004,/Users/nischithacn/paper3-exactly-once/results/phase6/runs/CREATEORDER_V1_C1_F9_P1_C10_S7004/CREATEORDER_V1_C1_F9_P1_C10_S7004_1788583061726,0.0,0.0,0.0,0.0,0.0,0.0,0.0,0.0,0.0,0.0,0.0,1087.914385839027,871.1988293465132,0,PASS
CREATEORDER_V1_C1_F9_P1_C10_S7005,/Users/nischithacn/paper3-exactly-once/results/phase6/runs/CREATEORDER_V1_C1_F9_P1_C10_S7005/CREATEORDER_V1_C1_F9_P1_C10_S7005_1788583773419,0.0,0.0,0.0,0.0,0.0,0.0,0.0,0.0,0.0,0.0,0.0,1286.0586202762465,1145.199111636725,0,PASS
CREATEORDER_V1_C1_F9_P1_C10_S7006,/Users/nischithacn/paper3-exactly-once/results/phase6/runs/CREATEORDER_V1_C1_F9_P1_C10_S7006/CREATEORDER_V1_C1_F9_P1_C10_S7006_1788584415089,0.0,0.0,0.0,0.0,0.0,0.0,0.0,0.0,0.0,0.0,0.0,1241.7993226614822,1091.1989114817986,0,PASS
CREATEORDER_V1_C1_F9_P1_C10_S7007,/Users/nischithacn/paper3-exactly-once/results/phase6/runs/CREATEORDER_V1_C1_F9_P1_C10_S7007/CREATEORDER_V1_C1_F9_P1_C10_S7007_1788585053822,0.0,0.0,0.0,0.0,0.0,0.0,0.0,0.0,0.0,0.0,0.0,1072.148744769436,954.0151185652034,0,PASS
CREATEORDER_V1_C1_F9_P1_C10_S7008,/Users/nischithacn/paper3-exactly-once/results/phase6/runs/CREATEORDER_V1_C1_F9_P1_C10_S7008/CREATEORDER_V1_C1_F9_P1_C10_S7008_1788585712829,0.0,0.0,0.0,0.0,0.0,0.0,0.0,0.0,0.0,0.0,0.0,1376.672236850812,1217.225304726839,0,PASS
CREATEORDER_V1_C1_F9_P1_C10_S7009,/Users/nischithacn/paper3-exactly-once/results/phase6/runs/CREATEORDER_V1_C1_F9_P1_C10_S7009/CREATEORDER_V1_C1_F9_P1_C10_S7009_1788586374114,0.0,0.0,0.0,0.0,0.0,0.0,0.0,0.0,0.0,0.0,0.0,949.099955723193,781.0443075512424,0,PASS
CREATEORDER_V1_C1_F9_P1_C50_S7000,/Users/nischithacn/paper3-exactly-once/results/phase6/runs/CREATEORDER_V1_C1_F9_P1_C50_S7000/CREATEORDER_V1_C1_F9_P1_C50_S7000_1788578745651,0.0,0.0,0.0,0.0,0.0,0.0,0.0,0.0,0.0,0.0,0.0,1750.627022554948,1533.4144782514961,0,PASS
CREATEORDER_V1_C1_F9_P1_C50_S7001,/Users/nischithacn/paper3-exactly-once/results/phase6/runs/CREATEORDER_V1_C1_F9_P1_C50_S7001/CREATEORDER_V1_C1_F9_P1_C50_S7001_1788579368525,0.0,0.0,0.0,0.0,0.0,0.0,0.0,0.0,0.0,0.0,0.0,1642.8947932979609,1446.495379171935,0,PASS
CREATEORDER_V1_C1_F9_P1_C50_S7002,/Users/nischithacn/paper3-exactly-once/results/phase6/runs/CREATEORDER_V1_C1_F9_P1_C50_S7002/CREATEORDER_V1_C1_F9_P1_C50_S7002_1788581350136,0.0,0.0,0.0,0.0,0.0,0.0,0.0,0.0,0.0,0.0,0.0,1537.112905769861,1357.5111613540118,0,PASS
CREATEORDER_V1_C1_F9_P1_C50_S7003,/Users/nischithacn/paper3-exactly-once/results/phase6/runs/CREATEORDER_V1_C1_F9_P1_C50_S7003/CREATEORDER_V1_C1_F9_P1_C50_S7003_1788581971197,0.0,0.0,0.0,0.0,0.0,0.0,0.0,0.0,0.0,0.0,0.0,1521.0097176918287,1354.9239711448602,0,PASS
CREATEORDER_V1_C1_F9_P1_C50_S7004,/Users/nischithacn/paper3-exactly-once/results/phase6/runs/CREATEORDER_V1_C1_F9_P1_C50_S7004/CREATEORDER_V1_C1_F9_P1_C50_S7004_1788583073636,0.0,0.0,0.0,0.0,0.0,0.0,0.0,0.0,0.0,0.0,0.0,1549.4473188783406,1351.0995523268957,0,PASS
CREATEORDER_V1_C1_F9_P1_C50_S7005,/Users/nischithacn/paper3-exactly-once/results/phase6/runs/CREATEORDER_V1_C1_F9_P1_C50_S7005/CREATEORDER_V1_C1_F9_P1_C50_S7005_1788583782589,0.0,0.0,0.0,0.0,0.0,0.0,0.0,0.0,0.0,0.0,0.0,1496.6934179737639,1330.628404788938,0,PASS
CREATEORDER_V1_C1_F9_P1_C50_S7006,/Users/nischithacn/paper3-exactly-once/results/phase6/runs/CREATEORDER_V1_C1_F9_P1_C50_S7006/CREATEORDER_V1_C1_F9_P1_C50_S7006_1788584424689,0.0,0.0,0.0,0.0,0.0,0.0,0.0,0.0,0.0,0.0,0.0,1541.9756261248501,1379.2435795175932,0,PASS
CREATEORDER_V1_C1_F9_P1_C50_S7007,/Users/nischithacn/paper3-exactly-once/results/phase6/runs/CREATEORDER_V1_C1_F9_P1_C50_S7007/CREATEORDER_V1_C1_F9_P1_C50_S7007_1788585071266,0.0,0.0,0.0,0.0,0.0,0.0,0.0,0.0,0.0,0.0,0.0,1409.1596195034117,1250.3504245100048,0,PASS
CREATEORDER_V1_C1_F9_P1_C50_S7008,/Users/nischithacn/paper3-exactly-once/results/phase6/runs/CREATEORDER_V1_C1_F9_P1_C50_S7008/CREATEORDER_V1_C1_F9_P1_C50_S7008_1788585721458,0.0,0.0,0.0,0.0,0.0,0.0,0.0,0.0,0.0,0.0,0.0,1457.162408643425,1311.4729904141525,0,PASS
CREATEORDER_V1_C1_F9_P1_C50_S7009,/Users/nischithacn/paper3-exactly-once/results/phase6/runs/CREATEORDER_V1_C1_F9_P1_C50_S7009/CREATEORDER_V1_C1_F9_P1_C50_S7009_1788586387344,0.0,0.0,0.0,0.0,0.0,0.0,0.0,0.0,0.0,0.0,0.0,1415.6099272222004,1251.8228311398475,0,PASS
CREATEORDER_V1_C1_F9_P20_C10_S7000,/Users/nischithacn/paper3-exactly-once/results/phase6/runs/CREATEORDER_V1_C1_F9_P20_C10_S7000/CREATEORDER_V1_C1_F9_P20_C10_S7000_1788578808043,0.0,0.0,0.0,0.0,0.0,0.0,0.0,0.0,0.0,0.0,0.0,1120.8178972612632,1000.4103436363201,0,PASS
CREATEORDER_V1_C1_F9_P20_C10_S7001,/Users/nischithacn/paper3-exactly-once/results/phase6/runs/CREATEORDER_V1_C1_F9_P20_C10_S7001/CREATEORDER_V1_C1_F9_P20_C10_S7001_1788579433839,0.0,0.0,0.0,0.0,0.0,0.0,0.0,0.0,0.0,0.0,0.0,1480.104657058423,1305.3005552571417,0,PASS
CREATEORDER_V1_C1_F9_P20_C10_S7002,/Users/nischithacn/paper3-exactly-once/results/phase6/runs/CREATEORDER_V1_C1_F9_P20_C10_S7002/CREATEORDER_V1_C1_F9_P20_C10_S7002_1788581411167,0.0,0.0,0.0,0.0,0.0,0.0,0.0,0.0,0.0,0.0,0.0,1077.0147079913502,877.9970441233966,0,PASS
CREATEORDER_V1_C1_F9_P20_C10_S7003,/Users/nischithacn/paper3-exactly-once/results/phase6/runs/CREATEORDER_V1_C1_F9_P20_C10_S7003/CREATEORDER_V1_C1_F9_P20_C10_S7003_1788582021564,0.0,0.0,0.0,0.0,0.0,0.0,0.0,0.0,0.0,0.0,0.0,1319.0310082846063,1179.8375593388696,0,PASS
CREATEORDER_V1_C1_F9_P20_C10_S7004,/Users/nischithacn/paper3-exactly-once/results/phase6/runs/CREATEORDER_V1_C1_F9_P20_C10_S7004/CREATEORDER_V1_C1_F9_P20_C10_S7004_1788583122057,0.0,0.0,0.0,0.0,0.0,0.0,0.0,0.0,0.0,0.0,0.0,1172.994926731165,1040.595749243731,0,PASS
CREATEORDER_V1_C1_F9_P20_C10_S7005,/Users/nischithacn/paper3-exactly-once/results/phase6/runs/CREATEORDER_V1_C1_F9_P20_C10_S7005/CREATEORDER_V1_C1_F9_P20_C10_S7005_1788583848879,0.0,0.0,0.0,0.0,0.0,0.0,0.0,0.0,0.0,0.0,0.0,1103.3713232269847,986.7051471034516,0,PASS
CREATEORDER_V1_C1_F9_P20_C10_S7006,/Users/nischithacn/paper3-exactly-once/results/phase6/runs/CREATEORDER_V1_C1_F9_P20_C10_S7006/CREATEORDER_V1_C1_F9_P20_C10_S7006_1788584490692,0.0,0.0,0.0,0.0,0.0,0.0,0.0,0.0,0.0,0.0,0.0,1446.928165430479,1281.5754915015918,0,PASS
CREATEORDER_V1_C1_F9_P20_C10_S7007,/Users/nischithacn/paper3-exactly-once/results/phase6/runs/CREATEORDER_V1_C1_F9_P20_C10_S7007/CREATEORDER_V1_C1_F9_P20_C10_S7007_1788585135223,0.0,0.0,0.0,0.0,0.0,0.0,0.0,0.0,0.0,0.0,0.0,973.8802378984008,799.0421029233372,0,PASS
CREATEORDER_V1_C1_F9_P20_C10_S7008,/Users/nischithacn/paper3-exactly-once/results/phase6/runs/CREATEORDER_V1_C1_F9_P20_C10_S7008/CREATEORDER_V1_C1_F9_P20_C10_S7008_1788585772565,0.0,0.0,0.0,0.0,0.0,0.0,0.0,0.0,0.0,0.0,0.0,1288.0766588988438,1157.0321754388258,0,PASS
CREATEORDER_V1_C1_F9_P20_C10_S7009,/Users/nischithacn/paper3-exactly-once/results/phase6/runs/CREATEORDER_V1_C1_F9_P20_C10_S7009/CREATEORDER_V1_C1_F9_P20_C10_S7009_1788586438295,0.0,0.0,0.0,0.0,0.0,0.0,0.0,0.0,0.0,0.0,0.0,1257.94360502306,1103.7203521649535,0,PASS
CREATEORDER_V1_C1_F9_P20_C50_S7000,/Users/nischithacn/paper3-exactly-once/results/phase6/runs/CREATEORDER_V1_C1_F9_P20_C50_S7000/CREATEORDER_V1_C1_F9_P20_C50_S7000_1788578825055,0.0,0.0,0.0,0.0,0.0,0.0,0.0,0.0,0.0,0.0,0.0,1514.854721370364,1337.749521719041,0,PASS
CREATEORDER_V1_C1_F9_P20_C50_S7001,/Users/nischithacn/paper3-exactly-once/results/phase6/runs/CREATEORDER_V1_C1_F9_P20_C50_S7001/CREATEORDER_V1_C1_F9_P20_C50_S7001_1788579441940,0.0,0.0,0.0,0.0,0.0,0.0,0.0,0.0,0.0,0.0,0.0,1558.5169938869242,1398.1635982189073,0,PASS
CREATEORDER_V1_C1_F9_P20_C50_S7002,/Users/nischithacn/paper3-exactly-once/results/phase6/runs/CREATEORDER_V1_C1_F9_P20_C50_S7002/CREATEORDER_V1_C1_F9_P20_C50_S7002_1788581422982,0.0,0.0,0.0,0.0,0.0,0.0,0.0,0.0,0.0,0.0,0.0,1600.0267948823148,1391.5926688753143,0,PASS
CREATEORDER_V1_C1_F9_P20_C50_S7003,/Users/nischithacn/paper3-exactly-once/results/phase6/runs/CREATEORDER_V1_C1_F9_P20_C50_S7003/CREATEORDER_V1_C1_F9_P20_C50_S7003_1788582030468,0.0,0.0,0.0,0.0,0.0,0.0,0.0,0.0,0.0,0.0,0.0,1508.780871109955,1347.8534900110697,0,PASS
CREATEORDER_V1_C1_F9_P20_C50_S7004,/Users/nischithacn/paper3-exactly-once/results/phase6/runs/CREATEORDER_V1_C1_F9_P20_C50_S7004/CREATEORDER_V1_C1_F9_P20_C50_S7004_1788583132098,0.0,0.0,0.0,0.0,0.0,0.0,0.0,0.0,0.0,0.0,0.0,1398.9811992422435,1255.2761021192757,0,PASS
CREATEORDER_V1_C1_F9_P20_C50_S7005,/Users/nischithacn/paper3-exactly-once/results/phase6/runs/CREATEORDER_V1_C1_F9_P20_C50_S7005/CREATEORDER_V1_C1_F9_P20_C50_S7005_1788583865999,0.0,0.0,0.0,0.0,0.0,0.0,0.0,0.0,0.0,0.0,0.0,1475.4990283308348,1314.332648649289,0,PASS
CREATEORDER_V1_C1_F9_P20_C50_S7006,/Users/nischithacn/paper3-exactly-once/results/phase6/runs/CREATEORDER_V1_C1_F9_P20_C50_S7006/CREATEORDER_V1_C1_F9_P20_C50_S7006_1788584498923,0.0,0.0,0.0,0.0,0.0,0.0,0.0,0.0,0.0,0.0,0.0,1548.989883620719,1383.4496333019226,0,PASS
CREATEORDER_V1_C1_F9_P20_C50_S7007,/Users/nischithacn/paper3-exactly-once/results/phase6/runs/CREATEORDER_V1_C1_F9_P20_C50_S7007/CREATEORDER_V1_C1_F9_P20_C50_S7007_1788585148175,0.0,0.0,0.0,0.0,0.0,0.0,0.0,0.0,0.0,0.0,0.0,1434.6506854834681,1261.3409837512022,0,PASS
CREATEORDER_V1_C1_F9_P20_C50_S7008,/Users/nischithacn/paper3-exactly-once/results/phase6/runs/CREATEORDER_V1_C1_F9_P20_C50_S7008/CREATEORDER_V1_C1_F9_P20_C50_S7008_1788585781633,0.0,0.0,0.0,0.0,0.0,0.0,0.0,0.0,0.0,0.0,0.0,1457.2243749910754,1303.141458677549,0,PASS
CREATEORDER_V1_C1_F9_P20_C50_S7009,/Users/nischithacn/paper3-exactly-once/results/phase6/runs/CREATEORDER_V1_C1_F9_P20_C50_S7009/CREATEORDER_V1_C1_F9_P20_C50_S7009_1788586447772,0.0,0.0,0.0,0.0,0.0,0.0,0.0,0.0,0.0,0.0,0.0,1505.9941692017287,1334.1306152800448,0,PASS
CREATEORDER_V1_C1_F9_P5_C10_S7000,/Users/nischithacn/paper3-exactly-once/results/phase6/runs/CREATEORDER_V1_C1_F9_P5_C10_S7000/CREATEORDER_V1_C1_F9_P5_C10_S7000_1788578773255,0.0,0.0,0.0,0.0,0.0,0.0,0.0,0.0,0.0,0.0,0.0,1095.5233094086539,885.7769505399965,0,PASS
CREATEORDER_V1_C1_F9_P5_C10_S7001,/Users/nischithacn/paper3-exactly-once/results/phase6/runs/CREATEORDER_V1_C1_F9_P5_C10_S7001/CREATEORDER_V1_C1_F9_P5_C10_S7001_1788579375882,0.0,0.0,0.0,0.0,0.0,0.0,0.0,0.0,0.0,0.0,0.0,1373.4777163989147,1219.8410773376702,0,PASS
CREATEORDER_V1_C1_F9_P5_C10_S7002,/Users/nischithacn/paper3-exactly-once/results/phase6/runs/CREATEORDER_V1_C1_F9_P5_C10_S7002/CREATEORDER_V1_C1_F9_P5_C10_S7002_1788581357940,0.0,0.0,0.0,0.0,0.0,0.0,0.0,0.0,0.0,0.0,0.0,1251.2495180622109,1107.2102567649365,0,PASS
CREATEORDER_V1_C1_F9_P5_C10_S7003,/Users/nischithacn/paper3-exactly-once/results/phase6/runs/CREATEORDER_V1_C1_F9_P5_C10_S7003/CREATEORDER_V1_C1_F9_P5_C10_S7003_1788581979008,0.0,0.0,0.0,0.0,0.0,0.0,0.0,0.0,0.0,0.0,0.0,1095.296130260285,979.4710599773252,0,PASS
CREATEORDER_V1_C1_F9_P5_C10_S7004,/Users/nischithacn/paper3-exactly-once/results/phase6/runs/CREATEORDER_V1_C1_F9_P5_C10_S7004/CREATEORDER_V1_C1_F9_P5_C10_S7004_1788583081462,0.0,0.0,0.0,0.0,0.0,0.0,0.0,0.0,0.0,0.0,0.0,1460.3560691693442,1293.989284669535,0,PASS
CREATEORDER_V1_C1_F9_P5_C10_S7005,/Users/nischithacn/paper3-exactly-once/results/phase6/runs/CREATEORDER_V1_C1_F9_P5_C10_S7005/CREATEORDER_V1_C1_F9_P5_C10_S7005_1788583811452,0.0,0.0,0.0,0.0,0.0,0.0,0.0,0.0,0.0,0.0,0.0,966.3176540650607,798.798149215611,0,PASS
CREATEORDER_V1_C1_F9_P5_C10_S7006,/Users/nischithacn/paper3-exactly-once/results/phase6/runs/CREATEORDER_V1_C1_F9_P5_C10_S7006/CREATEORDER_V1_C1_F9_P5_C10_S7006_1788584432370,0.0,0.0,0.0,0.0,0.0,0.0,0.0,0.0,0.0,0.0,0.0,1329.5848141353595,1187.3104676478092,0,PASS
CREATEORDER_V1_C1_F9_P5_C10_S7007,/Users/nischithacn/paper3-exactly-once/results/phase6/runs/CREATEORDER_V1_C1_F9_P5_C10_S7007/CREATEORDER_V1_C1_F9_P5_C10_S7007_1788585079701,0.0,0.0,0.0,0.0,0.0,0.0,0.0,0.0,0.0,0.0,0.0,1210.8308096288426,1088.9622334559579,0,PASS
CREATEORDER_V1_C1_F9_P5_C10_S7008,/Users/nischithacn/paper3-exactly-once/results/phase6/runs/CREATEORDER_V1_C1_F9_P5_C10_S7008/CREATEORDER_V1_C1_F9_P5_C10_S7008_1788585729526,0.0,0.0,0.0,0.0,0.0,0.0,0.0,0.0,0.0,0.0,0.0,1079.4484690919348,966.9882741688451,0,PASS
CREATEORDER_V1_C1_F9_P5_C10_S7009,/Users/nischithacn/paper3-exactly-once/results/phase6/runs/CREATEORDER_V1_C1_F9_P5_C10_S7009/CREATEORDER_V1_C1_F9_P5_C10_S7009_1788586395774,0.0,0.0,0.0,0.0,0.0,0.0,0.0,0.0,0.0,0.0,0.0,1392.3007762493492,1237.9553081529712,0,PASS
CREATEORDER_V1_C1_F9_P5_C50_S7000,/Users/nischithacn/paper3-exactly-once/results/phase6/runs/CREATEORDER_V1_C1_F9_P5_C50_S7000/CREATEORDER_V1_C1_F9_P5_C50_S7000_1788578785004,0.0,0.0,0.0,0.0,0.0,0.0,0.0,0.0,0.0,0.0,0.0,1645.74219594527,1421.0677781226852,0,PASS
CREATEORDER_V1_C1_F9_P5_C50_S7001,/Users/nischithacn/paper3-exactly-once/results/phase6/runs/CREATEORDER_V1_C1_F9_P5_C50_S7001/CREATEORDER_V1_C1_F9_P5_C50_S7001_1788579384524,0.0,0.0,0.0,0.0,0.0,0.0,0.0,0.0,0.0,0.0,0.0,1606.2665744336664,1422.4226266145015,0,PASS
CREATEORDER_V1_C1_F9_P5_C50_S7002,/Users/nischithacn/paper3-exactly-once/results/phase6/runs/CREATEORDER_V1_C1_F9_P5_C50_S7002/CREATEORDER_V1_C1_F9_P5_C50_S7002_1788581367390,0.0,0.0,0.0,0.0,0.0,0.0,0.0,0.0,0.0,0.0,0.0,1720.8718419223396,1511.573383749097,0,PASS
CREATEORDER_V1_C1_F9_P5_C50_S7003,/Users/nischithacn/paper3-exactly-once/results/phase6/runs/CREATEORDER_V1_C1_F9_P5_C50_S7003/CREATEORDER_V1_C1_F9_P5_C50_S7003_1788581996296,0.0,0.0,0.0,0.0,0.0,0.0,0.0,0.0,0.0,0.0,0.0,1470.5728805554675,1314.879786564771,0,PASS
CREATEORDER_V1_C1_F9_P5_C50_S7004,/Users/nischithacn/paper3-exactly-once/results/phase6/runs/CREATEORDER_V1_C1_F9_P5_C50_S7004/CREATEORDER_V1_C1_F9_P5_C50_S7004_1788583089633,0.0,0.0,0.0,0.0,0.0,0.0,0.0,0.0,0.0,0.0,0.0,1576.855336227058,1399.2770992372525,0,PASS
CREATEORDER_V1_C1_F9_P5_C50_S7005,/Users/nischithacn/paper3-exactly-once/results/phase6/runs/CREATEORDER_V1_C1_F9_P5_C50_S7005/CREATEORDER_V1_C1_F9_P5_C50_S7005_1788583824394,0.0,0.0,0.0,0.0,0.0,0.0,0.0,0.0,0.0,0.0,0.0,1465.3683340224677,1281.9574027933947,0,PASS
CREATEORDER_V1_C1_F9_P5_C50_S7006,/Users/nischithacn/paper3-exactly-once/results/phase6/runs/CREATEORDER_V1_C1_F9_P5_C50_S7006/CREATEORDER_V1_C1_F9_P5_C50_S7006_1788584441223,0.0,0.0,0.0,0.0,0.0,0.0,0.0,0.0,0.0,0.0,0.0,1528.994751524464,1369.7862981265855,0,PASS
CREATEORDER_V1_C1_F9_P5_C50_S7007,/Users/nischithacn/paper3-exactly-once/results/phase6/runs/CREATEORDER_V1_C1_F9_P5_C50_S7007/CREATEORDER_V1_C1_F9_P5_C50_S7007_1788585089310,0.0,0.0,0.0,0.0,0.0,0.0,0.0,0.0,0.0,0.0,0.0,1518.580993624522,1354.2892193702016,0,PASS
CREATEORDER_V1_C1_F9_P5_C50_S7008,/Users/nischithacn/paper3-exactly-once/results/phase6/runs/CREATEORDER_V1_C1_F9_P5_C50_S7008/CREATEORDER_V1_C1_F9_P5_C50_S7008_1788585746829,0.0,0.0,0.0,0.0,0.0,0.0,0.0,0.0,0.0,0.0,0.0,1405.2388223598637,1243.2597175758158,0,PASS
CREATEORDER_V1_C1_F9_P5_C50_S7009,/Users/nischithacn/paper3-exactly-once/results/phase6/runs/CREATEORDER_V1_C1_F9_P5_C50_S7009/CREATEORDER_V1_C1_F9_P5_C50_S7009_1788586404286,0.0,0.0,0.0,0.0,0.0,0.0,0.0,0.0,0.0,0.0,0.0,1431.0393270167228,1289.6160380449128,0,PASS
CREATEORDER_V2_C0_F3_P10_C50_CAP_S7000,/Users/nischithacn/paper3-exactly-once/results/phase6/runs/CREATEORDER_V2_C0_F3_P10_C50_CAP_S7000/CREATEORDER_V2_C0_F3_P10_C50_CAP_S7000_1788671026841,0.0,0.0,0.0,0.0,0.0,0.0,0.0,0.0,0.0,0.0,0.0,822.9811160125802,635.3930128437645,0,PASS
CREATEORDER_V2_C0_F3_P10_C50_CAP_S7001,/Users/nischithacn/paper3-exactly-once/results/phase6/runs/CREATEORDER_V2_C0_F3_P10_C50_CAP_S7001/CREATEORDER_V2_C0_F3_P10_C50_CAP_S7001_1788671382431,0.0,0.0,0.0,0.0,0.0,0.0,0.0,0.0,0.0,0.0,0.0,959.7103047316994,834.4856750542581,0,PASS
CREATEORDER_V2_C0_F3_P10_C50_CAP_S7002,/Users/nischithacn/paper3-exactly-once/results/phase6/runs/CREATEORDER_V2_C0_F3_P10_C50_CAP_S7002/CREATEORDER_V2_C0_F3_P10_C50_CAP_S7002_1788671734375,0.0,0.0,0.0,0.0,0.0,0.0,0.0,0.0,0.0,0.0,0.0,933.7379297128848,816.5634887387235,0,PASS
CREATEORDER_V2_C0_F3_P10_C50_CAP_S7003,/Users/nischithacn/paper3-exactly-once/results/phase6/runs/CREATEORDER_V2_C0_F3_P10_C50_CAP_S7003/CREATEORDER_V2_C0_F3_P10_C50_CAP_S7003_1788672102569,0.0,0.0,0.0,0.0,0.0,0.0,0.0,0.0,0.0,0.0,0.0,958.5080206040979,842.9948128423865,0,PASS
CREATEORDER_V2_C0_F3_P10_C50_CAP_S7004,/Users/nischithacn/paper3-exactly-once/results/phase6/runs/CREATEORDER_V2_C0_F3_P10_C50_CAP_S7004/CREATEORDER_V2_C0_F3_P10_C50_CAP_S7004_1788672468466,0.0,0.0,0.0,0.0,0.0,0.0,0.0,0.0,0.0,0.0,0.0,852.653545440975,756.440686922442,0,PASS
CREATEORDER_V2_C0_F3_P10_C50_CAP_S7005,/Users/nischithacn/paper3-exactly-once/results/phase6/runs/CREATEORDER_V2_C0_F3_P10_C50_CAP_S7005/CREATEORDER_V2_C0_F3_P10_C50_CAP_S7005_1788672863803,0.0,0.0,0.0,0.0,0.0,0.0,0.0,0.0,0.0,0.0,0.0,643.0575849599334,528.7937390820485,0,PASS
CREATEORDER_V2_C0_F3_P10_C50_CAP_S7006,/Users/nischithacn/paper3-exactly-once/results/phase6/runs/CREATEORDER_V2_C0_F3_P10_C50_CAP_S7006/CREATEORDER_V2_C0_F3_P10_C50_CAP_S7006_1788673258525,0.0,0.0,0.0,0.0,0.0,0.0,0.0,0.0,0.0,0.0,0.0,801.4293528460804,711.4225418095825,0,PASS
CREATEORDER_V2_C0_F3_P10_C50_CAP_S7007,/Users/nischithacn/paper3-exactly-once/results/phase6/runs/CREATEORDER_V2_C0_F3_P10_C50_CAP_S7007/CREATEORDER_V2_C0_F3_P10_C50_CAP_S7007_1788673658057,0.0,0.0,0.0,0.0,0.0,0.0,0.0,0.0,0.0,0.0,0.0,795.4170609486154,710.0315050681386,0,PASS
CREATEORDER_V2_C0_F3_P10_C50_CAP_S7008,/Users/nischithacn/paper3-exactly-once/results/phase6/runs/CREATEORDER_V2_C0_F3_P10_C50_CAP_S7008/CREATEORDER_V2_C0_F3_P10_C50_CAP_S7008_1788674057101,0.0,0.0,0.0,0.0,0.0,0.0,0.0,0.0,0.0,0.0,0.0,861.6735556863837,750.0859657105725,0,PASS
CREATEORDER_V2_C0_F3_P10_C50_CAP_S7009,/Users/nischithacn/paper3-exactly-once/results/phase6/runs/CREATEORDER_V2_C0_F3_P10_C50_CAP_S7009/CREATEORDER_V2_C0_F3_P10_C50_CAP_S7009_1788674434003,0.0,0.0,0.0,0.0,0.0,0.0,0.0,0.0,0.0,0.0,0.0,860.3835703346641,764.5875009431326,0,PASS
CREATEORDER_V2_C0_F8_P10_C50_CAP_S7000,/Users/nischithacn/paper3-exactly-once/results/phase6/runs/CREATEORDER_V2_C0_F8_P10_C50_CAP_S7000/CREATEORDER_V2_C0_F8_P10_C50_CAP_S7000_1788671043190,0.0,0.0,0.0,0.0,0.0,0.0,0.0,0.0,0.0,0.0,0.0,723.6668207524733,645.2138707420471,0,PASS
CREATEORDER_V2_C0_F8_P10_C50_CAP_S7001,/Users/nischithacn/paper3-exactly-once/results/phase6/runs/CREATEORDER_V2_C0_F8_P10_C50_CAP_S7001/CREATEORDER_V2_C0_F8_P10_C50_CAP_S7001_1788671395039,0.0,0.0,0.0,0.0,0.0,0.0,0.0,0.0,0.0,0.0,0.0,698.1257896205773,616.6577411658676,0,PASS
CREATEORDER_V2_C0_F8_P10_C50_CAP_S7002,/Users/nischithacn/paper3-exactly-once/results/phase6/runs/CREATEORDER_V2_C0_F8_P10_C50_CAP_S7002/CREATEORDER_V2_C0_F8_P10_C50_CAP_S7002_1788671754362,0.0,0.0,0.0,0.0,0.0,0.0,0.0,0.0,0.0,0.0,0.0,724.6979318043016,632.7873576861564,0,PASS
CREATEORDER_V2_C0_F8_P10_C50_CAP_S7003,/Users/nischithacn/paper3-exactly-once/results/phase6/runs/CREATEORDER_V2_C0_F8_P10_C50_CAP_S7003/CREATEORDER_V2_C0_F8_P10_C50_CAP_S7003_1788672115029,0.0,0.0,0.0,0.0,0.0,0.0,0.0,0.0,0.0,0.0,0.0,686.2600264788163,607.1729959332926,0,PASS
CREATEORDER_V2_C0_F8_P10_C50_CAP_S7004,/Users/nischithacn/paper3-exactly-once/results/phase6/runs/CREATEORDER_V2_C0_F8_P10_C50_CAP_S7004/CREATEORDER_V2_C0_F8_P10_C50_CAP_S7004_1788672482289,0.0,0.0,0.0,0.0,0.0,0.0,0.0,0.0,0.0,0.0,0.0,707.8393414985813,633.4946931069053,0,PASS
CREATEORDER_V2_C0_F8_P10_C50_CAP_S7005,/Users/nischithacn/paper3-exactly-once/results/phase6/runs/CREATEORDER_V2_C0_F8_P10_C50_CAP_S7005/CREATEORDER_V2_C0_F8_P10_C50_CAP_S7005_1788672883342,0.0,0.0,0.0,0.0,0.0,0.0,0.0,0.0,0.0,0.0,0.0,692.9071555022894,615.475964984333,0,PASS
CREATEORDER_V2_C0_F8_P10_C50_CAP_S7006,/Users/nischithacn/paper3-exactly-once/results/phase6/runs/CREATEORDER_V2_C0_F8_P10_C50_CAP_S7006/CREATEORDER_V2_C0_F8_P10_C50_CAP_S7006_1788673273194,0.0,0.0,0.0,0.0,0.0,0.0,0.0,0.0,0.0,0.0,0.0,660.6489490331629,595.1048019376819,0,PASS
CREATEORDER_V2_C0_F8_P10_C50_CAP_S7007,/Users/nischithacn/paper3-exactly-once/results/phase6/runs/CREATEORDER_V2_C0_F8_P10_C50_CAP_S7007/CREATEORDER_V2_C0_F8_P10_C50_CAP_S7007_1788673679117,0.0,0.0,0.0,0.0,0.0,0.0,0.0,0.0,0.0,0.0,0.0,711.9004943191437,630.0582298951297,0,PASS
CREATEORDER_V2_C0_F8_P10_C50_CAP_S7008,/Users/nischithacn/paper3-exactly-once/results/phase6/runs/CREATEORDER_V2_C0_F8_P10_C50_CAP_S7008/CREATEORDER_V2_C0_F8_P10_C50_CAP_S7008_1788674071050,0.0,0.0,0.0,0.0,0.0,0.0,0.0,0.0,0.0,0.0,0.0,716.5694766603038,627.702618389767,0,PASS
CREATEORDER_V2_C0_F8_P10_C50_CAP_S7009,/Users/nischithacn/paper3-exactly-once/results/phase6/runs/CREATEORDER_V2_C0_F8_P10_C50_CAP_S7009/CREATEORDER_V2_C0_F8_P10_C50_CAP_S7009_1788674447712,0.0,0.0,0.0,0.0,0.0,0.0,0.0,0.0,0.0,0.0,0.0,697.7953676899608,624.2123685041041,0,PASS
CREATEORDER_V2_C1_F0_P0_C100_S7000,/Users/nischithacn/paper3-exactly-once/results/phase6/runs/CREATEORDER_V2_C1_F0_P0_C100_S7000/CREATEORDER_V2_C1_F0_P0_C100_S7000_1788142851035,0.0,0.0,0.0,0.0,0.0,0.0,0.0,0.0,0.0,0.0,0.0,1507.922364092708,1304.9397692919215,0,PASS
CREATEORDER_V2_C1_F0_P0_C100_S7001,/Users/nischithacn/paper3-exactly-once/results/phase6/runs/CREATEORDER_V2_C1_F0_P0_C100_S7001/CREATEORDER_V2_C1_F0_P0_C100_S7001_1788320457385,0.0,0.0,0.0,0.0,0.0,0.0,0.0,0.0,0.0,0.0,0.0,1116.8229271122693,998.5500171471989,0,PASS
CREATEORDER_V2_C1_F0_P0_C100_S7002,/Users/nischithacn/paper3-exactly-once/results/phase6/runs/CREATEORDER_V2_C1_F0_P0_C100_S7002/CREATEORDER_V2_C1_F0_P0_C100_S7002_1788321542369,0.0,0.0,0.0,0.0,0.0,0.0,0.0,0.0,0.0,0.0,0.0,943.5268994216761,758.3214366795695,0,PASS
CREATEORDER_V2_C1_F0_P0_C100_S7003,/Users/nischithacn/paper3-exactly-once/results/phase6/runs/CREATEORDER_V2_C1_F0_P0_C100_S7003/CREATEORDER_V2_C1_F0_P0_C100_S7003_1788325056503,0.0,0.0,0.0,0.0,0.0,0.0,0.0,0.0,0.0,0.0,0.0,1325.51720419699,1136.9847198323284,0,PASS
CREATEORDER_V2_C1_F0_P0_C100_S7004,/Users/nischithacn/paper3-exactly-once/results/phase6/runs/CREATEORDER_V2_C1_F0_P0_C100_S7004/CREATEORDER_V2_C1_F0_P0_C100_S7004_1788325774119,0.0,0.0,0.0,0.0,0.0,0.0,0.0,0.0,0.0,0.0,0.0,1375.5580461460045,1197.9611915553912,0,PASS
CREATEORDER_V2_C1_F0_P0_C100_S7005,/Users/nischithacn/paper3-exactly-once/results/phase6/runs/CREATEORDER_V2_C1_F0_P0_C100_S7005/CREATEORDER_V2_C1_F0_P0_C100_S7005_1788326550616,0.0,0.0,0.0,0.0,0.0,0.0,0.0,0.0,0.0,0.0,0.0,1353.7628474289133,1179.3387515813001,0,PASS
CREATEORDER_V2_C1_F0_P0_C100_S7006,/Users/nischithacn/paper3-exactly-once/results/phase6/runs/CREATEORDER_V2_C1_F0_P0_C100_S7006/CREATEORDER_V2_C1_F0_P0_C100_S7006_1788329101877,0.0,0.0,0.0,0.0,0.0,0.0,0.0,0.0,0.0,0.0,0.0,1386.0335091778575,1195.389085195766,0,PASS
CREATEORDER_V2_C1_F0_P0_C100_S7007,/Users/nischithacn/paper3-exactly-once/results/phase6/runs/CREATEORDER_V2_C1_F0_P0_C100_S7007/CREATEORDER_V2_C1_F0_P0_C100_S7007_1788329804102,0.0,0.0,0.0,0.0,0.0,0.0,0.0,0.0,0.0,0.0,0.0,860.8633127161867,699.9517028278552,0,PASS
CREATEORDER_V2_C1_F0_P0_C100_S7008,/Users/nischithacn/paper3-exactly-once/results/phase6/runs/CREATEORDER_V2_C1_F0_P0_C100_S7008/CREATEORDER_V2_C1_F0_P0_C100_S7008_1788330583482,0.0,0.0,0.0,0.0,0.0,0.0,0.0,0.0,0.0,0.0,0.0,1271.7620726848793,1118.6409279128716,0,PASS
CREATEORDER_V2_C1_F0_P0_C100_S7009,/Users/nischithacn/paper3-exactly-once/results/phase6/runs/CREATEORDER_V2_C1_F0_P0_C100_S7009/CREATEORDER_V2_C1_F0_P0_C100_S7009_1788331271965,0.0,0.0,0.0,0.0,0.0,0.0,0.0,0.0,0.0,0.0,0.0,1331.3065760318068,1160.4631577992109,0,PASS
CREATEORDER_V2_C1_F0_P0_C10_S7000,/Users/nischithacn/paper3-exactly-once/results/phase6/runs/CREATEORDER_V2_C1_F0_P0_C10_S7000/CREATEORDER_V2_C1_F0_P0_C10_S7000_1788142832429,0.0,0.0,0.0,0.0,0.0,0.0,0.0,0.0,0.0,0.0,0.0,1149.9767526319372,1014.2744060044948,0,PASS
CREATEORDER_V2_C1_F0_P0_C10_S7001,/Users/nischithacn/paper3-exactly-once/results/phase6/runs/CREATEORDER_V2_C1_F0_P0_C10_S7001/CREATEORDER_V2_C1_F0_P0_C10_S7001_1788320175896,0.0,0.0,0.0,0.0,0.0,0.0,0.0,0.0,0.0,0.0,0.0,1056.9069368160856,928.5809815912754,0,PASS
CREATEORDER_V2_C1_F0_P0_C10_S7002,/Users/nischithacn/paper3-exactly-once/results/phase6/runs/CREATEORDER_V2_C1_F0_P0_C10_S7002/CREATEORDER_V2_C1_F0_P0_C10_S7002_1788321501761,0.0,0.0,0.0,0.0,0.0,0.0,0.0,0.0,0.0,0.0,0.0,1052.7999914858399,925.8151759201669,0,PASS
CREATEORDER_V2_C1_F0_P0_C10_S7003,/Users/nischithacn/paper3-exactly-once/results/phase6/runs/CREATEORDER_V2_C1_F0_P0_C10_S7003/CREATEORDER_V2_C1_F0_P0_C10_S7003_1788325034412,0.0,0.0,0.0,0.0,0.0,0.0,0.0,0.0,0.0,0.0,0.0,954.2304483331787,842.002597973924,0,PASS
CREATEORDER_V2_C1_F0_P0_C10_S7004,/Users/nischithacn/paper3-exactly-once/results/phase6/runs/CREATEORDER_V2_C1_F0_P0_C10_S7004/CREATEORDER_V2_C1_F0_P0_C10_S7004_1788325753585,0.0,0.0,0.0,0.0,0.0,0.0,0.0,0.0,0.0,0.0,0.0,1026.0548903493714,905.7589612781773,0,PASS
CREATEORDER_V2_C1_F0_P0_C10_S7005,/Users/nischithacn/paper3-exactly-once/results/phase6/runs/CREATEORDER_V2_C1_F0_P0_C10_S7005/CREATEORDER_V2_C1_F0_P0_C10_S7005_1788326526098,0.0,0.0,0.0,0.0,0.0,0.0,0.0,0.0,0.0,0.0,0.0,853.8941009050112,687.1554447412491,0,PASS
CREATEORDER_V2_C1_F0_P0_C10_S7006,/Users/nischithacn/paper3-exactly-once/results/phase6/runs/CREATEORDER_V2_C1_F0_P0_C10_S7006/CREATEORDER_V2_C1_F0_P0_C10_S7006_1788329074285,0.0,0.0,0.0,0.0,0.0,0.0,0.0,0.0,0.0,0.0,0.0,998.4737361640829,878.9929826068824,0,PASS
CREATEORDER_V2_C1_F0_P0_C10_S7007,/Users/nischithacn/paper3-exactly-once/results/phase6/runs/CREATEORDER_V2_C1_F0_P0_C10_S7007/CREATEORDER_V2_C1_F0_P0_C10_S7007_1788329763947,0.0,0.0,0.0,0.0,0.0,0.0,0.0,0.0,0.0,0.0,0.0,1050.5296174030034,922.7015199932771,0,PASS
CREATEORDER_V2_C1_F0_P0_C10_S7008,/Users/nischithacn/paper3-exactly-once/results/phase6/runs/CREATEORDER_V2_C1_F0_P0_C10_S7008/CREATEORDER_V2_C1_F0_P0_C10_S7008_1788330562700,0.0,0.0,0.0,0.0,0.0,0.0,0.0,0.0,0.0,0.0,0.0,985.0877357386709,871.373415156444,0,PASS
CREATEORDER_V2_C1_F0_P0_C10_S7009,/Users/nischithacn/paper3-exactly-once/results/phase6/runs/CREATEORDER_V2_C1_F0_P0_C10_S7009/CREATEORDER_V2_C1_F0_P0_C10_S7009_1788331251261,0.0,0.0,0.0,0.0,0.0,0.0,0.0,0.0,0.0,0.0,0.0,1016.7457080272146,894.2997660618264,0,PASS
CREATEORDER_V2_C1_F0_P0_C1_S7000,/Users/nischithacn/paper3-exactly-once/results/phase6/runs/CREATEORDER_V2_C1_F0_P0_C1_S7000/CREATEORDER_V2_C1_F0_P0_C1_S7000_1788142727094,0.0,0.0,0.0,0.0,0.0,0.0,0.0,0.0,0.0,0.0,0.0,105.13297427385062,95.39807672538635,0,PASS
CREATEORDER_V2_C1_F0_P0_C1_S7001,/Users/nischithacn/paper3-exactly-once/results/phase6/runs/CREATEORDER_V2_C1_F0_P0_C1_S7001/CREATEORDER_V2_C1_F0_P0_C1_S7001_1788320098440,0.0,0.0,0.0,0.0,0.0,0.0,0.0,0.0,0.0,0.0,0.0,143.63017066537492,129.96584042498043,0,PASS
CREATEORDER_V2_C1_F0_P0_C1_S7002,/Users/nischithacn/paper3-exactly-once/results/phase6/runs/CREATEORDER_V2_C1_F0_P0_C1_S7002/CREATEORDER_V2_C1_F0_P0_C1_S7002_1788321424448,0.0,0.0,0.0,0.0,0.0,0.0,0.0,0.0,0.0,0.0,0.0,143.9144042421821,130.21736552517055,0,PASS
CREATEORDER_V2_C1_F0_P0_C1_S7003,/Users/nischithacn/paper3-exactly-once/results/phase6/runs/CREATEORDER_V2_C1_F0_P0_C1_S7003/CREATEORDER_V2_C1_F0_P0_C1_S7003_1788324945252,0.0,0.0,0.0,0.0,0.0,0.0,0.0,0.0,0.0,0.0,0.0,124.56094262219378,112.81097329254732,0,PASS
CREATEORDER_V2_C1_F0_P0_C1_S7004,/Users/nischithacn/paper3-exactly-once/results/phase6/runs/CREATEORDER_V2_C1_F0_P0_C1_S7004/CREATEORDER_V2_C1_F0_P0_C1_S7004_1788325674542,0.0,0.0,0.0,0.0,0.0,0.0,0.0,0.0,0.0,0.0,0.0,140.61025112622275,127.34459234389787,0,PASS
CREATEORDER_V2_C1_F0_P0_C1_S7005,/Users/nischithacn/paper3-exactly-once/results/phase6/runs/CREATEORDER_V2_C1_F0_P0_C1_S7005/CREATEORDER_V2_C1_F0_P0_C1_S7005_1788326424969,0.0,0.0,0.0,0.0,0.0,0.0,0.0,0.0,0.0,0.0,0.0,139.0096094282118,126.14070912159158,0,PASS
CREATEORDER_V2_C1_F0_P0_C1_S7006,/Users/nischithacn/paper3-exactly-once/results/phase6/runs/CREATEORDER_V2_C1_F0_P0_C1_S7006/CREATEORDER_V2_C1_F0_P0_C1_S7006_1788328989609,0.0,0.0,0.0,0.0,0.0,0.0,0.0,0.0,0.0,0.0,0.0,131.785182696858,118.86223195218525,0,PASS
CREATEORDER_V2_C1_F0_P0_C1_S7007,/Users/nischithacn/paper3-exactly-once/results/phase6/runs/CREATEORDER_V2_C1_F0_P0_C1_S7007/CREATEORDER_V2_C1_F0_P0_C1_S7007_1788329687349,0.0,0.0,0.0,0.0,0.0,0.0,0.0,0.0,0.0,0.0,0.0,145.10371517118904,131.45798858932082,0,PASS
CREATEORDER_V2_C1_F0_P0_C1_S7008,/Users/nischithacn/paper3-exactly-once/results/phase6/runs/CREATEORDER_V2_C1_F0_P0_C1_S7008/CREATEORDER_V2_C1_F0_P0_C1_S7008_1788330478909,0.0,0.0,0.0,0.0,0.0,0.0,0.0,0.0,0.0,0.0,0.0,132.73053985291023,120.11010027615961,0,PASS
CREATEORDER_V2_C1_F0_P0_C1_S7009,/Users/nischithacn/paper3-exactly-once/results/phase6/runs/CREATEORDER_V2_C1_F0_P0_C1_S7009/CREATEORDER_V2_C1_F0_P0_C1_S7009_1788331166769,0.0,0.0,0.0,0.0,0.0,0.0,0.0,0.0,0.0,0.0,0.0,131.5156004764621,119.1272908240959,0,PASS
CREATEORDER_V2_C1_F0_P0_C50_S7000,/Users/nischithacn/paper3-exactly-once/results/phase6/runs/CREATEORDER_V2_C1_F0_P0_C50_S7000/CREATEORDER_V2_C1_F0_P0_C50_S7000_1788142842828,0.0,0.0,0.0,0.0,0.0,0.0,0.0,0.0,0.0,0.0,0.0,1486.9667276134667,1304.5574337526318,0,PASS
CREATEORDER_V2_C1_F0_P0_C50_S7001,/Users/nischithacn/paper3-exactly-once/results/phase6/runs/CREATEORDER_V2_C1_F0_P0_C50_S7001/CREATEORDER_V2_C1_F0_P0_C50_S7001_1788320193761,0.0,0.0,0.0,0.0,0.0,0.0,0.0,0.0,0.0,0.0,0.0,38.164108273358146,38.0102142427828,0,PASS
CREATEORDER_V2_C1_F0_P0_C50_S7002,/Users/nischithacn/paper3-exactly-once/results/phase6/runs/CREATEORDER_V2_C1_F0_P0_C50_S7002/CREATEORDER_V2_C1_F0_P0_C50_S7002_1788321513102,0.0,0.0,0.0,0.0,0.0,0.0,0.0,0.0,0.0,0.0,0.0,1402.9255265773909,1219.020125336645,0,PASS
CREATEORDER_V2_C1_F0_P0_C50_S7003,/Users/nischithacn/paper3-exactly-once/results/phase6/runs/CREATEORDER_V2_C1_F0_P0_C50_S7003/CREATEORDER_V2_C1_F0_P0_C50_S7003_1788325046852,0.0,0.0,0.0,0.0,0.0,0.0,0.0,0.0,0.0,0.0,0.0,1270.748795201438,1099.3855603578033,0,PASS
CREATEORDER_V2_C1_F0_P0_C50_S7004,/Users/nischithacn/paper3-exactly-once/results/phase6/runs/CREATEORDER_V2_C1_F0_P0_C50_S7004/CREATEORDER_V2_C1_F0_P0_C50_S7004_1788325765168,0.0,0.0,0.0,0.0,0.0,0.0,0.0,0.0,0.0,0.0,0.0,1355.566809830088,1187.6329424593903,0,PASS
CREATEORDER_V2_C1_F0_P0_C50_S7005,/Users/nischithacn/paper3-exactly-once/results/phase6/runs/CREATEORDER_V2_C1_F0_P0_C50_S7005/CREATEORDER_V2_C1_F0_P0_C50_S7005_1788326541203,0.0,0.0,0.0,0.0,0.0,0.0,0.0,0.0,0.0,0.0,0.0,1299.3622341066043,1128.2782223895776,0,PASS
CREATEORDER_V2_C1_F0_P0_C50_S7006,/Users/nischithacn/paper3-exactly-once/results/phase6/runs/CREATEORDER_V2_C1_F0_P0_C50_S7006/CREATEORDER_V2_C1_F0_P0_C50_S7006_1788329093022,0.0,0.0,0.0,0.0,0.0,0.0,0.0,0.0,0.0,0.0,0.0,1381.3551646720146,1201.768976573908,0,PASS
CREATEORDER_V2_C1_F0_P0_C50_S7007,/Users/nischithacn/paper3-exactly-once/results/phase6/runs/CREATEORDER_V2_C1_F0_P0_C50_S7007/CREATEORDER_V2_C1_F0_P0_C50_S7007_1788329775319,0.0,0.0,0.0,0.0,0.0,0.0,0.0,0.0,0.0,0.0,0.0,1401.9231159396966,1214.013610612778,0,PASS
CREATEORDER_V2_C1_F0_P0_C50_S7008,/Users/nischithacn/paper3-exactly-once/results/phase6/runs/CREATEORDER_V2_C1_F0_P0_C50_S7008/CREATEORDER_V2_C1_F0_P0_C50_S7008_1788330574717,0.0,0.0,0.0,0.0,0.0,0.0,0.0,0.0,0.0,0.0,0.0,1399.9268846551531,1215.264962741819,0,PASS
CREATEORDER_V2_C1_F0_P0_C50_S7009,/Users/nischithacn/paper3-exactly-once/results/phase6/runs/CREATEORDER_V2_C1_F0_P0_C50_S7009/CREATEORDER_V2_C1_F0_P0_C50_S7009_1788331262974,0.0,0.0,0.0,0.0,0.0,0.0,0.0,0.0,0.0,0.0,0.0,1354.9108842401076,1182.356938625605,0,PASS
CREATEORDER_V2_C1_F11_P0_C50_FAN10_S7000,/Users/nischithacn/paper3-exactly-once/results/phase6/runs/CREATEORDER_V2_C1_F11_P0_C50_FAN10_S7000/CREATEORDER_V2_C1_F11_P0_C50_FAN10_S7000_1788649959854,0.0,0.0,0.0,0.0,0.0,0.0,0.0,0.0,0.0,0.0,0.0,74.0866007223245,67.2406515888826,0,PASS
CREATEORDER_V2_C1_F11_P0_C50_FAN10_S7001,/Users/nischithacn/paper3-exactly-once/results/phase6/runs/CREATEORDER_V2_C1_F11_P0_C50_FAN10_S7001/CREATEORDER_V2_C1_F11_P0_C50_FAN10_S7001_1788651674572,0.0,0.0,0.0,0.0,0.0,0.0,0.0,0.0,0.0,0.0,0.0,77.40869446215225,70.6275835504337,0,PASS
CREATEORDER_V2_C1_F11_P0_C50_FAN10_S7002,/Users/nischithacn/paper3-exactly-once/results/phase6/runs/CREATEORDER_V2_C1_F11_P0_C50_FAN10_S7002/CREATEORDER_V2_C1_F11_P0_C50_FAN10_S7002_1788653375251,0.0,0.0,0.0,0.0,0.0,0.0,0.0,0.0,0.0,0.0,0.0,77.52727076864704,70.66636102732289,0,PASS
CREATEORDER_V2_C1_F11_P0_C50_FAN10_S7003,/Users/nischithacn/paper3-exactly-once/results/phase6/runs/CREATEORDER_V2_C1_F11_P0_C50_FAN10_S7003/CREATEORDER_V2_C1_F11_P0_C50_FAN10_S7003_1788655124396,0.0,0.0,0.0,0.0,0.0,0.0,0.0,0.0,0.0,0.0,0.0,72.23511467009115,65.85767398799558,0,PASS
CREATEORDER_V2_C1_F11_P0_C50_FAN10_S7004,/Users/nischithacn/paper3-exactly-once/results/phase6/runs/CREATEORDER_V2_C1_F11_P0_C50_FAN10_S7004/CREATEORDER_V2_C1_F11_P0_C50_FAN10_S7004_1788656928300,0.0,0.0,0.0,0.0,0.0,0.0,0.0,0.0,0.0,0.0,0.0,77.22115600271437,70.30839452162098,0,PASS
CREATEORDER_V2_C1_F11_P0_C50_FAN10_S7005,/Users/nischithacn/paper3-exactly-once/results/phase6/runs/CREATEORDER_V2_C1_F11_P0_C50_FAN10_S7005/CREATEORDER_V2_C1_F11_P0_C50_FAN10_S7005_1788658624275,0.0,0.0,0.0,0.0,0.0,0.0,0.0,0.0,0.0,0.0,0.0,78.04115753836003,70.99879481763968,0,PASS
CREATEORDER_V2_C1_F11_P0_C50_FAN10_S7006,/Users/nischithacn/paper3-exactly-once/results/phase6/runs/CREATEORDER_V2_C1_F11_P0_C50_FAN10_S7006/CREATEORDER_V2_C1_F11_P0_C50_FAN10_S7006_1788660315460,0.0,0.0,0.0,0.0,0.0,0.0,0.0,0.0,0.0,0.0,0.0,78.18215412008385,71.17203179482047,0,PASS
CREATEORDER_V2_C1_F11_P0_C50_FAN10_S7007,/Users/nischithacn/paper3-exactly-once/results/phase6/runs/CREATEORDER_V2_C1_F11_P0_C50_FAN10_S7007/CREATEORDER_V2_C1_F11_P0_C50_FAN10_S7007_1788662018247,0.0,0.0,0.0,0.0,0.0,0.0,0.0,0.0,0.0,0.0,0.0,77.77137054141852,70.74776355944881,0,PASS
CREATEORDER_V2_C1_F11_P0_C50_FAN10_S7008,/Users/nischithacn/paper3-exactly-once/results/phase6/runs/CREATEORDER_V2_C1_F11_P0_C50_FAN10_S7008/CREATEORDER_V2_C1_F11_P0_C50_FAN10_S7008_1788663706423,0.0,0.0,0.0,0.0,0.0,0.0,0.0,0.0,0.0,0.0,0.0,78.31917087752015,71.42684743624294,0,PASS
CREATEORDER_V2_C1_F11_P0_C50_FAN10_S7009,/Users/nischithacn/paper3-exactly-once/results/phase6/runs/CREATEORDER_V2_C1_F11_P0_C50_FAN10_S7009/CREATEORDER_V2_C1_F11_P0_C50_FAN10_S7009_1788665413546,0.0,0.0,0.0,0.0,0.0,0.0,0.0,0.0,0.0,0.0,0.0,81.10059350078178,73.95081232429426,0,PASS
CREATEORDER_V2_C1_F11_P0_C50_FAN2_S7000,/Users/nischithacn/paper3-exactly-once/results/phase6/runs/CREATEORDER_V2_C1_F11_P0_C50_FAN2_S7000/CREATEORDER_V2_C1_F11_P0_C50_FAN2_S7000_1788649832287,0.0,0.0,0.0,0.0,0.0,0.0,0.0,0.0,0.0,0.0,0.0,279.47187269170485,241.12751423973518,0,PASS
CREATEORDER_V2_C1_F11_P0_C50_FAN2_S7001,/Users/nischithacn/paper3-exactly-once/results/phase6/runs/CREATEORDER_V2_C1_F11_P0_C50_FAN2_S7001/CREATEORDER_V2_C1_F11_P0_C50_FAN2_S7001_1788651550121,0.0,0.0,0.0,0.0,0.0,0.0,0.0,0.0,0.0,0.0,0.0,266.103422678177,230.3831449362585,0,PASS
CREATEORDER_V2_C1_F11_P0_C50_FAN2_S7002,/Users/nischithacn/paper3-exactly-once/results/phase6/runs/CREATEORDER_V2_C1_F11_P0_C50_FAN2_S7002/CREATEORDER_V2_C1_F11_P0_C50_FAN2_S7002_1788653247988,0.0,0.0,0.0,0.0,0.0,0.0,0.0,0.0,0.0,0.0,0.0,263.8004508446855,226.9599003314581,0,PASS
CREATEORDER_V2_C1_F11_P0_C50_FAN2_S7003,/Users/nischithacn/paper3-exactly-once/results/phase6/runs/CREATEORDER_V2_C1_F11_P0_C50_FAN2_S7003/CREATEORDER_V2_C1_F11_P0_C50_FAN2_S7003_1788654990090,0.0,0.0,0.0,0.0,0.0,0.0,0.0,0.0,0.0,0.0,0.0,241.55818083889864,213.05888217925659,0,PASS
CREATEORDER_V2_C1_F11_P0_C50_FAN2_S7004,/Users/nischithacn/paper3-exactly-once/results/phase6/runs/CREATEORDER_V2_C1_F11_P0_C50_FAN2_S7004/CREATEORDER_V2_C1_F11_P0_C50_FAN2_S7004_1788656805154,0.0,0.0,0.0,0.0,0.0,0.0,0.0,0.0,0.0,0.0,0.0,275.35731143538726,236.39146903944268,0,PASS
CREATEORDER_V2_C1_F11_P0_C50_FAN2_S7005,/Users/nischithacn/paper3-exactly-once/results/phase6/runs/CREATEORDER_V2_C1_F11_P0_C50_FAN2_S7005/CREATEORDER_V2_C1_F11_P0_C50_FAN2_S7005_1788658501600,0.0,0.0,0.0,0.0,0.0,0.0,0.0,0.0,0.0,0.0,0.0,272.2746611567047,238.2843240520779,0,PASS
CREATEORDER_V2_C1_F11_P0_C50_FAN2_S7006,/Users/nischithacn/paper3-exactly-once/results/phase6/runs/CREATEORDER_V2_C1_F11_P0_C50_FAN2_S7006/CREATEORDER_V2_C1_F11_P0_C50_FAN2_S7006_1788660190270,0.0,0.0,0.0,0.0,0.0,0.0,0.0,0.0,0.0,0.0,0.0,264.3617072303056,228.04082028460607,0,PASS
CREATEORDER_V2_C1_F11_P0_C50_FAN2_S7007,/Users/nischithacn/paper3-exactly-once/results/phase6/runs/CREATEORDER_V2_C1_F11_P0_C50_FAN2_S7007/CREATEORDER_V2_C1_F11_P0_C50_FAN2_S7007_1788661893969,0.0,0.0,0.0,0.0,0.0,0.0,0.0,0.0,0.0,0.0,0.0,265.7662444179035,229.95006782925688,0,PASS
CREATEORDER_V2_C1_F11_P0_C50_FAN2_S7008,/Users/nischithacn/paper3-exactly-once/results/phase6/runs/CREATEORDER_V2_C1_F11_P0_C50_FAN2_S7008/CREATEORDER_V2_C1_F11_P0_C50_FAN2_S7008_1788663584034,0.0,0.0,0.0,0.0,0.0,0.0,0.0,0.0,0.0,0.0,0.0,272.5892220301404,235.28145063017845,0,PASS
CREATEORDER_V2_C1_F11_P0_C50_FAN2_S7009,/Users/nischithacn/paper3-exactly-once/results/phase6/runs/CREATEORDER_V2_C1_F11_P0_C50_FAN2_S7009/CREATEORDER_V2_C1_F11_P0_C50_FAN2_S7009_1788665296875,0.0,0.0,0.0,0.0,0.0,0.0,0.0,0.0,0.0,0.0,0.0,289.27263694851047,248.87168988819144,0,PASS
CREATEORDER_V2_C1_F11_P0_C50_FAN5_S7000,/Users/nischithacn/paper3-exactly-once/results/phase6/runs/CREATEORDER_V2_C1_F11_P0_C50_FAN5_S7000/CREATEORDER_V2_C1_F11_P0_C50_FAN5_S7000_1788649874646,0.0,0.0,0.0,0.0,0.0,0.0,0.0,0.0,0.0,0.0,0.0,130.8489254806175,119.17482828632124,0,PASS
CREATEORDER_V2_C1_F11_P0_C50_FAN5_S7001,/Users/nischithacn/paper3-exactly-once/results/phase6/runs/CREATEORDER_V2_C1_F11_P0_C50_FAN5_S7001/CREATEORDER_V2_C1_F11_P0_C50_FAN5_S7001_1788651594378,0.0,0.0,0.0,0.0,0.0,0.0,0.0,0.0,0.0,0.0,0.0,139.2387074247716,126.67891688448435,0,PASS
CREATEORDER_V2_C1_F11_P0_C50_FAN5_S7002,/Users/nischithacn/paper3-exactly-once/results/phase6/runs/CREATEORDER_V2_C1_F11_P0_C50_FAN5_S7002/CREATEORDER_V2_C1_F11_P0_C50_FAN5_S7002_1788653292903,0.0,0.0,0.0,0.0,0.0,0.0,0.0,0.0,0.0,0.0,0.0,135.18617885776106,123.34094051231207,0,PASS
CREATEORDER_V2_C1_F11_P0_C50_FAN5_S7003,/Users/nischithacn/paper3-exactly-once/results/phase6/runs/CREATEORDER_V2_C1_F11_P0_C50_FAN5_S7003/CREATEORDER_V2_C1_F11_P0_C50_FAN5_S7003_1788655037921,0.0,0.0,0.0,0.0,0.0,0.0,0.0,0.0,0.0,0.0,0.0,129.09894452179526,117.34598642836754,0,PASS
CREATEORDER_V2_C1_F11_P0_C50_FAN5_S7004,/Users/nischithacn/paper3-exactly-once/results/phase6/runs/CREATEORDER_V2_C1_F11_P0_C50_FAN5_S7004/CREATEORDER_V2_C1_F11_P0_C50_FAN5_S7004_1788656848303,0.0,0.0,0.0,0.0,0.0,0.0,0.0,0.0,0.0,0.0,0.0,139.26382594741753,126.98283063463211,0,PASS
CREATEORDER_V2_C1_F11_P0_C50_FAN5_S7005,/Users/nischithacn/paper3-exactly-once/results/phase6/runs/CREATEORDER_V2_C1_F11_P0_C50_FAN5_S7005/CREATEORDER_V2_C1_F11_P0_C50_FAN5_S7005_1788658544437,0.0,0.0,0.0,0.0,0.0,0.0,0.0,0.0,0.0,0.0,0.0,140.0788798004561,127.28668105765806,0,PASS
CREATEORDER_V2_C1_F11_P0_C50_FAN5_S7006,/Users/nischithacn/paper3-exactly-once/results/phase6/runs/CREATEORDER_V2_C1_F11_P0_C50_FAN5_S7006/CREATEORDER_V2_C1_F11_P0_C50_FAN5_S7006_1788660234971,0.0,0.0,0.0,0.0,0.0,0.0,0.0,0.0,0.0,0.0,0.0,138.73560158906972,126.22333453347154,0,PASS
CREATEORDER_V2_C1_F11_P0_C50_FAN5_S7007,/Users/nischithacn/paper3-exactly-once/results/phase6/runs/CREATEORDER_V2_C1_F11_P0_C50_FAN5_S7007/CREATEORDER_V2_C1_F11_P0_C50_FAN5_S7007_1788661938303,0.0,0.0,0.0,0.0,0.0,0.0,0.0,0.0,0.0,0.0,0.0,139.65140880062341,127.06949977303046,0,PASS
CREATEORDER_V2_C1_F11_P0_C50_FAN5_S7008,/Users/nischithacn/paper3-exactly-once/results/phase6/runs/CREATEORDER_V2_C1_F11_P0_C50_FAN5_S7008/CREATEORDER_V2_C1_F11_P0_C50_FAN5_S7008_1788663627387,0.0,0.0,0.0,0.0,0.0,0.0,0.0,0.0,0.0,0.0,0.0,141.40990929356784,128.6010415040203,0,PASS
CREATEORDER_V2_C1_F11_P0_C50_FAN5_S7009,/Users/nischithacn/paper3-exactly-once/results/phase6/runs/CREATEORDER_V2_C1_F11_P0_C50_FAN5_S7009/CREATEORDER_V2_C1_F11_P0_C50_FAN5_S7009_1788665337896,0.0,0.0,0.0,0.0,0.0,0.0,0.0,0.0,0.0,0.0,0.0,147.27060443021003,134.38400681449906,0,PASS
CREATEORDER_V2_C1_F1_P10_C50_S7000,/Users/nischithacn/paper3-exactly-once/results/phase6/runs/CREATEORDER_V2_C1_F1_P10_C50_S7000/CREATEORDER_V2_C1_F1_P10_C50_S7000_1788676978183,0.0,0.0,0.0,0.0,0.0,0.0,0.0,0.0,0.0,0.0,0.0,1100.4504357129422,919.1944618098877,0,PASS
CREATEORDER_V2_C1_F1_P10_C50_S7001,/Users/nischithacn/paper3-exactly-once/results/phase6/runs/CREATEORDER_V2_C1_F1_P10_C50_S7001/CREATEORDER_V2_C1_F1_P10_C50_S7001_1788677214910,0.0,0.0,0.0,0.0,0.0,0.0,0.0,0.0,0.0,0.0,0.0,824.5316762640452,659.3575612644033,0,PASS
CREATEORDER_V2_C1_F1_P10_C50_S7002,/Users/nischithacn/paper3-exactly-once/results/phase6/runs/CREATEORDER_V2_C1_F1_P10_C50_S7002/CREATEORDER_V2_C1_F1_P10_C50_S7002_1788677435725,0.0,0.0,0.0,0.0,0.0,0.0,0.0,0.0,0.0,0.0,0.0,1090.0326674237956,944.7291941066505,0,PASS
CREATEORDER_V2_C1_F1_P10_C50_S7003,/Users/nischithacn/paper3-exactly-once/results/phase6/runs/CREATEORDER_V2_C1_F1_P10_C50_S7003/CREATEORDER_V2_C1_F1_P10_C50_S7003_1788677679962,0.0,0.0,0.0,0.0,0.0,0.0,0.0,0.0,0.0,0.0,0.0,1003.3493747557892,879.5980465362979,0,PASS
CREATEORDER_V2_C1_F1_P10_C50_S7004,/Users/nischithacn/paper3-exactly-once/results/phase6/runs/CREATEORDER_V2_C1_F1_P10_C50_S7004/CREATEORDER_V2_C1_F1_P10_C50_S7004_1788677919086,0.0,0.0,0.0,0.0,0.0,0.0,0.0,0.0,0.0,0.0,0.0,960.6346306862316,846.7244143081209,0,PASS
CREATEORDER_V2_C1_F1_P10_C50_S7005,/Users/nischithacn/paper3-exactly-once/results/phase6/runs/CREATEORDER_V2_C1_F1_P10_C50_S7005/CREATEORDER_V2_C1_F1_P10_C50_S7005_1788678169459,0.0,0.0,0.0,0.0,0.0,0.0,0.0,0.0,0.0,0.0,0.0,997.2984064830636,842.9136129423883,0,PASS
CREATEORDER_V2_C1_F1_P10_C50_S7006,/Users/nischithacn/paper3-exactly-once/results/phase6/runs/CREATEORDER_V2_C1_F1_P10_C50_S7006/CREATEORDER_V2_C1_F1_P10_C50_S7006_1788678415342,0.0,0.0,0.0,0.0,0.0,0.0,0.0,0.0,0.0,0.0,0.0,739.8032202566511,602.9162702858571,0,PASS
CREATEORDER_V2_C1_F1_P10_C50_S7007,/Users/nischithacn/paper3-exactly-once/results/phase6/runs/CREATEORDER_V2_C1_F1_P10_C50_S7007/CREATEORDER_V2_C1_F1_P10_C50_S7007_1788678648035,0.0,0.0,0.0,0.0,0.0,0.0,0.0,0.0,0.0,0.0,0.0,991.6126150083238,869.6720636751204,0,PASS
CREATEORDER_V2_C1_F1_P10_C50_S7008,/Users/nischithacn/paper3-exactly-once/results/phase6/runs/CREATEORDER_V2_C1_F1_P10_C50_S7008/CREATEORDER_V2_C1_F1_P10_C50_S7008_1788678902144,0.0,0.0,0.0,0.0,0.0,0.0,0.0,0.0,0.0,0.0,0.0,973.7854097353235,849.6656927348598,0,PASS
CREATEORDER_V2_C1_F1_P10_C50_S7009,/Users/nischithacn/paper3-exactly-once/results/phase6/runs/CREATEORDER_V2_C1_F1_P10_C50_S7009/CREATEORDER_V2_C1_F1_P10_C50_S7009_1788679149858,0.0,0.0,0.0,0.0,0.0,0.0,0.0,0.0,0.0,0.0,0.0,909.6552472145129,805.6335712411582,0,PASS
CREATEORDER_V2_C1_F2_P10_C50_S7000,/Users/nischithacn/paper3-exactly-once/results/phase6/runs/CREATEORDER_V2_C1_F2_P10_C50_S7000/CREATEORDER_V2_C1_F2_P10_C50_S7000_1788677041166,0.0,0.0,0.0,0.0,0.0,0.0,0.0,0.0,0.0,0.0,0.0,966.2330628038452,837.6177417665089,0,PASS
CREATEORDER_V2_C1_F2_P10_C50_S7001,/Users/nischithacn/paper3-exactly-once/results/phase6/runs/CREATEORDER_V2_C1_F2_P10_C50_S7001/CREATEORDER_V2_C1_F2_P10_C50_S7001_1788677283240,0.0,0.0,0.0,0.0,0.0,0.0,0.0,0.0,0.0,0.0,0.0,961.8445970839738,836.6193628677792,0,PASS
CREATEORDER_V2_C1_F2_P10_C50_S7002,/Users/nischithacn/paper3-exactly-once/results/phase6/runs/CREATEORDER_V2_C1_F2_P10_C50_S7002/CREATEORDER_V2_C1_F2_P10_C50_S7002_1788677518030,0.0,0.0,0.0,0.0,0.0,0.0,0.0,0.0,0.0,0.0,0.0,915.9567515434685,803.0241143644015,0,PASS
CREATEORDER_V2_C1_F2_P10_C50_S7003,/Users/nischithacn/paper3-exactly-once/results/phase6/runs/CREATEORDER_V2_C1_F2_P10_C50_S7003/CREATEORDER_V2_C1_F2_P10_C50_S7003_1788677763727,0.0,0.0,0.0,0.0,0.0,0.0,0.0,0.0,0.0,0.0,0.0,924.1387327384873,790.4682246230268,0,PASS
CREATEORDER_V2_C1_F2_P10_C50_S7004,/Users/nischithacn/paper3-exactly-once/results/phase6/runs/CREATEORDER_V2_C1_F2_P10_C50_S7004/CREATEORDER_V2_C1_F2_P10_C50_S7004_1788678005244,0.0,0.0,0.0,0.0,0.0,0.0,0.0,0.0,0.0,0.0,0.0,672.6793382848289,549.4823999421054,0,PASS
CREATEORDER_V2_C1_F2_P10_C50_S7005,/Users/nischithacn/paper3-exactly-once/results/phase6/runs/CREATEORDER_V2_C1_F2_P10_C50_S7005/CREATEORDER_V2_C1_F2_P10_C50_S7005_1788678235731,0.0,0.0,0.0,0.0,0.0,0.0,0.0,0.0,0.0,0.0,0.0,920.8018316173976,806.4585068812709,0,PASS
CREATEORDER_V2_C1_F2_P10_C50_S7006,/Users/nischithacn/paper3-exactly-once/results/phase6/runs/CREATEORDER_V2_C1_F2_P10_C50_S7006/CREATEORDER_V2_C1_F2_P10_C50_S7006_1788678486211,0.0,0.0,0.0,0.0,0.0,0.0,0.0,0.0,0.0,0.0,0.0,856.1245865324095,758.7481353316088,0,PASS
CREATEORDER_V2_C1_F2_P10_C50_S7007,/Users/nischithacn/paper3-exactly-once/results/phase6/runs/CREATEORDER_V2_C1_F2_P10_C50_S7007/CREATEORDER_V2_C1_F2_P10_C50_S7007_1788678733014,0.0,0.0,0.0,0.0,0.0,0.0,0.0,0.0,0.0,0.0,0.0,819.3773503866598,726.0946047931408,0,PASS
CREATEORDER_V2_C1_F2_P10_C50_S7008,/Users/nischithacn/paper3-exactly-once/results/phase6/runs/CREATEORDER_V2_C1_F2_P10_C50_S7008/CREATEORDER_V2_C1_F2_P10_C50_S7008_1788678988715,0.0,0.0,0.0,0.0,0.0,0.0,0.0,0.0,0.0,0.0,0.0,892.0740899547062,752.684114069857,0,PASS
CREATEORDER_V2_C1_F2_P10_C50_S7009,/Users/nischithacn/paper3-exactly-once/results/phase6/runs/CREATEORDER_V2_C1_F2_P10_C50_S7009/CREATEORDER_V2_C1_F2_P10_C50_S7009_1788679238594,0.0,0.0,0.0,0.0,0.0,0.0,0.0,0.0,0.0,0.0,0.0,668.2969231650472,551.5996064278817,0,PASS
CREATEORDER_V2_C1_F3_P10_C10_S7000,/Users/nischithacn/paper3-exactly-once/results/phase6/runs/CREATEORDER_V2_C1_F3_P10_C10_S7000/CREATEORDER_V2_C1_F3_P10_C10_S7000_1788143754692,0.0,0.0,0.0,0.0,0.0,0.0,0.0,0.0,0.0,0.0,0.0,228.71238957220382,205.12067432451417,0,PASS
CREATEORDER_V2_C1_F3_P10_C10_S7001,/Users/nischithacn/paper3-exactly-once/results/phase6/runs/CREATEORDER_V2_C1_F3_P10_C10_S7001/CREATEORDER_V2_C1_F3_P10_C10_S7001_1788332442513,0.0,0.0,0.0,0.0,0.0,0.0,0.0,0.0,0.0,0.0,0.0,246.4249787678025,216.17386437639996,0,PASS
CREATEORDER_V2_C1_F3_P10_C10_S7002,/Users/nischithacn/paper3-exactly-once/results/phase6/runs/CREATEORDER_V2_C1_F3_P10_C10_S7002/CREATEORDER_V2_C1_F3_P10_C10_S7002_1788333890507,0.0,0.0,0.0,0.0,0.0,0.0,0.0,0.0,0.0,0.0,0.0,233.9620592140154,210.5379105716243,0,PASS
CREATEORDER_V2_C1_F3_P10_C10_S7003,/Users/nischithacn/paper3-exactly-once/results/phase6/runs/CREATEORDER_V2_C1_F3_P10_C10_S7003/CREATEORDER_V2_C1_F3_P10_C10_S7003_1788336081556,0.0,0.0,0.0,0.0,0.0,0.0,0.0,0.0,0.0,0.0,0.0,235.28530457452524,212.45700868678506,0,PASS
CREATEORDER_V2_C1_F3_P10_C10_S7004,/Users/nischithacn/paper3-exactly-once/results/phase6/runs/CREATEORDER_V2_C1_F3_P10_C10_S7004/CREATEORDER_V2_C1_F3_P10_C10_S7004_1788364532619,0.0,0.0,0.0,0.0,0.0,0.0,0.0,0.0,0.0,0.0,0.0,252.12927547632313,228.67366082934493,0,PASS
CREATEORDER_V2_C1_F3_P10_C10_S7005,/Users/nischithacn/paper3-exactly-once/results/phase6/runs/CREATEORDER_V2_C1_F3_P10_C10_S7005/CREATEORDER_V2_C1_F3_P10_C10_S7005_1788365863295,0.0,0.0,0.0,0.0,0.0,0.0,0.0,0.0,0.0,0.0,0.0,236.8631557134687,214.71578241864026,0,PASS
CREATEORDER_V2_C1_F3_P10_C10_S7006,/Users/nischithacn/paper3-exactly-once/results/phase6/runs/CREATEORDER_V2_C1_F3_P10_C10_S7006/CREATEORDER_V2_C1_F3_P10_C10_S7006_1788367331262,0.0,0.0,0.0,0.0,0.0,0.0,0.0,0.0,0.0,0.0,0.0,244.93818693531685,215.6955233931505,0,PASS
CREATEORDER_V2_C1_F3_P10_C10_S7007,/Users/nischithacn/paper3-exactly-once/results/phase6/runs/CREATEORDER_V2_C1_F3_P10_C10_S7007/CREATEORDER_V2_C1_F3_P10_C10_S7007_1788368794216,0.0,0.0,0.0,0.0,0.0,0.0,0.0,0.0,0.0,0.0,0.0,238.53038625018056,215.82284515389156,0,PASS
CREATEORDER_V2_C1_F3_P10_C10_S7008,/Users/nischithacn/paper3-exactly-once/results/phase6/runs/CREATEORDER_V2_C1_F3_P10_C10_S7008/CREATEORDER_V2_C1_F3_P10_C10_S7008_1788372940441,0.0,0.0,0.0,0.0,0.0,0.0,0.0,0.0,0.0,0.0,0.0,246.2866435808953,223.362803548099,0,PASS
CREATEORDER_V2_C1_F3_P10_C10_S7009,/Users/nischithacn/paper3-exactly-once/results/phase6/runs/CREATEORDER_V2_C1_F3_P10_C10_S7009/CREATEORDER_V2_C1_F3_P10_C10_S7009_1788374630786,0.0,0.0,0.0,0.0,0.0,0.0,0.0,0.0,0.0,0.0,0.0,258.44645661915075,231.04550594527228,0,PASS
CREATEORDER_V2_C1_F3_P10_C50_CAP_S7000,/Users/nischithacn/paper3-exactly-once/results/phase6/runs/CREATEORDER_V2_C1_F3_P10_C50_CAP_S7000/CREATEORDER_V2_C1_F3_P10_C50_CAP_S7000_1788671059310,0.0,0.0,0.0,0.0,0.0,0.0,0.0,0.0,0.0,0.0,0.0,1025.0940927356476,895.1201390805755,0,PASS
CREATEORDER_V2_C1_F3_P10_C50_CAP_S7001,/Users/nischithacn/paper3-exactly-once/results/phase6/runs/CREATEORDER_V2_C1_F3_P10_C50_CAP_S7001/CREATEORDER_V2_C1_F3_P10_C50_CAP_S7001_1788671411879,0.0,0.0,0.0,0.0,0.0,0.0,0.0,0.0,0.0,0.0,0.0,968.7287730625154,841.3482292127028,0,PASS
CREATEORDER_V2_C1_F3_P10_C50_CAP_S7002,/Users/nischithacn/paper3-exactly-once/results/phase6/runs/CREATEORDER_V2_C1_F3_P10_C50_CAP_S7002/CREATEORDER_V2_C1_F3_P10_C50_CAP_S7002_1788671770768,0.0,0.0,0.0,0.0,0.0,0.0,0.0,0.0,0.0,0.0,0.0,1025.3751943585667,890.6910945521963,0,PASS
CREATEORDER_V2_C1_F3_P10_C50_CAP_S7003,/Users/nischithacn/paper3-exactly-once/results/phase6/runs/CREATEORDER_V2_C1_F3_P10_C50_CAP_S7003/CREATEORDER_V2_C1_F3_P10_C50_CAP_S7003_1788672132113,0.0,0.0,0.0,0.0,0.0,0.0,0.0,0.0,0.0,0.0,0.0,923.7587764488273,813.4171442641045,0,PASS
CREATEORDER_V2_C1_F3_P10_C50_CAP_S7004,/Users/nischithacn/paper3-exactly-once/results/phase6/runs/CREATEORDER_V2_C1_F3_P10_C50_CAP_S7004/CREATEORDER_V2_C1_F3_P10_C50_CAP_S7004_1788672518997,0.0,0.0,0.0,0.0,0.0,0.0,0.0,0.0,0.0,0.0,0.0,700.2373939901314,576.0502400261981,0,PASS
CREATEORDER_V2_C1_F3_P10_C50_CAP_S7005,/Users/nischithacn/paper3-exactly-once/results/phase6/runs/CREATEORDER_V2_C1_F3_P10_C50_CAP_S7005/CREATEORDER_V2_C1_F3_P10_C50_CAP_S7005_1788672900205,0.0,0.0,0.0,0.0,0.0,0.0,0.0,0.0,0.0,0.0,0.0,937.2550749443576,823.704472956702,0,PASS
CREATEORDER_V2_C1_F3_P10_C50_CAP_S7006,/Users/nischithacn/paper3-exactly-once/results/phase6/runs/CREATEORDER_V2_C1_F3_P10_C50_CAP_S7006/CREATEORDER_V2_C1_F3_P10_C50_CAP_S7006_1788673290617,0.0,0.0,0.0,0.0,0.0,0.0,0.0,0.0,0.0,0.0,0.0,798.4266538369272,708.6088433414037,0,PASS
CREATEORDER_V2_C1_F3_P10_C50_CAP_S7007,/Users/nischithacn/paper3-exactly-once/results/phase6/runs/CREATEORDER_V2_C1_F3_P10_C50_CAP_S7007/CREATEORDER_V2_C1_F3_P10_C50_CAP_S7007_1788673695588,0.0,0.0,0.0,0.0,0.0,0.0,0.0,0.0,0.0,0.0,0.0,849.887960302856,755.7033268283416,0,PASS
CREATEORDER_V2_C1_F3_P10_C50_CAP_S7008,/Users/nischithacn/paper3-exactly-once/results/phase6/runs/CREATEORDER_V2_C1_F3_P10_C50_CAP_S7008/CREATEORDER_V2_C1_F3_P10_C50_CAP_S7008_1788674087572,0.0,0.0,0.0,0.0,0.0,0.0,0.0,0.0,0.0,0.0,0.0,845.5832374729039,753.4754139336824,0,PASS
CREATEORDER_V2_C1_F3_P10_C50_CAP_S7009,/Users/nischithacn/paper3-exactly-once/results/phase6/runs/CREATEORDER_V2_C1_F3_P10_C50_CAP_S7009/CREATEORDER_V2_C1_F3_P10_C50_CAP_S7009_1788674485877,0.0,0.0,0.0,0.0,0.0,0.0,0.0,0.0,0.0,0.0,0.0,685.2288358748705,568.5947586330905,0,PASS
CREATEORDER_V2_C1_F3_P10_C50_S7000,/Users/nischithacn/paper3-exactly-once/results/phase6/runs/CREATEORDER_V2_C1_F3_P10_C50_S7000/CREATEORDER_V2_C1_F3_P10_C50_S7000_1788143804041,0.0,0.0,0.0,0.0,0.0,0.0,0.0,0.0,0.0,0.0,0.0,1041.119347068394,896.8547846097616,0,PASS
CREATEORDER_V2_C1_F3_P10_C50_S7001,/Users/nischithacn/paper3-exactly-once/results/phase6/runs/CREATEORDER_V2_C1_F3_P10_C50_S7001/CREATEORDER_V2_C1_F3_P10_C50_S7001_1788332489358,0.0,0.0,0.0,0.0,0.0,0.0,0.0,0.0,0.0,0.0,0.0,945.4364897337863,812.2743143974037,0,PASS
CREATEORDER_V2_C1_F3_P10_C50_S7002,/Users/nischithacn/paper3-exactly-once/results/phase6/runs/CREATEORDER_V2_C1_F3_P10_C50_S7002/CREATEORDER_V2_C1_F3_P10_C50_S7002_1788333938595,0.0,0.0,0.0,0.0,0.0,0.0,0.0,0.0,0.0,0.0,0.0,866.9225273809022,759.3176311166305,0,PASS
CREATEORDER_V2_C1_F3_P10_C50_S7003,/Users/nischithacn/paper3-exactly-once/results/phase6/runs/CREATEORDER_V2_C1_F3_P10_C50_S7003/CREATEORDER_V2_C1_F3_P10_C50_S7003_1788336129213,0.0,0.0,0.0,0.0,0.0,0.0,0.0,0.0,0.0,0.0,0.0,998.3708739434614,863.5755373906253,0,PASS
CREATEORDER_V2_C1_F3_P10_C50_S7004,/Users/nischithacn/paper3-exactly-once/results/phase6/runs/CREATEORDER_V2_C1_F3_P10_C50_S7004/CREATEORDER_V2_C1_F3_P10_C50_S7004_1788364583896,0.0,0.0,0.0,0.0,0.0,0.0,0.0,0.0,0.0,0.0,0.0,997.6800031322123,870.5863237521951,0,PASS
CREATEORDER_V2_C1_F3_P10_C50_S7005,/Users/nischithacn/paper3-exactly-once/results/phase6/runs/CREATEORDER_V2_C1_F3_P10_C50_S7005/CREATEORDER_V2_C1_F3_P10_C50_S7005_1788365910460,0.0,0.0,0.0,0.0,0.0,0.0,0.0,0.0,0.0,0.0,0.0,998.5088206408667,869.83221999146,0,PASS
CREATEORDER_V2_C1_F3_P10_C50_S7006,/Users/nischithacn/paper3-exactly-once/results/phase6/runs/CREATEORDER_V2_C1_F3_P10_C50_S7006/CREATEORDER_V2_C1_F3_P10_C50_S7006_1788367378213,0.0,0.0,0.0,0.0,0.0,0.0,0.0,0.0,0.0,0.0,0.0,956.0980822618775,825.9056115411412,0,PASS
CREATEORDER_V2_C1_F3_P10_C50_S7007,/Users/nischithacn/paper3-exactly-once/results/phase6/runs/CREATEORDER_V2_C1_F3_P10_C50_S7007/CREATEORDER_V2_C1_F3_P10_C50_S7007_1788368841140,0.0,0.0,0.0,0.0,0.0,0.0,0.0,0.0,0.0,0.0,0.0,1002.5558301136668,872.6402503168345,0,PASS
CREATEORDER_V2_C1_F3_P10_C50_S7008,/Users/nischithacn/paper3-exactly-once/results/phase6/runs/CREATEORDER_V2_C1_F3_P10_C50_S7008/CREATEORDER_V2_C1_F3_P10_C50_S7008_1788372985798,0.0,0.0,0.0,0.0,0.0,0.0,0.0,0.0,0.0,0.0,0.0,995.301279756942,861.8063244438105,0,PASS
CREATEORDER_V2_C1_F3_P10_C50_S7009,/Users/nischithacn/paper3-exactly-once/results/phase6/runs/CREATEORDER_V2_C1_F3_P10_C50_S7009/CREATEORDER_V2_C1_F3_P10_C50_S7009_1788374681302,0.0,0.0,0.0,0.0,0.0,0.0,0.0,0.0,0.0,0.0,0.0,998.2668924671251,870.0840263093178,0,PASS
CREATEORDER_V2_C1_F3_P1_C10_S7000,/Users/nischithacn/paper3-exactly-once/results/phase6/runs/CREATEORDER_V2_C1_F3_P1_C10_S7000/CREATEORDER_V2_C1_F3_P1_C10_S7000_1788143694725,0.0,0.0,0.0,0.0,0.0,0.0,0.0,0.0,0.0,0.0,0.0,963.2169426444507,843.8094216101634,0,PASS
CREATEORDER_V2_C1_F3_P1_C10_S7001,/Users/nischithacn/paper3-exactly-once/results/phase6/runs/CREATEORDER_V2_C1_F3_P1_C10_S7001/CREATEORDER_V2_C1_F3_P1_C10_S7001_1788332360199,0.0,0.0,0.0,0.0,0.0,0.0,0.0,0.0,0.0,0.0,0.0,883.0683309761287,750.0153738431374,0,PASS
CREATEORDER_V2_C1_F3_P1_C10_S7002,/Users/nischithacn/paper3-exactly-once/results/phase6/runs/CREATEORDER_V2_C1_F3_P1_C10_S7002/CREATEORDER_V2_C1_F3_P1_C10_S7002_1788333814067,0.0,0.0,0.0,0.0,0.0,0.0,0.0,0.0,0.0,0.0,0.0,742.5327798530936,639.1031628056728,0,PASS
CREATEORDER_V2_C1_F3_P1_C10_S7003,/Users/nischithacn/paper3-exactly-once/results/phase6/runs/CREATEORDER_V2_C1_F3_P1_C10_S7003/CREATEORDER_V2_C1_F3_P1_C10_S7003_1788336012681,0.0,0.0,0.0,0.0,0.0,0.0,0.0,0.0,0.0,0.0,0.0,854.9313376216902,733.1771293283857,0,PASS
CREATEORDER_V2_C1_F3_P1_C10_S7004,/Users/nischithacn/paper3-exactly-once/results/phase6/runs/CREATEORDER_V2_C1_F3_P1_C10_S7004/CREATEORDER_V2_C1_F3_P1_C10_S7004_1788364467912,0.0,0.0,0.0,0.0,0.0,0.0,0.0,0.0,0.0,0.0,0.0,714.5875264106905,576.1086489081754,0,PASS
CREATEORDER_V2_C1_F3_P1_C10_S7005,/Users/nischithacn/paper3-exactly-once/results/phase6/runs/CREATEORDER_V2_C1_F3_P1_C10_S7005/CREATEORDER_V2_C1_F3_P1_C10_S7005_1788365777326,0.0,0.0,0.0,0.0,0.0,0.0,0.0,0.0,0.0,0.0,0.0,865.0798119567474,740.2104251240623,0,PASS
CREATEORDER_V2_C1_F3_P1_C10_S7006,/Users/nischithacn/paper3-exactly-once/results/phase6/runs/CREATEORDER_V2_C1_F3_P1_C10_S7006/CREATEORDER_V2_C1_F3_P1_C10_S7006_1788367247874,0.0,0.0,0.0,0.0,0.0,0.0,0.0,0.0,0.0,0.0,0.0,874.5037358139306,746.8998468325221,0,PASS
CREATEORDER_V2_C1_F3_P1_C10_S7007,/Users/nischithacn/paper3-exactly-once/results/phase6/runs/CREATEORDER_V2_C1_F3_P1_C10_S7007/CREATEORDER_V2_C1_F3_P1_C10_S7007_1788368725722,0.0,0.0,0.0,0.0,0.0,0.0,0.0,0.0,0.0,0.0,0.0,839.3216211428722,721.0875219725351,0,PASS
CREATEORDER_V2_C1_F3_P1_C10_S7008,/Users/nischithacn/paper3-exactly-once/results/phase6/runs/CREATEORDER_V2_C1_F3_P1_C10_S7008/CREATEORDER_V2_C1_F3_P1_C10_S7008_1788372872927,0.0,0.0,0.0,0.0,0.0,0.0,0.0,0.0,0.0,0.0,0.0,868.6415141449074,737.781528608765,0,PASS
CREATEORDER_V2_C1_F3_P1_C10_S7009,/Users/nischithacn/paper3-exactly-once/results/phase6/runs/CREATEORDER_V2_C1_F3_P1_C10_S7009/CREATEORDER_V2_C1_F3_P1_C10_S7009_1788374564407,0.0,0.0,0.0,0.0,0.0,0.0,0.0,0.0,0.0,0.0,0.0,719.7510919380542,582.719279856742,0,PASS
CREATEORDER_V2_C1_F3_P1_C50_S7000,/Users/nischithacn/paper3-exactly-once/results/phase6/runs/CREATEORDER_V2_C1_F3_P1_C50_S7000/CREATEORDER_V2_C1_F3_P1_C50_S7000_1788143707159,0.0,0.0,0.0,0.0,0.0,0.0,0.0,0.0,0.0,0.0,0.0,1447.3246517631787,1231.8960531313444,0,PASS
CREATEORDER_V2_C1_F3_P1_C50_S7001,/Users/nischithacn/paper3-exactly-once/results/phase6/runs/CREATEORDER_V2_C1_F3_P1_C50_S7001/CREATEORDER_V2_C1_F3_P1_C50_S7001_1788332374072,0.0,0.0,0.0,0.0,0.0,0.0,0.0,0.0,0.0,0.0,0.0,1310.5479905762368,1123.4293686007804,0,PASS
CREATEORDER_V2_C1_F3_P1_C50_S7002,/Users/nischithacn/paper3-exactly-once/results/phase6/runs/CREATEORDER_V2_C1_F3_P1_C50_S7002/CREATEORDER_V2_C1_F3_P1_C50_S7002_1788333837361,0.0,0.0,0.0,0.0,0.0,0.0,0.0,0.0,0.0,0.0,0.0,1150.8598802610775,981.1375359920264,0,PASS
CREATEORDER_V2_C1_F3_P1_C50_S7003,/Users/nischithacn/paper3-exactly-once/results/phase6/runs/CREATEORDER_V2_C1_F3_P1_C50_S7003/CREATEORDER_V2_C1_F3_P1_C50_S7003_1788336026865,0.0,0.0,0.0,0.0,0.0,0.0,0.0,0.0,0.0,0.0,0.0,1304.7458541470164,1112.1651843866189,0,PASS
CREATEORDER_V2_C1_F3_P1_C50_S7004,/Users/nischithacn/paper3-exactly-once/results/phase6/runs/CREATEORDER_V2_C1_F3_P1_C50_S7004/CREATEORDER_V2_C1_F3_P1_C50_S7004_1788364485827,0.0,0.0,0.0,0.0,0.0,0.0,0.0,0.0,0.0,0.0,0.0,1256.6754546676702,1064.6190640620705,0,PASS
CREATEORDER_V2_C1_F3_P1_C50_S7005,/Users/nischithacn/paper3-exactly-once/results/phase6/runs/CREATEORDER_V2_C1_F3_P1_C50_S7005/CREATEORDER_V2_C1_F3_P1_C50_S7005_1788365791385,0.0,0.0,0.0,0.0,0.0,0.0,0.0,0.0,0.0,0.0,0.0,1309.4841334276985,1108.6339434721722,0,PASS
CREATEORDER_V2_C1_F3_P1_C50_S7006,/Users/nischithacn/paper3-exactly-once/results/phase6/runs/CREATEORDER_V2_C1_F3_P1_C50_S7006/CREATEORDER_V2_C1_F3_P1_C50_S7006_1788367261812,0.0,0.0,0.0,0.0,0.0,0.0,0.0,0.0,0.0,0.0,0.0,1316.9055465052334,1122.4289636117992,0,PASS
CREATEORDER_V2_C1_F3_P1_C50_S7007,/Users/nischithacn/paper3-exactly-once/results/phase6/runs/CREATEORDER_V2_C1_F3_P1_C50_S7007/CREATEORDER_V2_C1_F3_P1_C50_S7007_1788368747148,0.0,0.0,0.0,0.0,0.0,0.0,0.0,0.0,0.0,0.0,0.0,1294.0521233813026,1111.6623963265745,0,PASS
CREATEORDER_V2_C1_F3_P1_C50_S7008,/Users/nischithacn/paper3-exactly-once/results/phase6/runs/CREATEORDER_V2_C1_F3_P1_C50_S7008/CREATEORDER_V2_C1_F3_P1_C50_S7008_1788372887034,0.0,0.0,0.0,0.0,0.0,0.0,0.0,0.0,0.0,0.0,0.0,1279.8611088225412,1095.9805852514544,0,PASS
CREATEORDER_V2_C1_F3_P1_C50_S7009,/Users/nischithacn/paper3-exactly-once/results/phase6/runs/CREATEORDER_V2_C1_F3_P1_C50_S7009/CREATEORDER_V2_C1_F3_P1_C50_S7009_1788374582119,0.0,0.0,0.0,0.0,0.0,0.0,0.0,0.0,0.0,0.0,0.0,1204.1968933397752,1020.1031610958617,0,PASS
CREATEORDER_V2_C1_F3_P20_C10_S7000,/Users/nischithacn/paper3-exactly-once/results/phase6/runs/CREATEORDER_V2_C1_F3_P20_C10_S7000/CREATEORDER_V2_C1_F3_P20_C10_S7000_1788143815789,0.0,0.0,0.0,0.0,0.0,0.0,0.0,0.0,0.0,0.0,0.0,124.86572102673266,113.16164448709453,0,PASS
CREATEORDER_V2_C1_F3_P20_C10_S7001,/Users/nischithacn/paper3-exactly-once/results/phase6/runs/CREATEORDER_V2_C1_F3_P20_C10_S7001/CREATEORDER_V2_C1_F3_P20_C10_S7001_1788332502261,0.0,0.0,0.0,0.0,0.0,0.0,0.0,0.0,0.0,0.0,0.0,130.51276300682537,118.38750974378688,0,PASS
CREATEORDER_V2_C1_F3_P20_C10_S7002,/Users/nischithacn/paper3-exactly-once/results/phase6/runs/CREATEORDER_V2_C1_F3_P20_C10_S7002/CREATEORDER_V2_C1_F3_P20_C10_S7002_1788333973534,0.0,0.0,0.0,0.0,0.0,0.0,0.0,0.0,0.0,0.0,0.0,132.65354405365977,119.83566846428093,0,PASS
CREATEORDER_V2_C1_F3_P20_C10_S7003,/Users/nischithacn/paper3-exactly-once/results/phase6/runs/CREATEORDER_V2_C1_F3_P20_C10_S7003/CREATEORDER_V2_C1_F3_P20_C10_S7003_1788336141369,0.0,0.0,0.0,0.0,0.0,0.0,0.0,0.0,0.0,0.0,0.0,129.87843343156806,118.5867741783784,0,PASS
CREATEORDER_V2_C1_F3_P20_C10_S7004,/Users/nischithacn/paper3-exactly-once/results/phase6/runs/CREATEORDER_V2_C1_F3_P20_C10_S7004/CREATEORDER_V2_C1_F3_P20_C10_S7004_1788364595976,0.0,0.0,0.0,0.0,0.0,0.0,0.0,0.0,0.0,0.0,0.0,137.54038189205062,124.35843636370396,0,PASS
CREATEORDER_V2_C1_F3_P20_C10_S7005,/Users/nischithacn/paper3-exactly-once/results/phase6/runs/CREATEORDER_V2_C1_F3_P20_C10_S7005/CREATEORDER_V2_C1_F3_P20_C10_S7005_1788365922551,0.0,0.0,0.0,0.0,0.0,0.0,0.0,0.0,0.0,0.0,0.0,130.71995359946288,118.73977155710456,0,PASS
CREATEORDER_V2_C1_F3_P20_C10_S7006,/Users/nischithacn/paper3-exactly-once/results/phase6/runs/CREATEORDER_V2_C1_F3_P20_C10_S7006/CREATEORDER_V2_C1_F3_P20_C10_S7006_1788367390922,0.0,0.0,0.0,0.0,0.0,0.0,0.0,0.0,0.0,0.0,0.0,131.65323463132475,118.6733177193315,0,PASS
CREATEORDER_V2_C1_F3_P20_C10_S7007,/Users/nischithacn/paper3-exactly-once/results/phase6/runs/CREATEORDER_V2_C1_F3_P20_C10_S7007/CREATEORDER_V2_C1_F3_P20_C10_S7007_1788368873622,0.0,0.0,0.0,0.0,0.0,0.0,0.0,0.0,0.0,0.0,0.0,132.2821222281039,118.40782234928562,0,PASS
CREATEORDER_V2_C1_F3_P20_C10_S7008,/Users/nischithacn/paper3-exactly-once/results/phase6/runs/CREATEORDER_V2_C1_F3_P20_C10_S7008/CREATEORDER_V2_C1_F3_P20_C10_S7008_1788372997992,0.0,0.0,0.0,0.0,0.0,0.0,0.0,0.0,0.0,0.0,0.0,131.0295578883305,118.48616683019435,0,PASS
CREATEORDER_V2_C1_F3_P20_C10_S7009,/Users/nischithacn/paper3-exactly-once/results/phase6/runs/CREATEORDER_V2_C1_F3_P20_C10_S7009/CREATEORDER_V2_C1_F3_P20_C10_S7009_1788374693403,0.0,0.0,0.0,0.0,0.0,0.0,0.0,0.0,0.0,0.0,0.0,127.94543655031002,115.7143581970338,0,PASS
CREATEORDER_V2_C1_F3_P20_C50_S7000,/Users/nischithacn/paper3-exactly-once/results/phase6/runs/CREATEORDER_V2_C1_F3_P20_C50_S7000/CREATEORDER_V2_C1_F3_P20_C50_S7000_1788143904797,0.0,0.0,0.0,0.0,0.0,0.0,0.0,0.0,0.0,0.0,0.0,656.0989314215135,582.7389694667885,0,PASS
CREATEORDER_V2_C1_F3_P20_C50_S7001,/Users/nischithacn/paper3-exactly-once/results/phase6/runs/CREATEORDER_V2_C1_F3_P20_C50_S7001/CREATEORDER_V2_C1_F3_P20_C50_S7001_1788332587374,0.0,0.0,0.0,0.0,0.0,0.0,0.0,0.0,0.0,0.0,0.0,634.2916557751782,562.6851492702614,0,PASS
CREATEORDER_V2_C1_F3_P20_C50_S7002,/Users/nischithacn/paper3-exactly-once/results/phase6/runs/CREATEORDER_V2_C1_F3_P20_C50_S7002/CREATEORDER_V2_C1_F3_P20_C50_S7002_1788334057628,0.0,0.0,0.0,0.0,0.0,0.0,0.0,0.0,0.0,0.0,0.0,636.5508860885209,560.1103772811125,0,PASS
CREATEORDER_V2_C1_F3_P20_C50_S7003,/Users/nischithacn/paper3-exactly-once/results/phase6/runs/CREATEORDER_V2_C1_F3_P20_C50_S7003/CREATEORDER_V2_C1_F3_P20_C50_S7003_1788336226325,0.0,0.0,0.0,0.0,0.0,0.0,0.0,0.0,0.0,0.0,0.0,644.2541852904175,571.8640354228959,0,PASS
CREATEORDER_V2_C1_F3_P20_C50_S7004,/Users/nischithacn/paper3-exactly-once/results/phase6/runs/CREATEORDER_V2_C1_F3_P20_C50_S7004/CREATEORDER_V2_C1_F3_P20_C50_S7004_1788364677015,0.0,0.0,0.0,0.0,0.0,0.0,0.0,0.0,0.0,0.0,0.0,664.1141135791913,588.4175056362776,0,PASS
CREATEORDER_V2_C1_F3_P20_C50_S7005,/Users/nischithacn/paper3-exactly-once/results/phase6/runs/CREATEORDER_V2_C1_F3_P20_C50_S7005/CREATEORDER_V2_C1_F3_P20_C50_S7005_1788366014498,0.0,0.0,0.0,0.0,0.0,0.0,0.0,0.0,0.0,0.0,0.0,641.8881517657638,569.1209356614437,0,PASS
CREATEORDER_V2_C1_F3_P20_C50_S7006,/Users/nischithacn/paper3-exactly-once/results/phase6/runs/CREATEORDER_V2_C1_F3_P20_C50_S7006/CREATEORDER_V2_C1_F3_P20_C50_S7006_1788367475817,0.0,0.0,0.0,0.0,0.0,0.0,0.0,0.0,0.0,0.0,0.0,657.6695298671654,582.3021843217963,0,PASS
CREATEORDER_V2_C1_F3_P20_C50_S7007,/Users/nischithacn/paper3-exactly-once/results/phase6/runs/CREATEORDER_V2_C1_F3_P20_C50_S7007/CREATEORDER_V2_C1_F3_P20_C50_S7007_1788368958709,0.0,0.0,0.0,0.0,0.0,0.0,0.0,0.0,0.0,0.0,0.0,663.934264951008,574.0706143273753,0,PASS
CREATEORDER_V2_C1_F3_P20_C50_S7008,/Users/nischithacn/paper3-exactly-once/results/phase6/runs/CREATEORDER_V2_C1_F3_P20_C50_S7008/CREATEORDER_V2_C1_F3_P20_C50_S7008_1788373083018,0.0,0.0,0.0,0.0,0.0,0.0,0.0,0.0,0.0,0.0,0.0,654.3326364171404,572.0429771988794,0,PASS
CREATEORDER_V2_C1_F3_P20_C50_S7009,/Users/nischithacn/paper3-exactly-once/results/phase6/runs/CREATEORDER_V2_C1_F3_P20_C50_S7009/CREATEORDER_V2_C1_F3_P20_C50_S7009_1788374780455,0.0,0.0,0.0,0.0,0.0,0.0,0.0,0.0,0.0,0.0,0.0,636.9498116434156,561.7780999917454,0,PASS
CREATEORDER_V2_C1_F3_P5_C10_S7000,/Users/nischithacn/paper3-exactly-once/results/phase6/runs/CREATEORDER_V2_C1_F3_P5_C10_S7000/CREATEORDER_V2_C1_F3_P5_C10_S7000_1788143715864,0.0,0.0,0.0,0.0,0.0,0.0,0.0,0.0,0.0,0.0,0.0,402.4378366160743,360.4241449900662,0,PASS
CREATEORDER_V2_C1_F3_P5_C10_S7001,/Users/nischithacn/paper3-exactly-once/results/phase6/runs/CREATEORDER_V2_C1_F3_P5_C10_S7001/CREATEORDER_V2_C1_F3_P5_C10_S7001_1788332383535,0.0,0.0,0.0,0.0,0.0,0.0,0.0,0.0,0.0,0.0,0.0,409.31968796447075,373.16067430282175,0,PASS
CREATEORDER_V2_C1_F3_P5_C10_S7002,/Users/nischithacn/paper3-exactly-once/results/phase6/runs/CREATEORDER_V2_C1_F3_P5_C10_S7002/CREATEORDER_V2_C1_F3_P5_C10_S7002_1788333848140,0.0,0.0,0.0,0.0,0.0,0.0,0.0,0.0,0.0,0.0,0.0,374.1087153556198,340.63687396694576,0,PASS
CREATEORDER_V2_C1_F3_P5_C10_S7003,/Users/nischithacn/paper3-exactly-once/results/phase6/runs/CREATEORDER_V2_C1_F3_P5_C10_S7003/CREATEORDER_V2_C1_F3_P5_C10_S7003_1788336036407,0.0,0.0,0.0,0.0,0.0,0.0,0.0,0.0,0.0,0.0,0.0,409.1691856046452,366.75925602794536,0,PASS
CREATEORDER_V2_C1_F3_P5_C10_S7004,/Users/nischithacn/paper3-exactly-once/results/phase6/runs/CREATEORDER_V2_C1_F3_P5_C10_S7004/CREATEORDER_V2_C1_F3_P5_C10_S7004_1788364495771,0.0,0.0,0.0,0.0,0.0,0.0,0.0,0.0,0.0,0.0,0.0,432.3600004284115,385.05410912556897,0,PASS
CREATEORDER_V2_C1_F3_P5_C10_S7005,/Users/nischithacn/paper3-exactly-once/results/phase6/runs/CREATEORDER_V2_C1_F3_P5_C10_S7005/CREATEORDER_V2_C1_F3_P5_C10_S7005_1788365822209,0.0,0.0,0.0,0.0,0.0,0.0,0.0,0.0,0.0,0.0,0.0,391.26388787014355,337.10358047576176,0,PASS
CREATEORDER_V2_C1_F3_P5_C10_S7006,/Users/nischithacn/paper3-exactly-once/results/phase6/runs/CREATEORDER_V2_C1_F3_P5_C10_S7006/CREATEORDER_V2_C1_F3_P5_C10_S7006_1788367271269,0.0,0.0,0.0,0.0,0.0,0.0,0.0,0.0,0.0,0.0,0.0,393.9804784892716,355.62670513464934,0,PASS
CREATEORDER_V2_C1_F3_P5_C10_S7007,/Users/nischithacn/paper3-exactly-once/results/phase6/runs/CREATEORDER_V2_C1_F3_P5_C10_S7007/CREATEORDER_V2_C1_F3_P5_C10_S7007_1788368756701,0.0,0.0,0.0,0.0,0.0,0.0,0.0,0.0,0.0,0.0,0.0,420.6967308154931,379.16760445990644,0,PASS
CREATEORDER_V2_C1_F3_P5_C10_S7008,/Users/nischithacn/paper3-exactly-once/results/phase6/runs/CREATEORDER_V2_C1_F3_P5_C10_S7008/CREATEORDER_V2_C1_F3_P5_C10_S7008_1788372896725,0.0,0.0,0.0,0.0,0.0,0.0,0.0,0.0,0.0,0.0,0.0,424.9893025766326,379.23306079477294,0,PASS
CREATEORDER_V2_C1_F3_P5_C10_S7009,/Users/nischithacn/paper3-exactly-once/results/phase6/runs/CREATEORDER_V2_C1_F3_P5_C10_S7009/CREATEORDER_V2_C1_F3_P5_C10_S7009_1788374592468,0.0,0.0,0.0,0.0,0.0,0.0,0.0,0.0,0.0,0.0,0.0,408.3226797297349,366.15484129865797,0,PASS
CREATEORDER_V2_C1_F3_P5_C50_S7000,/Users/nischithacn/paper3-exactly-once/results/phase6/runs/CREATEORDER_V2_C1_F3_P5_C50_S7000/CREATEORDER_V2_C1_F3_P5_C50_S7000_1788143744210,0.0,0.0,0.0,0.0,0.0,0.0,0.0,0.0,0.0,0.0,0.0,1300.4511500500237,1112.4806722482235,0,PASS
CREATEORDER_V2_C1_F3_P5_C50_S7001,/Users/nischithacn/paper3-exactly-once/results/phase6/runs/CREATEORDER_V2_C1_F3_P5_C50_S7001/CREATEORDER_V2_C1_F3_P5_C50_S7001_1788332410898,0.0,0.0,0.0,0.0,0.0,0.0,0.0,0.0,0.0,0.0,0.0,1163.9988215435515,1004.8245812204758,0,PASS
CREATEORDER_V2_C1_F3_P5_C50_S7002,/Users/nischithacn/paper3-exactly-once/results/phase6/runs/CREATEORDER_V2_C1_F3_P5_C50_S7002/CREATEORDER_V2_C1_F3_P5_C50_S7002_1788333878061,0.0,0.0,0.0,0.0,0.0,0.0,0.0,0.0,0.0,0.0,0.0,949.9221013888399,843.9069924960497,0,PASS
CREATEORDER_V2_C1_F3_P5_C50_S7003,/Users/nischithacn/paper3-exactly-once/results/phase6/runs/CREATEORDER_V2_C1_F3_P5_C50_S7003/CREATEORDER_V2_C1_F3_P5_C50_S7003_1788336071264,0.0,0.0,0.0,0.0,0.0,0.0,0.0,0.0,0.0,0.0,0.0,1194.3069118392882,1030.5450428933898,0,PASS
CREATEORDER_V2_C1_F3_P5_C50_S7004,/Users/nischithacn/paper3-exactly-once/results/phase6/runs/CREATEORDER_V2_C1_F3_P5_C50_S7004/CREATEORDER_V2_C1_F3_P5_C50_S7004_1788364522302,0.0,0.0,0.0,0.0,0.0,0.0,0.0,0.0,0.0,0.0,0.0,1198.4735856307889,1026.492451984976,0,PASS
CREATEORDER_V2_C1_F3_P5_C50_S7005,/Users/nischithacn/paper3-exactly-once/results/phase6/runs/CREATEORDER_V2_C1_F3_P5_C50_S7005/CREATEORDER_V2_C1_F3_P5_C50_S7005_1788365852433,0.0,0.0,0.0,0.0,0.0,0.0,0.0,0.0,0.0,0.0,0.0,1149.770113357636,972.0679801256402,0,PASS
CREATEORDER_V2_C1_F3_P5_C50_S7006,/Users/nischithacn/paper3-exactly-once/results/phase6/runs/CREATEORDER_V2_C1_F3_P5_C50_S7006/CREATEORDER_V2_C1_F3_P5_C50_S7006_1788367299952,0.0,0.0,0.0,0.0,0.0,0.0,0.0,0.0,0.0,0.0,0.0,1165.2092189316384,1005.2205125951065,0,PASS
CREATEORDER_V2_C1_F3_P5_C50_S7007,/Users/nischithacn/paper3-exactly-once/results/phase6/runs/CREATEORDER_V2_C1_F3_P5_C50_S7007/CREATEORDER_V2_C1_F3_P5_C50_S7007_1788368783646,0.0,0.0,0.0,0.0,0.0,0.0,0.0,0.0,0.0,0.0,0.0,1158.6760966230465,1000.2605878697312,0,PASS
CREATEORDER_V2_C1_F3_P5_C50_S7008,/Users/nischithacn/paper3-exactly-once/results/phase6/runs/CREATEORDER_V2_C1_F3_P5_C50_S7008/CREATEORDER_V2_C1_F3_P5_C50_S7008_1788372930130,0.0,0.0,0.0,0.0,0.0,0.0,0.0,0.0,0.0,0.0,0.0,1204.9422609042388,1027.0078341502074,0,PASS
CREATEORDER_V2_C1_F3_P5_C50_S7009,/Users/nischithacn/paper3-exactly-once/results/phase6/runs/CREATEORDER_V2_C1_F3_P5_C50_S7009/CREATEORDER_V2_C1_F3_P5_C50_S7009_1788374620343,0.0,0.0,0.0,0.0,0.0,0.0,0.0,0.0,0.0,0.0,0.0,1180.1574149481623,1013.360947068654,0,PASS
CREATEORDER_V2_C1_F4_P10_C10_S7000,/Users/nischithacn/paper3-exactly-once/results/phase6/runs/CREATEORDER_V2_C1_F4_P10_C10_S7000/CREATEORDER_V2_C1_F4_P10_C10_S7000_1788148220017,0.0,0.0,0.0,0.0,0.0,0.0,0.0,0.0,0.0,0.0,0.0,47.67566612292384,42.915630364867546,0,PASS
CREATEORDER_V2_C1_F4_P10_C10_S7001,/Users/nischithacn/paper3-exactly-once/results/phase6/runs/CREATEORDER_V2_C1_F4_P10_C10_S7001/CREATEORDER_V2_C1_F4_P10_C10_S7001_1788378745848,0.0,0.0,0.0,0.0,0.0,0.0,0.0,0.0,0.0,0.0,0.0,45.178775285172904,41.085978517446236,0,PASS
CREATEORDER_V2_C1_F4_P10_C10_S7002,/Users/nischithacn/paper3-exactly-once/results/phase6/runs/CREATEORDER_V2_C1_F4_P10_C10_S7002/CREATEORDER_V2_C1_F4_P10_C10_S7002_1788383218300,0.0,0.0,0.0,0.0,0.0,0.0,0.0,0.0,0.0,0.0,0.0,48.11428473299457,44.03380435286113,0,PASS
CREATEORDER_V2_C1_F4_P10_C10_S7003,/Users/nischithacn/paper3-exactly-once/results/phase6/runs/CREATEORDER_V2_C1_F4_P10_C10_S7003/CREATEORDER_V2_C1_F4_P10_C10_S7003_1788386716532,0.0,0.0,0.0,0.0,0.0,0.0,0.0,0.0,0.0,0.0,0.0,45.33482828416044,41.350787148448276,0,PASS
CREATEORDER_V2_C1_F4_P10_C10_S7004,/Users/nischithacn/paper3-exactly-once/results/phase6/runs/CREATEORDER_V2_C1_F4_P10_C10_S7004/CREATEORDER_V2_C1_F4_P10_C10_S7004_1788390450623,0.0,0.0,0.0,0.0,0.0,0.0,0.0,0.0,0.0,0.0,0.0,46.26699707129956,42.42725586466782,0,PASS
CREATEORDER_V2_C1_F4_P10_C10_S7005,/Users/nischithacn/paper3-exactly-once/results/phase6/runs/CREATEORDER_V2_C1_F4_P10_C10_S7005/CREATEORDER_V2_C1_F4_P10_C10_S7005_1788394179059,0.0,0.0,0.0,0.0,0.0,0.0,0.0,0.0,0.0,0.0,0.0,46.655320234418895,42.817121346212375,0,PASS
CREATEORDER_V2_C1_F4_P10_C10_S7006,/Users/nischithacn/paper3-exactly-once/results/phase6/runs/CREATEORDER_V2_C1_F4_P10_C10_S7006/CREATEORDER_V2_C1_F4_P10_C10_S7006_1788402069002,0.0,0.0,0.0,0.0,0.0,0.0,0.0,0.0,0.0,0.0,0.0,46.13216975125566,42.297458014243794,0,PASS
CREATEORDER_V2_C1_F4_P10_C10_S7007,/Users/nischithacn/paper3-exactly-once/results/phase6/runs/CREATEORDER_V2_C1_F4_P10_C10_S7007/CREATEORDER_V2_C1_F4_P10_C10_S7007_1788407381943,0.0,0.0,0.0,0.0,0.0,0.0,0.0,0.0,0.0,0.0,0.0,46.30012952344841,42.17683339977346,0,PASS
CREATEORDER_V2_C1_F4_P10_C10_S7008,/Users/nischithacn/paper3-exactly-once/results/phase6/runs/CREATEORDER_V2_C1_F4_P10_C10_S7008/CREATEORDER_V2_C1_F4_P10_C10_S7008_1788410914855,0.0,0.0,0.0,0.0,0.0,0.0,0.0,0.0,0.0,0.0,0.0,47.381266083857504,43.02938374639895,0,PASS
CREATEORDER_V2_C1_F4_P10_C10_S7009,/Users/nischithacn/paper3-exactly-once/results/phase6/runs/CREATEORDER_V2_C1_F4_P10_C10_S7009/CREATEORDER_V2_C1_F4_P10_C10_S7009_1788415667096,0.0,0.0,0.0,0.0,0.0,0.0,0.0,0.0,0.0,0.0,0.0,45.892922197275695,42.06679352345829,0,PASS
CREATEORDER_V2_C1_F4_P10_C50_S7000,/Users/nischithacn/paper3-exactly-once/results/phase6/runs/CREATEORDER_V2_C1_F4_P10_C50_S7000/CREATEORDER_V2_C1_F4_P10_C50_S7000_1788148453575,0.0,0.0,0.0,0.0,0.0,0.0,0.0,0.0,0.0,0.0,0.0,192.84398374287642,182.8907324126515,0,PASS
CREATEORDER_V2_C1_F4_P10_C50_S7001,/Users/nischithacn/paper3-exactly-once/results/phase6/runs/CREATEORDER_V2_C1_F4_P10_C50_S7001/CREATEORDER_V2_C1_F4_P10_C50_S7001_1788378989773,0.0,0.0,0.0,0.0,0.0,0.0,0.0,0.0,0.0,0.0,0.0,183.66029392808997,169.61656715895512,0,PASS
CREATEORDER_V2_C1_F4_P10_C50_S7002,/Users/nischithacn/paper3-exactly-once/results/phase6/runs/CREATEORDER_V2_C1_F4_P10_C50_S7002/CREATEORDER_V2_C1_F4_P10_C50_S7002_1788383445970,0.0,0.0,0.0,0.0,0.0,0.0,0.0,0.0,0.0,0.0,0.0,191.48894168053087,181.556489315253,0,PASS
CREATEORDER_V2_C1_F4_P10_C50_S7003,/Users/nischithacn/paper3-exactly-once/results/phase6/runs/CREATEORDER_V2_C1_F4_P10_C50_S7003/CREATEORDER_V2_C1_F4_P10_C50_S7003_1788386958895,0.0,0.0,0.0,0.0,0.0,0.0,0.0,0.0,0.0,0.0,0.0,191.1026581879187,176.13812414071958,0,PASS
CREATEORDER_V2_C1_F4_P10_C50_S7004,/Users/nischithacn/paper3-exactly-once/results/phase6/runs/CREATEORDER_V2_C1_F4_P10_C50_S7004/CREATEORDER_V2_C1_F4_P10_C50_S7004_1788390693937,0.0,0.0,0.0,0.0,0.0,0.0,0.0,0.0,0.0,0.0,0.0,190.99729248401667,175.61358399483197,0,PASS
CREATEORDER_V2_C1_F4_P10_C50_S7005,/Users/nischithacn/paper3-exactly-once/results/phase6/runs/CREATEORDER_V2_C1_F4_P10_C50_S7005/CREATEORDER_V2_C1_F4_P10_C50_S7005_1788394413174,0.0,0.0,0.0,0.0,0.0,0.0,0.0,0.0,0.0,0.0,0.0,183.79569594386646,169.509102140689,0,PASS
CREATEORDER_V2_C1_F4_P10_C50_S7006,/Users/nischithacn/paper3-exactly-once/results/phase6/runs/CREATEORDER_V2_C1_F4_P10_C50_S7006/CREATEORDER_V2_C1_F4_P10_C50_S7006_1788402305965,0.0,0.0,0.0,0.0,0.0,0.0,0.0,0.0,0.0,0.0,0.0,184.8899016355628,175.39885438976668,0,PASS
CREATEORDER_V2_C1_F4_P10_C50_S7007,/Users/nischithacn/paper3-exactly-once/results/phase6/runs/CREATEORDER_V2_C1_F4_P10_C50_S7007/CREATEORDER_V2_C1_F4_P10_C50_S7007_1788407619581,0.0,0.0,0.0,0.0,0.0,0.0,0.0,0.0,0.0,0.0,0.0,195.44181183999746,179.54332565349688,0,PASS
CREATEORDER_V2_C1_F4_P10_C50_S7008,/Users/nischithacn/paper3-exactly-once/results/phase6/runs/CREATEORDER_V2_C1_F4_P10_C50_S7008/CREATEORDER_V2_C1_F4_P10_C50_S7008_1788411147799,0.0,0.0,0.0,0.0,0.0,0.0,0.0,0.0,0.0,0.0,0.0,200.05334655427626,189.26410015863053,0,PASS
CREATEORDER_V2_C1_F4_P10_C50_S7009,/Users/nischithacn/paper3-exactly-once/results/phase6/runs/CREATEORDER_V2_C1_F4_P10_C50_S7009/CREATEORDER_V2_C1_F4_P10_C50_S7009_1788415912387,0.0,0.0,0.0,0.0,0.0,0.0,0.0,0.0,0.0,0.0,0.0,183.61162384489123,169.17912602065368,0,PASS
CREATEORDER_V2_C1_F4_P1_C10_S7000,/Users/nischithacn/paper3-exactly-once/results/phase6/runs/CREATEORDER_V2_C1_F4_P1_C10_S7000/CREATEORDER_V2_C1_F4_P1_C10_S7000_1788144586248,0.0,0.0,0.0,0.0,0.0,0.0,0.0,0.0,0.0,0.0,0.0,323.3455229511964,294.1266870307169,0,PASS
CREATEORDER_V2_C1_F4_P1_C10_S7001,/Users/nischithacn/paper3-exactly-once/results/phase6/runs/CREATEORDER_V2_C1_F4_P1_C10_S7001/CREATEORDER_V2_C1_F4_P1_C10_S7001_1788378533665,0.0,0.0,0.0,0.0,0.0,0.0,0.0,0.0,0.0,0.0,0.0,339.11191296920117,306.38402886877986,0,PASS
CREATEORDER_V2_C1_F4_P1_C10_S7002,/Users/nischithacn/paper3-exactly-once/results/phase6/runs/CREATEORDER_V2_C1_F4_P1_C10_S7002/CREATEORDER_V2_C1_F4_P1_C10_S7002_1788383016634,0.0,0.0,0.0,0.0,0.0,0.0,0.0,0.0,0.0,0.0,0.0,306.9697734193734,289.28030215172186,0,PASS
CREATEORDER_V2_C1_F4_P1_C10_S7003,/Users/nischithacn/paper3-exactly-once/results/phase6/runs/CREATEORDER_V2_C1_F4_P1_C10_S7003/CREATEORDER_V2_C1_F4_P1_C10_S7003_1788386512011,0.0,0.0,0.0,0.0,0.0,0.0,0.0,0.0,0.0,0.0,0.0,337.6344691403573,309.351813755915,0,PASS
CREATEORDER_V2_C1_F4_P1_C10_S7004,/Users/nischithacn/paper3-exactly-once/results/phase6/runs/CREATEORDER_V2_C1_F4_P1_C10_S7004/CREATEORDER_V2_C1_F4_P1_C10_S7004_1788390255966,0.0,0.0,0.0,0.0,0.0,0.0,0.0,0.0,0.0,0.0,0.0,359.73812482364974,320.65264183413103,0,PASS
CREATEORDER_V2_C1_F4_P1_C10_S7005,/Users/nischithacn/paper3-exactly-once/results/phase6/runs/CREATEORDER_V2_C1_F4_P1_C10_S7005/CREATEORDER_V2_C1_F4_P1_C10_S7005_1788393962923,0.0,0.0,0.0,0.0,0.0,0.0,0.0,0.0,0.0,0.0,0.0,365.52890141880647,322.4916782955934,0,PASS
CREATEORDER_V2_C1_F4_P1_C10_S7006,/Users/nischithacn/paper3-exactly-once/results/phase6/runs/CREATEORDER_V2_C1_F4_P1_C10_S7006/CREATEORDER_V2_C1_F4_P1_C10_S7006_1788401858678,0.0,0.0,0.0,0.0,0.0,0.0,0.0,0.0,0.0,0.0,0.0,321.7714836997617,294.3148478201141,0,PASS
CREATEORDER_V2_C1_F4_P1_C10_S7007,/Users/nischithacn/paper3-exactly-once/results/phase6/runs/CREATEORDER_V2_C1_F4_P1_C10_S7007/CREATEORDER_V2_C1_F4_P1_C10_S7007_1788407187964,0.0,0.0,0.0,0.0,0.0,0.0,0.0,0.0,0.0,0.0,0.0,385.5892483077936,354.0944441070351,0,PASS
CREATEORDER_V2_C1_F4_P1_C10_S7008,/Users/nischithacn/paper3-exactly-once/results/phase6/runs/CREATEORDER_V2_C1_F4_P1_C10_S7008/CREATEORDER_V2_C1_F4_P1_C10_S7008_1788410708692,0.0,0.0,0.0,0.0,0.0,0.0,0.0,0.0,0.0,0.0,0.0,310.6493461323734,284.89561804833585,0,PASS
CREATEORDER_V2_C1_F4_P1_C10_S7009,/Users/nischithacn/paper3-exactly-once/results/phase6/runs/CREATEORDER_V2_C1_F4_P1_C10_S7009/CREATEORDER_V2_C1_F4_P1_C10_S7009_1788415464012,0.0,0.0,0.0,0.0,0.0,0.0,0.0,0.0,0.0,0.0,0.0,317.401882327657,278.7520562206267,0,PASS
CREATEORDER_V2_C1_F4_P1_C50_S7000,/Users/nischithacn/paper3-exactly-once/results/phase6/runs/CREATEORDER_V2_C1_F4_P1_C50_S7000/CREATEORDER_V2_C1_F4_P1_C50_S7000_1788144620791,0.0,0.0,0.0,0.0,0.0,0.0,0.0,0.0,0.0,0.0,0.0,1145.7619645798366,1027.8528421379515,0,PASS
CREATEORDER_V2_C1_F4_P1_C50_S7001,/Users/nischithacn/paper3-exactly-once/results/phase6/runs/CREATEORDER_V2_C1_F4_P1_C50_S7001/CREATEORDER_V2_C1_F4_P1_C50_S7001_1788378566850,0.0,0.0,0.0,0.0,0.0,0.0,0.0,0.0,0.0,0.0,0.0,1075.253165441243,961.6018750106751,0,PASS
CREATEORDER_V2_C1_F4_P1_C50_S7002,/Users/nischithacn/paper3-exactly-once/results/phase6/runs/CREATEORDER_V2_C1_F4_P1_C50_S7002/CREATEORDER_V2_C1_F4_P1_C50_S7002_1788383058527,0.0,0.0,0.0,0.0,0.0,0.0,0.0,0.0,0.0,0.0,0.0,1020.936144707526,915.3713649334426,0,PASS
CREATEORDER_V2_C1_F4_P1_C50_S7003,/Users/nischithacn/paper3-exactly-once/results/phase6/runs/CREATEORDER_V2_C1_F4_P1_C50_S7003/CREATEORDER_V2_C1_F4_P1_C50_S7003_1788386544872,0.0,0.0,0.0,0.0,0.0,0.0,0.0,0.0,0.0,0.0,0.0,1099.486138893726,982.6291765595033,0,PASS
CREATEORDER_V2_C1_F4_P1_C50_S7004,/Users/nischithacn/paper3-exactly-once/results/phase6/runs/CREATEORDER_V2_C1_F4_P1_C50_S7004/CREATEORDER_V2_C1_F4_P1_C50_S7004_1788390287705,0.0,0.0,0.0,0.0,0.0,0.0,0.0,0.0,0.0,0.0,0.0,1023.8330772146085,914.0051881398008,0,PASS
CREATEORDER_V2_C1_F4_P1_C50_S7005,/Users/nischithacn/paper3-exactly-once/results/phase6/runs/CREATEORDER_V2_C1_F4_P1_C50_S7005/CREATEORDER_V2_C1_F4_P1_C50_S7005_1788393994477,0.0,0.0,0.0,0.0,0.0,0.0,0.0,0.0,0.0,0.0,0.0,1081.990155222346,965.5275479758056,0,PASS
CREATEORDER_V2_C1_F4_P1_C50_S7006,/Users/nischithacn/paper3-exactly-once/results/phase6/runs/CREATEORDER_V2_C1_F4_P1_C50_S7006/CREATEORDER_V2_C1_F4_P1_C50_S7006_1788401893207,0.0,0.0,0.0,0.0,0.0,0.0,0.0,0.0,0.0,0.0,0.0,1062.4615759515043,947.1675746569244,0,PASS
CREATEORDER_V2_C1_F4_P1_C50_S7007,/Users/nischithacn/paper3-exactly-once/results/phase6/runs/CREATEORDER_V2_C1_F4_P1_C50_S7007/CREATEORDER_V2_C1_F4_P1_C50_S7007_1788407223787,0.0,0.0,0.0,0.0,0.0,0.0,0.0,0.0,0.0,0.0,0.0,1066.1203699916848,958.1505863232707,0,PASS
CREATEORDER_V2_C1_F4_P1_C50_S7008,/Users/nischithacn/paper3-exactly-once/results/phase6/runs/CREATEORDER_V2_C1_F4_P1_C50_S7008/CREATEORDER_V2_C1_F4_P1_C50_S7008_1788410744341,0.0,0.0,0.0,0.0,0.0,0.0,0.0,0.0,0.0,0.0,0.0,1012.6065447303781,902.8486253662229,0,PASS
CREATEORDER_V2_C1_F4_P1_C50_S7009,/Users/nischithacn/paper3-exactly-once/results/phase6/runs/CREATEORDER_V2_C1_F4_P1_C50_S7009/CREATEORDER_V2_C1_F4_P1_C50_S7009_1788415500463,0.0,0.0,0.0,0.0,0.0,0.0,0.0,0.0,0.0,0.0,0.0,1030.2196493105496,913.1120991580929,0,PASS
CREATEORDER_V2_C1_F4_P20_C10_S7000,/Users/nischithacn/paper3-exactly-once/results/phase6/runs/CREATEORDER_V2_C1_F4_P20_C10_S7000/CREATEORDER_V2_C1_F4_P20_C10_S7000_1788148508837,0.0,0.0,0.0,0.0,0.0,0.0,0.0,0.0,0.0,0.0,0.0,23.50785997773096,21.234685577895867,0,PASS
CREATEORDER_V2_C1_F4_P20_C10_S7001,/Users/nischithacn/paper3-exactly-once/results/phase6/runs/CREATEORDER_V2_C1_F4_P20_C10_S7001/CREATEORDER_V2_C1_F4_P20_C10_S7001_1788379049284,0.0,0.0,0.0,0.0,0.0,0.0,0.0,0.0,0.0,0.0,0.0,23.801699170148588,21.66344599146582,0,PASS
CREATEORDER_V2_C1_F4_P20_C10_S7002,/Users/nischithacn/paper3-exactly-once/results/phase6/runs/CREATEORDER_V2_C1_F4_P20_C10_S7002/CREATEORDER_V2_C1_F4_P20_C10_S7002_1788383521892,0.0,0.0,0.0,0.0,0.0,0.0,0.0,0.0,0.0,0.0,0.0,23.825414558707934,21.65327483045971,0,PASS
CREATEORDER_V2_C1_F4_P20_C10_S7003,/Users/nischithacn/paper3-exactly-once/results/phase6/runs/CREATEORDER_V2_C1_F4_P20_C10_S7003/CREATEORDER_V2_C1_F4_P20_C10_S7003_1788387016230,0.0,0.0,0.0,0.0,0.0,0.0,0.0,0.0,0.0,0.0,0.0,24.306286676116386,21.982632528274156,0,PASS
CREATEORDER_V2_C1_F4_P20_C10_S7004,/Users/nischithacn/paper3-exactly-once/results/phase6/runs/CREATEORDER_V2_C1_F4_P20_C10_S7004/CREATEORDER_V2_C1_F4_P20_C10_S7004_1788390751436,0.0,0.0,0.0,0.0,0.0,0.0,0.0,0.0,0.0,0.0,0.0,24.52651543658453,22.464817789912896,0,PASS
CREATEORDER_V2_C1_F4_P20_C10_S7005,/Users/nischithacn/paper3-exactly-once/results/phase6/runs/CREATEORDER_V2_C1_F4_P20_C10_S7005/CREATEORDER_V2_C1_F4_P20_C10_S7005_1788394472733,0.0,0.0,0.0,0.0,0.0,0.0,0.0,0.0,0.0,0.0,0.0,23.59328455806986,21.584276022803508,0,PASS
CREATEORDER_V2_C1_F4_P20_C10_S7006,/Users/nischithacn/paper3-exactly-once/results/phase6/runs/CREATEORDER_V2_C1_F4_P20_C10_S7006/CREATEORDER_V2_C1_F4_P20_C10_S7006_1788402363541,0.0,0.0,0.0,0.0,0.0,0.0,0.0,0.0,0.0,0.0,0.0,24.41741948583222,22.26754255973916,0,PASS
CREATEORDER_V2_C1_F4_P20_C10_S7007,/Users/nischithacn/paper3-exactly-once/results/phase6/runs/CREATEORDER_V2_C1_F4_P20_C10_S7007/CREATEORDER_V2_C1_F4_P20_C10_S7007_1788407696145,0.0,0.0,0.0,0.0,0.0,0.0,0.0,0.0,0.0,0.0,0.0,24.776482367070198,22.548282620613385,0,PASS
CREATEORDER_V2_C1_F4_P20_C10_S7008,/Users/nischithacn/paper3-exactly-once/results/phase6/runs/CREATEORDER_V2_C1_F4_P20_C10_S7008/CREATEORDER_V2_C1_F4_P20_C10_S7008_1788411201183,0.0,0.0,0.0,0.0,0.0,0.0,0.0,0.0,0.0,0.0,0.0,24.09043602285234,22.094693084348116,0,PASS
CREATEORDER_V2_C1_F4_P20_C10_S7009,/Users/nischithacn/paper3-exactly-once/results/phase6/runs/CREATEORDER_V2_C1_F4_P20_C10_S7009/CREATEORDER_V2_C1_F4_P20_C10_S7009_1788415972063,0.0,0.0,0.0,0.0,0.0,0.0,0.0,0.0,0.0,0.0,0.0,23.608172784881223,21.410184918109945,0,PASS
CREATEORDER_V2_C1_F4_P20_C50_S7000,/Users/nischithacn/paper3-exactly-once/results/phase6/runs/CREATEORDER_V2_C1_F4_P20_C50_S7000/CREATEORDER_V2_C1_F4_P20_C50_S7000_1788148980328,0.0,0.0,0.0,0.0,0.0,0.0,0.0,0.0,0.0,0.0,0.0,97.68011610636496,91.66953366358521,0,PASS
CREATEORDER_V2_C1_F4_P20_C50_S7001,/Users/nischithacn/paper3-exactly-once/results/phase6/runs/CREATEORDER_V2_C1_F4_P20_C50_S7001/CREATEORDER_V2_C1_F4_P20_C50_S7001_1788379511446,0.0,0.0,0.0,0.0,0.0,0.0,0.0,0.0,0.0,0.0,0.0,93.95495329882363,88.43370585570321,0,PASS
CREATEORDER_V2_C1_F4_P20_C50_S7002,/Users/nischithacn/paper3-exactly-once/results/phase6/runs/CREATEORDER_V2_C1_F4_P20_C50_S7002/CREATEORDER_V2_C1_F4_P20_C50_S7002_1788383984272,0.0,0.0,0.0,0.0,0.0,0.0,0.0,0.0,0.0,0.0,0.0,94.16400506873649,88.47980551042203,0,PASS
CREATEORDER_V2_C1_F4_P20_C50_S7003,/Users/nischithacn/paper3-exactly-once/results/phase6/runs/CREATEORDER_V2_C1_F4_P20_C50_S7003/CREATEORDER_V2_C1_F4_P20_C50_S7003_1788387471690,0.0,0.0,0.0,0.0,0.0,0.0,0.0,0.0,0.0,0.0,0.0,97.43843987507132,91.525325895248,0,PASS
CREATEORDER_V2_C1_F4_P20_C50_S7004,/Users/nischithacn/paper3-exactly-once/results/phase6/runs/CREATEORDER_V2_C1_F4_P20_C50_S7004/CREATEORDER_V2_C1_F4_P20_C50_S7004_1788391197149,0.0,0.0,0.0,0.0,0.0,0.0,0.0,0.0,0.0,0.0,0.0,94.04177272682358,88.54612271258152,0,PASS
CREATEORDER_V2_C1_F4_P20_C50_S7005,/Users/nischithacn/paper3-exactly-once/results/phase6/runs/CREATEORDER_V2_C1_F4_P20_C50_S7005/CREATEORDER_V2_C1_F4_P20_C50_S7005_1788394943646,0.0,0.0,0.0,0.0,0.0,0.0,0.0,0.0,0.0,0.0,0.0,95.82964356542725,90.05709665584521,0,PASS
CREATEORDER_V2_C1_F4_P20_C50_S7006,/Users/nischithacn/paper3-exactly-once/results/phase6/runs/CREATEORDER_V2_C1_F4_P20_C50_S7006/CREATEORDER_V2_C1_F4_P20_C50_S7006_1788402813185,0.0,0.0,0.0,0.0,0.0,0.0,0.0,0.0,0.0,0.0,0.0,101.35671450209439,91.64623262947697,0,PASS
CREATEORDER_V2_C1_F4_P20_C50_S7007,/Users/nischithacn/paper3-exactly-once/results/phase6/runs/CREATEORDER_V2_C1_F4_P20_C50_S7007/CREATEORDER_V2_C1_F4_P20_C50_S7007_1788408140204,0.0,0.0,0.0,0.0,0.0,0.0,0.0,0.0,0.0,0.0,0.0,100.96505705085974,91.4032816704033,0,PASS
CREATEORDER_V2_C1_F4_P20_C50_S7008,/Users/nischithacn/paper3-exactly-once/results/phase6/runs/CREATEORDER_V2_C1_F4_P20_C50_S7008/CREATEORDER_V2_C1_F4_P20_C50_S7008_1788411654360,0.0,0.0,0.0,0.0,0.0,0.0,0.0,0.0,0.0,0.0,0.0,100.22802588953178,93.28753198566818,0,PASS
CREATEORDER_V2_C1_F4_P20_C50_S7009,/Users/nischithacn/paper3-exactly-once/results/phase6/runs/CREATEORDER_V2_C1_F4_P20_C50_S7009/CREATEORDER_V2_C1_F4_P20_C50_S7009_1788416439707,0.0,0.0,0.0,0.0,0.0,0.0,0.0,0.0,0.0,0.0,0.0,97.36987126200762,88.36642493339932,0,PASS
CREATEORDER_V2_C1_F4_P5_C10_S7000,/Users/nischithacn/paper3-exactly-once/results/phase6/runs/CREATEORDER_V2_C1_F4_P5_C10_S7000/CREATEORDER_V2_C1_F4_P5_C10_S7000_1788144631080,0.0,0.0,0.0,0.0,0.0,0.0,0.0,0.0,0.0,0.0,0.0,83.86068715165186,76.67331022421503,0,PASS
CREATEORDER_V2_C1_F4_P5_C10_S7001,/Users/nischithacn/paper3-exactly-once/results/phase6/runs/CREATEORDER_V2_C1_F4_P5_C10_S7001/CREATEORDER_V2_C1_F4_P5_C10_S7001_1788378577804,0.0,0.0,0.0,0.0,0.0,0.0,0.0,0.0,0.0,0.0,0.0,92.2255350914704,83.5915985013037,0,PASS
CREATEORDER_V2_C1_F4_P5_C10_S7002,/Users/nischithacn/paper3-exactly-once/results/phase6/runs/CREATEORDER_V2_C1_F4_P5_C10_S7002/CREATEORDER_V2_C1_F4_P5_C10_S7002_1788383070005,0.0,0.0,0.0,0.0,0.0,0.0,0.0,0.0,0.0,0.0,0.0,92.02792891280964,83.519274870429,0,PASS
CREATEORDER_V2_C1_F4_P5_C10_S7003,/Users/nischithacn/paper3-exactly-once/results/phase6/runs/CREATEORDER_V2_C1_F4_P5_C10_S7003/CREATEORDER_V2_C1_F4_P5_C10_S7003_1788386555595,0.0,0.0,0.0,0.0,0.0,0.0,0.0,0.0,0.0,0.0,0.0,90.60225403452363,80.89456469816638,0,PASS
CREATEORDER_V2_C1_F4_P5_C10_S7004,/Users/nischithacn/paper3-exactly-once/results/phase6/runs/CREATEORDER_V2_C1_F4_P5_C10_S7004/CREATEORDER_V2_C1_F4_P5_C10_S7004_1788390299190,0.0,0.0,0.0,0.0,0.0,0.0,0.0,0.0,0.0,0.0,0.0,90.89360993393504,81.26984851348011,0,PASS
CREATEORDER_V2_C1_F4_P5_C10_S7005,/Users/nischithacn/paper3-exactly-once/results/phase6/runs/CREATEORDER_V2_C1_F4_P5_C10_S7005/CREATEORDER_V2_C1_F4_P5_C10_S7005_1788394027372,0.0,0.0,0.0,0.0,0.0,0.0,0.0,0.0,0.0,0.0,0.0,89.44848579008097,81.86961181235486,0,PASS
CREATEORDER_V2_C1_F4_P5_C10_S7006,/Users/nischithacn/paper3-exactly-once/results/phase6/runs/CREATEORDER_V2_C1_F4_P5_C10_S7006/CREATEORDER_V2_C1_F4_P5_C10_S7006_1788401904305,0.0,0.0,0.0,0.0,0.0,0.0,0.0,0.0,0.0,0.0,0.0,94.292712996937,86.73967406453379,0,PASS
CREATEORDER_V2_C1_F4_P5_C10_S7007,/Users/nischithacn/paper3-exactly-once/results/phase6/runs/CREATEORDER_V2_C1_F4_P5_C10_S7007/CREATEORDER_V2_C1_F4_P5_C10_S7007_1788407234788,0.0,0.0,0.0,0.0,0.0,0.0,0.0,0.0,0.0,0.0,0.0,92.27225679212359,84.7291025426991,0,PASS
CREATEORDER_V2_C1_F4_P5_C10_S7008,/Users/nischithacn/paper3-exactly-once/results/phase6/runs/CREATEORDER_V2_C1_F4_P5_C10_S7008/CREATEORDER_V2_C1_F4_P5_C10_S7008_1788410755963,0.0,0.0,0.0,0.0,0.0,0.0,0.0,0.0,0.0,0.0,0.0,87.75454004614663,81.11214756568111,0,PASS
CREATEORDER_V2_C1_F4_P5_C10_S7009,/Users/nischithacn/paper3-exactly-once/results/phase6/runs/CREATEORDER_V2_C1_F4_P5_C10_S7009/CREATEORDER_V2_C1_F4_P5_C10_S7009_1788415511969,0.0,0.0,0.0,0.0,0.0,0.0,0.0,0.0,0.0,0.0,0.0,89.79630640524088,80.27072937410142,0,PASS
CREATEORDER_V2_C1_F4_P5_C50_S7000,/Users/nischithacn/paper3-exactly-once/results/phase6/runs/CREATEORDER_V2_C1_F4_P5_C50_S7000/CREATEORDER_V2_C1_F4_P5_C50_S7000_1788144762044,0.0,0.0,0.0,0.0,0.0,0.0,0.0,0.0,0.0,0.0,0.0,354.04278054634904,339.64268227853825,0,PASS
CREATEORDER_V2_C1_F4_P5_C50_S7001,/Users/nischithacn/paper3-exactly-once/results/phase6/runs/CREATEORDER_V2_C1_F4_P5_C50_S7001/CREATEORDER_V2_C1_F4_P5_C50_S7001_1788378697973,0.0,0.0,0.0,0.0,0.0,0.0,0.0,0.0,0.0,0.0,0.0,382.6995200398022,365.44598460737024,0,PASS
CREATEORDER_V2_C1_F4_P5_C50_S7002,/Users/nischithacn/paper3-exactly-once/results/phase6/runs/CREATEORDER_V2_C1_F4_P5_C50_S7002/CREATEORDER_V2_C1_F4_P5_C50_S7002_1788383190279,0.0,0.0,0.0,0.0,0.0,0.0,0.0,0.0,0.0,0.0,0.0,400.8236721267591,363.8624634685879,0,PASS
CREATEORDER_V2_C1_F4_P5_C50_S7003,/Users/nischithacn/paper3-exactly-once/results/phase6/runs/CREATEORDER_V2_C1_F4_P5_C50_S7003/CREATEORDER_V2_C1_F4_P5_C50_S7003_1788386686783,0.0,0.0,0.0,0.0,0.0,0.0,0.0,0.0,0.0,0.0,0.0,372.8217728916599,342.50174984559345,0,PASS
CREATEORDER_V2_C1_F4_P5_C50_S7004,/Users/nischithacn/paper3-exactly-once/results/phase6/runs/CREATEORDER_V2_C1_F4_P5_C50_S7004/CREATEORDER_V2_C1_F4_P5_C50_S7004_1788390422782,0.0,0.0,0.0,0.0,0.0,0.0,0.0,0.0,0.0,0.0,0.0,403.4984105200439,366.31179733865207,0,PASS
CREATEORDER_V2_C1_F4_P5_C50_S7005,/Users/nischithacn/paper3-exactly-once/results/phase6/runs/CREATEORDER_V2_C1_F4_P5_C50_S7005/CREATEORDER_V2_C1_F4_P5_C50_S7005_1788394150063,0.0,0.0,0.0,0.0,0.0,0.0,0.0,0.0,0.0,0.0,0.0,386.977749377273,351.49854363690235,0,PASS
CREATEORDER_V2_C1_F4_P5_C50_S7006,/Users/nischithacn/paper3-exactly-once/results/phase6/runs/CREATEORDER_V2_C1_F4_P5_C50_S7006/CREATEORDER_V2_C1_F4_P5_C50_S7006_1788402020138,0.0,0.0,0.0,0.0,0.0,0.0,0.0,0.0,0.0,0.0,0.0,382.81639661036905,365.7869787320318,0,PASS
CREATEORDER_V2_C1_F4_P5_C50_S7007,/Users/nischithacn/paper3-exactly-once/results/phase6/runs/CREATEORDER_V2_C1_F4_P5_C50_S7007/CREATEORDER_V2_C1_F4_P5_C50_S7007_1788407353351,0.0,0.0,0.0,0.0,0.0,0.0,0.0,0.0,0.0,0.0,0.0,392.12810429544925,356.56270446249835,0,PASS
CREATEORDER_V2_C1_F4_P5_C50_S7008,/Users/nischithacn/paper3-exactly-once/results/phase6/runs/CREATEORDER_V2_C1_F4_P5_C50_S7008/CREATEORDER_V2_C1_F4_P5_C50_S7008_1788410886688,0.0,0.0,0.0,0.0,0.0,0.0,0.0,0.0,0.0,0.0,0.0,396.86753978703763,362.2291378350206,0,PASS
CREATEORDER_V2_C1_F4_P5_C50_S7009,/Users/nischithacn/paper3-exactly-once/results/phase6/runs/CREATEORDER_V2_C1_F4_P5_C50_S7009/CREATEORDER_V2_C1_F4_P5_C50_S7009_1788415637085,0.0,0.0,0.0,0.0,0.0,0.0,0.0,0.0,0.0,0.0,0.0,372.889037812422,339.8043189806363,0,PASS
CREATEORDER_V2_C1_F5_P0_C50_FAN10_S7000,/Users/nischithacn/paper3-exactly-once/results/phase6/runs/CREATEORDER_V2_C1_F5_P0_C50_FAN10_S7000/CREATEORDER_V2_C1_F5_P0_C50_FAN10_S7000_1788592197397,0.0,0.0,0.0,0.0,0.0,0.0,0.0,0.0,0.0,0.0,0.0,740.2071854578219,658.376382256702,0,PASS
CREATEORDER_V2_C1_F5_P0_C50_FAN10_S7001,/Users/nischithacn/paper3-exactly-once/results/phase6/runs/CREATEORDER_V2_C1_F5_P0_C50_FAN10_S7001/CREATEORDER_V2_C1_F5_P0_C50_FAN10_S7001_1788592540219,0.0,0.0,0.0,0.0,0.0,0.0,0.0,0.0,0.0,0.0,0.0,711.6906363520873,638.3193372101803,0,PASS
CREATEORDER_V2_C1_F5_P0_C50_FAN10_S7002,/Users/nischithacn/paper3-exactly-once/results/phase6/runs/CREATEORDER_V2_C1_F5_P0_C50_FAN10_S7002/CREATEORDER_V2_C1_F5_P0_C50_FAN10_S7002_1788592885129,0.0,0.0,0.0,0.0,0.0,0.0,0.0,0.0,0.0,0.0,0.0,675.1048441184997,608.778822314333,0,PASS
CREATEORDER_V2_C1_F5_P0_C50_FAN10_S7003,/Users/nischithacn/paper3-exactly-once/results/phase6/runs/CREATEORDER_V2_C1_F5_P0_C50_FAN10_S7003/CREATEORDER_V2_C1_F5_P0_C50_FAN10_S7003_1788593241891,0.0,0.0,0.0,0.0,0.0,0.0,0.0,0.0,0.0,0.0,0.0,691.6934234551907,622.6452643837183,0,PASS
CREATEORDER_V2_C1_F5_P0_C50_FAN10_S7004,/Users/nischithacn/paper3-exactly-once/results/phase6/runs/CREATEORDER_V2_C1_F5_P0_C50_FAN10_S7004/CREATEORDER_V2_C1_F5_P0_C50_FAN10_S7004_1788593596622,0.0,0.0,0.0,0.0,0.0,0.0,0.0,0.0,0.0,0.0,0.0,547.9302878351101,457.3159735368225,0,PASS
CREATEORDER_V2_C1_F5_P0_C50_FAN10_S7005,/Users/nischithacn/paper3-exactly-once/results/phase6/runs/CREATEORDER_V2_C1_F5_P0_C50_FAN10_S7005/CREATEORDER_V2_C1_F5_P0_C50_FAN10_S7005_1788593937980,0.0,0.0,0.0,0.0,0.0,0.0,0.0,0.0,0.0,0.0,0.0,656.2064242614942,591.4801193811999,0,PASS
CREATEORDER_V2_C1_F5_P0_C50_FAN10_S7006,/Users/nischithacn/paper3-exactly-once/results/phase6/runs/CREATEORDER_V2_C1_F5_P0_C50_FAN10_S7006/CREATEORDER_V2_C1_F5_P0_C50_FAN10_S7006_1788594303730,0.0,0.0,0.0,0.0,0.0,0.0,0.0,0.0,0.0,0.0,0.0,668.8065436621683,600.5890558324626,0,PASS
CREATEORDER_V2_C1_F5_P0_C50_FAN10_S7007,/Users/nischithacn/paper3-exactly-once/results/phase6/runs/CREATEORDER_V2_C1_F5_P0_C50_FAN10_S7007/CREATEORDER_V2_C1_F5_P0_C50_FAN10_S7007_1788594664199,0.0,0.0,0.0,0.0,0.0,0.0,0.0,0.0,0.0,0.0,0.0,650.2447783307387,584.3998100685012,0,PASS
CREATEORDER_V2_C1_F5_P0_C50_FAN10_S7008,/Users/nischithacn/paper3-exactly-once/results/phase6/runs/CREATEORDER_V2_C1_F5_P0_C50_FAN10_S7008/CREATEORDER_V2_C1_F5_P0_C50_FAN10_S7008_1788595033284,0.0,0.0,0.0,0.0,0.0,0.0,0.0,0.0,0.0,0.0,0.0,667.282970410102,600.753548736617,0,PASS
CREATEORDER_V2_C1_F5_P0_C50_FAN10_S7009,/Users/nischithacn/paper3-exactly-once/results/phase6/runs/CREATEORDER_V2_C1_F5_P0_C50_FAN10_S7009/CREATEORDER_V2_C1_F5_P0_C50_FAN10_S7009_1788595397835,0.0,0.0,0.0,0.0,0.0,0.0,0.0,0.0,0.0,0.0,0.0,538.201048766694,452.4852482861961,0,PASS
CREATEORDER_V2_C1_F5_P0_C50_FAN2_S7000,/Users/nischithacn/paper3-exactly-once/results/phase6/runs/CREATEORDER_V2_C1_F5_P0_C50_FAN2_S7000/CREATEORDER_V2_C1_F5_P0_C50_FAN2_S7000_1788592165588,0.0,0.0,0.0,0.0,0.0,0.0,0.0,0.0,0.0,0.0,0.0,744.3237361335387,650.0537131107694,0,PASS
CREATEORDER_V2_C1_F5_P0_C50_FAN2_S7001,/Users/nischithacn/paper3-exactly-once/results/phase6/runs/CREATEORDER_V2_C1_F5_P0_C50_FAN2_S7001/CREATEORDER_V2_C1_F5_P0_C50_FAN2_S7001_1788592500506,0.0,0.0,0.0,0.0,0.0,0.0,0.0,0.0,0.0,0.0,0.0,690.4813102693074,603.6759010055368,0,PASS
CREATEORDER_V2_C1_F5_P0_C50_FAN2_S7002,/Users/nischithacn/paper3-exactly-once/results/phase6/runs/CREATEORDER_V2_C1_F5_P0_C50_FAN2_S7002/CREATEORDER_V2_C1_F5_P0_C50_FAN2_S7002_1788592850822,0.0,0.0,0.0,0.0,0.0,0.0,0.0,0.0,0.0,0.0,0.0,695.8073462706517,609.8087889322114,0,PASS
CREATEORDER_V2_C1_F5_P0_C50_FAN2_S7003,/Users/nischithacn/paper3-exactly-once/results/phase6/runs/CREATEORDER_V2_C1_F5_P0_C50_FAN2_S7003/CREATEORDER_V2_C1_F5_P0_C50_FAN2_S7003_1788593203109,0.0,0.0,0.0,0.0,0.0,0.0,0.0,0.0,0.0,0.0,0.0,558.1434391474327,463.05870278881014,0,PASS
CREATEORDER_V2_C1_F5_P0_C50_FAN2_S7004,/Users/nischithacn/paper3-exactly-once/results/phase6/runs/CREATEORDER_V2_C1_F5_P0_C50_FAN2_S7004/CREATEORDER_V2_C1_F5_P0_C50_FAN2_S7004_1788593539708,0.0,0.0,0.0,0.0,0.0,0.0,0.0,0.0,0.0,0.0,0.0,633.3548669453961,569.5337161859622,0,PASS
CREATEORDER_V2_C1_F5_P0_C50_FAN2_S7005,/Users/nischithacn/paper3-exactly-once/results/phase6/runs/CREATEORDER_V2_C1_F5_P0_C50_FAN2_S7005/CREATEORDER_V2_C1_F5_P0_C50_FAN2_S7005_1788593902199,0.0,0.0,0.0,0.0,0.0,0.0,0.0,0.0,0.0,0.0,0.0,637.8933439939273,561.8408075025628,0,PASS
CREATEORDER_V2_C1_F5_P0_C50_FAN2_S7006,/Users/nischithacn/paper3-exactly-once/results/phase6/runs/CREATEORDER_V2_C1_F5_P0_C50_FAN2_S7006/CREATEORDER_V2_C1_F5_P0_C50_FAN2_S7006_1788594261089,0.0,0.0,0.0,0.0,0.0,0.0,0.0,0.0,0.0,0.0,0.0,634.1650352791858,557.0468605147519,0,PASS
CREATEORDER_V2_C1_F5_P0_C50_FAN2_S7007,/Users/nischithacn/paper3-exactly-once/results/phase6/runs/CREATEORDER_V2_C1_F5_P0_C50_FAN2_S7007/CREATEORDER_V2_C1_F5_P0_C50_FAN2_S7007_1788594628366,0.0,0.0,0.0,0.0,0.0,0.0,0.0,0.0,0.0,0.0,0.0,661.5508862238764,578.7181411607039,0,PASS
CREATEORDER_V2_C1_F5_P0_C50_FAN2_S7008,/Users/nischithacn/paper3-exactly-once/results/phase6/runs/CREATEORDER_V2_C1_F5_P0_C50_FAN2_S7008/CREATEORDER_V2_C1_F5_P0_C50_FAN2_S7008_1788594993343,0.0,0.0,0.0,0.0,0.0,0.0,0.0,0.0,0.0,0.0,0.0,542.7128291947471,452.8858963586251,0,PASS
CREATEORDER_V2_C1_F5_P0_C50_FAN2_S7009,/Users/nischithacn/paper3-exactly-once/results/phase6/runs/CREATEORDER_V2_C1_F5_P0_C50_FAN2_S7009/CREATEORDER_V2_C1_F5_P0_C50_FAN2_S7009_1788595340433,0.0,0.0,0.0,0.0,0.0,0.0,0.0,0.0,0.0,0.0,0.0,630.7721184462072,570.8089975133503,0,PASS
CREATEORDER_V2_C1_F5_P0_C50_FAN5_S7000,/Users/nischithacn/paper3-exactly-once/results/phase6/runs/CREATEORDER_V2_C1_F5_P0_C50_FAN5_S7000/CREATEORDER_V2_C1_F5_P0_C50_FAN5_S7000_1788592181678,0.0,0.0,0.0,0.0,0.0,0.0,0.0,0.0,0.0,0.0,0.0,750.7483760112576,667.1900934956035,0,PASS
CREATEORDER_V2_C1_F5_P0_C50_FAN5_S7001,/Users/nischithacn/paper3-exactly-once/results/phase6/runs/CREATEORDER_V2_C1_F5_P0_C50_FAN5_S7001/CREATEORDER_V2_C1_F5_P0_C50_FAN5_S7001_1788592524038,0.0,0.0,0.0,0.0,0.0,0.0,0.0,0.0,0.0,0.0,0.0,722.5455477770493,646.6839965621847,0,PASS
CREATEORDER_V2_C1_F5_P0_C50_FAN5_S7002,/Users/nischithacn/paper3-exactly-once/results/phase6/runs/CREATEORDER_V2_C1_F5_P0_C50_FAN5_S7002/CREATEORDER_V2_C1_F5_P0_C50_FAN5_S7002_1788592867909,0.0,0.0,0.0,0.0,0.0,0.0,0.0,0.0,0.0,0.0,0.0,675.3267856071275,604.9282124559278,0,PASS
CREATEORDER_V2_C1_F5_P0_C50_FAN5_S7003,/Users/nischithacn/paper3-exactly-once/results/phase6/runs/CREATEORDER_V2_C1_F5_P0_C50_FAN5_S7003/CREATEORDER_V2_C1_F5_P0_C50_FAN5_S7003_1788593225392,0.0,0.0,0.0,0.0,0.0,0.0,0.0,0.0,0.0,0.0,0.0,707.2560390549708,632.6555254057869,0,PASS
CREATEORDER_V2_C1_F5_P0_C50_FAN5_S7004,/Users/nischithacn/paper3-exactly-once/results/phase6/runs/CREATEORDER_V2_C1_F5_P0_C50_FAN5_S7004/CREATEORDER_V2_C1_F5_P0_C50_FAN5_S7004_1788593557968,0.0,0.0,0.0,0.0,0.0,0.0,0.0,0.0,0.0,0.0,0.0,653.7240657399244,585.7353421696338,0,PASS
CREATEORDER_V2_C1_F5_P0_C50_FAN5_S7005,/Users/nischithacn/paper3-exactly-once/results/phase6/runs/CREATEORDER_V2_C1_F5_P0_C50_FAN5_S7005/CREATEORDER_V2_C1_F5_P0_C50_FAN5_S7005_1788593920685,0.0,0.0,0.0,0.0,0.0,0.0,0.0,0.0,0.0,0.0,0.0,672.1359245580345,602.5470608084662,0,PASS
CREATEORDER_V2_C1_F5_P0_C50_FAN5_S7006,/Users/nischithacn/paper3-exactly-once/results/phase6/runs/CREATEORDER_V2_C1_F5_P0_C50_FAN5_S7006/CREATEORDER_V2_C1_F5_P0_C50_FAN5_S7006_1788594286668,0.0,0.0,0.0,0.0,0.0,0.0,0.0,0.0,0.0,0.0,0.0,678.8755159601956,611.5776259941955,0,PASS
CREATEORDER_V2_C1_F5_P0_C50_FAN5_S7007,/Users/nischithacn/paper3-exactly-once/results/phase6/runs/CREATEORDER_V2_C1_F5_P0_C50_FAN5_S7007/CREATEORDER_V2_C1_F5_P0_C50_FAN5_S7007_1788594646334,0.0,0.0,0.0,0.0,0.0,0.0,0.0,0.0,0.0,0.0,0.0,650.7807305472596,582.9656252978292,0,PASS
CREATEORDER_V2_C1_F5_P0_C50_FAN5_S7008,/Users/nischithacn/paper3-exactly-once/results/phase6/runs/CREATEORDER_V2_C1_F5_P0_C50_FAN5_S7008/CREATEORDER_V2_C1_F5_P0_C50_FAN5_S7008_1788595016144,0.0,0.0,0.0,0.0,0.0,0.0,0.0,0.0,0.0,0.0,0.0,679.4714807819654,607.778449657088,0,PASS
CREATEORDER_V2_C1_F5_P0_C50_FAN5_S7009,/Users/nischithacn/paper3-exactly-once/results/phase6/runs/CREATEORDER_V2_C1_F5_P0_C50_FAN5_S7009/CREATEORDER_V2_C1_F5_P0_C50_FAN5_S7009_1788595358721,0.0,0.0,0.0,0.0,0.0,0.0,0.0,0.0,0.0,0.0,0.0,645.941685765278,578.8937523879879,0,PASS
CREATEORDER_V2_C1_F6_P0_C50_FAN10_S7000,/Users/nischithacn/paper3-exactly-once/results/phase6/runs/CREATEORDER_V2_C1_F6_P0_C50_FAN10_S7000/CREATEORDER_V2_C1_F6_P0_C50_FAN10_S7000_1788620236463,0.0,0.0,0.0,0.0,0.0,0.0,0.0,0.0,0.0,0.0,0.0,83.3096670782589,65.17167789720354,0,PASS
CREATEORDER_V2_C1_F6_P0_C50_FAN10_S7001,/Users/nischithacn/paper3-exactly-once/results/phase6/runs/CREATEORDER_V2_C1_F6_P0_C50_FAN10_S7001/CREATEORDER_V2_C1_F6_P0_C50_FAN10_S7001_1788624431239,0.0,0.0,0.0,0.0,0.0,0.0,0.0,0.0,0.0,0.0,0.0,88.3998824885252,81.29508594457974,0,PASS
CREATEORDER_V2_C1_F6_P0_C50_FAN10_S7002,/Users/nischithacn/paper3-exactly-once/results/phase6/runs/CREATEORDER_V2_C1_F6_P0_C50_FAN10_S7002/CREATEORDER_V2_C1_F6_P0_C50_FAN10_S7002_1788625874931,0.0,0.0,0.0,0.0,0.0,0.0,0.0,0.0,0.0,0.0,0.0,85.8049631623481,78.25257186683936,0,PASS
CREATEORDER_V2_C1_F6_P0_C50_FAN10_S7003,/Users/nischithacn/paper3-exactly-once/results/phase6/runs/CREATEORDER_V2_C1_F6_P0_C50_FAN10_S7003/CREATEORDER_V2_C1_F6_P0_C50_FAN10_S7003_1788627393779,0.0,0.0,0.0,0.0,0.0,0.0,0.0,0.0,0.0,0.0,0.0,82.0802380988822,76.04888966188575,0,PASS
CREATEORDER_V2_C1_F6_P0_C50_FAN10_S7004,/Users/nischithacn/paper3-exactly-once/results/phase6/runs/CREATEORDER_V2_C1_F6_P0_C50_FAN10_S7004/CREATEORDER_V2_C1_F6_P0_C50_FAN10_S7004_1788628915480,0.0,0.0,0.0,0.0,0.0,0.0,0.0,0.0,0.0,0.0,0.0,80.45170037200575,73.44041929513986,0,PASS
CREATEORDER_V2_C1_F6_P0_C50_FAN10_S7005,/Users/nischithacn/paper3-exactly-once/results/phase6/runs/CREATEORDER_V2_C1_F6_P0_C50_FAN10_S7005/CREATEORDER_V2_C1_F6_P0_C50_FAN10_S7005_1788630482061,0.0,0.0,0.0,0.0,0.0,0.0,0.0,0.0,0.0,0.0,0.0,78.30768996819667,71.52866654174444,0,PASS
CREATEORDER_V2_C1_F6_P0_C50_FAN10_S7006,/Users/nischithacn/paper3-exactly-once/results/phase6/runs/CREATEORDER_V2_C1_F6_P0_C50_FAN10_S7006/CREATEORDER_V2_C1_F6_P0_C50_FAN10_S7006_1788642873610,0.0,0.0,0.0,0.0,0.0,0.0,0.0,0.0,0.0,0.0,0.0,65.4337256554378,59.498397340849884,0,PASS
CREATEORDER_V2_C1_F6_P0_C50_FAN10_S7007,/Users/nischithacn/paper3-exactly-once/results/phase6/runs/CREATEORDER_V2_C1_F6_P0_C50_FAN10_S7007/CREATEORDER_V2_C1_F6_P0_C50_FAN10_S7007_1788644446647,0.0,0.0,0.0,0.0,0.0,0.0,0.0,0.0,0.0,0.0,0.0,77.40223131100429,70.45486661987464,0,PASS
CREATEORDER_V2_C1_F6_P0_C50_FAN10_S7008,/Users/nischithacn/paper3-exactly-once/results/phase6/runs/CREATEORDER_V2_C1_F6_P0_C50_FAN10_S7008/CREATEORDER_V2_C1_F6_P0_C50_FAN10_S7008_1788645994434,0.0,0.0,0.0,0.0,0.0,0.0,0.0,0.0,0.0,0.0,0.0,79.93246794406745,73.11959362594257,0,PASS
CREATEORDER_V2_C1_F6_P0_C50_FAN10_S7009,/Users/nischithacn/paper3-exactly-once/results/phase6/runs/CREATEORDER_V2_C1_F6_P0_C50_FAN10_S7009/CREATEORDER_V2_C1_F6_P0_C50_FAN10_S7009_1788647531659,0.0,0.0,0.0,0.0,0.0,0.0,0.0,0.0,0.0,0.0,0.0,78.14387912273708,70.9454400417972,0,PASS
CREATEORDER_V2_C1_F6_P0_C50_FAN2_S7000,/Users/nischithacn/paper3-exactly-once/results/phase6/runs/CREATEORDER_V2_C1_F6_P0_C50_FAN2_S7000/CREATEORDER_V2_C1_F6_P0_C50_FAN2_S7000_1788620142162,0.0,0.0,0.0,0.0,0.0,0.0,0.0,0.0,0.0,0.0,0.0,427.2399141177594,381.41727496600026,0,PASS
CREATEORDER_V2_C1_F6_P0_C50_FAN2_S7001,/Users/nischithacn/paper3-exactly-once/results/phase6/runs/CREATEORDER_V2_C1_F6_P0_C50_FAN2_S7001/CREATEORDER_V2_C1_F6_P0_C50_FAN2_S7001_1788624335096,0.0,0.0,0.0,0.0,0.0,0.0,0.0,0.0,0.0,0.0,0.0,392.8402826431765,356.642451458371,0,PASS
CREATEORDER_V2_C1_F6_P0_C50_FAN2_S7002,/Users/nischithacn/paper3-exactly-once/results/phase6/runs/CREATEORDER_V2_C1_F6_P0_C50_FAN2_S7002/CREATEORDER_V2_C1_F6_P0_C50_FAN2_S7002_1788625778393,0.0,0.0,0.0,0.0,0.0,0.0,0.0,0.0,0.0,0.0,0.0,390.04219134148076,348.3417059535214,0,PASS
CREATEORDER_V2_C1_F6_P0_C50_FAN2_S7003,/Users/nischithacn/paper3-exactly-once/results/phase6/runs/CREATEORDER_V2_C1_F6_P0_C50_FAN2_S7003/CREATEORDER_V2_C1_F6_P0_C50_FAN2_S7003_1788627283178,0.0,0.0,0.0,0.0,0.0,0.0,0.0,0.0,0.0,0.0,0.0,349.6483571077817,311.9427537138857,0,PASS
CREATEORDER_V2_C1_F6_P0_C50_FAN2_S7004,/Users/nischithacn/paper3-exactly-once/results/phase6/runs/CREATEORDER_V2_C1_F6_P0_C50_FAN2_S7004/CREATEORDER_V2_C1_F6_P0_C50_FAN2_S7004_1788628809138,0.0,0.0,0.0,0.0,0.0,0.0,0.0,0.0,0.0,0.0,0.0,343.8157710569335,307.44247423497745,0,PASS
CREATEORDER_V2_C1_F6_P0_C50_FAN2_S7005,/Users/nischithacn/paper3-exactly-once/results/phase6/runs/CREATEORDER_V2_C1_F6_P0_C50_FAN2_S7005/CREATEORDER_V2_C1_F6_P0_C50_FAN2_S7005_1788630346974,0.0,0.0,0.0,0.0,0.0,0.0,0.0,0.0,0.0,0.0,0.0,336.617713098821,307.09165422574347,0,PASS
CREATEORDER_V2_C1_F6_P0_C50_FAN2_S7006,/Users/nischithacn/paper3-exactly-once/results/phase6/runs/CREATEORDER_V2_C1_F6_P0_C50_FAN2_S7006/CREATEORDER_V2_C1_F6_P0_C50_FAN2_S7006_1788631991333,0.0,0.0,0.0,0.0,0.0,0.0,0.0,0.0,0.0,0.0,0.0,0.9272194723739509,0.9268609345641942,0,PASS
CREATEORDER_V2_C1_F6_P0_C50_FAN2_S7007,/Users/nischithacn/paper3-exactly-once/results/phase6/runs/CREATEORDER_V2_C1_F6_P0_C50_FAN2_S7007/CREATEORDER_V2_C1_F6_P0_C50_FAN2_S7007_1788644336264,0.0,0.0,0.0,0.0,0.0,0.0,0.0,0.0,0.0,0.0,0.0,351.5226498776733,318.7167802777214,0,PASS
CREATEORDER_V2_C1_F6_P0_C50_FAN2_S7008,/Users/nischithacn/paper3-exactly-once/results/phase6/runs/CREATEORDER_V2_C1_F6_P0_C50_FAN2_S7008/CREATEORDER_V2_C1_F6_P0_C50_FAN2_S7008_1788645878520,0.0,0.0,0.0,0.0,0.0,0.0,0.0,0.0,0.0,0.0,0.0,340.2697687761106,307.31538807489795,0,PASS
CREATEORDER_V2_C1_F6_P0_C50_FAN2_S7009,/Users/nischithacn/paper3-exactly-once/results/phase6/runs/CREATEORDER_V2_C1_F6_P0_C50_FAN2_S7009/CREATEORDER_V2_C1_F6_P0_C50_FAN2_S7009_1788647419052,0.0,0.0,0.0,0.0,0.0,0.0,0.0,0.0,0.0,0.0,0.0,326.6614873467529,287.17465244183876,0,PASS
CREATEORDER_V2_C1_F6_P0_C50_FAN5_S7000,/Users/nischithacn/paper3-exactly-once/results/phase6/runs/CREATEORDER_V2_C1_F6_P0_C50_FAN5_S7000/CREATEORDER_V2_C1_F6_P0_C50_FAN5_S7000_1788620169078,0.0,0.0,0.0,0.0,0.0,0.0,0.0,0.0,0.0,0.0,0.0,165.05896237139748,151.45389078745205,0,PASS
CREATEORDER_V2_C1_F6_P0_C50_FAN5_S7001,/Users/nischithacn/paper3-exactly-once/results/phase6/runs/CREATEORDER_V2_C1_F6_P0_C50_FAN5_S7001/CREATEORDER_V2_C1_F6_P0_C50_FAN5_S7001_1788624363851,0.0,0.0,0.0,0.0,0.0,0.0,0.0,0.0,0.0,0.0,0.0,165.22187315076886,150.9142727151544,0,PASS
CREATEORDER_V2_C1_F6_P0_C50_FAN5_S7002,/Users/nischithacn/paper3-exactly-once/results/phase6/runs/CREATEORDER_V2_C1_F6_P0_C50_FAN5_S7002/CREATEORDER_V2_C1_F6_P0_C50_FAN5_S7002_1788625807803,0.0,0.0,0.0,0.0,0.0,0.0,0.0,0.0,0.0,0.0,0.0,166.65140993661274,151.44450288753114,0,PASS
CREATEORDER_V2_C1_F6_P0_C50_FAN5_S7003,/Users/nischithacn/paper3-exactly-once/results/phase6/runs/CREATEORDER_V2_C1_F6_P0_C50_FAN5_S7003/CREATEORDER_V2_C1_F6_P0_C50_FAN5_S7003_1788627315956,0.0,0.0,0.0,0.0,0.0,0.0,0.0,0.0,0.0,0.0,0.0,156.39071265934052,142.09639565957127,0,PASS
CREATEORDER_V2_C1_F6_P0_C50_FAN5_S7004,/Users/nischithacn/paper3-exactly-once/results/phase6/runs/CREATEORDER_V2_C1_F6_P0_C50_FAN5_S7004/CREATEORDER_V2_C1_F6_P0_C50_FAN5_S7004_1788628842392,0.0,0.0,0.0,0.0,0.0,0.0,0.0,0.0,0.0,0.0,0.0,152.37425126462097,138.88379462628538,0,PASS
CREATEORDER_V2_C1_F6_P0_C50_FAN5_S7005,/Users/nischithacn/paper3-exactly-once/results/phase6/runs/CREATEORDER_V2_C1_F6_P0_C50_FAN5_S7005/CREATEORDER_V2_C1_F6_P0_C50_FAN5_S7005_1788630402814,0.0,0.0,0.0,0.0,0.0,0.0,0.0,0.0,0.0,0.0,0.0,146.6108460288547,127.99169389840469,0,PASS
CREATEORDER_V2_C1_F6_P0_C50_FAN5_S7006,/Users/nischithacn/paper3-exactly-once/results/phase6/runs/CREATEORDER_V2_C1_F6_P0_C50_FAN5_S7006/CREATEORDER_V2_C1_F6_P0_C50_FAN5_S7006_1788642781286,0.0,0.0,0.0,0.0,0.0,0.0,0.0,0.0,0.0,0.0,0.0,121.08800245147036,109.80629635923269,0,PASS
CREATEORDER_V2_C1_F6_P0_C50_FAN5_S7007,/Users/nischithacn/paper3-exactly-once/results/phase6/runs/CREATEORDER_V2_C1_F6_P0_C50_FAN5_S7007/CREATEORDER_V2_C1_F6_P0_C50_FAN5_S7007_1788644368373,0.0,0.0,0.0,0.0,0.0,0.0,0.0,0.0,0.0,0.0,0.0,141.9857603140473,129.60653405914817,0,PASS
CREATEORDER_V2_C1_F6_P0_C50_FAN5_S7008,/Users/nischithacn/paper3-exactly-once/results/phase6/runs/CREATEORDER_V2_C1_F6_P0_C50_FAN5_S7008/CREATEORDER_V2_C1_F6_P0_C50_FAN5_S7008_1788645911785,0.0,0.0,0.0,0.0,0.0,0.0,0.0,0.0,0.0,0.0,0.0,147.23566883828335,134.39645033496433,0,PASS
CREATEORDER_V2_C1_F6_P0_C50_FAN5_S7009,/Users/nischithacn/paper3-exactly-once/results/phase6/runs/CREATEORDER_V2_C1_F6_P0_C50_FAN5_S7009/CREATEORDER_V2_C1_F6_P0_C50_FAN5_S7009_1788647454599,0.0,0.0,0.0,0.0,0.0,0.0,0.0,0.0,0.0,0.0,0.0,144.7889349365722,131.67333235787856,0,PASS
CREATEORDER_V2_C1_F7_P10_C50_S7000,/Users/nischithacn/paper3-exactly-once/results/phase6/runs/CREATEORDER_V2_C1_F7_P10_C50_S7000/CREATEORDER_V2_C1_F7_P10_C50_S7000_1788677127472,0.0,0.0,0.0,0.0,0.0,0.0,0.0,0.0,0.0,0.0,0.0,931.7009208909525,801.6057097099199,0,PASS
CREATEORDER_V2_C1_F7_P10_C50_S7001,/Users/nischithacn/paper3-exactly-once/results/phase6/runs/CREATEORDER_V2_C1_F7_P10_C50_S7001/CREATEORDER_V2_C1_F7_P10_C50_S7001_1788677368669,0.0,0.0,0.0,0.0,0.0,0.0,0.0,0.0,0.0,0.0,0.0,944.9700506308626,800.1036205975314,0,PASS
CREATEORDER_V2_C1_F7_P10_C50_S7002,/Users/nischithacn/paper3-exactly-once/results/phase6/runs/CREATEORDER_V2_C1_F7_P10_C50_S7002/CREATEORDER_V2_C1_F7_P10_C50_S7002_1788677607908,0.0,0.0,0.0,0.0,0.0,0.0,0.0,0.0,0.0,0.0,0.0,729.9669190926518,590.9766241865959,0,PASS
CREATEORDER_V2_C1_F7_P10_C50_S7003,/Users/nischithacn/paper3-exactly-once/results/phase6/runs/CREATEORDER_V2_C1_F7_P10_C50_S7003/CREATEORDER_V2_C1_F7_P10_C50_S7003_1788677832805,0.0,0.0,0.0,0.0,0.0,0.0,0.0,0.0,0.0,0.0,0.0,914.8318191390364,808.7860736746853,0,PASS
CREATEORDER_V2_C1_F7_P10_C50_S7004,/Users/nischithacn/paper3-exactly-once/results/phase6/runs/CREATEORDER_V2_C1_F7_P10_C50_S7004/CREATEORDER_V2_C1_F7_P10_C50_S7004_1788678080809,0.0,0.0,0.0,0.0,0.0,0.0,0.0,0.0,0.0,0.0,0.0,887.8077356951287,779.2052945855975,0,PASS
CREATEORDER_V2_C1_F7_P10_C50_S7005,/Users/nischithacn/paper3-exactly-once/results/phase6/runs/CREATEORDER_V2_C1_F7_P10_C50_S7005/CREATEORDER_V2_C1_F7_P10_C50_S7005_1788678324490,0.0,0.0,0.0,0.0,0.0,0.0,0.0,0.0,0.0,0.0,0.0,826.7225128429839,731.4592742479268,0,PASS
CREATEORDER_V2_C1_F7_P10_C50_S7006,/Users/nischithacn/paper3-exactly-once/results/phase6/runs/CREATEORDER_V2_C1_F7_P10_C50_S7006/CREATEORDER_V2_C1_F7_P10_C50_S7006_1788678578220,0.0,0.0,0.0,0.0,0.0,0.0,0.0,0.0,0.0,0.0,0.0,882.9831873155375,750.359619652852,0,PASS
CREATEORDER_V2_C1_F7_P10_C50_S7007,/Users/nischithacn/paper3-exactly-once/results/phase6/runs/CREATEORDER_V2_C1_F7_P10_C50_S7007/CREATEORDER_V2_C1_F7_P10_C50_S7007_1788678827072,0.0,0.0,0.0,0.0,0.0,0.0,0.0,0.0,0.0,0.0,0.0,677.4616025909655,554.6460598367885,0,PASS
CREATEORDER_V2_C1_F7_P10_C50_S7008,/Users/nischithacn/paper3-exactly-once/results/phase6/runs/CREATEORDER_V2_C1_F7_P10_C50_S7008/CREATEORDER_V2_C1_F7_P10_C50_S7008_1788679060014,0.0,0.0,0.0,0.0,0.0,0.0,0.0,0.0,0.0,0.0,0.0,862.4706937496011,763.0431258035568,0,PASS
CREATEORDER_V2_C1_F7_P10_C50_S7009,/Users/nischithacn/paper3-exactly-once/results/phase6/runs/CREATEORDER_V2_C1_F7_P10_C50_S7009/CREATEORDER_V2_C1_F7_P10_C50_S7009_1788679315764,0.0,0.0,0.0,0.0,0.0,0.0,0.0,0.0,0.0,0.0,0.0,871.1275563346996,766.8737477954435,0,PASS
CREATEORDER_V2_C1_F8_P10_C10_S7000,/Users/nischithacn/paper3-exactly-once/results/phase6/runs/CREATEORDER_V2_C1_F8_P10_C10_S7000/CREATEORDER_V2_C1_F8_P10_C10_S7000_1788151815244,0.0,0.0,0.0,0.0,0.0,0.0,0.0,0.0,0.0,0.0,0.0,137.9266760680418,124.670413479199,0,PASS
CREATEORDER_V2_C1_F8_P10_C10_S7001,/Users/nischithacn/paper3-exactly-once/results/phase6/runs/CREATEORDER_V2_C1_F8_P10_C10_S7001/CREATEORDER_V2_C1_F8_P10_C10_S7001_1788481290205,0.0,0.0,0.0,0.0,0.0,0.0,0.0,0.0,0.0,0.0,0.0,3.5346496767651447,3.5252029475967555,0,PASS
CREATEORDER_V2_C1_F8_P10_C10_S7002,/Users/nischithacn/paper3-exactly-once/results/phase6/runs/CREATEORDER_V2_C1_F8_P10_C10_S7002/CREATEORDER_V2_C1_F8_P10_C10_S7002_1788543914586,0.0,0.0,0.0,0.0,0.0,0.0,0.0,0.0,0.0,0.0,0.0,135.50398472375352,123.33044614769135,0,PASS
CREATEORDER_V2_C1_F8_P10_C10_S7003,/Users/nischithacn/paper3-exactly-once/results/phase6/runs/CREATEORDER_V2_C1_F8_P10_C10_S7003/CREATEORDER_V2_C1_F8_P10_C10_S7003_1788554655772,0.0,0.0,0.0,0.0,0.0,0.0,0.0,0.0,0.0,0.0,0.0,138.29580532864904,126.00897475181584,0,PASS
CREATEORDER_V2_C1_F8_P10_C10_S7004,/Users/nischithacn/paper3-exactly-once/results/phase6/runs/CREATEORDER_V2_C1_F8_P10_C10_S7004/CREATEORDER_V2_C1_F8_P10_C10_S7004_1788560222807,0.0,0.0,0.0,0.0,0.0,0.0,0.0,0.0,0.0,0.0,0.0,136.83620905723626,123.73446830858784,0,PASS
CREATEORDER_V2_C1_F8_P10_C10_S7005,/Users/nischithacn/paper3-exactly-once/results/phase6/runs/CREATEORDER_V2_C1_F8_P10_C10_S7005/CREATEORDER_V2_C1_F8_P10_C10_S7005_1788562308246,0.0,0.0,0.0,0.0,0.0,0.0,0.0,0.0,0.0,0.0,0.0,131.8729911911548,118.6650894916348,0,PASS
CREATEORDER_V2_C1_F8_P10_C10_S7006,/Users/nischithacn/paper3-exactly-once/results/phase6/runs/CREATEORDER_V2_C1_F8_P10_C10_S7006/CREATEORDER_V2_C1_F8_P10_C10_S7006_1788567969667,0.0,0.0,0.0,0.0,0.0,0.0,0.0,0.0,0.0,0.0,0.0,139.16556990479518,123.92140938479754,0,PASS
CREATEORDER_V2_C1_F8_P10_C10_S7007,/Users/nischithacn/paper3-exactly-once/results/phase6/runs/CREATEORDER_V2_C1_F8_P10_C10_S7007/CREATEORDER_V2_C1_F8_P10_C10_S7007_1788569700154,0.0,0.0,0.0,0.0,0.0,0.0,0.0,0.0,0.0,0.0,0.0,139.5456389943356,125.74604361285839,0,PASS
CREATEORDER_V2_C1_F8_P10_C10_S7008,/Users/nischithacn/paper3-exactly-once/results/phase6/runs/CREATEORDER_V2_C1_F8_P10_C10_S7008/CREATEORDER_V2_C1_F8_P10_C10_S7008_1788574250955,0.0,0.0,0.0,0.0,0.0,0.0,0.0,0.0,0.0,0.0,0.0,141.4083312356812,128.1933345458961,0,PASS
CREATEORDER_V2_C1_F8_P10_C10_S7009,/Users/nischithacn/paper3-exactly-once/results/phase6/runs/CREATEORDER_V2_C1_F8_P10_C10_S7009/CREATEORDER_V2_C1_F8_P10_C10_S7009_1788576007000,0.0,0.0,0.0,0.0,0.0,0.0,0.0,0.0,0.0,0.0,0.0,135.4068383568083,123.33108222884691,0,PASS
CREATEORDER_V2_C1_F8_P10_C50_CAP_S7000,/Users/nischithacn/paper3-exactly-once/results/phase6/runs/CREATEORDER_V2_C1_F8_P10_C50_CAP_S7000/CREATEORDER_V2_C1_F8_P10_C50_CAP_S7000_1788671071083,0.0,0.0,0.0,0.0,0.0,0.0,0.0,0.0,0.0,0.0,0.0,704.7589913226999,624.180729160497,0,PASS
CREATEORDER_V2_C1_F8_P10_C50_CAP_S7001,/Users/nischithacn/paper3-exactly-once/results/phase6/runs/CREATEORDER_V2_C1_F8_P10_C50_CAP_S7001/CREATEORDER_V2_C1_F8_P10_C50_CAP_S7001_1788671431439,0.0,0.0,0.0,0.0,0.0,0.0,0.0,0.0,0.0,0.0,0.0,697.966457204819,623.862498414985,0,PASS
CREATEORDER_V2_C1_F8_P10_C50_CAP_S7002,/Users/nischithacn/paper3-exactly-once/results/phase6/runs/CREATEORDER_V2_C1_F8_P10_C50_CAP_S7002/CREATEORDER_V2_C1_F8_P10_C50_CAP_S7002_1788671782628,0.0,0.0,0.0,0.0,0.0,0.0,0.0,0.0,0.0,0.0,0.0,706.9389864352219,632.4841931127132,0,PASS
CREATEORDER_V2_C1_F8_P10_C50_CAP_S7003,/Users/nischithacn/paper3-exactly-once/results/phase6/runs/CREATEORDER_V2_C1_F8_P10_C50_CAP_S7003/CREATEORDER_V2_C1_F8_P10_C50_CAP_S7003_1788672145010,0.0,0.0,0.0,0.0,0.0,0.0,0.0,0.0,0.0,0.0,0.0,672.4266399075011,598.1674441970832,0,PASS
CREATEORDER_V2_C1_F8_P10_C50_CAP_S7004,/Users/nischithacn/paper3-exactly-once/results/phase6/runs/CREATEORDER_V2_C1_F8_P10_C50_CAP_S7004/CREATEORDER_V2_C1_F8_P10_C50_CAP_S7004_1788672536972,0.0,0.0,0.0,0.0,0.0,0.0,0.0,0.0,0.0,0.0,0.0,678.6299670851108,600.4573166061543,0,PASS
CREATEORDER_V2_C1_F8_P10_C50_CAP_S7005,/Users/nischithacn/paper3-exactly-once/results/phase6/runs/CREATEORDER_V2_C1_F8_P10_C50_CAP_S7005/CREATEORDER_V2_C1_F8_P10_C50_CAP_S7005_1788672912950,0.0,0.0,0.0,0.0,0.0,0.0,0.0,0.0,0.0,0.0,0.0,722.7344704898525,630.1643552048419,0,PASS
CREATEORDER_V2_C1_F8_P10_C50_CAP_S7006,/Users/nischithacn/paper3-exactly-once/results/phase6/runs/CREATEORDER_V2_C1_F8_P10_C50_CAP_S7006/CREATEORDER_V2_C1_F8_P10_C50_CAP_S7006_1788673312381,0.0,0.0,0.0,0.0,0.0,0.0,0.0,0.0,0.0,0.0,0.0,686.8573910979253,615.6894997274736,0,PASS
CREATEORDER_V2_C1_F8_P10_C50_CAP_S7007,/Users/nischithacn/paper3-exactly-once/results/phase6/runs/CREATEORDER_V2_C1_F8_P10_C50_CAP_S7007/CREATEORDER_V2_C1_F8_P10_C50_CAP_S7007_1788673709440,0.0,0.0,0.0,0.0,0.0,0.0,0.0,0.0,0.0,0.0,0.0,671.5466133007795,598.8480135813569,0,PASS
CREATEORDER_V2_C1_F8_P10_C50_CAP_S7008,/Users/nischithacn/paper3-exactly-once/results/phase6/runs/CREATEORDER_V2_C1_F8_P10_C50_CAP_S7008/CREATEORDER_V2_C1_F8_P10_C50_CAP_S7008_1788674101454,0.0,0.0,0.0,0.0,0.0,0.0,0.0,0.0,0.0,0.0,0.0,680.405591620152,598.2387951105895,0,PASS
CREATEORDER_V2_C1_F8_P10_C50_CAP_S7009,/Users/nischithacn/paper3-exactly-once/results/phase6/runs/CREATEORDER_V2_C1_F8_P10_C50_CAP_S7009/CREATEORDER_V2_C1_F8_P10_C50_CAP_S7009_1788674504065,0.0,0.0,0.0,0.0,0.0,0.0,0.0,0.0,0.0,0.0,0.0,703.1176986523532,630.0947463716707,0,PASS
CREATEORDER_V2_C1_F8_P10_C50_S7000,/Users/nischithacn/paper3-exactly-once/results/phase6/runs/CREATEORDER_V2_C1_F8_P10_C50_S7000/CREATEORDER_V2_C1_F8_P10_C50_S7000_1788151896046,0.0,0.0,0.0,0.0,0.0,0.0,0.0,0.0,0.0,0.0,0.0,708.68693090663,621.9353756928409,0,PASS
CREATEORDER_V2_C1_F8_P10_C50_S7001,/Users/nischithacn/paper3-exactly-once/results/phase6/runs/CREATEORDER_V2_C1_F8_P10_C50_S7001/CREATEORDER_V2_C1_F8_P10_C50_S7001_1788484127487,0.0,0.0,0.0,0.0,0.0,0.0,0.0,0.0,0.0,0.0,0.0,711.6985824395622,633.8069490519765,0,PASS
CREATEORDER_V2_C1_F8_P10_C50_S7002,/Users/nischithacn/paper3-exactly-once/results/phase6/runs/CREATEORDER_V2_C1_F8_P10_C50_S7002/CREATEORDER_V2_C1_F8_P10_C50_S7002_1788543996237,0.0,0.0,0.0,0.0,0.0,0.0,0.0,0.0,0.0,0.0,0.0,701.6623944312186,620.9319249158516,0,PASS
CREATEORDER_V2_C1_F8_P10_C50_S7003,/Users/nischithacn/paper3-exactly-once/results/phase6/runs/CREATEORDER_V2_C1_F8_P10_C50_S7003/CREATEORDER_V2_C1_F8_P10_C50_S7003_1788554735716,0.0,0.0,0.0,0.0,0.0,0.0,0.0,0.0,0.0,0.0,0.0,697.5135560432142,631.3778331722915,0,PASS
CREATEORDER_V2_C1_F8_P10_C50_S7004,/Users/nischithacn/paper3-exactly-once/results/phase6/runs/CREATEORDER_V2_C1_F8_P10_C50_S7004/CREATEORDER_V2_C1_F8_P10_C50_S7004_1788560310503,0.0,0.0,0.0,0.0,0.0,0.0,0.0,0.0,0.0,0.0,0.0,687.6230365022676,620.4609797457546,0,PASS
CREATEORDER_V2_C1_F8_P10_C50_S7005,/Users/nischithacn/paper3-exactly-once/results/phase6/runs/CREATEORDER_V2_C1_F8_P10_C50_S7005/CREATEORDER_V2_C1_F8_P10_C50_S7005_1788562393090,0.0,0.0,0.0,0.0,0.0,0.0,0.0,0.0,0.0,0.0,0.0,670.6270339999571,595.7217213683927,0,PASS
CREATEORDER_V2_C1_F8_P10_C50_S7006,/Users/nischithacn/paper3-exactly-once/results/phase6/runs/CREATEORDER_V2_C1_F8_P10_C50_S7006/CREATEORDER_V2_C1_F8_P10_C50_S7006_1788568050970,0.0,0.0,0.0,0.0,0.0,0.0,0.0,0.0,0.0,0.0,0.0,689.6053717581525,602.2061949288322,0,PASS
CREATEORDER_V2_C1_F8_P10_C50_S7007,/Users/nischithacn/paper3-exactly-once/results/phase6/runs/CREATEORDER_V2_C1_F8_P10_C50_S7007/CREATEORDER_V2_C1_F8_P10_C50_S7007_1788569780249,0.0,0.0,0.0,0.0,0.0,0.0,0.0,0.0,0.0,0.0,0.0,701.2649106219554,614.2899287230745,0,PASS
CREATEORDER_V2_C1_F8_P10_C50_S7008,/Users/nischithacn/paper3-exactly-once/results/phase6/runs/CREATEORDER_V2_C1_F8_P10_C50_S7008/CREATEORDER_V2_C1_F8_P10_C50_S7008_1788574329540,0.0,0.0,0.0,0.0,0.0,0.0,0.0,0.0,0.0,0.0,0.0,701.1553246045321,628.0528038226687,0,PASS
CREATEORDER_V2_C1_F8_P10_C50_S7009,/Users/nischithacn/paper3-exactly-once/results/phase6/runs/CREATEORDER_V2_C1_F8_P10_C50_S7009/CREATEORDER_V2_C1_F8_P10_C50_S7009_1788576095313,0.0,0.0,0.0,0.0,0.0,0.0,0.0,0.0,0.0,0.0,0.0,696.289958216168,619.80455346592,0,PASS
CREATEORDER_V2_C1_F8_P1_C10_S7000,/Users/nischithacn/paper3-exactly-once/results/phase6/runs/CREATEORDER_V2_C1_F8_P1_C10_S7000/CREATEORDER_V2_C1_F8_P1_C10_S7000_1788151736908,0.0,0.0,0.0,0.0,0.0,0.0,0.0,0.0,0.0,0.0,0.0,826.840832907047,719.6269356501468,0,PASS
CREATEORDER_V2_C1_F8_P1_C10_S7001,/Users/nischithacn/paper3-exactly-once/results/phase6/runs/CREATEORDER_V2_C1_F8_P1_C10_S7001/CREATEORDER_V2_C1_F8_P1_C10_S7001_1788477640092,0.0,0.0,0.0,0.0,0.0,0.0,0.0,0.0,0.0,0.0,0.0,696.494844011823,594.2074217276299,0,PASS
CREATEORDER_V2_C1_F8_P1_C10_S7002,/Users/nischithacn/paper3-exactly-once/results/phase6/runs/CREATEORDER_V2_C1_F8_P1_C10_S7002/CREATEORDER_V2_C1_F8_P1_C10_S7002_1788542782062,0.0,0.0,0.0,0.0,0.0,0.0,0.0,0.0,0.0,0.0,0.0,766.2084826028478,653.975533794956,0,PASS
CREATEORDER_V2_C1_F8_P1_C10_S7003,/Users/nischithacn/paper3-exactly-once/results/phase6/runs/CREATEORDER_V2_C1_F8_P1_C10_S7003/CREATEORDER_V2_C1_F8_P1_C10_S7003_1788554567406,0.0,0.0,0.0,0.0,0.0,0.0,0.0,0.0,0.0,0.0,0.0,737.3388675798634,645.6221417628665,0,PASS
CREATEORDER_V2_C1_F8_P1_C10_S7004,/Users/nischithacn/paper3-exactly-once/results/phase6/runs/CREATEORDER_V2_C1_F8_P1_C10_S7004/CREATEORDER_V2_C1_F8_P1_C10_S7004_1788560136238,0.0,0.0,0.0,0.0,0.0,0.0,0.0,0.0,0.0,0.0,0.0,654.117514002738,542.6166194787861,0,PASS
CREATEORDER_V2_C1_F8_P1_C10_S7005,/Users/nischithacn/paper3-exactly-once/results/phase6/runs/CREATEORDER_V2_C1_F8_P1_C10_S7005/CREATEORDER_V2_C1_F8_P1_C10_S7005_1788562199872,0.0,0.0,0.0,0.0,0.0,0.0,0.0,0.0,0.0,0.0,0.0,604.7771916609663,534.476770766887,0,PASS
CREATEORDER_V2_C1_F8_P1_C10_S7006,/Users/nischithacn/paper3-exactly-once/results/phase6/runs/CREATEORDER_V2_C1_F8_P1_C10_S7006/CREATEORDER_V2_C1_F8_P1_C10_S7006_1788567867342,0.0,0.0,0.0,0.0,0.0,0.0,0.0,0.0,0.0,0.0,0.0,704.6976437855348,620.5564686096271,0,PASS
CREATEORDER_V2_C1_F8_P1_C10_S7007,/Users/nischithacn/paper3-exactly-once/results/phase6/runs/CREATEORDER_V2_C1_F8_P1_C10_S7007/CREATEORDER_V2_C1_F8_P1_C10_S7007_1788569611492,0.0,0.0,0.0,0.0,0.0,0.0,0.0,0.0,0.0,0.0,0.0,699.427471559845,610.740501365592,0,PASS
CREATEORDER_V2_C1_F8_P1_C10_S7008,/Users/nischithacn/paper3-exactly-once/results/phase6/runs/CREATEORDER_V2_C1_F8_P1_C10_S7008/CREATEORDER_V2_C1_F8_P1_C10_S7008_1788574162602,0.0,0.0,0.0,0.0,0.0,0.0,0.0,0.0,0.0,0.0,0.0,724.2683632496882,621.1151831634246,0,PASS
CREATEORDER_V2_C1_F8_P1_C10_S7009,/Users/nischithacn/paper3-exactly-once/results/phase6/runs/CREATEORDER_V2_C1_F8_P1_C10_S7009/CREATEORDER_V2_C1_F8_P1_C10_S7009_1788575920802,0.0,0.0,0.0,0.0,0.0,0.0,0.0,0.0,0.0,0.0,0.0,633.1299469032068,525.0259896567112,0,PASS
CREATEORDER_V2_C1_F8_P1_C50_S7000,/Users/nischithacn/paper3-exactly-once/results/phase6/runs/CREATEORDER_V2_C1_F8_P1_C50_S7000/CREATEORDER_V2_C1_F8_P1_C50_S7000_1788151751355,0.0,0.0,0.0,0.0,0.0,0.0,0.0,0.0,0.0,0.0,0.0,1345.142231746077,1160.6364021528937,0,PASS
CREATEORDER_V2_C1_F8_P1_C50_S7001,/Users/nischithacn/paper3-exactly-once/results/phase6/runs/CREATEORDER_V2_C1_F8_P1_C50_S7001/CREATEORDER_V2_C1_F8_P1_C50_S7001_1788477657473,0.0,0.0,0.0,0.0,0.0,0.0,0.0,0.0,0.0,0.0,0.0,1266.4242397891378,1091.7043536351418,0,PASS
CREATEORDER_V2_C1_F8_P1_C50_S7002,/Users/nischithacn/paper3-exactly-once/results/phase6/runs/CREATEORDER_V2_C1_F8_P1_C50_S7002/CREATEORDER_V2_C1_F8_P1_C50_S7002_1788543844454,0.0,0.0,0.0,0.0,0.0,0.0,0.0,0.0,0.0,0.0,0.0,959.9720442711412,754.586117204673,0,PASS
CREATEORDER_V2_C1_F8_P1_C50_S7003,/Users/nischithacn/paper3-exactly-once/results/phase6/runs/CREATEORDER_V2_C1_F8_P1_C50_S7003/CREATEORDER_V2_C1_F8_P1_C50_S7003_1788554583424,0.0,0.0,0.0,0.0,0.0,0.0,0.0,0.0,0.0,0.0,0.0,1321.7435893622037,1133.3243823228586,0,PASS
CREATEORDER_V2_C1_F8_P1_C50_S7004,/Users/nischithacn/paper3-exactly-once/results/phase6/runs/CREATEORDER_V2_C1_F8_P1_C50_S7004/CREATEORDER_V2_C1_F8_P1_C50_S7004_1788560155214,0.0,0.0,0.0,0.0,0.0,0.0,0.0,0.0,0.0,0.0,0.0,1299.2014021685054,1103.8049060703527,0,PASS
CREATEORDER_V2_C1_F8_P1_C50_S7005,/Users/nischithacn/paper3-exactly-once/results/phase6/runs/CREATEORDER_V2_C1_F8_P1_C50_S7005/CREATEORDER_V2_C1_F8_P1_C50_S7005_1788562219121,0.0,0.0,0.0,0.0,0.0,0.0,0.0,0.0,0.0,0.0,0.0,1321.8363129326856,1130.895769003806,0,PASS
CREATEORDER_V2_C1_F8_P1_C50_S7006,/Users/nischithacn/paper3-exactly-once/results/phase6/runs/CREATEORDER_V2_C1_F8_P1_C50_S7006/CREATEORDER_V2_C1_F8_P1_C50_S7006_1788567884001,0.0,0.0,0.0,0.0,0.0,0.0,0.0,0.0,0.0,0.0,0.0,1320.5694257944938,1127.0423508539172,0,PASS
CREATEORDER_V2_C1_F8_P1_C50_S7007,/Users/nischithacn/paper3-exactly-once/results/phase6/runs/CREATEORDER_V2_C1_F8_P1_C50_S7007/CREATEORDER_V2_C1_F8_P1_C50_S7007_1788569635063,0.0,0.0,0.0,0.0,0.0,0.0,0.0,0.0,0.0,0.0,0.0,1329.5902933375871,1144.760462588356,0,PASS
CREATEORDER_V2_C1_F8_P1_C50_S7008,/Users/nischithacn/paper3-exactly-once/results/phase6/runs/CREATEORDER_V2_C1_F8_P1_C50_S7008/CREATEORDER_V2_C1_F8_P1_C50_S7008_1788574179252,0.0,0.0,0.0,0.0,0.0,0.0,0.0,0.0,0.0,0.0,0.0,1292.1292083614355,1105.9343447460615,0,PASS
CREATEORDER_V2_C1_F8_P1_C50_S7009,/Users/nischithacn/paper3-exactly-once/results/phase6/runs/CREATEORDER_V2_C1_F8_P1_C50_S7009/CREATEORDER_V2_C1_F8_P1_C50_S7009_1788575940391,0.0,0.0,0.0,0.0,0.0,0.0,0.0,0.0,0.0,0.0,0.0,1231.2116960273522,1056.2045695289944,0,PASS
CREATEORDER_V2_C1_F8_P20_C10_S7000,/Users/nischithacn/paper3-exactly-once/results/phase6/runs/CREATEORDER_V2_C1_F8_P20_C10_S7000/CREATEORDER_V2_C1_F8_P20_C10_S7000_1788151912714,0.0,0.0,0.0,0.0,0.0,0.0,0.0,0.0,0.0,0.0,0.0,71.89073230668834,65.50376140267903,0,PASS
CREATEORDER_V2_C1_F8_P20_C10_S7001,/Users/nischithacn/paper3-exactly-once/results/phase6/runs/CREATEORDER_V2_C1_F8_P20_C10_S7001/CREATEORDER_V2_C1_F8_P20_C10_S7001_1788484143851,0.0,0.0,0.0,0.0,0.0,0.0,0.0,0.0,0.0,0.0,0.0,4.712608069707377,4.68402484196109,0,PASS
CREATEORDER_V2_C1_F8_P20_C10_S7002,/Users/nischithacn/paper3-exactly-once/results/phase6/runs/CREATEORDER_V2_C1_F8_P20_C10_S7002/CREATEORDER_V2_C1_F8_P20_C10_S7002_1788546063749,0.0,0.0,0.0,0.0,0.0,0.0,0.0,0.0,0.0,0.0,0.0,71.75945107964526,65.13804815306865,0,PASS
CREATEORDER_V2_C1_F8_P20_C10_S7003,/Users/nischithacn/paper3-exactly-once/results/phase6/runs/CREATEORDER_V2_C1_F8_P20_C10_S7003/CREATEORDER_V2_C1_F8_P20_C10_S7003_1788554752136,0.0,0.0,0.0,0.0,0.0,0.0,0.0,0.0,0.0,0.0,0.0,73.28126524125426,66.64657668547885,0,PASS
CREATEORDER_V2_C1_F8_P20_C10_S7004,/Users/nischithacn/paper3-exactly-once/results/phase6/runs/CREATEORDER_V2_C1_F8_P20_C10_S7004/CREATEORDER_V2_C1_F8_P20_C10_S7004_1788560327202,0.0,0.0,0.0,0.0,0.0,0.0,0.0,0.0,0.0,0.0,0.0,73.85732254171636,67.09622704292175,0,PASS
CREATEORDER_V2_C1_F8_P20_C10_S7005,/Users/nischithacn/paper3-exactly-once/results/phase6/runs/CREATEORDER_V2_C1_F8_P20_C10_S7005/CREATEORDER_V2_C1_F8_P20_C10_S7005_1788562410469,0.0,0.0,0.0,0.0,0.0,0.0,0.0,0.0,0.0,0.0,0.0,73.04379188225163,66.03379878429189,0,PASS
CREATEORDER_V2_C1_F8_P20_C10_S7006,/Users/nischithacn/paper3-exactly-once/results/phase6/runs/CREATEORDER_V2_C1_F8_P20_C10_S7006/CREATEORDER_V2_C1_F8_P20_C10_S7006_1788568068162,0.0,0.0,0.0,0.0,0.0,0.0,0.0,0.0,0.0,0.0,0.0,70.76956657907596,64.46414231650118,0,PASS
CREATEORDER_V2_C1_F8_P20_C10_S7007,/Users/nischithacn/paper3-exactly-once/results/phase6/runs/CREATEORDER_V2_C1_F8_P20_C10_S7007/CREATEORDER_V2_C1_F8_P20_C10_S7007_1788569817950,0.0,0.0,0.0,0.0,0.0,0.0,0.0,0.0,0.0,0.0,0.0,73.29554934446331,66.29756248280867,0,PASS
CREATEORDER_V2_C1_F8_P20_C10_S7008,/Users/nischithacn/paper3-exactly-once/results/phase6/runs/CREATEORDER_V2_C1_F8_P20_C10_S7008/CREATEORDER_V2_C1_F8_P20_C10_S7008_1788574346047,0.0,0.0,0.0,0.0,0.0,0.0,0.0,0.0,0.0,0.0,0.0,73.46383017909622,66.23193432666012,0,PASS
CREATEORDER_V2_C1_F8_P20_C10_S7009,/Users/nischithacn/paper3-exactly-once/results/phase6/runs/CREATEORDER_V2_C1_F8_P20_C10_S7009/CREATEORDER_V2_C1_F8_P20_C10_S7009_1788576112039,0.0,0.0,0.0,0.0,0.0,0.0,0.0,0.0,0.0,0.0,0.0,72.78352946271704,66.22266268591737,0,PASS
CREATEORDER_V2_C1_F8_P20_C50_S7000,/Users/nischithacn/paper3-exactly-once/results/phase6/runs/CREATEORDER_V2_C1_F8_P20_C50_S7000/CREATEORDER_V2_C1_F8_P20_C50_S7000_1788152066006,0.0,0.0,0.0,0.0,0.0,0.0,0.0,0.0,0.0,0.0,0.0,368.1035760311625,335.3327572221375,0,PASS
CREATEORDER_V2_C1_F8_P20_C50_S7001,/Users/nischithacn/paper3-exactly-once/results/phase6/runs/CREATEORDER_V2_C1_F8_P20_C50_S7001/CREATEORDER_V2_C1_F8_P20_C50_S7001_1788486279353,0.0,0.0,0.0,0.0,0.0,0.0,0.0,0.0,0.0,0.0,0.0,381.21592084429733,346.24363900817747,0,PASS
CREATEORDER_V2_C1_F8_P20_C50_S7002,/Users/nischithacn/paper3-exactly-once/results/phase6/runs/CREATEORDER_V2_C1_F8_P20_C50_S7002/CREATEORDER_V2_C1_F8_P20_C50_S7002_1788546217868,0.0,0.0,0.0,0.0,0.0,0.0,0.0,0.0,0.0,0.0,0.0,368.5484013258486,334.1886316821548,0,PASS
CREATEORDER_V2_C1_F8_P20_C50_S7003,/Users/nischithacn/paper3-exactly-once/results/phase6/runs/CREATEORDER_V2_C1_F8_P20_C50_S7003/CREATEORDER_V2_C1_F8_P20_C50_S7003_1788554902800,0.0,0.0,0.0,0.0,0.0,0.0,0.0,0.0,0.0,0.0,0.0,378.69411157898105,342.58652588540826,0,PASS
CREATEORDER_V2_C1_F8_P20_C50_S7004,/Users/nischithacn/paper3-exactly-once/results/phase6/runs/CREATEORDER_V2_C1_F8_P20_C50_S7004/CREATEORDER_V2_C1_F8_P20_C50_S7004_1788560476856,0.0,0.0,0.0,0.0,0.0,0.0,0.0,0.0,0.0,0.0,0.0,384.22727075897313,342.61437036008766,0,PASS
CREATEORDER_V2_C1_F8_P20_C50_S7005,/Users/nischithacn/paper3-exactly-once/results/phase6/runs/CREATEORDER_V2_C1_F8_P20_C50_S7005/CREATEORDER_V2_C1_F8_P20_C50_S7005_1788562568739,0.0,0.0,0.0,0.0,0.0,0.0,0.0,0.0,0.0,0.0,0.0,378.8430532757347,338.3152027058092,0,PASS
CREATEORDER_V2_C1_F8_P20_C50_S7006,/Users/nischithacn/paper3-exactly-once/results/phase6/runs/CREATEORDER_V2_C1_F8_P20_C50_S7006/CREATEORDER_V2_C1_F8_P20_C50_S7006_1788568223911,0.0,0.0,0.0,0.0,0.0,0.0,0.0,0.0,0.0,0.0,0.0,368.1850433779907,334.5964003674454,0,PASS
CREATEORDER_V2_C1_F8_P20_C50_S7007,/Users/nischithacn/paper3-exactly-once/results/phase6/runs/CREATEORDER_V2_C1_F8_P20_C50_S7007/CREATEORDER_V2_C1_F8_P20_C50_S7007_1788569969416,0.0,0.0,0.0,0.0,0.0,0.0,0.0,0.0,0.0,0.0,0.0,388.48336094184066,350.85655913762264,0,PASS
CREATEORDER_V2_C1_F8_P20_C50_S7008,/Users/nischithacn/paper3-exactly-once/results/phase6/runs/CREATEORDER_V2_C1_F8_P20_C50_S7008/CREATEORDER_V2_C1_F8_P20_C50_S7008_1788574497648,0.0,0.0,0.0,0.0,0.0,0.0,0.0,0.0,0.0,0.0,0.0,363.31172348289067,326.07044242087596,0,PASS
CREATEORDER_V2_C1_F8_P20_C50_S7009,/Users/nischithacn/paper3-exactly-once/results/phase6/runs/CREATEORDER_V2_C1_F8_P20_C50_S7009/CREATEORDER_V2_C1_F8_P20_C50_S7009_1788576263668,0.0,0.0,0.0,0.0,0.0,0.0,0.0,0.0,0.0,0.0,0.0,391.0751774855187,347.41134111285066,0,PASS
CREATEORDER_V2_C1_F8_P5_C10_S7000,/Users/nischithacn/paper3-exactly-once/results/phase6/runs/CREATEORDER_V2_C1_F8_P5_C10_S7000/CREATEORDER_V2_C1_F8_P5_C10_S7000_1788151760529,0.0,0.0,0.0,0.0,0.0,0.0,0.0,0.0,0.0,0.0,0.0,255.96170572918192,230.7631406754818,0,PASS
CREATEORDER_V2_C1_F8_P5_C10_S7001,/Users/nischithacn/paper3-exactly-once/results/phase6/runs/CREATEORDER_V2_C1_F8_P5_C10_S7001/CREATEORDER_V2_C1_F8_P5_C10_S7001_1788477667257,0.0,0.0,0.0,0.0,0.0,0.0,0.0,0.0,0.0,0.0,0.0,251.00273230842353,225.00389517136298,0,PASS
CREATEORDER_V2_C1_F8_P5_C10_S7002,/Users/nischithacn/paper3-exactly-once/results/phase6/runs/CREATEORDER_V2_C1_F8_P5_C10_S7002/CREATEORDER_V2_C1_F8_P5_C10_S7002_1788543858266,0.0,0.0,0.0,0.0,0.0,0.0,0.0,0.0,0.0,0.0,0.0,246.77340099808075,223.94946494346857,0,PASS
CREATEORDER_V2_C1_F8_P5_C10_S7003,/Users/nischithacn/paper3-exactly-once/results/phase6/runs/CREATEORDER_V2_C1_F8_P5_C10_S7003/CREATEORDER_V2_C1_F8_P5_C10_S7003_1788554592803,0.0,0.0,0.0,0.0,0.0,0.0,0.0,0.0,0.0,0.0,0.0,251.9294602028295,221.85981632957254,0,PASS
CREATEORDER_V2_C1_F8_P5_C10_S7004,/Users/nischithacn/paper3-exactly-once/results/phase6/runs/CREATEORDER_V2_C1_F8_P5_C10_S7004/CREATEORDER_V2_C1_F8_P5_C10_S7004_1788560164828,0.0,0.0,0.0,0.0,0.0,0.0,0.0,0.0,0.0,0.0,0.0,237.545078755721,216.78195350439583,0,PASS
CREATEORDER_V2_C1_F8_P5_C10_S7005,/Users/nischithacn/paper3-exactly-once/results/phase6/runs/CREATEORDER_V2_C1_F8_P5_C10_S7005/CREATEORDER_V2_C1_F8_P5_C10_S7005_1788562248725,0.0,0.0,0.0,0.0,0.0,0.0,0.0,0.0,0.0,0.0,0.0,236.68149020185103,211.08261428359052,0,PASS
CREATEORDER_V2_C1_F8_P5_C10_S7006,/Users/nischithacn/paper3-exactly-once/results/phase6/runs/CREATEORDER_V2_C1_F8_P5_C10_S7006/CREATEORDER_V2_C1_F8_P5_C10_S7006_1788567893424,0.0,0.0,0.0,0.0,0.0,0.0,0.0,0.0,0.0,0.0,0.0,250.02690396128423,227.35676270644498,0,PASS
CREATEORDER_V2_C1_F8_P5_C10_S7007,/Users/nischithacn/paper3-exactly-once/results/phase6/runs/CREATEORDER_V2_C1_F8_P5_C10_S7007/CREATEORDER_V2_C1_F8_P5_C10_S7007_1788569644345,0.0,0.0,0.0,0.0,0.0,0.0,0.0,0.0,0.0,0.0,0.0,248.898004439024,225.69464006547145,0,PASS
CREATEORDER_V2_C1_F8_P5_C10_S7008,/Users/nischithacn/paper3-exactly-once/results/phase6/runs/CREATEORDER_V2_C1_F8_P5_C10_S7008/CREATEORDER_V2_C1_F8_P5_C10_S7008_1788574188846,0.0,0.0,0.0,0.0,0.0,0.0,0.0,0.0,0.0,0.0,0.0,252.8655186033647,230.1997011100425,0,PASS
CREATEORDER_V2_C1_F8_P5_C10_S7009,/Users/nischithacn/paper3-exactly-once/results/phase6/runs/CREATEORDER_V2_C1_F8_P5_C10_S7009/CREATEORDER_V2_C1_F8_P5_C10_S7009_1788575950403,0.0,0.0,0.0,0.0,0.0,0.0,0.0,0.0,0.0,0.0,0.0,248.3324344615226,224.1617692330887,0,PASS
CREATEORDER_V2_C1_F8_P5_C50_S7000,/Users/nischithacn/paper3-exactly-once/results/phase6/runs/CREATEORDER_V2_C1_F8_P5_C50_S7000/CREATEORDER_V2_C1_F8_P5_C50_S7000_1788151804436,0.0,0.0,0.0,0.0,0.0,0.0,0.0,0.0,0.0,0.0,0.0,1114.9104988993117,977.5196790816884,0,PASS
CREATEORDER_V2_C1_F8_P5_C50_S7001,/Users/nischithacn/paper3-exactly-once/results/phase6/runs/CREATEORDER_V2_C1_F8_P5_C50_S7001/CREATEORDER_V2_C1_F8_P5_C50_S7001_1788477712273,0.0,0.0,0.0,0.0,0.0,0.0,0.0,0.0,0.0,0.0,0.0,1053.3298619999316,922.7572831656104,0,PASS
CREATEORDER_V2_C1_F8_P5_C50_S7002,/Users/nischithacn/paper3-exactly-once/results/phase6/runs/CREATEORDER_V2_C1_F8_P5_C50_S7002/CREATEORDER_V2_C1_F8_P5_C50_S7002_1788543903477,0.0,0.0,0.0,0.0,0.0,0.0,0.0,0.0,0.0,0.0,0.0,1088.7579457150991,948.7614561315361,0,PASS
CREATEORDER_V2_C1_F8_P5_C50_S7003,/Users/nischithacn/paper3-exactly-once/results/phase6/runs/CREATEORDER_V2_C1_F8_P5_C50_S7003/CREATEORDER_V2_C1_F8_P5_C50_S7003_1788554644961,0.0,0.0,0.0,0.0,0.0,0.0,0.0,0.0,0.0,0.0,0.0,1122.3079272009422,976.1215251638179,0,PASS
CREATEORDER_V2_C1_F8_P5_C50_S7004,/Users/nischithacn/paper3-exactly-once/results/phase6/runs/CREATEORDER_V2_C1_F8_P5_C50_S7004/CREATEORDER_V2_C1_F8_P5_C50_S7004_1788560211513,0.0,0.0,0.0,0.0,0.0,0.0,0.0,0.0,0.0,0.0,0.0,1065.4998942071363,932.1772831793111,0,PASS
CREATEORDER_V2_C1_F8_P5_C50_S7005,/Users/nischithacn/paper3-exactly-once/results/phase6/runs/CREATEORDER_V2_C1_F8_P5_C50_S7005/CREATEORDER_V2_C1_F8_P5_C50_S7005_1788562296664,0.0,0.0,0.0,0.0,0.0,0.0,0.0,0.0,0.0,0.0,0.0,1049.9908101170922,908.138843715588,0,PASS
CREATEORDER_V2_C1_F8_P5_C50_S7006,/Users/nischithacn/paper3-exactly-once/results/phase6/runs/CREATEORDER_V2_C1_F8_P5_C50_S7006/CREATEORDER_V2_C1_F8_P5_C50_S7006_1788567937965,0.0,0.0,0.0,0.0,0.0,0.0,0.0,0.0,0.0,0.0,0.0,1101.5526117524098,959.8528204194275,0,PASS
CREATEORDER_V2_C1_F8_P5_C50_S7007,/Users/nischithacn/paper3-exactly-once/results/phase6/runs/CREATEORDER_V2_C1_F8_P5_C50_S7007/CREATEORDER_V2_C1_F8_P5_C50_S7007_1788569689224,0.0,0.0,0.0,0.0,0.0,0.0,0.0,0.0,0.0,0.0,0.0,1111.9566683282949,964.0051090866019,0,PASS
CREATEORDER_V2_C1_F8_P5_C50_S7008,/Users/nischithacn/paper3-exactly-once/results/phase6/runs/CREATEORDER_V2_C1_F8_P5_C50_S7008/CREATEORDER_V2_C1_F8_P5_C50_S7008_1788574239769,0.0,0.0,0.0,0.0,0.0,0.0,0.0,0.0,0.0,0.0,0.0,1080.7718140710415,941.6756395145248,0,PASS
CREATEORDER_V2_C1_F8_P5_C50_S7009,/Users/nischithacn/paper3-exactly-once/results/phase6/runs/CREATEORDER_V2_C1_F8_P5_C50_S7009/CREATEORDER_V2_C1_F8_P5_C50_S7009_1788575995576,0.0,0.0,0.0,0.0,0.0,0.0,0.0,0.0,0.0,0.0,0.0,1050.1266432545958,921.0162205244019,0,PASS
CREATEORDER_V2_C1_F9_P10_C10_S7000,/Users/nischithacn/paper3-exactly-once/results/phase6/runs/CREATEORDER_V2_C1_F9_P10_C10_S7000/CREATEORDER_V2_C1_F9_P10_C10_S7000_1788578895692,0.0,0.0,0.0,0.0,0.0,0.0,0.0,0.0,0.0,0.0,0.0,811.2261382332431,659.1246108122986,0,PASS
CREATEORDER_V2_C1_F9_P10_C10_S7001,/Users/nischithacn/paper3-exactly-once/results/phase6/runs/CREATEORDER_V2_C1_F9_P10_C10_S7001/CREATEORDER_V2_C1_F9_P10_C10_S7001_1788579500512,0.0,0.0,0.0,0.0,0.0,0.0,0.0,0.0,0.0,0.0,0.0,964.6658216831086,855.9846880867058,0,PASS
CREATEORDER_V2_C1_F9_P10_C10_S7002,/Users/nischithacn/paper3-exactly-once/results/phase6/runs/CREATEORDER_V2_C1_F9_P10_C10_S7002/CREATEORDER_V2_C1_F9_P10_C10_S7002_1788581480453,0.0,0.0,0.0,0.0,0.0,0.0,0.0,0.0,0.0,0.0,0.0,1024.6445554593743,906.0091420799533,0,PASS
CREATEORDER_V2_C1_F9_P10_C10_S7003,/Users/nischithacn/paper3-exactly-once/results/phase6/runs/CREATEORDER_V2_C1_F9_P10_C10_S7003/CREATEORDER_V2_C1_F9_P10_C10_S7003_1788582107720,0.0,0.0,0.0,0.0,0.0,0.0,0.0,0.0,0.0,0.0,0.0,883.5491243196649,790.5639516677372,0,PASS
CREATEORDER_V2_C1_F9_P10_C10_S7004,/Users/nischithacn/paper3-exactly-once/results/phase6/runs/CREATEORDER_V2_C1_F9_P10_C10_S7004/CREATEORDER_V2_C1_F9_P10_C10_S7004_1788583220051,0.0,0.0,0.0,0.0,0.0,0.0,0.0,0.0,0.0,0.0,0.0,790.6106540202258,706.4781659916392,0,PASS
CREATEORDER_V2_C1_F9_P10_C10_S7005,/Users/nischithacn/paper3-exactly-once/results/phase6/runs/CREATEORDER_V2_C1_F9_P10_C10_S7005/CREATEORDER_V2_C1_F9_P10_C10_S7005_1788583940084,0.0,0.0,0.0,0.0,0.0,0.0,0.0,0.0,0.0,0.0,0.0,740.685055056689,608.4433161674041,0,PASS
CREATEORDER_V2_C1_F9_P10_C10_S7006,/Users/nischithacn/paper3-exactly-once/results/phase6/runs/CREATEORDER_V2_C1_F9_P10_C10_S7006/CREATEORDER_V2_C1_F9_P10_C10_S7006_1788584558544,0.0,0.0,0.0,0.0,0.0,0.0,0.0,0.0,0.0,0.0,0.0,966.3085041379842,857.1583536575223,0,PASS
CREATEORDER_V2_C1_F9_P10_C10_S7007,/Users/nischithacn/paper3-exactly-once/results/phase6/runs/CREATEORDER_V2_C1_F9_P10_C10_S7007/CREATEORDER_V2_C1_F9_P10_C10_S7007_1788585208919,0.0,0.0,0.0,0.0,0.0,0.0,0.0,0.0,0.0,0.0,0.0,939.6317582551554,838.7824912666154,0,PASS
CREATEORDER_V2_C1_F9_P10_C10_S7008,/Users/nischithacn/paper3-exactly-once/results/phase6/runs/CREATEORDER_V2_C1_F9_P10_C10_S7008/CREATEORDER_V2_C1_F9_P10_C10_S7008_1788585860950,0.0,0.0,0.0,0.0,0.0,0.0,0.0,0.0,0.0,0.0,0.0,849.5353131540178,759.8370754921862,0,PASS
CREATEORDER_V2_C1_F9_P10_C10_S7009,/Users/nischithacn/paper3-exactly-once/results/phase6/runs/CREATEORDER_V2_C1_F9_P10_C10_S7009/CREATEORDER_V2_C1_F9_P10_C10_S7009_1788588625883,0.0,0.0,0.0,0.0,0.0,0.0,0.0,0.0,0.0,0.0,0.0,1087.0072218541968,955.2833177714368,0,PASS
CREATEORDER_V2_C1_F9_P10_C50_S7000,/Users/nischithacn/paper3-exactly-once/results/phase6/runs/CREATEORDER_V2_C1_F9_P10_C50_S7000/CREATEORDER_V2_C1_F9_P10_C50_S7000_1788578911433,0.0,0.0,0.0,0.0,0.0,0.0,0.0,0.0,0.0,0.0,0.0,1212.063451459727,1058.771092131071,0,PASS
CREATEORDER_V2_C1_F9_P10_C50_S7001,/Users/nischithacn/paper3-exactly-once/results/phase6/runs/CREATEORDER_V2_C1_F9_P10_C50_S7001/CREATEORDER_V2_C1_F9_P10_C50_S7001_1788579512752,0.0,0.0,0.0,0.0,0.0,0.0,0.0,0.0,0.0,0.0,0.0,1150.441371020458,1014.5893862000106,0,PASS
CREATEORDER_V2_C1_F9_P10_C50_S7002,/Users/nischithacn/paper3-exactly-once/results/phase6/runs/CREATEORDER_V2_C1_F9_P10_C50_S7002/CREATEORDER_V2_C1_F9_P10_C50_S7002_1788581492066,0.0,0.0,0.0,0.0,0.0,0.0,0.0,0.0,0.0,0.0,0.0,1241.2836772195556,1091.7447614951363,0,PASS
CREATEORDER_V2_C1_F9_P10_C50_S7003,/Users/nischithacn/paper3-exactly-once/results/phase6/runs/CREATEORDER_V2_C1_F9_P10_C50_S7003/CREATEORDER_V2_C1_F9_P10_C50_S7003_1788582127500,0.0,0.0,0.0,0.0,0.0,0.0,0.0,0.0,0.0,0.0,0.0,1180.453024695854,1042.1741845279907,0,PASS
CREATEORDER_V2_C1_F9_P10_C50_S7004,/Users/nischithacn/paper3-exactly-once/results/phase6/runs/CREATEORDER_V2_C1_F9_P10_C50_S7004/CREATEORDER_V2_C1_F9_P10_C50_S7004_1788583234820,0.0,0.0,0.0,0.0,0.0,0.0,0.0,0.0,0.0,0.0,0.0,868.5351367404694,769.7068569010193,0,PASS
CREATEORDER_V2_C1_F9_P10_C50_S7005,/Users/nischithacn/paper3-exactly-once/results/phase6/runs/CREATEORDER_V2_C1_F9_P10_C50_S7005/CREATEORDER_V2_C1_F9_P10_C50_S7005_1788583957079,0.0,0.0,0.0,0.0,0.0,0.0,0.0,0.0,0.0,0.0,0.0,1098.7726310388525,967.9023326717045,0,PASS
CREATEORDER_V2_C1_F9_P10_C50_S7006,/Users/nischithacn/paper3-exactly-once/results/phase6/runs/CREATEORDER_V2_C1_F9_P10_C50_S7006/CREATEORDER_V2_C1_F9_P10_C50_S7006_1788584570770,0.0,0.0,0.0,0.0,0.0,0.0,0.0,0.0,0.0,0.0,0.0,1078.0724946835396,964.0812444140954,0,PASS
CREATEORDER_V2_C1_F9_P10_C50_S7007,/Users/nischithacn/paper3-exactly-once/results/phase6/runs/CREATEORDER_V2_C1_F9_P10_C50_S7007/CREATEORDER_V2_C1_F9_P10_C50_S7007_1788585221407,0.0,0.0,0.0,0.0,0.0,0.0,0.0,0.0,0.0,0.0,0.0,1079.214106040256,963.2807856659693,0,PASS
CREATEORDER_V2_C1_F9_P10_C50_S7008,/Users/nischithacn/paper3-exactly-once/results/phase6/runs/CREATEORDER_V2_C1_F9_P10_C50_S7008/CREATEORDER_V2_C1_F9_P10_C50_S7008_1788585881520,0.0,0.0,0.0,0.0,0.0,0.0,0.0,0.0,0.0,0.0,0.0,1123.6622884609237,1003.7402288400141,0,PASS
CREATEORDER_V2_C1_F9_P10_C50_S7009,/Users/nischithacn/paper3-exactly-once/results/phase6/runs/CREATEORDER_V2_C1_F9_P10_C50_S7009/CREATEORDER_V2_C1_F9_P10_C50_S7009_1788588636916,0.0,0.0,0.0,0.0,0.0,0.0,0.0,0.0,0.0,0.0,0.0,1370.3659039775075,1201.4015105913168,0,PASS
CREATEORDER_V2_C1_F9_P1_C10_S7000,/Users/nischithacn/paper3-exactly-once/results/phase6/runs/CREATEORDER_V2_C1_F9_P1_C10_S7000/CREATEORDER_V2_C1_F9_P1_C10_S7000_1788578832969,0.0,0.0,0.0,0.0,0.0,0.0,0.0,0.0,0.0,0.0,0.0,1000.1880522484787,857.8512943002879,0,PASS
CREATEORDER_V2_C1_F9_P1_C10_S7001,/Users/nischithacn/paper3-exactly-once/results/phase6/runs/CREATEORDER_V2_C1_F9_P1_C10_S7001/CREATEORDER_V2_C1_F9_P1_C10_S7001_1788579449554,0.0,0.0,0.0,0.0,0.0,0.0,0.0,0.0,0.0,0.0,0.0,937.2291891097125,806.5414888599772,0,PASS
CREATEORDER_V2_C1_F9_P1_C10_S7002,/Users/nischithacn/paper3-exactly-once/results/phase6/runs/CREATEORDER_V2_C1_F9_P1_C10_S7002/CREATEORDER_V2_C1_F9_P1_C10_S7002_1788581430608,0.0,0.0,0.0,0.0,0.0,0.0,0.0,0.0,0.0,0.0,0.0,1046.823382123065,895.7087661771399,0,PASS
CREATEORDER_V2_C1_F9_P1_C10_S7003,/Users/nischithacn/paper3-exactly-once/results/phase6/runs/CREATEORDER_V2_C1_F9_P1_C10_S7003/CREATEORDER_V2_C1_F9_P1_C10_S7003_1788582059474,0.0,0.0,0.0,0.0,0.0,0.0,0.0,0.0,0.0,0.0,0.0,785.4281099701673,644.6117933185036,0,PASS
CREATEORDER_V2_C1_F9_P1_C10_S7004,/Users/nischithacn/paper3-exactly-once/results/phase6/runs/CREATEORDER_V2_C1_F9_P1_C10_S7004/CREATEORDER_V2_C1_F9_P1_C10_S7004_1788583140516,0.0,0.0,0.0,0.0,0.0,0.0,0.0,0.0,0.0,0.0,0.0,889.9901087548924,763.3087863813162,0,PASS
CREATEORDER_V2_C1_F9_P1_C10_S7005,/Users/nischithacn/paper3-exactly-once/results/phase6/runs/CREATEORDER_V2_C1_F9_P1_C10_S7005/CREATEORDER_V2_C1_F9_P1_C10_S7005_1788583874047,0.0,0.0,0.0,0.0,0.0,0.0,0.0,0.0,0.0,0.0,0.0,979.5945440491901,832.4389992863454,0,PASS
CREATEORDER_V2_C1_F9_P1_C10_S7006,/Users/nischithacn/paper3-exactly-once/results/phase6/runs/CREATEORDER_V2_C1_F9_P1_C10_S7006/CREATEORDER_V2_C1_F9_P1_C10_S7006_1788584506600,0.0,0.0,0.0,0.0,0.0,0.0,0.0,0.0,0.0,0.0,0.0,906.8257582980758,783.6722199103637,0,PASS
CREATEORDER_V2_C1_F9_P1_C10_S7007,/Users/nischithacn/paper3-exactly-once/results/phase6/runs/CREATEORDER_V2_C1_F9_P1_C10_S7007/CREATEORDER_V2_C1_F9_P1_C10_S7007_1788585156546,0.0,0.0,0.0,0.0,0.0,0.0,0.0,0.0,0.0,0.0,0.0,988.2305652356308,843.5981943801808,0,PASS
CREATEORDER_V2_C1_F9_P1_C10_S7008,/Users/nischithacn/paper3-exactly-once/results/phase6/runs/CREATEORDER_V2_C1_F9_P1_C10_S7008/CREATEORDER_V2_C1_F9_P1_C10_S7008_1788585810831,0.0,0.0,0.0,0.0,0.0,0.0,0.0,0.0,0.0,0.0,0.0,744.9741909307902,617.3884040575758,0,PASS
CREATEORDER_V2_C1_F9_P1_C10_S7009,/Users/nischithacn/paper3-exactly-once/results/phase6/runs/CREATEORDER_V2_C1_F9_P1_C10_S7009/CREATEORDER_V2_C1_F9_P1_C10_S7009_1788586455709,0.0,0.0,0.0,0.0,0.0,0.0,0.0,0.0,0.0,0.0,0.0,950.3867673695462,813.7982551365594,0,PASS
CREATEORDER_V2_C1_F9_P1_C50_S7000,/Users/nischithacn/paper3-exactly-once/results/phase6/runs/CREATEORDER_V2_C1_F9_P1_C50_S7000/CREATEORDER_V2_C1_F9_P1_C50_S7000_1788578845213,0.0,0.0,0.0,0.0,0.0,0.0,0.0,0.0,0.0,0.0,0.0,1362.3501324524757,1190.5437935509392,0,PASS
CREATEORDER_V2_C1_F9_P1_C50_S7001,/Users/nischithacn/paper3-exactly-once/results/phase6/runs/CREATEORDER_V2_C1_F9_P1_C50_S7001/CREATEORDER_V2_C1_F9_P1_C50_S7001_1788579469131,0.0,0.0,0.0,0.0,0.0,0.0,0.0,0.0,0.0,0.0,0.0,1245.7625535414086,1087.5521845898127,0,PASS
CREATEORDER_V2_C1_F9_P1_C50_S7002,/Users/nischithacn/paper3-exactly-once/results/phase6/runs/CREATEORDER_V2_C1_F9_P1_C50_S7002/CREATEORDER_V2_C1_F9_P1_C50_S7002_1788581442338,0.0,0.0,0.0,0.0,0.0,0.0,0.0,0.0,0.0,0.0,0.0,1313.5193148974395,1149.0886201459593,0,PASS
CREATEORDER_V2_C1_F9_P1_C50_S7003,/Users/nischithacn/paper3-exactly-once/results/phase6/runs/CREATEORDER_V2_C1_F9_P1_C50_S7003/CREATEORDER_V2_C1_F9_P1_C50_S7003_1788582075538,0.0,0.0,0.0,0.0,0.0,0.0,0.0,0.0,0.0,0.0,0.0,1172.203791611581,1029.375294245873,0,PASS
CREATEORDER_V2_C1_F9_P1_C50_S7004,/Users/nischithacn/paper3-exactly-once/results/phase6/runs/CREATEORDER_V2_C1_F9_P1_C50_S7004/CREATEORDER_V2_C1_F9_P1_C50_S7004_1788583154213,0.0,0.0,0.0,0.0,0.0,0.0,0.0,0.0,0.0,0.0,0.0,1008.2635076122945,892.6022005454737,0,PASS
CREATEORDER_V2_C1_F9_P1_C50_S7005,/Users/nischithacn/paper3-exactly-once/results/phase6/runs/CREATEORDER_V2_C1_F9_P1_C50_S7005/CREATEORDER_V2_C1_F9_P1_C50_S7005_1788583886599,0.0,0.0,0.0,0.0,0.0,0.0,0.0,0.0,0.0,0.0,0.0,1146.6068746593096,1017.4247188779565,0,PASS
CREATEORDER_V2_C1_F9_P1_C50_S7006,/Users/nischithacn/paper3-exactly-once/results/phase6/runs/CREATEORDER_V2_C1_F9_P1_C50_S7006/CREATEORDER_V2_C1_F9_P1_C50_S7006_1788584526395,0.0,0.0,0.0,0.0,0.0,0.0,0.0,0.0,0.0,0.0,0.0,1201.1107263928045,1053.8272739976942,0,PASS
CREATEORDER_V2_C1_F9_P1_C50_S7007,/Users/nischithacn/paper3-exactly-once/results/phase6/runs/CREATEORDER_V2_C1_F9_P1_C50_S7007/CREATEORDER_V2_C1_F9_P1_C50_S7007_1788585168945,0.0,0.0,0.0,0.0,0.0,0.0,0.0,0.0,0.0,0.0,0.0,1158.087792706597,1029.418521318267,0,PASS
CREATEORDER_V2_C1_F9_P1_C50_S7008,/Users/nischithacn/paper3-exactly-once/results/phase6/runs/CREATEORDER_V2_C1_F9_P1_C50_S7008/CREATEORDER_V2_C1_F9_P1_C50_S7008_1788585827584,0.0,0.0,0.0,0.0,0.0,0.0,0.0,0.0,0.0,0.0,0.0,1138.5613417219913,999.0454257849751,0,PASS
CREATEORDER_V2_C1_F9_P1_C50_S7009,/Users/nischithacn/paper3-exactly-once/results/phase6/runs/CREATEORDER_V2_C1_F9_P1_C50_S7009/CREATEORDER_V2_C1_F9_P1_C50_S7009_1788586468561,0.0,0.0,0.0,0.0,0.0,0.0,0.0,0.0,0.0,0.0,0.0,1092.0847947327522,970.0360603386231,0,PASS
CREATEORDER_V2_C1_F9_P20_C10_S7000,/Users/nischithacn/paper3-exactly-once/results/phase6/runs/CREATEORDER_V2_C1_F9_P20_C10_S7000/CREATEORDER_V2_C1_F9_P20_C10_S7000_1788578921459,0.0,0.0,0.0,0.0,0.0,0.0,0.0,0.0,0.0,0.0,0.0,912.6176057765508,810.506525998388,0,PASS
CREATEORDER_V2_C1_F9_P20_C10_S7001,/Users/nischithacn/paper3-exactly-once/results/phase6/runs/CREATEORDER_V2_C1_F9_P20_C10_S7001/CREATEORDER_V2_C1_F9_P20_C10_S7001_1788579543430,0.0,0.0,0.0,0.0,0.0,0.0,0.0,0.0,0.0,0.0,0.0,701.0613925309412,578.564024028613,0,PASS
CREATEORDER_V2_C1_F9_P20_C10_S7002,/Users/nischithacn/paper3-exactly-once/results/phase6/runs/CREATEORDER_V2_C1_F9_P20_C10_S7002/CREATEORDER_V2_C1_F9_P20_C10_S7002_1788581501812,0.0,0.0,0.0,0.0,0.0,0.0,0.0,0.0,0.0,0.0,0.0,928.6414258789179,823.0412718609889,0,PASS
CREATEORDER_V2_C1_F9_P20_C10_S7003,/Users/nischithacn/paper3-exactly-once/results/phase6/runs/CREATEORDER_V2_C1_F9_P20_C10_S7003/CREATEORDER_V2_C1_F9_P20_C10_S7003_1788582137673,0.0,0.0,0.0,0.0,0.0,0.0,0.0,0.0,0.0,0.0,0.0,870.2937746530349,779.1034413889192,0,PASS
CREATEORDER_V2_C1_F9_P20_C10_S7004,/Users/nischithacn/paper3-exactly-once/results/phase6/runs/CREATEORDER_V2_C1_F9_P20_C10_S7004/CREATEORDER_V2_C1_F9_P20_C10_S7004_1788583248456,0.0,0.0,0.0,0.0,0.0,0.0,0.0,0.0,0.0,0.0,0.0,733.1618527842189,659.7851999543815,0,PASS
CREATEORDER_V2_C1_F9_P20_C10_S7005,/Users/nischithacn/paper3-exactly-once/results/phase6/runs/CREATEORDER_V2_C1_F9_P20_C10_S7005/CREATEORDER_V2_C1_F9_P20_C10_S7005_1788583967972,0.0,0.0,0.0,0.0,0.0,0.0,0.0,0.0,0.0,0.0,0.0,897.6131533897068,797.2749088627239,0,PASS
CREATEORDER_V2_C1_F9_P20_C10_S7006,/Users/nischithacn/paper3-exactly-once/results/phase6/runs/CREATEORDER_V2_C1_F9_P20_C10_S7006/CREATEORDER_V2_C1_F9_P20_C10_S7006_1788584601903,0.0,0.0,0.0,0.0,0.0,0.0,0.0,0.0,0.0,0.0,0.0,682.9872059909627,564.733127733671,0,PASS
CREATEORDER_V2_C1_F9_P20_C10_S7007,/Users/nischithacn/paper3-exactly-once/results/phase6/runs/CREATEORDER_V2_C1_F9_P20_C10_S7007/CREATEORDER_V2_C1_F9_P20_C10_S7007_1788585232370,0.0,0.0,0.0,0.0,0.0,0.0,0.0,0.0,0.0,0.0,0.0,864.4777302644908,770.267493740056,0,PASS
CREATEORDER_V2_C1_F9_P20_C10_S7008,/Users/nischithacn/paper3-exactly-once/results/phase6/runs/CREATEORDER_V2_C1_F9_P20_C10_S7008/CREATEORDER_V2_C1_F9_P20_C10_S7008_1788585892076,0.0,0.0,0.0,0.0,0.0,0.0,0.0,0.0,0.0,0.0,0.0,846.256882047443,752.7508996327527,0,PASS
CREATEORDER_V2_C1_F9_P20_C10_S7009,/Users/nischithacn/paper3-exactly-once/results/phase6/runs/CREATEORDER_V2_C1_F9_P20_C10_S7009/CREATEORDER_V2_C1_F9_P20_C10_S7009_1788588645819,0.0,0.0,0.0,0.0,0.0,0.0,0.0,0.0,0.0,0.0,0.0,1005.669946549903,884.3997643374079,0,PASS
CREATEORDER_V2_C1_F9_P20_C50_S7000,/Users/nischithacn/paper3-exactly-once/results/phase6/runs/CREATEORDER_V2_C1_F9_P20_C50_S7000/CREATEORDER_V2_C1_F9_P20_C50_S7000_1788578934385,0.0,0.0,0.0,0.0,0.0,0.0,0.0,0.0,0.0,0.0,0.0,1165.5280897615,1028.670051532291,0,PASS
CREATEORDER_V2_C1_F9_P20_C50_S7001,/Users/nischithacn/paper3-exactly-once/results/phase6/runs/CREATEORDER_V2_C1_F9_P20_C50_S7001/CREATEORDER_V2_C1_F9_P20_C50_S7001_1788579561311,0.0,0.0,0.0,0.0,0.0,0.0,0.0,0.0,0.0,0.0,0.0,1049.4208887575387,921.4518568171994,0,PASS
CREATEORDER_V2_C1_F9_P20_C50_S7002,/Users/nischithacn/paper3-exactly-once/results/phase6/runs/CREATEORDER_V2_C1_F9_P20_C50_S7002/CREATEORDER_V2_C1_F9_P20_C50_S7002_1788581514563,0.0,0.0,0.0,0.0,0.0,0.0,0.0,0.0,0.0,0.0,0.0,1159.5808162061044,1020.8785193690358,0,PASS
CREATEORDER_V2_C1_F9_P20_C50_S7003,/Users/nischithacn/paper3-exactly-once/results/phase6/runs/CREATEORDER_V2_C1_F9_P20_C50_S7003/CREATEORDER_V2_C1_F9_P20_C50_S7003_1788582151084,0.0,0.0,0.0,0.0,0.0,0.0,0.0,0.0,0.0,0.0,0.0,1023.9458028686372,914.5519349570011,0,PASS
CREATEORDER_V2_C1_F9_P20_C50_S7004,/Users/nischithacn/paper3-exactly-once/results/phase6/runs/CREATEORDER_V2_C1_F9_P20_C50_S7004/CREATEORDER_V2_C1_F9_P20_C50_S7004_1788583271312,0.0,0.0,0.0,0.0,0.0,0.0,0.0,0.0,0.0,0.0,0.0,945.4842288926702,847.6543150045989,0,PASS
CREATEORDER_V2_C1_F9_P20_C50_S7005,/Users/nischithacn/paper3-exactly-once/results/phase6/runs/CREATEORDER_V2_C1_F9_P20_C50_S7005/CREATEORDER_V2_C1_F9_P20_C50_S7005_1788583981088,0.0,0.0,0.0,0.0,0.0,0.0,0.0,0.0,0.0,0.0,0.0,1079.3283585066154,954.2333356842386,0,PASS
CREATEORDER_V2_C1_F9_P20_C50_S7006,/Users/nischithacn/paper3-exactly-once/results/phase6/runs/CREATEORDER_V2_C1_F9_P20_C50_S7006/CREATEORDER_V2_C1_F9_P20_C50_S7006_1788584620184,0.0,0.0,0.0,0.0,0.0,0.0,0.0,0.0,0.0,0.0,0.0,1023.0341368870226,900.500374837781,0,PASS
CREATEORDER_V2_C1_F9_P20_C50_S7007,/Users/nischithacn/paper3-exactly-once/results/phase6/runs/CREATEORDER_V2_C1_F9_P20_C50_S7007/CREATEORDER_V2_C1_F9_P20_C50_S7007_1788585245935,0.0,0.0,0.0,0.0,0.0,0.0,0.0,0.0,0.0,0.0,0.0,991.7756920154815,887.2073924360158,0,PASS
CREATEORDER_V2_C1_F9_P20_C50_S7008,/Users/nischithacn/paper3-exactly-once/results/phase6/runs/CREATEORDER_V2_C1_F9_P20_C50_S7008/CREATEORDER_V2_C1_F9_P20_C50_S7008_1788585905924,0.0,0.0,0.0,0.0,0.0,0.0,0.0,0.0,0.0,0.0,0.0,962.6885828543498,860.1899672039942,0,PASS
CREATEORDER_V2_C1_F9_P20_C50_S7009,/Users/nischithacn/paper3-exactly-once/results/phase6/runs/CREATEORDER_V2_C1_F9_P20_C50_S7009/CREATEORDER_V2_C1_F9_P20_C50_S7009_1788588663459,0.0,0.0,0.0,0.0,0.0,0.0,0.0,0.0,0.0,0.0,0.0,1278.752739980392,1120.0679191575734,0,PASS
CREATEORDER_V2_C1_F9_P5_C10_S7000,/Users/nischithacn/paper3-exactly-once/results/phase6/runs/CREATEORDER_V2_C1_F9_P5_C10_S7000/CREATEORDER_V2_C1_F9_P5_C10_S7000_1788578854185,0.0,0.0,0.0,0.0,0.0,0.0,0.0,0.0,0.0,0.0,0.0,1050.4473193771043,924.6674420170928,0,PASS
CREATEORDER_V2_C1_F9_P5_C10_S7001,/Users/nischithacn/paper3-exactly-once/results/phase6/runs/CREATEORDER_V2_C1_F9_P5_C10_S7001/CREATEORDER_V2_C1_F9_P5_C10_S7001_1788579478869,0.0,0.0,0.0,0.0,0.0,0.0,0.0,0.0,0.0,0.0,0.0,1020.8758855073075,907.0321970713114,0,PASS
CREATEORDER_V2_C1_F9_P5_C10_S7002,/Users/nischithacn/paper3-exactly-once/results/phase6/runs/CREATEORDER_V2_C1_F9_P5_C10_S7002/CREATEORDER_V2_C1_F9_P5_C10_S7002_1788581451602,0.0,0.0,0.0,0.0,0.0,0.0,0.0,0.0,0.0,0.0,0.0,944.8431791141446,838.191989847461,0,PASS
CREATEORDER_V2_C1_F9_P5_C10_S7003,/Users/nischithacn/paper3-exactly-once/results/phase6/runs/CREATEORDER_V2_C1_F9_P5_C10_S7003/CREATEORDER_V2_C1_F9_P5_C10_S7003_1788582085829,0.0,0.0,0.0,0.0,0.0,0.0,0.0,0.0,0.0,0.0,0.0,1014.3820190045232,896.3350779969769,0,PASS
CREATEORDER_V2_C1_F9_P5_C10_S7004,/Users/nischithacn/paper3-exactly-once/results/phase6/runs/CREATEORDER_V2_C1_F9_P5_C10_S7004/CREATEORDER_V2_C1_F9_P5_C10_S7004_1788583187100,0.0,0.0,0.0,0.0,0.0,0.0,0.0,0.0,0.0,0.0,0.0,633.5297813014021,533.5905102373764,0,PASS
CREATEORDER_V2_C1_F9_P5_C10_S7005,/Users/nischithacn/paper3-exactly-once/results/phase6/runs/CREATEORDER_V2_C1_F9_P5_C10_S7005/CREATEORDER_V2_C1_F9_P5_C10_S7005_1788583896987,0.0,0.0,0.0,0.0,0.0,0.0,0.0,0.0,0.0,0.0,0.0,998.2974003258964,886.1159830342849,0,PASS
CREATEORDER_V2_C1_F9_P5_C10_S7006,/Users/nischithacn/paper3-exactly-once/results/phase6/runs/CREATEORDER_V2_C1_F9_P5_C10_S7006/CREATEORDER_V2_C1_F9_P5_C10_S7006_1788584536452,0.0,0.0,0.0,0.0,0.0,0.0,0.0,0.0,0.0,0.0,0.0,1009.4053442671075,894.8367204558822,0,PASS
CREATEORDER_V2_C1_F9_P5_C10_S7007,/Users/nischithacn/paper3-exactly-once/results/phase6/runs/CREATEORDER_V2_C1_F9_P5_C10_S7007/CREATEORDER_V2_C1_F9_P5_C10_S7007_1788585179216,0.0,0.0,0.0,0.0,0.0,0.0,0.0,0.0,0.0,0.0,0.0,900.3742228448871,802.5770461652907,0,PASS
CREATEORDER_V2_C1_F9_P5_C10_S7008,/Users/nischithacn/paper3-exactly-once/results/phase6/runs/CREATEORDER_V2_C1_F9_P5_C10_S7008/CREATEORDER_V2_C1_F9_P5_C10_S7008_1788585838139,0.0,0.0,0.0,0.0,0.0,0.0,0.0,0.0,0.0,0.0,0.0,973.463123031877,864.0527059493608,0,PASS
CREATEORDER_V2_C1_F9_P5_C10_S7009,/Users/nischithacn/paper3-exactly-once/results/phase6/runs/CREATEORDER_V2_C1_F9_P5_C10_S7009/CREATEORDER_V2_C1_F9_P5_C10_S7009_1788588602418,0.0,0.0,0.0,0.0,0.0,0.0,0.0,0.0,0.0,0.0,0.0,893.0840783039565,715.1266542605562,0,PASS
CREATEORDER_V2_C1_F9_P5_C50_S7000,/Users/nischithacn/paper3-exactly-once/results/phase6/runs/CREATEORDER_V2_C1_F9_P5_C50_S7000/CREATEORDER_V2_C1_F9_P5_C50_S7000_1788578865588,0.0,0.0,0.0,0.0,0.0,0.0,0.0,0.0,0.0,0.0,0.0,1303.2869877593432,1139.702974281453,0,PASS
CREATEORDER_V2_C1_F9_P5_C50_S7001,/Users/nischithacn/paper3-exactly-once/results/phase6/runs/CREATEORDER_V2_C1_F9_P5_C50_S7001/CREATEORDER_V2_C1_F9_P5_C50_S7001_1788579490453,0.0,0.0,0.0,0.0,0.0,0.0,0.0,0.0,0.0,0.0,0.0,1187.3065016794471,1053.2570958367369,0,PASS
CREATEORDER_V2_C1_F9_P5_C50_S7002,/Users/nischithacn/paper3-exactly-once/results/phase6/runs/CREATEORDER_V2_C1_F9_P5_C50_S7002/CREATEORDER_V2_C1_F9_P5_C50_S7002_1788581471154,0.0,0.0,0.0,0.0,0.0,0.0,0.0,0.0,0.0,0.0,0.0,1308.4627790377742,1145.233069847792,0,PASS
CREATEORDER_V2_C1_F9_P5_C50_S7003,/Users/nischithacn/paper3-exactly-once/results/phase6/runs/CREATEORDER_V2_C1_F9_P5_C50_S7003/CREATEORDER_V2_C1_F9_P5_C50_S7003_1788582097531,0.0,0.0,0.0,0.0,0.0,0.0,0.0,0.0,0.0,0.0,0.0,1166.6332797492316,1038.3602227435654,0,PASS
CREATEORDER_V2_C1_F9_P5_C50_S7004,/Users/nischithacn/paper3-exactly-once/results/phase6/runs/CREATEORDER_V2_C1_F9_P5_C50_S7004/CREATEORDER_V2_C1_F9_P5_C50_S7004_1788583206430,0.0,0.0,0.0,0.0,0.0,0.0,0.0,0.0,0.0,0.0,0.0,869.61876346189,769.4874157931918,0,PASS
CREATEORDER_V2_C1_F9_P5_C50_S7005,/Users/nischithacn/paper3-exactly-once/results/phase6/runs/CREATEORDER_V2_C1_F9_P5_C50_S7005/CREATEORDER_V2_C1_F9_P5_C50_S7005_1788583908818,0.0,0.0,0.0,0.0,0.0,0.0,0.0,0.0,0.0,0.0,0.0,1139.0092635692838,1014.5256775882414,0,PASS
CREATEORDER_V2_C1_F9_P5_C50_S7006,/Users/nischithacn/paper3-exactly-once/results/phase6/runs/CREATEORDER_V2_C1_F9_P5_C50_S7006/CREATEORDER_V2_C1_F9_P5_C50_S7006_1788584548187,0.0,0.0,0.0,0.0,0.0,0.0,0.0,0.0,0.0,0.0,0.0,1150.1115258597845,1020.7350185564889,0,PASS
CREATEORDER_V2_C1_F9_P5_C50_S7007,/Users/nischithacn/paper3-exactly-once/results/phase6/runs/CREATEORDER_V2_C1_F9_P5_C50_S7007/CREATEORDER_V2_C1_F9_P5_C50_S7007_1788585198915,0.0,0.0,0.0,0.0,0.0,0.0,0.0,0.0,0.0,0.0,0.0,1192.4219430332566,1058.7937568007865,0,PASS
CREATEORDER_V2_C1_F9_P5_C50_S7008,/Users/nischithacn/paper3-exactly-once/results/phase6/runs/CREATEORDER_V2_C1_F9_P5_C50_S7008/CREATEORDER_V2_C1_F9_P5_C50_S7008_1788585850263,0.0,0.0,0.0,0.0,0.0,0.0,0.0,0.0,0.0,0.0,0.0,1111.7822377377438,988.8303510534182,0,PASS
CREATEORDER_V2_C1_F9_P5_C50_S7009,/Users/nischithacn/paper3-exactly-once/results/phase6/runs/CREATEORDER_V2_C1_F9_P5_C50_S7009/CREATEORDER_V2_C1_F9_P5_C50_S7009_1788588616963,0.0,0.0,0.0,0.0,0.0,0.0,0.0,0.0,0.0,0.0,0.0,1375.6543231903945,1195.3909589906023,0,PASS
CREATEORDER_V2_C2_F3_P10_C50_CAP_S7000,/Users/nischithacn/paper3-exactly-once/results/phase6/runs/CREATEORDER_V2_C2_F3_P10_C50_CAP_S7000/CREATEORDER_V2_C2_F3_P10_C50_CAP_S7000_1788671087706,0.0,0.0,0.0,0.0,0.0,0.0,0.0,0.0,0.0,0.0,0.0,1022.0186910112685,886.3837694226864,0,PASS
CREATEORDER_V2_C2_F3_P10_C50_CAP_S7001,/Users/nischithacn/paper3-exactly-once/results/phase6/runs/CREATEORDER_V2_C2_F3_P10_C50_CAP_S7001/CREATEORDER_V2_C2_F3_P10_C50_CAP_S7001_1788671448073,0.0,0.0,0.0,0.0,0.0,0.0,0.0,0.0,0.0,0.0,0.0,1055.797390199618,917.746348130968,0,PASS
CREATEORDER_V2_C2_F3_P10_C50_CAP_S7002,/Users/nischithacn/paper3-exactly-once/results/phase6/runs/CREATEORDER_V2_C2_F3_P10_C50_CAP_S7002/CREATEORDER_V2_C2_F3_P10_C50_CAP_S7002_1788671799043,0.0,0.0,0.0,0.0,0.0,0.0,0.0,0.0,0.0,0.0,0.0,978.4815449686995,857.149665263787,0,PASS
CREATEORDER_V2_C2_F3_P10_C50_CAP_S7003,/Users/nischithacn/paper3-exactly-once/results/phase6/runs/CREATEORDER_V2_C2_F3_P10_C50_CAP_S7003/CREATEORDER_V2_C2_F3_P10_C50_CAP_S7003_1788672183402,0.0,0.0,0.0,0.0,0.0,0.0,0.0,0.0,0.0,0.0,0.0,708.5080445983792,583.9719477647803,0,PASS
CREATEORDER_V2_C2_F3_P10_C50_CAP_S7004,/Users/nischithacn/paper3-exactly-once/results/phase6/runs/CREATEORDER_V2_C2_F3_P10_C50_CAP_S7004/CREATEORDER_V2_C2_F3_P10_C50_CAP_S7004_1788672554242,0.0,0.0,0.0,0.0,0.0,0.0,0.0,0.0,0.0,0.0,0.0,770.036055417281,691.4913409516615,0,PASS
CREATEORDER_V2_C2_F3_P10_C50_CAP_S7005,/Users/nischithacn/paper3-exactly-once/results/phase6/runs/CREATEORDER_V2_C2_F3_P10_C50_CAP_S7005/CREATEORDER_V2_C2_F3_P10_C50_CAP_S7005_1788672929436,0.0,0.0,0.0,0.0,0.0,0.0,0.0,0.0,0.0,0.0,0.0,848.3229775248526,749.2448386283068,0,PASS
CREATEORDER_V2_C2_F3_P10_C50_CAP_S7006,/Users/nischithacn/paper3-exactly-once/results/phase6/runs/CREATEORDER_V2_C2_F3_P10_C50_CAP_S7006/CREATEORDER_V2_C2_F3_P10_C50_CAP_S7006_1788673329277,0.0,0.0,0.0,0.0,0.0,0.0,0.0,0.0,0.0,0.0,0.0,777.8186068950644,695.957899357711,0,PASS
CREATEORDER_V2_C2_F3_P10_C50_CAP_S7007,/Users/nischithacn/paper3-exactly-once/results/phase6/runs/CREATEORDER_V2_C2_F3_P10_C50_CAP_S7007/CREATEORDER_V2_C2_F3_P10_C50_CAP_S7007_1788673726747,0.0,0.0,0.0,0.0,0.0,0.0,0.0,0.0,0.0,0.0,0.0,749.8096561833808,672.5177995055155,0,PASS
CREATEORDER_V2_C2_F3_P10_C50_CAP_S7008,/Users/nischithacn/paper3-exactly-once/results/phase6/runs/CREATEORDER_V2_C2_F3_P10_C50_CAP_S7008/CREATEORDER_V2_C2_F3_P10_C50_CAP_S7008_1788674140137,0.0,0.0,0.0,0.0,0.0,0.0,0.0,0.0,0.0,0.0,0.0,681.5004844574557,561.1399621778406,0,PASS
CREATEORDER_V2_C2_F3_P10_C50_CAP_S7009,/Users/nischithacn/paper3-exactly-once/results/phase6/runs/CREATEORDER_V2_C2_F3_P10_C50_CAP_S7009/CREATEORDER_V2_C2_F3_P10_C50_CAP_S7009_1788674520529,0.0,0.0,0.0,0.0,0.0,0.0,0.0,0.0,0.0,0.0,0.0,927.6274974598804,817.6231052509548,0,PASS
CREATEORDER_V2_C2_F8_P10_C50_CAP_S7000,/Users/nischithacn/paper3-exactly-once/results/phase6/runs/CREATEORDER_V2_C2_F8_P10_C50_CAP_S7000/CREATEORDER_V2_C2_F8_P10_C50_CAP_S7000_1788671106718,0.0,0.0,0.0,0.0,0.0,0.0,0.0,0.0,0.0,0.0,0.0,727.9059251343491,640.7586129880026,0,PASS
CREATEORDER_V2_C2_F8_P10_C50_CAP_S7001,/Users/nischithacn/paper3-exactly-once/results/phase6/runs/CREATEORDER_V2_C2_F8_P10_C50_CAP_S7001/CREATEORDER_V2_C2_F8_P10_C50_CAP_S7001_1788671459574,0.0,0.0,0.0,0.0,0.0,0.0,0.0,0.0,0.0,0.0,0.0,699.5619765153017,611.9118492970059,0,PASS
CREATEORDER_V2_C2_F8_P10_C50_CAP_S7002,/Users/nischithacn/paper3-exactly-once/results/phase6/runs/CREATEORDER_V2_C2_F8_P10_C50_CAP_S7002/CREATEORDER_V2_C2_F8_P10_C50_CAP_S7002_1788671811368,0.0,0.0,0.0,0.0,0.0,0.0,0.0,0.0,0.0,0.0,0.0,674.6812149178932,599.6563048925792,0,PASS
CREATEORDER_V2_C2_F8_P10_C50_CAP_S7003,/Users/nischithacn/paper3-exactly-once/results/phase6/runs/CREATEORDER_V2_C2_F8_P10_C50_CAP_S7003/CREATEORDER_V2_C2_F8_P10_C50_CAP_S7003_1788672201136,0.0,0.0,0.0,0.0,0.0,0.0,0.0,0.0,0.0,0.0,0.0,714.9547151459695,633.0864077822747,0,PASS
CREATEORDER_V2_C2_F8_P10_C50_CAP_S7004,/Users/nischithacn/paper3-exactly-once/results/phase6/runs/CREATEORDER_V2_C2_F8_P10_C50_CAP_S7004/CREATEORDER_V2_C2_F8_P10_C50_CAP_S7004_1788672569312,0.0,0.0,0.0,0.0,0.0,0.0,0.0,0.0,0.0,0.0,0.0,699.7639126974154,633.4501853968569,0,PASS
CREATEORDER_V2_C2_F8_P10_C50_CAP_S7005,/Users/nischithacn/paper3-exactly-once/results/phase6/runs/CREATEORDER_V2_C2_F8_P10_C50_CAP_S7005/CREATEORDER_V2_C2_F8_P10_C50_CAP_S7005_1788672950041,0.0,0.0,0.0,0.0,0.0,0.0,0.0,0.0,0.0,0.0,0.0,714.521704979392,631.0537424431751,0,PASS
CREATEORDER_V2_C2_F8_P10_C50_CAP_S7006,/Users/nischithacn/paper3-exactly-once/results/phase6/runs/CREATEORDER_V2_C2_F8_P10_C50_CAP_S7006/CREATEORDER_V2_C2_F8_P10_C50_CAP_S7006_1788673344310,0.0,0.0,0.0,0.0,0.0,0.0,0.0,0.0,0.0,0.0,0.0,689.6663536042946,611.6482518569194,0,PASS
CREATEORDER_V2_C2_F8_P10_C50_CAP_S7007,/Users/nischithacn/paper3-exactly-once/results/phase6/runs/CREATEORDER_V2_C2_F8_P10_C50_CAP_S7007/CREATEORDER_V2_C2_F8_P10_C50_CAP_S7007_1788673742245,0.0,0.0,0.0,0.0,0.0,0.0,0.0,0.0,0.0,0.0,0.0,659.6397011536033,587.3411830913509,0,PASS
CREATEORDER_V2_C2_F8_P10_C50_CAP_S7008,/Users/nischithacn/paper3-exactly-once/results/phase6/runs/CREATEORDER_V2_C2_F8_P10_C50_CAP_S7008/CREATEORDER_V2_C2_F8_P10_C50_CAP_S7008_1788674158567,0.0,0.0,0.0,0.0,0.0,0.0,0.0,0.0,0.0,0.0,0.0,710.1523721780707,624.4278261019217,0,PASS
CREATEORDER_V2_C2_F8_P10_C50_CAP_S7009,/Users/nischithacn/paper3-exactly-once/results/phase6/runs/CREATEORDER_V2_C2_F8_P10_C50_CAP_S7009/CREATEORDER_V2_C2_F8_P10_C50_CAP_S7009_1788674533383,0.0,0.0,0.0,0.0,0.0,0.0,0.0,0.0,0.0,0.0,0.0,687.0119726664399,617.5193319673022,0,PASS
CREATEORDER_V3_C1_F0_P0_C100_S7000,/Users/nischithacn/paper3-exactly-once/results/phase6/runs/CREATEORDER_V3_C1_F0_P0_C100_S7000/CREATEORDER_V3_C1_F0_P0_C100_S7000_1788142967925,0.0,0.0,0.0,0.0,0.0,0.0,0.0,0.0,0.0,0.0,0.0,1807.718778996451,1587.732299269859,0,PASS
CREATEORDER_V3_C1_F0_P0_C100_S7001,/Users/nischithacn/paper3-exactly-once/results/phase6/runs/CREATEORDER_V3_C1_F0_P0_C100_S7001/CREATEORDER_V3_C1_F0_P0_C100_S7001_1788320809783,0.0,0.0,0.0,0.0,0.0,0.0,0.0,0.0,0.0,0.0,0.0,1120.4132866042128,893.2489035067637,0,PASS
CREATEORDER_V3_C1_F0_P0_C100_S7002,/Users/nischithacn/paper3-exactly-once/results/phase6/runs/CREATEORDER_V3_C1_F0_P0_C100_S7002/CREATEORDER_V3_C1_F0_P0_C100_S7002_1788321634232,0.0,0.0,0.0,0.0,0.0,0.0,0.0,0.0,0.0,0.0,0.0,1675.5908516494085,1462.7877073775899,0,PASS
CREATEORDER_V3_C1_F0_P0_C100_S7003,/Users/nischithacn/paper3-exactly-once/results/phase6/runs/CREATEORDER_V3_C1_F0_P0_C100_S7003/CREATEORDER_V3_C1_F0_P0_C100_S7003_1788325168314,0.0,0.0,0.0,0.0,0.0,0.0,0.0,0.0,0.0,0.0,0.0,1643.7015152504969,1421.1764543241616,0,PASS
CREATEORDER_V3_C1_F0_P0_C100_S7004,/Users/nischithacn/paper3-exactly-once/results/phase6/runs/CREATEORDER_V3_C1_F0_P0_C100_S7004/CREATEORDER_V3_C1_F0_P0_C100_S7004_1788325975925,0.0,0.0,0.0,0.0,0.0,0.0,0.0,0.0,0.0,0.0,0.0,1678.1606068147428,1469.0310491567868,0,PASS
CREATEORDER_V3_C1_F0_P0_C100_S7005,/Users/nischithacn/paper3-exactly-once/results/phase6/runs/CREATEORDER_V3_C1_F0_P0_C100_S7005/CREATEORDER_V3_C1_F0_P0_C100_S7005_1788326645926,0.0,0.0,0.0,0.0,0.0,0.0,0.0,0.0,0.0,0.0,0.0,1674.3312132396868,1463.8157297761677,0,PASS
CREATEORDER_V3_C1_F0_P0_C100_S7006,/Users/nischithacn/paper3-exactly-once/results/phase6/runs/CREATEORDER_V3_C1_F0_P0_C100_S7006/CREATEORDER_V3_C1_F0_P0_C100_S7006_1788329220918,0.0,0.0,0.0,0.0,0.0,0.0,0.0,0.0,0.0,0.0,0.0,1050.1302715616816,849.9732654755002,0,PASS
CREATEORDER_V3_C1_F0_P0_C100_S7007,/Users/nischithacn/paper3-exactly-once/results/phase6/runs/CREATEORDER_V3_C1_F0_P0_C100_S7007/CREATEORDER_V3_C1_F0_P0_C100_S7007_1788329897580,0.0,0.0,0.0,0.0,0.0,0.0,0.0,0.0,0.0,0.0,0.0,1656.5339346239432,1461.044595554413,0,PASS
CREATEORDER_V3_C1_F0_P0_C100_S7008,/Users/nischithacn/paper3-exactly-once/results/phase6/runs/CREATEORDER_V3_C1_F0_P0_C100_S7008/CREATEORDER_V3_C1_F0_P0_C100_S7008_1788330688284,0.0,0.0,0.0,0.0,0.0,0.0,0.0,0.0,0.0,0.0,0.0,1630.685773414478,1429.634836578234,0,PASS
CREATEORDER_V3_C1_F0_P0_C100_S7009,/Users/nischithacn/paper3-exactly-once/results/phase6/runs/CREATEORDER_V3_C1_F0_P0_C100_S7009/CREATEORDER_V3_C1_F0_P0_C100_S7009_1788331396646,0.0,0.0,0.0,0.0,0.0,0.0,0.0,0.0,0.0,0.0,0.0,1680.945721130958,1454.3785097688385,0,PASS
CREATEORDER_V3_C1_F0_P0_C10_S7000,/Users/nischithacn/paper3-exactly-once/results/phase6/runs/CREATEORDER_V3_C1_F0_P0_C10_S7000/CREATEORDER_V3_C1_F0_P0_C10_S7000_1788142953396,0.0,0.0,0.0,0.0,0.0,0.0,0.0,0.0,0.0,0.0,0.0,1587.6717780642664,1404.2005721317591,0,PASS
CREATEORDER_V3_C1_F0_P0_C10_S7001,/Users/nischithacn/paper3-exactly-once/results/phase6/runs/CREATEORDER_V3_C1_F0_P0_C10_S7001/CREATEORDER_V3_C1_F0_P0_C10_S7001_1788320531273,0.0,0.0,0.0,0.0,0.0,0.0,0.0,0.0,0.0,0.0,0.0,1431.1507545940995,1268.5375967866528,0,PASS
CREATEORDER_V3_C1_F0_P0_C10_S7002,/Users/nischithacn/paper3-exactly-once/results/phase6/runs/CREATEORDER_V3_C1_F0_P0_C10_S7002/CREATEORDER_V3_C1_F0_P0_C10_S7002_1788321618585,0.0,0.0,0.0,0.0,0.0,0.0,0.0,0.0,0.0,0.0,0.0,1401.7550546083385,1235.6517614185361,0,PASS
CREATEORDER_V3_C1_F0_P0_C10_S7003,/Users/nischithacn/paper3-exactly-once/results/phase6/runs/CREATEORDER_V3_C1_F0_P0_C10_S7003/CREATEORDER_V3_C1_F0_P0_C10_S7003_1788325151982,0.0,0.0,0.0,0.0,0.0,0.0,0.0,0.0,0.0,0.0,0.0,1337.986065409825,1181.9241384252405,0,PASS
CREATEORDER_V3_C1_F0_P0_C10_S7004,/Users/nischithacn/paper3-exactly-once/results/phase6/runs/CREATEORDER_V3_C1_F0_P0_C10_S7004/CREATEORDER_V3_C1_F0_P0_C10_S7004_1788325956239,0.0,0.0,0.0,0.0,0.0,0.0,0.0,0.0,0.0,0.0,0.0,1080.432943490343,862.9297221018367,0,PASS
CREATEORDER_V3_C1_F0_P0_C10_S7005,/Users/nischithacn/paper3-exactly-once/results/phase6/runs/CREATEORDER_V3_C1_F0_P0_C10_S7005/CREATEORDER_V3_C1_F0_P0_C10_S7005_1788326623970,0.0,0.0,0.0,0.0,0.0,0.0,0.0,0.0,0.0,0.0,0.0,1445.3315401586103,1279.0242599959906,0,PASS
CREATEORDER_V3_C1_F0_P0_C10_S7006,/Users/nischithacn/paper3-exactly-once/results/phase6/runs/CREATEORDER_V3_C1_F0_P0_C10_S7006/CREATEORDER_V3_C1_F0_P0_C10_S7006_1788329183801,0.0,0.0,0.0,0.0,0.0,0.0,0.0,0.0,0.0,0.0,0.0,1404.0699410480659,1245.7605555035948,0,PASS
CREATEORDER_V3_C1_F0_P0_C10_S7007,/Users/nischithacn/paper3-exactly-once/results/phase6/runs/CREATEORDER_V3_C1_F0_P0_C10_S7007/CREATEORDER_V3_C1_F0_P0_C10_S7007_1788329881847,0.0,0.0,0.0,0.0,0.0,0.0,0.0,0.0,0.0,0.0,0.0,1384.6775308545461,1230.498496489109,0,PASS
CREATEORDER_V3_C1_F0_P0_C10_S7008,/Users/nischithacn/paper3-exactly-once/results/phase6/runs/CREATEORDER_V3_C1_F0_P0_C10_S7008/CREATEORDER_V3_C1_F0_P0_C10_S7008_1788330672483,0.0,0.0,0.0,0.0,0.0,0.0,0.0,0.0,0.0,0.0,0.0,1410.5521834195656,1246.7477372455269,0,PASS
CREATEORDER_V3_C1_F0_P0_C10_S7009,/Users/nischithacn/paper3-exactly-once/results/phase6/runs/CREATEORDER_V3_C1_F0_P0_C10_S7009/CREATEORDER_V3_C1_F0_P0_C10_S7009_1788331376838,0.0,0.0,0.0,0.0,0.0,0.0,0.0,0.0,0.0,0.0,0.0,1066.2951056025959,864.1858350304336,0,PASS
CREATEORDER_V3_C1_F0_P0_C1_S7000,/Users/nischithacn/paper3-exactly-once/results/phase6/runs/CREATEORDER_V3_C1_F0_P0_C1_S7000/CREATEORDER_V3_C1_F0_P0_C1_S7000_1788142859232,0.0,0.0,0.0,0.0,0.0,0.0,0.0,0.0,0.0,0.0,0.0,117.70291784926748,106.97704963296779,0,PASS
CREATEORDER_V3_C1_F0_P0_C1_S7001,/Users/nischithacn/paper3-exactly-once/results/phase6/runs/CREATEORDER_V3_C1_F0_P0_C1_S7001/CREATEORDER_V3_C1_F0_P0_C1_S7001_1788320467938,0.0,0.0,0.0,0.0,0.0,0.0,0.0,0.0,0.0,0.0,0.0,175.452590114143,158.8766078840571,0,PASS
CREATEORDER_V3_C1_F0_P0_C1_S7002,/Users/nischithacn/paper3-exactly-once/results/phase6/runs/CREATEORDER_V3_C1_F0_P0_C1_S7002/CREATEORDER_V3_C1_F0_P0_C1_S7002_1788321556119,0.0,0.0,0.0,0.0,0.0,0.0,0.0,0.0,0.0,0.0,0.0,177.34426941331972,161.13650769402366,0,PASS
CREATEORDER_V3_C1_F0_P0_C1_S7003,/Users/nischithacn/paper3-exactly-once/results/phase6/runs/CREATEORDER_V3_C1_F0_P0_C1_S7003/CREATEORDER_V3_C1_F0_P0_C1_S7003_1788325072498,0.0,0.0,0.0,0.0,0.0,0.0,0.0,0.0,0.0,0.0,0.0,139.11792750751914,126.54709354040384,0,PASS
CREATEORDER_V3_C1_F0_P0_C1_S7004,/Users/nischithacn/paper3-exactly-once/results/phase6/runs/CREATEORDER_V3_C1_F0_P0_C1_S7004/CREATEORDER_V3_C1_F0_P0_C1_S7004_1788325783008,0.0,0.0,0.0,0.0,0.0,0.0,0.0,0.0,0.0,0.0,0.0,172.1755525102587,155.90045914412562,0,PASS
CREATEORDER_V3_C1_F0_P0_C1_S7005,/Users/nischithacn/paper3-exactly-once/results/phase6/runs/CREATEORDER_V3_C1_F0_P0_C1_S7005/CREATEORDER_V3_C1_F0_P0_C1_S7005_1788326559650,0.0,0.0,0.0,0.0,0.0,0.0,0.0,0.0,0.0,0.0,0.0,172.02317608462204,156.46317389999933,0,PASS
CREATEORDER_V3_C1_F0_P0_C1_S7006,/Users/nischithacn/paper3-exactly-once/results/phase6/runs/CREATEORDER_V3_C1_F0_P0_C1_S7006/CREATEORDER_V3_C1_F0_P0_C1_S7006_1788329110782,0.0,0.0,0.0,0.0,0.0,0.0,0.0,0.0,0.0,0.0,0.0,151.77115260884042,137.73026176392324,0,PASS
CREATEORDER_V3_C1_F0_P0_C1_S7007,/Users/nischithacn/paper3-exactly-once/results/phase6/runs/CREATEORDER_V3_C1_F0_P0_C1_S7007/CREATEORDER_V3_C1_F0_P0_C1_S7007_1788329818949,0.0,0.0,0.0,0.0,0.0,0.0,0.0,0.0,0.0,0.0,0.0,175.98941850731376,160.01507222047144,0,PASS
CREATEORDER_V3_C1_F0_P0_C1_S7008,/Users/nischithacn/paper3-exactly-once/results/phase6/runs/CREATEORDER_V3_C1_F0_P0_C1_S7008/CREATEORDER_V3_C1_F0_P0_C1_S7008_1788330600111,0.0,0.0,0.0,0.0,0.0,0.0,0.0,0.0,0.0,0.0,0.0,152.26211929877957,138.96456314912913,0,PASS
CREATEORDER_V3_C1_F0_P0_C1_S7009,/Users/nischithacn/paper3-exactly-once/results/phase6/runs/CREATEORDER_V3_C1_F0_P0_C1_S7009/CREATEORDER_V3_C1_F0_P0_C1_S7009_1788331281131,0.0,0.0,0.0,0.0,0.0,0.0,0.0,0.0,0.0,0.0,0.0,148.23210229216096,135.00679845473806,0,PASS
CREATEORDER_V3_C1_F0_P0_C50_S7000,/Users/nischithacn/paper3-exactly-once/results/phase6/runs/CREATEORDER_V3_C1_F0_P0_C50_S7000/CREATEORDER_V3_C1_F0_P0_C50_S7000_1788142961080,0.0,0.0,0.0,0.0,0.0,0.0,0.0,0.0,0.0,0.0,0.0,1832.7740660553989,1601.230254308778,0,PASS
CREATEORDER_V3_C1_F0_P0_C50_S7001,/Users/nischithacn/paper3-exactly-once/results/phase6/runs/CREATEORDER_V3_C1_F0_P0_C50_S7001/CREATEORDER_V3_C1_F0_P0_C50_S7001_1788320539574,0.0,0.0,0.0,0.0,0.0,0.0,0.0,0.0,0.0,0.0,0.0,1677.7034808024073,1469.4882907719461,0,PASS
CREATEORDER_V3_C1_F0_P0_C50_S7002,/Users/nischithacn/paper3-exactly-once/results/phase6/runs/CREATEORDER_V3_C1_F0_P0_C50_S7002/CREATEORDER_V3_C1_F0_P0_C50_S7002_1788321627088,0.0,0.0,0.0,0.0,0.0,0.0,0.0,0.0,0.0,0.0,0.0,1676.7562578872091,1487.9670539582394,0,PASS
CREATEORDER_V3_C1_F0_P0_C50_S7003,/Users/nischithacn/paper3-exactly-once/results/phase6/runs/CREATEORDER_V3_C1_F0_P0_C50_S7003/CREATEORDER_V3_C1_F0_P0_C50_S7003_1788325160860,0.0,0.0,0.0,0.0,0.0,0.0,0.0,0.0,0.0,0.0,0.0,1634.2635258039845,1430.353175118092,0,PASS
CREATEORDER_V3_C1_F0_P0_C50_S7004,/Users/nischithacn/paper3-exactly-once/results/phase6/runs/CREATEORDER_V3_C1_F0_P0_C50_S7004/CREATEORDER_V3_C1_F0_P0_C50_S7004_1788325968242,0.0,0.0,0.0,0.0,0.0,0.0,0.0,0.0,0.0,0.0,0.0,1586.874855308425,1377.3376016977131,0,PASS
CREATEORDER_V3_C1_F0_P0_C50_S7005,/Users/nischithacn/paper3-exactly-once/results/phase6/runs/CREATEORDER_V3_C1_F0_P0_C50_S7005/CREATEORDER_V3_C1_F0_P0_C50_S7005_1788326638820,0.0,0.0,0.0,0.0,0.0,0.0,0.0,0.0,0.0,0.0,0.0,1691.649286908979,1496.7595399193308,0,PASS
CREATEORDER_V3_C1_F0_P0_C50_S7006,/Users/nischithacn/paper3-exactly-once/results/phase6/runs/CREATEORDER_V3_C1_F0_P0_C50_S7006/CREATEORDER_V3_C1_F0_P0_C50_S7006_1788329192250,0.0,0.0,0.0,0.0,0.0,0.0,0.0,0.0,0.0,0.0,0.0,1641.4986493057695,1448.7485691881527,0,PASS
CREATEORDER_V3_C1_F0_P0_C50_S7007,/Users/nischithacn/paper3-exactly-once/results/phase6/runs/CREATEORDER_V3_C1_F0_P0_C50_S7007/CREATEORDER_V3_C1_F0_P0_C50_S7007_1788329890394,0.0,0.0,0.0,0.0,0.0,0.0,0.0,0.0,0.0,0.0,0.0,1669.2016608825234,1475.7966657223988,0,PASS
CREATEORDER_V3_C1_F0_P0_C50_S7008,/Users/nischithacn/paper3-exactly-once/results/phase6/runs/CREATEORDER_V3_C1_F0_P0_C50_S7008/CREATEORDER_V3_C1_F0_P0_C50_S7008_1788330680933,0.0,0.0,0.0,0.0,0.0,0.0,0.0,0.0,0.0,0.0,0.0,1634.0721344196127,1441.8038498253907,0,PASS
CREATEORDER_V3_C1_F0_P0_C50_S7009,/Users/nischithacn/paper3-exactly-once/results/phase6/runs/CREATEORDER_V3_C1_F0_P0_C50_S7009/CREATEORDER_V3_C1_F0_P0_C50_S7009_1788331388829,0.0,0.0,0.0,0.0,0.0,0.0,0.0,0.0,0.0,0.0,0.0,1568.5350002528023,1350.8568268978936,0,PASS
CREATEORDER_V3_C1_F11_P0_C50_FAN10_S7000,/Users/nischithacn/paper3-exactly-once/results/phase6/runs/CREATEORDER_V3_C1_F11_P0_C50_FAN10_S7000/CREATEORDER_V3_C1_F11_P0_C50_FAN10_S7000_1788650243726,0.0,0.0,0.0,0.0,0.0,0.0,0.0,0.0,0.0,0.0,0.0,75.17299643584845,67.9249136957814,0,PASS
CREATEORDER_V3_C1_F11_P0_C50_FAN10_S7001,/Users/nischithacn/paper3-exactly-once/results/phase6/runs/CREATEORDER_V3_C1_F11_P0_C50_FAN10_S7001/CREATEORDER_V3_C1_F11_P0_C50_FAN10_S7001_1788651944052,0.0,0.0,0.0,0.0,0.0,0.0,0.0,0.0,0.0,0.0,0.0,74.74065433765125,67.7990204951024,0,PASS
CREATEORDER_V3_C1_F11_P0_C50_FAN10_S7002,/Users/nischithacn/paper3-exactly-once/results/phase6/runs/CREATEORDER_V3_C1_F11_P0_C50_FAN10_S7002/CREATEORDER_V3_C1_F11_P0_C50_FAN10_S7002_1788653653659,0.0,0.0,0.0,0.0,0.0,0.0,0.0,0.0,0.0,0.0,0.0,73.48991101771985,66.42601193078326,0,PASS
CREATEORDER_V3_C1_F11_P0_C50_FAN10_S7003,/Users/nischithacn/paper3-exactly-once/results/phase6/runs/CREATEORDER_V3_C1_F11_P0_C50_FAN10_S7003/CREATEORDER_V3_C1_F11_P0_C50_FAN10_S7003_1788655413288,0.0,0.0,0.0,0.0,0.0,0.0,0.0,0.0,0.0,0.0,0.0,70.28170503545374,63.850493430504,0,PASS
CREATEORDER_V3_C1_F11_P0_C50_FAN10_S7004,/Users/nischithacn/paper3-exactly-once/results/phase6/runs/CREATEORDER_V3_C1_F11_P0_C50_FAN10_S7004/CREATEORDER_V3_C1_F11_P0_C50_FAN10_S7004_1788657198629,0.0,0.0,0.0,0.0,0.0,0.0,0.0,0.0,0.0,0.0,0.0,74.88809143910983,67.84276938582155,0,PASS
CREATEORDER_V3_C1_F11_P0_C50_FAN10_S7005,/Users/nischithacn/paper3-exactly-once/results/phase6/runs/CREATEORDER_V3_C1_F11_P0_C50_FAN10_S7005/CREATEORDER_V3_C1_F11_P0_C50_FAN10_S7005_1788658892931,0.0,0.0,0.0,0.0,0.0,0.0,0.0,0.0,0.0,0.0,0.0,75.25294383510335,68.24270263740328,0,PASS
CREATEORDER_V3_C1_F11_P0_C50_FAN10_S7006,/Users/nischithacn/paper3-exactly-once/results/phase6/runs/CREATEORDER_V3_C1_F11_P0_C50_FAN10_S7006/CREATEORDER_V3_C1_F11_P0_C50_FAN10_S7006_1788660585270,0.0,0.0,0.0,0.0,0.0,0.0,0.0,0.0,0.0,0.0,0.0,74.86017346422291,67.46915066792505,0,PASS
CREATEORDER_V3_C1_F11_P0_C50_FAN10_S7007,/Users/nischithacn/paper3-exactly-once/results/phase6/runs/CREATEORDER_V3_C1_F11_P0_C50_FAN10_S7007/CREATEORDER_V3_C1_F11_P0_C50_FAN10_S7007_1788662286289,0.0,0.0,0.0,0.0,0.0,0.0,0.0,0.0,0.0,0.0,0.0,73.74030950443135,66.92755564549502,0,PASS
CREATEORDER_V3_C1_F11_P0_C50_FAN10_S7008,/Users/nischithacn/paper3-exactly-once/results/phase6/runs/CREATEORDER_V3_C1_F11_P0_C50_FAN10_S7008/CREATEORDER_V3_C1_F11_P0_C50_FAN10_S7008_1788663973934,0.0,0.0,0.0,0.0,0.0,0.0,0.0,0.0,0.0,0.0,0.0,72.0216479802524,65.61491218423157,0,PASS
CREATEORDER_V3_C1_F11_P0_C50_FAN10_S7009,/Users/nischithacn/paper3-exactly-once/results/phase6/runs/CREATEORDER_V3_C1_F11_P0_C50_FAN10_S7009/CREATEORDER_V3_C1_F11_P0_C50_FAN10_S7009_1788665670753,0.0,0.0,0.0,0.0,0.0,0.0,0.0,0.0,0.0,0.0,0.0,75.39861950891354,68.68209226921277,0,PASS
CREATEORDER_V3_C1_F11_P0_C50_FAN2_S7000,/Users/nischithacn/paper3-exactly-once/results/phase6/runs/CREATEORDER_V3_C1_F11_P0_C50_FAN2_S7000/CREATEORDER_V3_C1_F11_P0_C50_FAN2_S7000_1788650116746,0.0,0.0,0.0,0.0,0.0,0.0,0.0,0.0,0.0,0.0,0.0,282.9262981844585,258.82774844331544,0,PASS
CREATEORDER_V3_C1_F11_P0_C50_FAN2_S7001,/Users/nischithacn/paper3-exactly-once/results/phase6/runs/CREATEORDER_V3_C1_F11_P0_C50_FAN2_S7001/CREATEORDER_V3_C1_F11_P0_C50_FAN2_S7001_1788651825138,0.0,0.0,0.0,0.0,0.0,0.0,0.0,0.0,0.0,0.0,0.0,306.04436571568533,279.67871578921705,0,PASS
CREATEORDER_V3_C1_F11_P0_C50_FAN2_S7002,/Users/nischithacn/paper3-exactly-once/results/phase6/runs/CREATEORDER_V3_C1_F11_P0_C50_FAN2_S7002/CREATEORDER_V3_C1_F11_P0_C50_FAN2_S7002_1788653525794,0.0,0.0,0.0,0.0,0.0,0.0,0.0,0.0,0.0,0.0,0.0,286.9674385145841,263.18608365331227,0,PASS
CREATEORDER_V3_C1_F11_P0_C50_FAN2_S7003,/Users/nischithacn/paper3-exactly-once/results/phase6/runs/CREATEORDER_V3_C1_F11_P0_C50_FAN2_S7003/CREATEORDER_V3_C1_F11_P0_C50_FAN2_S7003_1788655285266,0.0,0.0,0.0,0.0,0.0,0.0,0.0,0.0,0.0,0.0,0.0,282.7425969345158,258.4042302425764,0,PASS
CREATEORDER_V3_C1_F11_P0_C50_FAN2_S7004,/Users/nischithacn/paper3-exactly-once/results/phase6/runs/CREATEORDER_V3_C1_F11_P0_C50_FAN2_S7004/CREATEORDER_V3_C1_F11_P0_C50_FAN2_S7004_1788657079541,0.0,0.0,0.0,0.0,0.0,0.0,0.0,0.0,0.0,0.0,0.0,308.28336690921117,281.02800903118623,0,PASS
CREATEORDER_V3_C1_F11_P0_C50_FAN2_S7005,/Users/nischithacn/paper3-exactly-once/results/phase6/runs/CREATEORDER_V3_C1_F11_P0_C50_FAN2_S7005/CREATEORDER_V3_C1_F11_P0_C50_FAN2_S7005_1788658774142,0.0,0.0,0.0,0.0,0.0,0.0,0.0,0.0,0.0,0.0,0.0,305.6729293883599,279.69296819219875,0,PASS
CREATEORDER_V3_C1_F11_P0_C50_FAN2_S7006,/Users/nischithacn/paper3-exactly-once/results/phase6/runs/CREATEORDER_V3_C1_F11_P0_C50_FAN2_S7006/CREATEORDER_V3_C1_F11_P0_C50_FAN2_S7006_1788660464946,0.0,0.0,0.0,0.0,0.0,0.0,0.0,0.0,0.0,0.0,0.0,302.84044907709097,277.20404166187126,0,PASS
CREATEORDER_V3_C1_F11_P0_C50_FAN2_S7007,/Users/nischithacn/paper3-exactly-once/results/phase6/runs/CREATEORDER_V3_C1_F11_P0_C50_FAN2_S7007/CREATEORDER_V3_C1_F11_P0_C50_FAN2_S7007_1788662167634,0.0,0.0,0.0,0.0,0.0,0.0,0.0,0.0,0.0,0.0,0.0,305.64205900051314,279.4092251534519,0,PASS
CREATEORDER_V3_C1_F11_P0_C50_FAN2_S7008,/Users/nischithacn/paper3-exactly-once/results/phase6/runs/CREATEORDER_V3_C1_F11_P0_C50_FAN2_S7008/CREATEORDER_V3_C1_F11_P0_C50_FAN2_S7008_1788663855418,0.0,0.0,0.0,0.0,0.0,0.0,0.0,0.0,0.0,0.0,0.0,304.0532963172014,277.7068939381224,0,PASS
CREATEORDER_V3_C1_F11_P0_C50_FAN2_S7009,/Users/nischithacn/paper3-exactly-once/results/phase6/runs/CREATEORDER_V3_C1_F11_P0_C50_FAN2_S7009/CREATEORDER_V3_C1_F11_P0_C50_FAN2_S7009_1788665556963,0.0,0.0,0.0,0.0,0.0,0.0,0.0,0.0,0.0,0.0,0.0,322.9576725423763,293.74545144254984,0,PASS
CREATEORDER_V3_C1_F11_P0_C50_FAN5_S7000,/Users/nischithacn/paper3-exactly-once/results/phase6/runs/CREATEORDER_V3_C1_F11_P0_C50_FAN5_S7000/CREATEORDER_V3_C1_F11_P0_C50_FAN5_S7000_1788650156371,0.0,0.0,0.0,0.0,0.0,0.0,0.0,0.0,0.0,0.0,0.0,128.84900674139277,116.75947797074531,0,PASS
CREATEORDER_V3_C1_F11_P0_C50_FAN5_S7001,/Users/nischithacn/paper3-exactly-once/results/phase6/runs/CREATEORDER_V3_C1_F11_P0_C50_FAN5_S7001/CREATEORDER_V3_C1_F11_P0_C50_FAN5_S7001_1788651861914,0.0,0.0,0.0,0.0,0.0,0.0,0.0,0.0,0.0,0.0,0.0,136.69843095231235,124.27458450816131,0,PASS
CREATEORDER_V3_C1_F11_P0_C50_FAN5_S7002,/Users/nischithacn/paper3-exactly-once/results/phase6/runs/CREATEORDER_V3_C1_F11_P0_C50_FAN5_S7002/CREATEORDER_V3_C1_F11_P0_C50_FAN5_S7002_1788653564831,0.0,0.0,0.0,0.0,0.0,0.0,0.0,0.0,0.0,0.0,0.0,126.83589437086067,114.93592716606877,0,PASS
CREATEORDER_V3_C1_F11_P0_C50_FAN5_S7003,/Users/nischithacn/paper3-exactly-once/results/phase6/runs/CREATEORDER_V3_C1_F11_P0_C50_FAN5_S7003/CREATEORDER_V3_C1_F11_P0_C50_FAN5_S7003_1788655324973,0.0,0.0,0.0,0.0,0.0,0.0,0.0,0.0,0.0,0.0,0.0,127.26648434611447,115.42904087045814,0,PASS
CREATEORDER_V3_C1_F11_P0_C50_FAN5_S7004,/Users/nischithacn/paper3-exactly-once/results/phase6/runs/CREATEORDER_V3_C1_F11_P0_C50_FAN5_S7004/CREATEORDER_V3_C1_F11_P0_C50_FAN5_S7004_1788657116080,0.0,0.0,0.0,0.0,0.0,0.0,0.0,0.0,0.0,0.0,0.0,136.11325601235023,123.73686802328163,0,PASS
CREATEORDER_V3_C1_F11_P0_C50_FAN5_S7005,/Users/nischithacn/paper3-exactly-once/results/phase6/runs/CREATEORDER_V3_C1_F11_P0_C50_FAN5_S7005/CREATEORDER_V3_C1_F11_P0_C50_FAN5_S7005_1788658810899,0.0,0.0,0.0,0.0,0.0,0.0,0.0,0.0,0.0,0.0,0.0,137.07584714144122,124.43951058064005,0,PASS
CREATEORDER_V3_C1_F11_P0_C50_FAN5_S7006,/Users/nischithacn/paper3-exactly-once/results/phase6/runs/CREATEORDER_V3_C1_F11_P0_C50_FAN5_S7006/CREATEORDER_V3_C1_F11_P0_C50_FAN5_S7006_1788660502002,0.0,0.0,0.0,0.0,0.0,0.0,0.0,0.0,0.0,0.0,0.0,135.02648479374437,122.55397304054176,0,PASS
CREATEORDER_V3_C1_F11_P0_C50_FAN5_S7007,/Users/nischithacn/paper3-exactly-once/results/phase6/runs/CREATEORDER_V3_C1_F11_P0_C50_FAN5_S7007/CREATEORDER_V3_C1_F11_P0_C50_FAN5_S7007_1788662204396,0.0,0.0,0.0,0.0,0.0,0.0,0.0,0.0,0.0,0.0,0.0,137.0939615058971,124.65769802397958,0,PASS
CREATEORDER_V3_C1_F11_P0_C50_FAN5_S7008,/Users/nischithacn/paper3-exactly-once/results/phase6/runs/CREATEORDER_V3_C1_F11_P0_C50_FAN5_S7008/CREATEORDER_V3_C1_F11_P0_C50_FAN5_S7008_1788663892406,0.0,0.0,0.0,0.0,0.0,0.0,0.0,0.0,0.0,0.0,0.0,137.74876937505465,125.23612980580052,0,PASS
CREATEORDER_V3_C1_F11_P0_C50_FAN5_S7009,/Users/nischithacn/paper3-exactly-once/results/phase6/runs/CREATEORDER_V3_C1_F11_P0_C50_FAN5_S7009/CREATEORDER_V3_C1_F11_P0_C50_FAN5_S7009_1788665591985,0.0,0.0,0.0,0.0,0.0,0.0,0.0,0.0,0.0,0.0,0.0,142.40063295990575,129.63114736643803,0,PASS
CREATEORDER_V3_C1_F1_P10_C50_S7000,/Users/nischithacn/paper3-exactly-once/results/phase6/runs/CREATEORDER_V3_C1_F1_P10_C50_S7000/CREATEORDER_V3_C1_F1_P10_C50_S7000_1788676989673,0.0,0.0,0.0,0.0,0.0,0.0,0.0,0.0,0.0,0.0,0.0,1859.4034664499973,1643.2253054340115,0,PASS
CREATEORDER_V3_C1_F1_P10_C50_S7001,/Users/nischithacn/paper3-exactly-once/results/phase6/runs/CREATEORDER_V3_C1_F1_P10_C50_S7001/CREATEORDER_V3_C1_F1_P10_C50_S7001_1788677230702,0.0,0.0,0.0,0.0,0.0,0.0,0.0,0.0,0.0,0.0,0.0,1776.4229264094963,1548.6686845408135,0,PASS
CREATEORDER_V3_C1_F1_P10_C50_S7002,/Users/nischithacn/paper3-exactly-once/results/phase6/runs/CREATEORDER_V3_C1_F1_P10_C50_S7002/CREATEORDER_V3_C1_F1_P10_C50_S7002_1788677446904,0.0,0.0,0.0,0.0,0.0,0.0,0.0,0.0,0.0,0.0,0.0,1826.2281343100842,1609.2172845647692,0,PASS
CREATEORDER_V3_C1_F1_P10_C50_S7003,/Users/nischithacn/paper3-exactly-once/results/phase6/runs/CREATEORDER_V3_C1_F1_P10_C50_S7003/CREATEORDER_V3_C1_F1_P10_C50_S7003_1788677691914,0.0,0.0,0.0,0.0,0.0,0.0,0.0,0.0,0.0,0.0,0.0,1856.8136536123918,1629.94694234945,0,PASS
CREATEORDER_V3_C1_F1_P10_C50_S7004,/Users/nischithacn/paper3-exactly-once/results/phase6/runs/CREATEORDER_V3_C1_F1_P10_C50_S7004/CREATEORDER_V3_C1_F1_P10_C50_S7004_1788677938578,0.0,0.0,0.0,0.0,0.0,0.0,0.0,0.0,0.0,0.0,0.0,1837.0539959247862,1626.4211540719548,0,PASS
CREATEORDER_V3_C1_F1_P10_C50_S7005,/Users/nischithacn/paper3-exactly-once/results/phase6/runs/CREATEORDER_V3_C1_F1_P10_C50_S7005/CREATEORDER_V3_C1_F1_P10_C50_S7005_1788678181910,0.0,0.0,0.0,0.0,0.0,0.0,0.0,0.0,0.0,0.0,0.0,1802.7304271791816,1595.2009003065994,0,PASS
CREATEORDER_V3_C1_F1_P10_C50_S7006,/Users/nischithacn/paper3-exactly-once/results/phase6/runs/CREATEORDER_V3_C1_F1_P10_C50_S7006/CREATEORDER_V3_C1_F1_P10_C50_S7006_1788678432514,0.0,0.0,0.0,0.0,0.0,0.0,0.0,0.0,0.0,0.0,0.0,1690.5436295912527,1476.095773864722,0,PASS
CREATEORDER_V3_C1_F1_P10_C50_S7007,/Users/nischithacn/paper3-exactly-once/results/phase6/runs/CREATEORDER_V3_C1_F1_P10_C50_S7007/CREATEORDER_V3_C1_F1_P10_C50_S7007_1788678660109,0.0,0.0,0.0,0.0,0.0,0.0,0.0,0.0,0.0,0.0,0.0,1707.132001842462,1517.963693258638,0,PASS
CREATEORDER_V3_C1_F1_P10_C50_S7008,/Users/nischithacn/paper3-exactly-once/results/phase6/runs/CREATEORDER_V3_C1_F1_P10_C50_S7008/CREATEORDER_V3_C1_F1_P10_C50_S7008_1788678914486,0.0,0.0,0.0,0.0,0.0,0.0,0.0,0.0,0.0,0.0,0.0,1715.8583360105029,1521.1825455757723,0,PASS
CREATEORDER_V3_C1_F1_P10_C50_S7009,/Users/nischithacn/paper3-exactly-once/results/phase6/runs/CREATEORDER_V3_C1_F1_P10_C50_S7009/CREATEORDER_V3_C1_F1_P10_C50_S7009_1788679169714,0.0,0.0,0.0,0.0,0.0,0.0,0.0,0.0,0.0,0.0,0.0,1803.4934843307813,1588.709450458111,0,PASS
CREATEORDER_V3_C1_F2_P10_C50_S7000,/Users/nischithacn/paper3-exactly-once/results/phase6/runs/CREATEORDER_V3_C1_F2_P10_C50_S7000/CREATEORDER_V3_C1_F2_P10_C50_S7000_1788677053711,0.0,0.0,0.0,0.0,0.0,0.0,0.0,0.0,0.0,0.0,0.0,1662.8708990892496,1472.2362820619924,0,PASS
CREATEORDER_V3_C1_F2_P10_C50_S7001,/Users/nischithacn/paper3-exactly-once/results/phase6/runs/CREATEORDER_V3_C1_F2_P10_C50_S7001/CREATEORDER_V3_C1_F2_P10_C50_S7001_1788677295817,0.0,0.0,0.0,0.0,0.0,0.0,0.0,0.0,0.0,0.0,0.0,1670.3224723249937,1472.2020211791485,0,PASS
CREATEORDER_V3_C1_F2_P10_C50_S7002,/Users/nischithacn/paper3-exactly-once/results/phase6/runs/CREATEORDER_V3_C1_F2_P10_C50_S7002/CREATEORDER_V3_C1_F2_P10_C50_S7002_1788677538536,0.0,0.0,0.0,0.0,0.0,0.0,0.0,0.0,0.0,0.0,0.0,1684.6985431586957,1479.9519505651426,0,PASS
CREATEORDER_V3_C1_F2_P10_C50_S7003,/Users/nischithacn/paper3-exactly-once/results/phase6/runs/CREATEORDER_V3_C1_F2_P10_C50_S7003/CREATEORDER_V3_C1_F2_P10_C50_S7003_1788677777003,0.0,0.0,0.0,0.0,0.0,0.0,0.0,0.0,0.0,0.0,0.0,1643.2911662889735,1455.8933094298116,0,PASS
CREATEORDER_V3_C1_F2_P10_C50_S7004,/Users/nischithacn/paper3-exactly-once/results/phase6/runs/CREATEORDER_V3_C1_F2_P10_C50_S7004/CREATEORDER_V3_C1_F2_P10_C50_S7004_1788678024110,0.0,0.0,0.0,0.0,0.0,0.0,0.0,0.0,0.0,0.0,0.0,1575.766897475616,1387.107626888743,0,PASS
CREATEORDER_V3_C1_F2_P10_C50_S7005,/Users/nischithacn/paper3-exactly-once/results/phase6/runs/CREATEORDER_V3_C1_F2_P10_C50_S7005/CREATEORDER_V3_C1_F2_P10_C50_S7005_1788678248756,0.0,0.0,0.0,0.0,0.0,0.0,0.0,0.0,0.0,0.0,0.0,1551.4493255660946,1382.2653641138509,0,PASS
CREATEORDER_V3_C1_F2_P10_C50_S7006,/Users/nischithacn/paper3-exactly-once/results/phase6/runs/CREATEORDER_V3_C1_F2_P10_C50_S7006/CREATEORDER_V3_C1_F2_P10_C50_S7006_1788678500027,0.0,0.0,0.0,0.0,0.0,0.0,0.0,0.0,0.0,0.0,0.0,1514.5734448436954,1343.8026146376146,0,PASS
CREATEORDER_V3_C1_F2_P10_C50_S7007,/Users/nischithacn/paper3-exactly-once/results/phase6/runs/CREATEORDER_V3_C1_F2_P10_C50_S7007/CREATEORDER_V3_C1_F2_P10_C50_S7007_1788678754489,0.0,0.0,0.0,0.0,0.0,0.0,0.0,0.0,0.0,0.0,0.0,1620.8461100000966,1438.4675127791065,0,PASS
CREATEORDER_V3_C1_F2_P10_C50_S7008,/Users/nischithacn/paper3-exactly-once/results/phase6/runs/CREATEORDER_V3_C1_F2_P10_C50_S7008/CREATEORDER_V3_C1_F2_P10_C50_S7008_1788679002620,0.0,0.0,0.0,0.0,0.0,0.0,0.0,0.0,0.0,0.0,0.0,1560.41317073325,1383.9624043538136,0,PASS
CREATEORDER_V3_C1_F2_P10_C50_S7009,/Users/nischithacn/paper3-exactly-once/results/phase6/runs/CREATEORDER_V3_C1_F2_P10_C50_S7009/CREATEORDER_V3_C1_F2_P10_C50_S7009_1788679257359,0.0,0.0,0.0,0.0,0.0,0.0,0.0,0.0,0.0,0.0,0.0,1513.7680470552127,1337.3762916950009,0,PASS
CREATEORDER_V3_C1_F3_P10_C10_S7000,/Users/nischithacn/paper3-exactly-once/results/phase6/runs/CREATEORDER_V3_C1_F3_P10_C10_S7000/CREATEORDER_V3_C1_F3_P10_C10_S7000_1788146868779,0.0,0.0,0.0,0.0,0.0,0.0,0.0,0.0,0.0,0.0,0.0,237.15511521406088,213.38501360164727,0,PASS
CREATEORDER_V3_C1_F3_P10_C10_S7001,/Users/nischithacn/paper3-exactly-once/results/phase6/runs/CREATEORDER_V3_C1_F3_P10_C10_S7001/CREATEORDER_V3_C1_F3_P10_C10_S7001_1788332667247,0.0,0.0,0.0,0.0,0.0,0.0,0.0,0.0,0.0,0.0,0.0,242.7265369562707,218.5769317577132,0,PASS
CREATEORDER_V3_C1_F3_P10_C10_S7002,/Users/nischithacn/paper3-exactly-once/results/phase6/runs/CREATEORDER_V3_C1_F3_P10_C10_S7002/CREATEORDER_V3_C1_F3_P10_C10_S7002_1788334140834,0.0,0.0,0.0,0.0,0.0,0.0,0.0,0.0,0.0,0.0,0.0,230.08162132658376,206.8030847833609,0,PASS
CREATEORDER_V3_C1_F3_P10_C10_S7003,/Users/nischithacn/paper3-exactly-once/results/phase6/runs/CREATEORDER_V3_C1_F3_P10_C10_S7003/CREATEORDER_V3_C1_F3_P10_C10_S7003_1788336324692,0.0,0.0,0.0,0.0,0.0,0.0,0.0,0.0,0.0,0.0,0.0,242.17735078024043,225.40160790948605,0,PASS
CREATEORDER_V3_C1_F3_P10_C10_S7004,/Users/nischithacn/paper3-exactly-once/results/phase6/runs/CREATEORDER_V3_C1_F3_P10_C10_S7004/CREATEORDER_V3_C1_F3_P10_C10_S7004_1788364772571,0.0,0.0,0.0,0.0,0.0,0.0,0.0,0.0,0.0,0.0,0.0,248.24238898072127,222.4366559816245,0,PASS
CREATEORDER_V3_C1_F3_P10_C10_S7005,/Users/nischithacn/paper3-exactly-once/results/phase6/runs/CREATEORDER_V3_C1_F3_P10_C10_S7005/CREATEORDER_V3_C1_F3_P10_C10_S7005_1788366248089,0.0,0.0,0.0,0.0,0.0,0.0,0.0,0.0,0.0,0.0,0.0,245.50182989208886,214.85350097152948,0,PASS
CREATEORDER_V3_C1_F3_P10_C10_S7006,/Users/nischithacn/paper3-exactly-once/results/phase6/runs/CREATEORDER_V3_C1_F3_P10_C10_S7006/CREATEORDER_V3_C1_F3_P10_C10_S7006_1788367554693,0.0,0.0,0.0,0.0,0.0,0.0,0.0,0.0,0.0,0.0,0.0,244.18584782426763,217.15171127298262,0,PASS
CREATEORDER_V3_C1_F3_P10_C10_S7007,/Users/nischithacn/paper3-exactly-once/results/phase6/runs/CREATEORDER_V3_C1_F3_P10_C10_S7007/CREATEORDER_V3_C1_F3_P10_C10_S7007_1788369037283,0.0,0.0,0.0,0.0,0.0,0.0,0.0,0.0,0.0,0.0,0.0,238.3228370358029,215.35175989528275,0,PASS
CREATEORDER_V3_C1_F3_P10_C10_S7008,/Users/nischithacn/paper3-exactly-once/results/phase6/runs/CREATEORDER_V3_C1_F3_P10_C10_S7008/CREATEORDER_V3_C1_F3_P10_C10_S7008_1788373180424,0.0,0.0,0.0,0.0,0.0,0.0,0.0,0.0,0.0,0.0,0.0,239.97501923251218,216.86690560868533,0,PASS
CREATEORDER_V3_C1_F3_P10_C10_S7009,/Users/nischithacn/paper3-exactly-once/results/phase6/runs/CREATEORDER_V3_C1_F3_P10_C10_S7009/CREATEORDER_V3_C1_F3_P10_C10_S7009_1788374876853,0.0,0.0,0.0,0.0,0.0,0.0,0.0,0.0,0.0,0.0,0.0,247.55748589443664,223.31670832369682,0,PASS
CREATEORDER_V3_C1_F3_P10_C50_CAP_S7000,/Users/nischithacn/paper3-exactly-once/results/phase6/runs/CREATEORDER_V3_C1_F3_P10_C50_CAP_S7000/CREATEORDER_V3_C1_F3_P10_C50_CAP_S7000_1788671122946,0.0,0.0,0.0,0.0,0.0,0.0,0.0,0.0,0.0,0.0,0.0,1108.6227497269942,937.9004837171906,0,PASS
CREATEORDER_V3_C1_F3_P10_C50_CAP_S7001,/Users/nischithacn/paper3-exactly-once/results/phase6/runs/CREATEORDER_V3_C1_F3_P10_C50_CAP_S7001/CREATEORDER_V3_C1_F3_P10_C50_CAP_S7001_1788671476539,0.0,0.0,0.0,0.0,0.0,0.0,0.0,0.0,0.0,0.0,0.0,1036.1854754174167,888.7813556934007,0,PASS
CREATEORDER_V3_C1_F3_P10_C50_CAP_S7002,/Users/nischithacn/paper3-exactly-once/results/phase6/runs/CREATEORDER_V3_C1_F3_P10_C50_CAP_S7002/CREATEORDER_V3_C1_F3_P10_C50_CAP_S7002_1788671849960,0.0,0.0,0.0,0.0,0.0,0.0,0.0,0.0,0.0,0.0,0.0,809.8960189351319,661.6725003946242,0,PASS
CREATEORDER_V3_C1_F3_P10_C50_CAP_S7003,/Users/nischithacn/paper3-exactly-once/results/phase6/runs/CREATEORDER_V3_C1_F3_P10_C50_CAP_S7003/CREATEORDER_V3_C1_F3_P10_C50_CAP_S7003_1788672217536,0.0,0.0,0.0,0.0,0.0,0.0,0.0,0.0,0.0,0.0,0.0,1047.1969724868563,901.9426121792608,0,PASS
CREATEORDER_V3_C1_F3_P10_C50_CAP_S7004,/Users/nischithacn/paper3-exactly-once/results/phase6/runs/CREATEORDER_V3_C1_F3_P10_C50_CAP_S7004/CREATEORDER_V3_C1_F3_P10_C50_CAP_S7004_1788672585704,0.0,0.0,0.0,0.0,0.0,0.0,0.0,0.0,0.0,0.0,0.0,957.5477741527229,831.5892175637788,0,PASS
CREATEORDER_V3_C1_F3_P10_C50_CAP_S7005,/Users/nischithacn/paper3-exactly-once/results/phase6/runs/CREATEORDER_V3_C1_F3_P10_C50_CAP_S7005/CREATEORDER_V3_C1_F3_P10_C50_CAP_S7005_1788672966508,0.0,0.0,0.0,0.0,0.0,0.0,0.0,0.0,0.0,0.0,0.0,916.7203530651866,793.4049634911677,0,PASS
CREATEORDER_V3_C1_F3_P10_C50_CAP_S7006,/Users/nischithacn/paper3-exactly-once/results/phase6/runs/CREATEORDER_V3_C1_F3_P10_C50_CAP_S7006/CREATEORDER_V3_C1_F3_P10_C50_CAP_S7006_1788673361279,0.0,0.0,0.0,0.0,0.0,0.0,0.0,0.0,0.0,0.0,0.0,813.7410846855851,716.788885922328,0,PASS
CREATEORDER_V3_C1_F3_P10_C50_CAP_S7007,/Users/nischithacn/paper3-exactly-once/results/phase6/runs/CREATEORDER_V3_C1_F3_P10_C50_CAP_S7007/CREATEORDER_V3_C1_F3_P10_C50_CAP_S7007_1788673781812,0.0,0.0,0.0,0.0,0.0,0.0,0.0,0.0,0.0,0.0,0.0,678.0751027397664,559.1946048164577,0,PASS
CREATEORDER_V3_C1_F3_P10_C50_CAP_S7008,/Users/nischithacn/paper3-exactly-once/results/phase6/runs/CREATEORDER_V3_C1_F3_P10_C50_CAP_S7008/CREATEORDER_V3_C1_F3_P10_C50_CAP_S7008_1788674175174,0.0,0.0,0.0,0.0,0.0,0.0,0.0,0.0,0.0,0.0,0.0,978.7306946295474,847.2412871922622,0,PASS
CREATEORDER_V3_C1_F3_P10_C50_CAP_S7009,/Users/nischithacn/paper3-exactly-once/results/phase6/runs/CREATEORDER_V3_C1_F3_P10_C50_CAP_S7009/CREATEORDER_V3_C1_F3_P10_C50_CAP_S7009_1788674550181,0.0,0.0,0.0,0.0,0.0,0.0,0.0,0.0,0.0,0.0,0.0,940.4828708865322,824.5212864603562,0,PASS
CREATEORDER_V3_C1_F3_P10_C50_S7000,/Users/nischithacn/paper3-exactly-once/results/phase6/runs/CREATEORDER_V3_C1_F3_P10_C50_S7000/CREATEORDER_V3_C1_F3_P10_C50_S7000_1788146916733,0.0,0.0,0.0,0.0,0.0,0.0,0.0,0.0,0.0,0.0,0.0,1165.3464207939858,1015.2869983380662,0,PASS
CREATEORDER_V3_C1_F3_P10_C50_S7001,/Users/nischithacn/paper3-exactly-once/results/phase6/runs/CREATEORDER_V3_C1_F3_P10_C50_S7001/CREATEORDER_V3_C1_F3_P10_C50_S7001_1788332713503,0.0,0.0,0.0,0.0,0.0,0.0,0.0,0.0,0.0,0.0,0.0,1110.5923367957348,970.198961957726,0,PASS
CREATEORDER_V3_C1_F3_P10_C50_S7002,/Users/nischithacn/paper3-exactly-once/results/phase6/runs/CREATEORDER_V3_C1_F3_P10_C50_S7002/CREATEORDER_V3_C1_F3_P10_C50_S7002_1788334189732,0.0,0.0,0.0,0.0,0.0,0.0,0.0,0.0,0.0,0.0,0.0,983.6144615835167,845.6158500069273,0,PASS
CREATEORDER_V3_C1_F3_P10_C50_S7003,/Users/nischithacn/paper3-exactly-once/results/phase6/runs/CREATEORDER_V3_C1_F3_P10_C50_S7003/CREATEORDER_V3_C1_F3_P10_C50_S7003_1788336375736,0.0,0.0,0.0,0.0,0.0,0.0,0.0,0.0,0.0,0.0,0.0,1124.2318573816099,971.629591978044,0,PASS
CREATEORDER_V3_C1_F3_P10_C50_S7004,/Users/nischithacn/paper3-exactly-once/results/phase6/runs/CREATEORDER_V3_C1_F3_P10_C50_S7004/CREATEORDER_V3_C1_F3_P10_C50_S7004_1788364818041,0.0,0.0,0.0,0.0,0.0,0.0,0.0,0.0,0.0,0.0,0.0,1098.0159525389909,954.2797093703111,0,PASS
CREATEORDER_V3_C1_F3_P10_C50_S7005,/Users/nischithacn/paper3-exactly-once/results/phase6/runs/CREATEORDER_V3_C1_F3_P10_C50_S7005/CREATEORDER_V3_C1_F3_P10_C50_S7005_1788366295144,0.0,0.0,0.0,0.0,0.0,0.0,0.0,0.0,0.0,0.0,0.0,1061.7993840794798,922.0223677317496,0,PASS
CREATEORDER_V3_C1_F3_P10_C50_S7006,/Users/nischithacn/paper3-exactly-once/results/phase6/runs/CREATEORDER_V3_C1_F3_P10_C50_S7006/CREATEORDER_V3_C1_F3_P10_C50_S7006_1788367601255,0.0,0.0,0.0,0.0,0.0,0.0,0.0,0.0,0.0,0.0,0.0,1085.1625820009363,946.2434174409215,0,PASS
CREATEORDER_V3_C1_F3_P10_C50_S7007,/Users/nischithacn/paper3-exactly-once/results/phase6/runs/CREATEORDER_V3_C1_F3_P10_C50_S7007/CREATEORDER_V3_C1_F3_P10_C50_S7007_1788369084227,0.0,0.0,0.0,0.0,0.0,0.0,0.0,0.0,0.0,0.0,0.0,1064.5133347788076,932.3701614712953,0,PASS
CREATEORDER_V3_C1_F3_P10_C50_S7008,/Users/nischithacn/paper3-exactly-once/results/phase6/runs/CREATEORDER_V3_C1_F3_P10_C50_S7008/CREATEORDER_V3_C1_F3_P10_C50_S7008_1788373233750,0.0,0.0,0.0,0.0,0.0,0.0,0.0,0.0,0.0,0.0,0.0,1121.762536178499,968.4832354287146,0,PASS
CREATEORDER_V3_C1_F3_P10_C50_S7009,/Users/nischithacn/paper3-exactly-once/results/phase6/runs/CREATEORDER_V3_C1_F3_P10_C50_S7009/CREATEORDER_V3_C1_F3_P10_C50_S7009_1788374922144,0.0,0.0,0.0,0.0,0.0,0.0,0.0,0.0,0.0,0.0,0.0,1057.0400899643762,930.0472449269755,0,PASS
CREATEORDER_V3_C1_F3_P1_C10_S7000,/Users/nischithacn/paper3-exactly-once/results/phase6/runs/CREATEORDER_V3_C1_F3_P1_C10_S7000/CREATEORDER_V3_C1_F3_P1_C10_S7000_1788146812536,0.0,0.0,0.0,0.0,0.0,0.0,0.0,0.0,0.0,0.0,0.0,1145.966445397878,993.0585174024325,0,PASS
CREATEORDER_V3_C1_F3_P1_C10_S7001,/Users/nischithacn/paper3-exactly-once/results/phase6/runs/CREATEORDER_V3_C1_F3_P1_C10_S7001/CREATEORDER_V3_C1_F3_P1_C10_S7001_1788332605779,0.0,0.0,0.0,0.0,0.0,0.0,0.0,0.0,0.0,0.0,0.0,1103.3636604816752,950.8339108992648,0,PASS
CREATEORDER_V3_C1_F3_P1_C10_S7002,/Users/nischithacn/paper3-exactly-once/results/phase6/runs/CREATEORDER_V3_C1_F3_P1_C10_S7002/CREATEORDER_V3_C1_F3_P1_C10_S7002_1788334076131,0.0,0.0,0.0,0.0,0.0,0.0,0.0,0.0,0.0,0.0,0.0,952.2335773635294,826.017630082193,0,PASS
CREATEORDER_V3_C1_F3_P1_C10_S7003,/Users/nischithacn/paper3-exactly-once/results/phase6/runs/CREATEORDER_V3_C1_F3_P1_C10_S7003/CREATEORDER_V3_C1_F3_P1_C10_S7003_1788336264717,0.0,0.0,0.0,0.0,0.0,0.0,0.0,0.0,0.0,0.0,0.0,829.9623585725642,687.0776852769154,0,PASS
CREATEORDER_V3_C1_F3_P1_C10_S7004,/Users/nischithacn/paper3-exactly-once/results/phase6/runs/CREATEORDER_V3_C1_F3_P1_C10_S7004/CREATEORDER_V3_C1_F3_P1_C10_S7004_1788364694644,0.0,0.0,0.0,0.0,0.0,0.0,0.0,0.0,0.0,0.0,0.0,1003.92514899393,880.4584836816098,0,PASS
CREATEORDER_V3_C1_F3_P1_C10_S7005,/Users/nischithacn/paper3-exactly-once/results/phase6/runs/CREATEORDER_V3_C1_F3_P1_C10_S7005/CREATEORDER_V3_C1_F3_P1_C10_S7005_1788366032719,0.0,0.0,0.0,0.0,0.0,0.0,0.0,0.0,0.0,0.0,0.0,1003.8081394994022,872.1080713511514,0,PASS
CREATEORDER_V3_C1_F3_P1_C10_S7006,/Users/nischithacn/paper3-exactly-once/results/phase6/runs/CREATEORDER_V3_C1_F3_P1_C10_S7006/CREATEORDER_V3_C1_F3_P1_C10_S7006_1788367493641,0.0,0.0,0.0,0.0,0.0,0.0,0.0,0.0,0.0,0.0,0.0,1051.231436890371,907.5273308422641,0,PASS
CREATEORDER_V3_C1_F3_P1_C10_S7007,/Users/nischithacn/paper3-exactly-once/results/phase6/runs/CREATEORDER_V3_C1_F3_P1_C10_S7007/CREATEORDER_V3_C1_F3_P1_C10_S7007_1788368976770,0.0,0.0,0.0,0.0,0.0,0.0,0.0,0.0,0.0,0.0,0.0,1036.9285702189445,895.8488063765288,0,PASS
CREATEORDER_V3_C1_F3_P1_C10_S7008,/Users/nischithacn/paper3-exactly-once/results/phase6/runs/CREATEORDER_V3_C1_F3_P1_C10_S7008/CREATEORDER_V3_C1_F3_P1_C10_S7008_1788373121205,0.0,0.0,0.0,0.0,0.0,0.0,0.0,0.0,0.0,0.0,0.0,850.0803474432322,695.0641263698723,0,PASS
CREATEORDER_V3_C1_F3_P1_C10_S7009,/Users/nischithacn/paper3-exactly-once/results/phase6/runs/CREATEORDER_V3_C1_F3_P1_C10_S7009/CREATEORDER_V3_C1_F3_P1_C10_S7009_1788374798896,0.0,0.0,0.0,0.0,0.0,0.0,0.0,0.0,0.0,0.0,0.0,1014.4343742270305,882.1996889893073,0,PASS
CREATEORDER_V3_C1_F3_P1_C50_S7000,/Users/nischithacn/paper3-exactly-once/results/phase6/runs/CREATEORDER_V3_C1_F3_P1_C50_S7000/CREATEORDER_V3_C1_F3_P1_C50_S7000_1788146823555,0.0,0.0,0.0,0.0,0.0,0.0,0.0,0.0,0.0,0.0,0.0,1704.338527477785,1462.4712752791056,0,PASS
CREATEORDER_V3_C1_F3_P1_C50_S7001,/Users/nischithacn/paper3-exactly-once/results/phase6/runs/CREATEORDER_V3_C1_F3_P1_C50_S7001/CREATEORDER_V3_C1_F3_P1_C50_S7001_1788332623387,0.0,0.0,0.0,0.0,0.0,0.0,0.0,0.0,0.0,0.0,0.0,1556.9631055814343,1339.0248940334707,0,PASS
CREATEORDER_V3_C1_F3_P1_C50_S7002,/Users/nischithacn/paper3-exactly-once/results/phase6/runs/CREATEORDER_V3_C1_F3_P1_C50_S7002/CREATEORDER_V3_C1_F3_P1_C50_S7002_1788334088677,0.0,0.0,0.0,0.0,0.0,0.0,0.0,0.0,0.0,0.0,0.0,1434.8650142694407,1234.8215760627786,0,PASS
CREATEORDER_V3_C1_F3_P1_C50_S7003,/Users/nischithacn/paper3-exactly-once/results/phase6/runs/CREATEORDER_V3_C1_F3_P1_C50_S7003/CREATEORDER_V3_C1_F3_P1_C50_S7003_1788336279700,0.0,0.0,0.0,0.0,0.0,0.0,0.0,0.0,0.0,0.0,0.0,1510.45311569596,1269.4492527075383,0,PASS
CREATEORDER_V3_C1_F3_P1_C50_S7004,/Users/nischithacn/paper3-exactly-once/results/phase6/runs/CREATEORDER_V3_C1_F3_P1_C50_S7004/CREATEORDER_V3_C1_F3_P1_C50_S7004_1788364706425,0.0,0.0,0.0,0.0,0.0,0.0,0.0,0.0,0.0,0.0,0.0,1541.421071786244,1336.8353288048265,0,PASS
CREATEORDER_V3_C1_F3_P1_C50_S7005,/Users/nischithacn/paper3-exactly-once/results/phase6/runs/CREATEORDER_V3_C1_F3_P1_C50_S7005/CREATEORDER_V3_C1_F3_P1_C50_S7005_1788366044611,0.0,0.0,0.0,0.0,0.0,0.0,0.0,0.0,0.0,0.0,0.0,1540.8285375735252,1328.9959789220165,0,PASS
CREATEORDER_V3_C1_F3_P1_C50_S7006,/Users/nischithacn/paper3-exactly-once/results/phase6/runs/CREATEORDER_V3_C1_F3_P1_C50_S7006/CREATEORDER_V3_C1_F3_P1_C50_S7006_1788367511277,0.0,0.0,0.0,0.0,0.0,0.0,0.0,0.0,0.0,0.0,0.0,1555.2058429379676,1338.8523846986584,0,PASS
CREATEORDER_V3_C1_F3_P1_C50_S7007,/Users/nischithacn/paper3-exactly-once/results/phase6/runs/CREATEORDER_V3_C1_F3_P1_C50_S7007/CREATEORDER_V3_C1_F3_P1_C50_S7007_1788368988357,0.0,0.0,0.0,0.0,0.0,0.0,0.0,0.0,0.0,0.0,0.0,1511.1869812426792,1311.6690745547576,0,PASS
CREATEORDER_V3_C1_F3_P1_C50_S7008,/Users/nischithacn/paper3-exactly-once/results/phase6/runs/CREATEORDER_V3_C1_F3_P1_C50_S7008/CREATEORDER_V3_C1_F3_P1_C50_S7008_1788373136019,0.0,0.0,0.0,0.0,0.0,0.0,0.0,0.0,0.0,0.0,0.0,1472.4751707213672,1253.3115550625412,0,PASS
CREATEORDER_V3_C1_F3_P1_C50_S7009,/Users/nischithacn/paper3-exactly-once/results/phase6/runs/CREATEORDER_V3_C1_F3_P1_C50_S7009/CREATEORDER_V3_C1_F3_P1_C50_S7009_1788374810656,0.0,0.0,0.0,0.0,0.0,0.0,0.0,0.0,0.0,0.0,0.0,1555.3666308965687,1331.5643076723022,0,PASS
CREATEORDER_V3_C1_F3_P20_C10_S7000,/Users/nischithacn/paper3-exactly-once/results/phase6/runs/CREATEORDER_V3_C1_F3_P20_C10_S7000/CREATEORDER_V3_C1_F3_P20_C10_S7000_1788146927747,0.0,0.0,0.0,0.0,0.0,0.0,0.0,0.0,0.0,0.0,0.0,119.0380790142813,108.23659580146199,0,PASS
CREATEORDER_V3_C1_F3_P20_C10_S7001,/Users/nischithacn/paper3-exactly-once/results/phase6/runs/CREATEORDER_V3_C1_F3_P20_C10_S7001/CREATEORDER_V3_C1_F3_P20_C10_S7001_1788332745426,0.0,0.0,0.0,0.0,0.0,0.0,0.0,0.0,0.0,0.0,0.0,126.5946491100925,113.80723077050021,0,PASS
CREATEORDER_V3_C1_F3_P20_C10_S7002,/Users/nischithacn/paper3-exactly-once/results/phase6/runs/CREATEORDER_V3_C1_F3_P20_C10_S7002/CREATEORDER_V3_C1_F3_P20_C10_S7002_1788334202087,0.0,0.0,0.0,0.0,0.0,0.0,0.0,0.0,0.0,0.0,0.0,127.38760724802023,116.5136674932389,0,PASS
CREATEORDER_V3_C1_F3_P20_C10_S7003,/Users/nischithacn/paper3-exactly-once/results/phase6/runs/CREATEORDER_V3_C1_F3_P20_C10_S7003/CREATEORDER_V3_C1_F3_P20_C10_S7003_1788336386549,0.0,0.0,0.0,0.0,0.0,0.0,0.0,0.0,0.0,0.0,0.0,128.36892668542137,115.35814429977346,0,PASS
CREATEORDER_V3_C1_F3_P20_C10_S7004,/Users/nischithacn/paper3-exactly-once/results/phase6/runs/CREATEORDER_V3_C1_F3_P20_C10_S7004/CREATEORDER_V3_C1_F3_P20_C10_S7004_1788364829026,0.0,0.0,0.0,0.0,0.0,0.0,0.0,0.0,0.0,0.0,0.0,130.85414298194533,117.89311148308617,0,PASS
CREATEORDER_V3_C1_F3_P20_C10_S7005,/Users/nischithacn/paper3-exactly-once/results/phase6/runs/CREATEORDER_V3_C1_F3_P20_C10_S7005/CREATEORDER_V3_C1_F3_P20_C10_S7005_1788366306497,0.0,0.0,0.0,0.0,0.0,0.0,0.0,0.0,0.0,0.0,0.0,131.46036390436902,118.87961358456964,0,PASS
CREATEORDER_V3_C1_F3_P20_C10_S7006,/Users/nischithacn/paper3-exactly-once/results/phase6/runs/CREATEORDER_V3_C1_F3_P20_C10_S7006/CREATEORDER_V3_C1_F3_P20_C10_S7006_1788367633169,0.0,0.0,0.0,0.0,0.0,0.0,0.0,0.0,0.0,0.0,0.0,130.2822513843699,117.11913386418857,0,PASS
CREATEORDER_V3_C1_F3_P20_C10_S7007,/Users/nischithacn/paper3-exactly-once/results/phase6/runs/CREATEORDER_V3_C1_F3_P20_C10_S7007/CREATEORDER_V3_C1_F3_P20_C10_S7007_1788369095475,0.0,0.0,0.0,0.0,0.0,0.0,0.0,0.0,0.0,0.0,0.0,132.60028206468118,120.37922505047295,0,PASS
CREATEORDER_V3_C1_F3_P20_C10_S7008,/Users/nischithacn/paper3-exactly-once/results/phase6/runs/CREATEORDER_V3_C1_F3_P20_C10_S7008/CREATEORDER_V3_C1_F3_P20_C10_S7008_1788373244596,0.0,0.0,0.0,0.0,0.0,0.0,0.0,0.0,0.0,0.0,0.0,131.15217660436267,119.15867199711462,0,PASS
CREATEORDER_V3_C1_F3_P20_C10_S7009,/Users/nischithacn/paper3-exactly-once/results/phase6/runs/CREATEORDER_V3_C1_F3_P20_C10_S7009/CREATEORDER_V3_C1_F3_P20_C10_S7009_1788374933415,0.0,0.0,0.0,0.0,0.0,0.0,0.0,0.0,0.0,0.0,0.0,129.14051950555415,117.81467042224973,0,PASS
CREATEORDER_V3_C1_F3_P20_C50_S7000,/Users/nischithacn/paper3-exactly-once/results/phase6/runs/CREATEORDER_V3_C1_F3_P20_C50_S7000/CREATEORDER_V3_C1_F3_P20_C50_S7000_1788147021549,0.0,0.0,0.0,0.0,0.0,0.0,0.0,0.0,0.0,0.0,0.0,673.383433775091,594.038147458191,0,PASS
CREATEORDER_V3_C1_F3_P20_C50_S7001,/Users/nischithacn/paper3-exactly-once/results/phase6/runs/CREATEORDER_V3_C1_F3_P20_C50_S7001/CREATEORDER_V3_C1_F3_P20_C50_S7001_1788332833892,0.0,0.0,0.0,0.0,0.0,0.0,0.0,0.0,0.0,0.0,0.0,643.9002753970964,568.1212301796578,0,PASS
CREATEORDER_V3_C1_F3_P20_C50_S7002,/Users/nischithacn/paper3-exactly-once/results/phase6/runs/CREATEORDER_V3_C1_F3_P20_C50_S7002/CREATEORDER_V3_C1_F3_P20_C50_S7002_1788334288526,0.0,0.0,0.0,0.0,0.0,0.0,0.0,0.0,0.0,0.0,0.0,637.5484793952015,565.405198989063,0,PASS
CREATEORDER_V3_C1_F3_P20_C50_S7003,/Users/nischithacn/paper3-exactly-once/results/phase6/runs/CREATEORDER_V3_C1_F3_P20_C50_S7003/CREATEORDER_V3_C1_F3_P20_C50_S7003_1788336473824,0.0,0.0,0.0,0.0,0.0,0.0,0.0,0.0,0.0,0.0,0.0,658.6531111840975,588.6805166106963,0,PASS
CREATEORDER_V3_C1_F3_P20_C50_S7004,/Users/nischithacn/paper3-exactly-once/results/phase6/runs/CREATEORDER_V3_C1_F3_P20_C50_S7004/CREATEORDER_V3_C1_F3_P20_C50_S7004_1788364921000,0.0,0.0,0.0,0.0,0.0,0.0,0.0,0.0,0.0,0.0,0.0,666.4889809341875,593.1538013969442,0,PASS
CREATEORDER_V3_C1_F3_P20_C50_S7005,/Users/nischithacn/paper3-exactly-once/results/phase6/runs/CREATEORDER_V3_C1_F3_P20_C50_S7005/CREATEORDER_V3_C1_F3_P20_C50_S7005_1788366391215,0.0,0.0,0.0,0.0,0.0,0.0,0.0,0.0,0.0,0.0,0.0,664.4321040398013,594.1327706073309,0,PASS
CREATEORDER_V3_C1_F3_P20_C50_S7006,/Users/nischithacn/paper3-exactly-once/results/phase6/runs/CREATEORDER_V3_C1_F3_P20_C50_S7006/CREATEORDER_V3_C1_F3_P20_C50_S7006_1788367719143,0.0,0.0,0.0,0.0,0.0,0.0,0.0,0.0,0.0,0.0,0.0,646.46218538905,568.0710077924646,0,PASS
CREATEORDER_V3_C1_F3_P20_C50_S7007,/Users/nischithacn/paper3-exactly-once/results/phase6/runs/CREATEORDER_V3_C1_F3_P20_C50_S7007/CREATEORDER_V3_C1_F3_P20_C50_S7007_1788369179140,0.0,0.0,0.0,0.0,0.0,0.0,0.0,0.0,0.0,0.0,0.0,674.4954788921374,602.9204996684322,0,PASS
CREATEORDER_V3_C1_F3_P20_C50_S7008,/Users/nischithacn/paper3-exactly-once/results/phase6/runs/CREATEORDER_V3_C1_F3_P20_C50_S7008/CREATEORDER_V3_C1_F3_P20_C50_S7008_1788373329105,0.0,0.0,0.0,0.0,0.0,0.0,0.0,0.0,0.0,0.0,0.0,650.1054515823023,575.1410278928529,0,PASS
CREATEORDER_V3_C1_F3_P20_C50_S7009,/Users/nischithacn/paper3-exactly-once/results/phase6/runs/CREATEORDER_V3_C1_F3_P20_C50_S7009/CREATEORDER_V3_C1_F3_P20_C50_S7009_1788375025573,0.0,0.0,0.0,0.0,0.0,0.0,0.0,0.0,0.0,0.0,0.0,674.3809895712786,601.2573941128295,0,PASS
CREATEORDER_V3_C1_F3_P5_C10_S7000,/Users/nischithacn/paper3-exactly-once/results/phase6/runs/CREATEORDER_V3_C1_F3_P5_C10_S7000/CREATEORDER_V3_C1_F3_P5_C10_S7000_1788146831381,0.0,0.0,0.0,0.0,0.0,0.0,0.0,0.0,0.0,0.0,0.0,405.2682601231698,363.3127525599631,0,PASS
CREATEORDER_V3_C1_F3_P5_C10_S7001,/Users/nischithacn/paper3-exactly-once/results/phase6/runs/CREATEORDER_V3_C1_F3_P5_C10_S7001/CREATEORDER_V3_C1_F3_P5_C10_S7001_1788332631303,0.0,0.0,0.0,0.0,0.0,0.0,0.0,0.0,0.0,0.0,0.0,420.38778272863055,378.17271712082004,0,PASS
CREATEORDER_V3_C1_F3_P5_C10_S7002,/Users/nischithacn/paper3-exactly-once/results/phase6/runs/CREATEORDER_V3_C1_F3_P5_C10_S7002/CREATEORDER_V3_C1_F3_P5_C10_S7002_1788334097213,0.0,0.0,0.0,0.0,0.0,0.0,0.0,0.0,0.0,0.0,0.0,414.6536767214411,376.8379412328696,0,PASS
CREATEORDER_V3_C1_F3_P5_C10_S7003,/Users/nischithacn/paper3-exactly-once/results/phase6/runs/CREATEORDER_V3_C1_F3_P5_C10_S7003/CREATEORDER_V3_C1_F3_P5_C10_S7003_1788336288011,0.0,0.0,0.0,0.0,0.0,0.0,0.0,0.0,0.0,0.0,0.0,416.0553259117776,370.22503787448045,0,PASS
CREATEORDER_V3_C1_F3_P5_C10_S7004,/Users/nischithacn/paper3-exactly-once/results/phase6/runs/CREATEORDER_V3_C1_F3_P5_C10_S7004/CREATEORDER_V3_C1_F3_P5_C10_S7004_1788364735138,0.0,0.0,0.0,0.0,0.0,0.0,0.0,0.0,0.0,0.0,0.0,421.1763232716742,365.6320784321424,0,PASS
CREATEORDER_V3_C1_F3_P5_C10_S7005,/Users/nischithacn/paper3-exactly-once/results/phase6/runs/CREATEORDER_V3_C1_F3_P5_C10_S7005/CREATEORDER_V3_C1_F3_P5_C10_S7005_1788366052561,0.0,0.0,0.0,0.0,0.0,0.0,0.0,0.0,0.0,0.0,0.0,468.0466017877303,410.7278651352844,0,PASS
CREATEORDER_V3_C1_F3_P5_C10_S7006,/Users/nischithacn/paper3-exactly-once/results/phase6/runs/CREATEORDER_V3_C1_F3_P5_C10_S7006/CREATEORDER_V3_C1_F3_P5_C10_S7006_1788367519163,0.0,0.0,0.0,0.0,0.0,0.0,0.0,0.0,0.0,0.0,0.0,424.6602781762631,386.3683395844962,0,PASS
CREATEORDER_V3_C1_F3_P5_C10_S7007,/Users/nischithacn/paper3-exactly-once/results/phase6/runs/CREATEORDER_V3_C1_F3_P5_C10_S7007/CREATEORDER_V3_C1_F3_P5_C10_S7007_1788368996418,0.0,0.0,0.0,0.0,0.0,0.0,0.0,0.0,0.0,0.0,0.0,458.6342592696371,413.7717118589397,0,PASS
CREATEORDER_V3_C1_F3_P5_C10_S7008,/Users/nischithacn/paper3-exactly-once/results/phase6/runs/CREATEORDER_V3_C1_F3_P5_C10_S7008/CREATEORDER_V3_C1_F3_P5_C10_S7008_1788373144440,0.0,0.0,0.0,0.0,0.0,0.0,0.0,0.0,0.0,0.0,0.0,422.16193123011544,379.8810726933525,0,PASS
CREATEORDER_V3_C1_F3_P5_C10_S7009,/Users/nischithacn/paper3-exactly-once/results/phase6/runs/CREATEORDER_V3_C1_F3_P5_C10_S7009/CREATEORDER_V3_C1_F3_P5_C10_S7009_1788374839799,0.0,0.0,0.0,0.0,0.0,0.0,0.0,0.0,0.0,0.0,0.0,432.22805015674913,371.3504601729291,0,PASS
CREATEORDER_V3_C1_F3_P5_C50_S7000,/Users/nischithacn/paper3-exactly-once/results/phase6/runs/CREATEORDER_V3_C1_F3_P5_C50_S7000/CREATEORDER_V3_C1_F3_P5_C50_S7000_1788146859886,0.0,0.0,0.0,0.0,0.0,0.0,0.0,0.0,0.0,0.0,0.0,1476.6299929905645,1275.000037238003,0,PASS
CREATEORDER_V3_C1_F3_P5_C50_S7001,/Users/nischithacn/paper3-exactly-once/results/phase6/runs/CREATEORDER_V3_C1_F3_P5_C50_S7001/CREATEORDER_V3_C1_F3_P5_C50_S7001_1788332658210,0.0,0.0,0.0,0.0,0.0,0.0,0.0,0.0,0.0,0.0,0.0,1354.4844070552608,1167.5427056111087,0,PASS
CREATEORDER_V3_C1_F3_P5_C50_S7002,/Users/nischithacn/paper3-exactly-once/results/phase6/runs/CREATEORDER_V3_C1_F3_P5_C50_S7002/CREATEORDER_V3_C1_F3_P5_C50_S7002_1788334131464,0.0,0.0,0.0,0.0,0.0,0.0,0.0,0.0,0.0,0.0,0.0,1292.7541113320272,1123.553716949382,0,PASS
CREATEORDER_V3_C1_F3_P5_C50_S7003,/Users/nischithacn/paper3-exactly-once/results/phase6/runs/CREATEORDER_V3_C1_F3_P5_C50_S7003/CREATEORDER_V3_C1_F3_P5_C50_S7003_1788336315492,0.0,0.0,0.0,0.0,0.0,0.0,0.0,0.0,0.0,0.0,0.0,1316.226805027622,1143.8994582525913,0,PASS
CREATEORDER_V3_C1_F3_P5_C50_S7004,/Users/nischithacn/paper3-exactly-once/results/phase6/runs/CREATEORDER_V3_C1_F3_P5_C50_S7004/CREATEORDER_V3_C1_F3_P5_C50_S7004_1788364762959,0.0,0.0,0.0,0.0,0.0,0.0,0.0,0.0,0.0,0.0,0.0,1267.7167884163869,1093.3075865980736,0,PASS
CREATEORDER_V3_C1_F3_P5_C50_S7005,/Users/nischithacn/paper3-exactly-once/results/phase6/runs/CREATEORDER_V3_C1_F3_P5_C50_S7005/CREATEORDER_V3_C1_F3_P5_C50_S7005_1788366077376,0.0,0.0,0.0,0.0,0.0,0.0,0.0,0.0,0.0,0.0,0.0,1337.0792641815287,1155.4040202390956,0,PASS
CREATEORDER_V3_C1_F3_P5_C50_S7006,/Users/nischithacn/paper3-exactly-once/results/phase6/runs/CREATEORDER_V3_C1_F3_P5_C50_S7006/CREATEORDER_V3_C1_F3_P5_C50_S7006_1788367545519,0.0,0.0,0.0,0.0,0.0,0.0,0.0,0.0,0.0,0.0,0.0,1331.757101046684,1147.7685073287944,0,PASS
CREATEORDER_V3_C1_F3_P5_C50_S7007,/Users/nischithacn/paper3-exactly-once/results/phase6/runs/CREATEORDER_V3_C1_F3_P5_C50_S7007/CREATEORDER_V3_C1_F3_P5_C50_S7007_1788369028101,0.0,0.0,0.0,0.0,0.0,0.0,0.0,0.0,0.0,0.0,0.0,1328.0434973963495,1148.3807991285862,0,PASS
CREATEORDER_V3_C1_F3_P5_C50_S7008,/Users/nischithacn/paper3-exactly-once/results/phase6/runs/CREATEORDER_V3_C1_F3_P5_C50_S7008/CREATEORDER_V3_C1_F3_P5_C50_S7008_1788373171225,0.0,0.0,0.0,0.0,0.0,0.0,0.0,0.0,0.0,0.0,0.0,1321.7581260252612,1145.5538334953035,0,PASS
CREATEORDER_V3_C1_F3_P5_C50_S7009,/Users/nischithacn/paper3-exactly-once/results/phase6/runs/CREATEORDER_V3_C1_F3_P5_C50_S7009/CREATEORDER_V3_C1_F3_P5_C50_S7009_1788374867202,0.0,0.0,0.0,0.0,0.0,0.0,0.0,0.0,0.0,0.0,0.0,1273.2304070675498,1088.1117233854166,0,PASS
CREATEORDER_V3_C1_F4_P10_C10_S7000,/Users/nischithacn/paper3-exactly-once/results/phase6/runs/CREATEORDER_V3_C1_F4_P10_C10_S7000/CREATEORDER_V3_C1_F4_P10_C10_S7000_1788149118242,0.0,0.0,0.0,0.0,0.0,0.0,0.0,0.0,0.0,0.0,0.0,971.7857567432328,878.1258827205307,0,PASS
CREATEORDER_V3_C1_F4_P10_C10_S7001,/Users/nischithacn/paper3-exactly-once/results/phase6/runs/CREATEORDER_V3_C1_F4_P10_C10_S7001/CREATEORDER_V3_C1_F4_P10_C10_S7001_1788379664032,0.0,0.0,0.0,0.0,0.0,0.0,0.0,0.0,0.0,0.0,0.0,1143.0941391891777,1014.5264873932692,0,PASS
CREATEORDER_V3_C1_F4_P10_C10_S7002,/Users/nischithacn/paper3-exactly-once/results/phase6/runs/CREATEORDER_V3_C1_F4_P10_C10_S7002/CREATEORDER_V3_C1_F4_P10_C10_S7002_1788384136743,0.0,0.0,0.0,0.0,0.0,0.0,0.0,0.0,0.0,0.0,0.0,1131.0474868255596,1006.4450768330568,0,PASS
CREATEORDER_V3_C1_F4_P10_C10_S7003,/Users/nischithacn/paper3-exactly-once/results/phase6/runs/CREATEORDER_V3_C1_F4_P10_C10_S7003/CREATEORDER_V3_C1_F4_P10_C10_S7003_1788387856186,0.0,0.0,0.0,0.0,0.0,0.0,0.0,0.0,0.0,0.0,0.0,1160.7763519891869,1030.0351357977352,0,PASS
CREATEORDER_V3_C1_F4_P10_C10_S7004,/Users/nischithacn/paper3-exactly-once/results/phase6/runs/CREATEORDER_V3_C1_F4_P10_C10_S7004/CREATEORDER_V3_C1_F4_P10_C10_S7004_1788391366798,0.0,0.0,0.0,0.0,0.0,0.0,0.0,0.0,0.0,0.0,0.0,1446.0755650387578,1274.569930680455,0,PASS
CREATEORDER_V3_C1_F4_P10_C10_S7005,/Users/nischithacn/paper3-exactly-once/results/phase6/runs/CREATEORDER_V3_C1_F4_P10_C10_S7005/CREATEORDER_V3_C1_F4_P10_C10_S7005_1788395108198,0.0,0.0,0.0,0.0,0.0,0.0,0.0,0.0,0.0,0.0,0.0,1071.1888775441223,864.2074870713093,0,PASS
CREATEORDER_V3_C1_F4_P10_C10_S7006,/Users/nischithacn/paper3-exactly-once/results/phase6/runs/CREATEORDER_V3_C1_F4_P10_C10_S7006/CREATEORDER_V3_C1_F4_P10_C10_S7006_1788402961694,0.0,0.0,0.0,0.0,0.0,0.0,0.0,0.0,0.0,0.0,0.0,1136.0619125659764,1011.3038407326845,0,PASS
CREATEORDER_V3_C1_F4_P10_C10_S7007,/Users/nischithacn/paper3-exactly-once/results/phase6/runs/CREATEORDER_V3_C1_F4_P10_C10_S7007/CREATEORDER_V3_C1_F4_P10_C10_S7007_1788408289292,0.0,0.0,0.0,0.0,0.0,0.0,0.0,0.0,0.0,0.0,0.0,1157.9835925562568,1027.9081086366696,0,PASS
CREATEORDER_V3_C1_F4_P10_C10_S7008,/Users/nischithacn/paper3-exactly-once/results/phase6/runs/CREATEORDER_V3_C1_F4_P10_C10_S7008/CREATEORDER_V3_C1_F4_P10_C10_S7008_1788413109865,0.0,0.0,0.0,0.0,0.0,0.0,0.0,0.0,0.0,0.0,0.0,1158.3850851910593,1030.8870097988613,0,PASS
CREATEORDER_V3_C1_F4_P10_C10_S7009,/Users/nischithacn/paper3-exactly-once/results/phase6/runs/CREATEORDER_V3_C1_F4_P10_C10_S7009/CREATEORDER_V3_C1_F4_P10_C10_S7009_1788416609434,0.0,0.0,0.0,0.0,0.0,0.0,0.0,0.0,0.0,0.0,0.0,1423.8835935619597,1258.582096079867,0,PASS
CREATEORDER_V3_C1_F4_P10_C50_S7000,/Users/nischithacn/paper3-exactly-once/results/phase6/runs/CREATEORDER_V3_C1_F4_P10_C50_S7000/CREATEORDER_V3_C1_F4_P10_C50_S7000_1788149130145,0.0,0.0,0.0,0.0,0.0,0.0,0.0,0.0,0.0,0.0,0.0,1429.2214878541674,1259.9315679048336,0,PASS
CREATEORDER_V3_C1_F4_P10_C50_S7001,/Users/nischithacn/paper3-exactly-once/results/phase6/runs/CREATEORDER_V3_C1_F4_P10_C50_S7001/CREATEORDER_V3_C1_F4_P10_C50_S7001_1788379674307,0.0,0.0,0.0,0.0,0.0,0.0,0.0,0.0,0.0,0.0,0.0,1537.7329153720864,1355.545999982871,0,PASS
CREATEORDER_V3_C1_F4_P10_C50_S7002,/Users/nischithacn/paper3-exactly-once/results/phase6/runs/CREATEORDER_V3_C1_F4_P10_C50_S7002/CREATEORDER_V3_C1_F4_P10_C50_S7002_1788384147099,0.0,0.0,0.0,0.0,0.0,0.0,0.0,0.0,0.0,0.0,0.0,1511.326488152333,1340.610203196398,0,PASS
CREATEORDER_V3_C1_F4_P10_C50_S7003,/Users/nischithacn/paper3-exactly-once/results/phase6/runs/CREATEORDER_V3_C1_F4_P10_C50_S7003/CREATEORDER_V3_C1_F4_P10_C50_S7003_1788387872533,0.0,0.0,0.0,0.0,0.0,0.0,0.0,0.0,0.0,0.0,0.0,1515.1418492992507,1341.6537130550173,0,PASS
CREATEORDER_V3_C1_F4_P10_C50_S7004,/Users/nischithacn/paper3-exactly-once/results/phase6/runs/CREATEORDER_V3_C1_F4_P10_C50_S7004/CREATEORDER_V3_C1_F4_P10_C50_S7004_1788391375074,0.0,0.0,0.0,0.0,0.0,0.0,0.0,0.0,0.0,0.0,0.0,1618.0258937903557,1430.7152993200025,0,PASS
CREATEORDER_V3_C1_F4_P10_C50_S7005,/Users/nischithacn/paper3-exactly-once/results/phase6/runs/CREATEORDER_V3_C1_F4_P10_C50_S7005/CREATEORDER_V3_C1_F4_P10_C50_S7005_1788395120204,0.0,0.0,0.0,0.0,0.0,0.0,0.0,0.0,0.0,0.0,0.0,1591.0514282046647,1383.5141139217876,0,PASS
CREATEORDER_V3_C1_F4_P10_C50_S7006,/Users/nischithacn/paper3-exactly-once/results/phase6/runs/CREATEORDER_V3_C1_F4_P10_C50_S7006/CREATEORDER_V3_C1_F4_P10_C50_S7006_1788402972003,0.0,0.0,0.0,0.0,0.0,0.0,0.0,0.0,0.0,0.0,0.0,1520.4017397587122,1346.115518637021,0,PASS
CREATEORDER_V3_C1_F4_P10_C50_S7007,/Users/nischithacn/paper3-exactly-once/results/phase6/runs/CREATEORDER_V3_C1_F4_P10_C50_S7007/CREATEORDER_V3_C1_F4_P10_C50_S7007_1788408299452,0.0,0.0,0.0,0.0,0.0,0.0,0.0,0.0,0.0,0.0,0.0,1472.0830764657335,1299.3731025656173,0,PASS
CREATEORDER_V3_C1_F4_P10_C50_S7008,/Users/nischithacn/paper3-exactly-once/results/phase6/runs/CREATEORDER_V3_C1_F4_P10_C50_S7008/CREATEORDER_V3_C1_F4_P10_C50_S7008_1788413126672,0.0,0.0,0.0,0.0,0.0,0.0,0.0,0.0,0.0,0.0,0.0,1450.8765821070556,1285.5291720719445,0,PASS
CREATEORDER_V3_C1_F4_P10_C50_S7009,/Users/nischithacn/paper3-exactly-once/results/phase6/runs/CREATEORDER_V3_C1_F4_P10_C50_S7009/CREATEORDER_V3_C1_F4_P10_C50_S7009_1788416617800,0.0,0.0,0.0,0.0,0.0,0.0,0.0,0.0,0.0,0.0,0.0,1604.506738114705,1416.7952381024766,0,PASS
CREATEORDER_V3_C1_F4_P1_C10_S7000,/Users/nischithacn/paper3-exactly-once/results/phase6/runs/CREATEORDER_V3_C1_F4_P1_C10_S7000/CREATEORDER_V3_C1_F4_P1_C10_S7000_1788149089984,0.0,0.0,0.0,0.0,0.0,0.0,0.0,0.0,0.0,0.0,0.0,1597.8943762461454,1413.2872937429067,0,PASS
CREATEORDER_V3_C1_F4_P1_C10_S7001,/Users/nischithacn/paper3-exactly-once/results/phase6/runs/CREATEORDER_V3_C1_F4_P1_C10_S7001/CREATEORDER_V3_C1_F4_P1_C10_S7001_1788379625073,0.0,0.0,0.0,0.0,0.0,0.0,0.0,0.0,0.0,0.0,0.0,1404.3669633525628,1231.733112588927,0,PASS
CREATEORDER_V3_C1_F4_P1_C10_S7002,/Users/nischithacn/paper3-exactly-once/results/phase6/runs/CREATEORDER_V3_C1_F4_P1_C10_S7002/CREATEORDER_V3_C1_F4_P1_C10_S7002_1788384097843,0.0,0.0,0.0,0.0,0.0,0.0,0.0,0.0,0.0,0.0,0.0,1380.7943647130621,1211.6362495983892,0,PASS
CREATEORDER_V3_C1_F4_P1_C10_S7003,/Users/nischithacn/paper3-exactly-once/results/phase6/runs/CREATEORDER_V3_C1_F4_P1_C10_S7003/CREATEORDER_V3_C1_F4_P1_C10_S7003_1788387820507,0.0,0.0,0.0,0.0,0.0,0.0,0.0,0.0,0.0,0.0,0.0,1064.5023388421187,848.5405260509259,0,PASS
CREATEORDER_V3_C1_F4_P1_C10_S7004,/Users/nischithacn/paper3-exactly-once/results/phase6/runs/CREATEORDER_V3_C1_F4_P1_C10_S7004/CREATEORDER_V3_C1_F4_P1_C10_S7004_1788391310640,0.0,0.0,0.0,0.0,0.0,0.0,0.0,0.0,0.0,0.0,0.0,1443.1711845821858,1267.2586134180272,0,PASS
CREATEORDER_V3_C1_F4_P1_C10_S7005,/Users/nischithacn/paper3-exactly-once/results/phase6/runs/CREATEORDER_V3_C1_F4_P1_C10_S7005/CREATEORDER_V3_C1_F4_P1_C10_S7005_1788395055280,0.0,0.0,0.0,0.0,0.0,0.0,0.0,0.0,0.0,0.0,0.0,1342.4184857535201,1184.1286874472682,0,PASS
CREATEORDER_V3_C1_F4_P1_C10_S7006,/Users/nischithacn/paper3-exactly-once/results/phase6/runs/CREATEORDER_V3_C1_F4_P1_C10_S7006/CREATEORDER_V3_C1_F4_P1_C10_S7006_1788402922849,0.0,0.0,0.0,0.0,0.0,0.0,0.0,0.0,0.0,0.0,0.0,1379.7504681403377,1214.566982944708,0,PASS
CREATEORDER_V3_C1_F4_P1_C10_S7007,/Users/nischithacn/paper3-exactly-once/results/phase6/runs/CREATEORDER_V3_C1_F4_P1_C10_S7007/CREATEORDER_V3_C1_F4_P1_C10_S7007_1788408250157,0.0,0.0,0.0,0.0,0.0,0.0,0.0,0.0,0.0,0.0,0.0,1362.1716495726082,1193.1318929912793,0,PASS
CREATEORDER_V3_C1_F4_P1_C10_S7008,/Users/nischithacn/paper3-exactly-once/results/phase6/runs/CREATEORDER_V3_C1_F4_P1_C10_S7008/CREATEORDER_V3_C1_F4_P1_C10_S7008_1788413073949,0.0,0.0,0.0,0.0,0.0,0.0,0.0,0.0,0.0,0.0,0.0,1062.888322709444,842.8468418553126,0,PASS
CREATEORDER_V3_C1_F4_P1_C10_S7009,/Users/nischithacn/paper3-exactly-once/results/phase6/runs/CREATEORDER_V3_C1_F4_P1_C10_S7009/CREATEORDER_V3_C1_F4_P1_C10_S7009_1788416553439,0.0,0.0,0.0,0.0,0.0,0.0,0.0,0.0,0.0,0.0,0.0,1428.2859672118732,1247.359330355174,0,PASS
CREATEORDER_V3_C1_F4_P1_C50_S7000,/Users/nischithacn/paper3-exactly-once/results/phase6/runs/CREATEORDER_V3_C1_F4_P1_C50_S7000/CREATEORDER_V3_C1_F4_P1_C50_S7000_1788149097484,0.0,0.0,0.0,0.0,0.0,0.0,0.0,0.0,0.0,0.0,0.0,1848.1190648789943,1629.4411922946615,0,PASS
CREATEORDER_V3_C1_F4_P1_C50_S7001,/Users/nischithacn/paper3-exactly-once/results/phase6/runs/CREATEORDER_V3_C1_F4_P1_C50_S7001/CREATEORDER_V3_C1_F4_P1_C50_S7001_1788379640689,0.0,0.0,0.0,0.0,0.0,0.0,0.0,0.0,0.0,0.0,0.0,1565.9624901135714,1395.7865609007356,0,PASS
CREATEORDER_V3_C1_F4_P1_C50_S7002,/Users/nischithacn/paper3-exactly-once/results/phase6/runs/CREATEORDER_V3_C1_F4_P1_C50_S7002/CREATEORDER_V3_C1_F4_P1_C50_S7002_1788384106515,0.0,0.0,0.0,0.0,0.0,0.0,0.0,0.0,0.0,0.0,0.0,1659.0003779746917,1468.5890039437545,0,PASS
CREATEORDER_V3_C1_F4_P1_C50_S7003,/Users/nischithacn/paper3-exactly-once/results/phase6/runs/CREATEORDER_V3_C1_F4_P1_C50_S7003/CREATEORDER_V3_C1_F4_P1_C50_S7003_1788387832729,0.0,0.0,0.0,0.0,0.0,0.0,0.0,0.0,0.0,0.0,0.0,1608.5582904987616,1388.2606936815282,0,PASS
CREATEORDER_V3_C1_F4_P1_C50_S7004,/Users/nischithacn/paper3-exactly-once/results/phase6/runs/CREATEORDER_V3_C1_F4_P1_C50_S7004/CREATEORDER_V3_C1_F4_P1_C50_S7004_1788391318941,0.0,0.0,0.0,0.0,0.0,0.0,0.0,0.0,0.0,0.0,0.0,1701.994699526986,1509.9862836653215,0,PASS
CREATEORDER_V3_C1_F4_P1_C50_S7005,/Users/nischithacn/paper3-exactly-once/results/phase6/runs/CREATEORDER_V3_C1_F4_P1_C50_S7005/CREATEORDER_V3_C1_F4_P1_C50_S7005_1788395064156,0.0,0.0,0.0,0.0,0.0,0.0,0.0,0.0,0.0,0.0,0.0,1685.826649934489,1456.2251526156738,0,PASS
CREATEORDER_V3_C1_F4_P1_C50_S7006,/Users/nischithacn/paper3-exactly-once/results/phase6/runs/CREATEORDER_V3_C1_F4_P1_C50_S7006/CREATEORDER_V3_C1_F4_P1_C50_S7006_1788402938559,0.0,0.0,0.0,0.0,0.0,0.0,0.0,0.0,0.0,0.0,0.0,1707.791643836347,1491.872427760318,0,PASS
CREATEORDER_V3_C1_F4_P1_C50_S7007,/Users/nischithacn/paper3-exactly-once/results/phase6/runs/CREATEORDER_V3_C1_F4_P1_C50_S7007/CREATEORDER_V3_C1_F4_P1_C50_S7007_1788408258967,0.0,0.0,0.0,0.0,0.0,0.0,0.0,0.0,0.0,0.0,0.0,1618.3751363982226,1435.3571771520567,0,PASS
CREATEORDER_V3_C1_F4_P1_C50_S7008,/Users/nischithacn/paper3-exactly-once/results/phase6/runs/CREATEORDER_V3_C1_F4_P1_C50_S7008/CREATEORDER_V3_C1_F4_P1_C50_S7008_1788413086238,0.0,0.0,0.0,0.0,0.0,0.0,0.0,0.0,0.0,0.0,0.0,1556.1867742912832,1355.147187751598,0,PASS
CREATEORDER_V3_C1_F4_P1_C50_S7009,/Users/nischithacn/paper3-exactly-once/results/phase6/runs/CREATEORDER_V3_C1_F4_P1_C50_S7009/CREATEORDER_V3_C1_F4_P1_C50_S7009_1788416561882,0.0,0.0,0.0,0.0,0.0,0.0,0.0,0.0,0.0,0.0,0.0,1661.0263583084247,1464.534778888037,0,PASS
CREATEORDER_V3_C1_F4_P20_C10_S7000,/Users/nischithacn/paper3-exactly-once/results/phase6/runs/CREATEORDER_V3_C1_F4_P20_C10_S7000/CREATEORDER_V3_C1_F4_P20_C10_S7000_1788149138518,0.0,0.0,0.0,0.0,0.0,0.0,0.0,0.0,0.0,0.0,0.0,1172.3412039317486,1046.3875327945368,0,PASS
CREATEORDER_V3_C1_F4_P20_C10_S7001,/Users/nischithacn/paper3-exactly-once/results/phase6/runs/CREATEORDER_V3_C1_F4_P20_C10_S7001/CREATEORDER_V3_C1_F4_P20_C10_S7001_1788379703239,0.0,0.0,0.0,0.0,0.0,0.0,0.0,0.0,0.0,0.0,0.0,1068.4856541487216,867.3483356762862,0,PASS
CREATEORDER_V3_C1_F4_P20_C10_S7002,/Users/nischithacn/paper3-exactly-once/results/phase6/runs/CREATEORDER_V3_C1_F4_P20_C10_S7002/CREATEORDER_V3_C1_F4_P20_C10_S7002_1788384154983,0.0,0.0,0.0,0.0,0.0,0.0,0.0,0.0,0.0,0.0,0.0,1224.3383389203952,1081.5156965313633,0,PASS
CREATEORDER_V3_C1_F4_P20_C10_S7003,/Users/nischithacn/paper3-exactly-once/results/phase6/runs/CREATEORDER_V3_C1_F4_P20_C10_S7003/CREATEORDER_V3_C1_F4_P20_C10_S7003_1788387880418,0.0,0.0,0.0,0.0,0.0,0.0,0.0,0.0,0.0,0.0,0.0,1239.6419887322522,1091.3820787547093,0,PASS
CREATEORDER_V3_C1_F4_P20_C10_S7004,/Users/nischithacn/paper3-exactly-once/results/phase6/runs/CREATEORDER_V3_C1_F4_P20_C10_S7004/CREATEORDER_V3_C1_F4_P20_C10_S7004_1788391382500,0.0,0.0,0.0,0.0,0.0,0.0,0.0,0.0,0.0,0.0,0.0,1152.5711396604756,1026.5488285121994,0,PASS
CREATEORDER_V3_C1_F4_P20_C10_S7005,/Users/nischithacn/paper3-exactly-once/results/phase6/runs/CREATEORDER_V3_C1_F4_P20_C10_S7005/CREATEORDER_V3_C1_F4_P20_C10_S7005_1788395127860,0.0,0.0,0.0,0.0,0.0,0.0,0.0,0.0,0.0,0.0,0.0,1444.8384871012556,1277.06568747937,0,PASS
CREATEORDER_V3_C1_F4_P20_C10_S7006,/Users/nischithacn/paper3-exactly-once/results/phase6/runs/CREATEORDER_V3_C1_F4_P20_C10_S7006/CREATEORDER_V3_C1_F4_P20_C10_S7006_1788403001128,0.0,0.0,0.0,0.0,0.0,0.0,0.0,0.0,0.0,0.0,0.0,1055.6391495950468,853.1255540769886,0,PASS
CREATEORDER_V3_C1_F4_P20_C10_S7007,/Users/nischithacn/paper3-exactly-once/results/phase6/runs/CREATEORDER_V3_C1_F4_P20_C10_S7007/CREATEORDER_V3_C1_F4_P20_C10_S7007_1788408307566,0.0,0.0,0.0,0.0,0.0,0.0,0.0,0.0,0.0,0.0,0.0,1270.6044370083828,1120.2123473814625,0,PASS
CREATEORDER_V3_C1_F4_P20_C10_S7008,/Users/nischithacn/paper3-exactly-once/results/phase6/runs/CREATEORDER_V3_C1_F4_P20_C10_S7008/CREATEORDER_V3_C1_F4_P20_C10_S7008_1788413134883,0.0,0.0,0.0,0.0,0.0,0.0,0.0,0.0,0.0,0.0,0.0,1254.0829865893709,1107.9645917645842,0,PASS
CREATEORDER_V3_C1_F4_P20_C10_S7009,/Users/nischithacn/paper3-exactly-once/results/phase6/runs/CREATEORDER_V3_C1_F4_P20_C10_S7009/CREATEORDER_V3_C1_F4_P20_C10_S7009_1788416625295,0.0,0.0,0.0,0.0,0.0,0.0,0.0,0.0,0.0,0.0,0.0,1145.8307949675393,1019.6291614488605,0,PASS
CREATEORDER_V3_C1_F4_P20_C50_S7000,/Users/nischithacn/paper3-exactly-once/results/phase6/runs/CREATEORDER_V3_C1_F4_P20_C50_S7000/CREATEORDER_V3_C1_F4_P20_C50_S7000_1788149148512,0.0,0.0,0.0,0.0,0.0,0.0,0.0,0.0,0.0,0.0,0.0,1640.397632663996,1452.719117132212,0,PASS
CREATEORDER_V3_C1_F4_P20_C50_S7001,/Users/nischithacn/paper3-exactly-once/results/phase6/runs/CREATEORDER_V3_C1_F4_P20_C50_S7001/CREATEORDER_V3_C1_F4_P20_C50_S7001_1788379715213,0.0,0.0,0.0,0.0,0.0,0.0,0.0,0.0,0.0,0.0,0.0,1621.879823548862,1395.3680399045004,0,PASS
CREATEORDER_V3_C1_F4_P20_C50_S7002,/Users/nischithacn/paper3-exactly-once/results/phase6/runs/CREATEORDER_V3_C1_F4_P20_C50_S7002/CREATEORDER_V3_C1_F4_P20_C50_S7002_1788384164659,0.0,0.0,0.0,0.0,0.0,0.0,0.0,0.0,0.0,0.0,0.0,1699.7562886627015,1490.8396074506436,0,PASS
CREATEORDER_V3_C1_F4_P20_C50_S7003,/Users/nischithacn/paper3-exactly-once/results/phase6/runs/CREATEORDER_V3_C1_F4_P20_C50_S7003/CREATEORDER_V3_C1_F4_P20_C50_S7003_1788387890003,0.0,0.0,0.0,0.0,0.0,0.0,0.0,0.0,0.0,0.0,0.0,1680.7694400718487,1469.4463325029146,0,PASS
CREATEORDER_V3_C1_F4_P20_C50_S7004,/Users/nischithacn/paper3-exactly-once/results/phase6/runs/CREATEORDER_V3_C1_F4_P20_C50_S7004/CREATEORDER_V3_C1_F4_P20_C50_S7004_1788391399379,0.0,0.0,0.0,0.0,0.0,0.0,0.0,0.0,0.0,0.0,0.0,1493.6967822284191,1314.2156905290865,0,PASS
CREATEORDER_V3_C1_F4_P20_C50_S7005,/Users/nischithacn/paper3-exactly-once/results/phase6/runs/CREATEORDER_V3_C1_F4_P20_C50_S7005/CREATEORDER_V3_C1_F4_P20_C50_S7005_1788395136119,0.0,0.0,0.0,0.0,0.0,0.0,0.0,0.0,0.0,0.0,0.0,1638.0890830135015,1442.1430356416631,0,PASS
CREATEORDER_V3_C1_F4_P20_C50_S7006,/Users/nischithacn/paper3-exactly-once/results/phase6/runs/CREATEORDER_V3_C1_F4_P20_C50_S7006/CREATEORDER_V3_C1_F4_P20_C50_S7006_1788403013273,0.0,0.0,0.0,0.0,0.0,0.0,0.0,0.0,0.0,0.0,0.0,1568.1097265256333,1361.1503658386275,0,PASS
CREATEORDER_V3_C1_F4_P20_C50_S7007,/Users/nischithacn/paper3-exactly-once/results/phase6/runs/CREATEORDER_V3_C1_F4_P20_C50_S7007/CREATEORDER_V3_C1_F4_P20_C50_S7007_1788408316912,0.0,0.0,0.0,0.0,0.0,0.0,0.0,0.0,0.0,0.0,0.0,1680.154934788956,1478.3788315443155,0,PASS
CREATEORDER_V3_C1_F4_P20_C50_S7008,/Users/nischithacn/paper3-exactly-once/results/phase6/runs/CREATEORDER_V3_C1_F4_P20_C50_S7008/CREATEORDER_V3_C1_F4_P20_C50_S7008_1788413144342,0.0,0.0,0.0,0.0,0.0,0.0,0.0,0.0,0.0,0.0,0.0,1651.821696527133,1454.1362306244064,0,PASS
CREATEORDER_V3_C1_F4_P20_C50_S7009,/Users/nischithacn/paper3-exactly-once/results/phase6/runs/CREATEORDER_V3_C1_F4_P20_C50_S7009/CREATEORDER_V3_C1_F4_P20_C50_S7009_1788416642528,0.0,0.0,0.0,0.0,0.0,0.0,0.0,0.0,0.0,0.0,0.0,1490.2327898937563,1315.3995338416416,0,PASS
CREATEORDER_V3_C1_F4_P5_C10_S7000,/Users/nischithacn/paper3-exactly-once/results/phase6/runs/CREATEORDER_V3_C1_F4_P5_C10_S7000/CREATEORDER_V3_C1_F4_P5_C10_S7000_1788149104061,0.0,0.0,0.0,0.0,0.0,0.0,0.0,0.0,0.0,0.0,0.0,1618.555060784223,1427.5026538257464,0,PASS
CREATEORDER_V3_C1_F4_P5_C10_S7001,/Users/nischithacn/paper3-exactly-once/results/phase6/runs/CREATEORDER_V3_C1_F4_P5_C10_S7001/CREATEORDER_V3_C1_F4_P5_C10_S7001_1788379648284,0.0,0.0,0.0,0.0,0.0,0.0,0.0,0.0,0.0,0.0,0.0,1447.1721428305752,1281.7214526712667,0,PASS
CREATEORDER_V3_C1_F4_P5_C10_S7002,/Users/nischithacn/paper3-exactly-once/results/phase6/runs/CREATEORDER_V3_C1_F4_P5_C10_S7002/CREATEORDER_V3_C1_F4_P5_C10_S7002_1788384113749,0.0,0.0,0.0,0.0,0.0,0.0,0.0,0.0,0.0,0.0,0.0,1437.1095154663954,1274.3455195463416,0,PASS
CREATEORDER_V3_C1_F4_P5_C10_S7003,/Users/nischithacn/paper3-exactly-once/results/phase6/runs/CREATEORDER_V3_C1_F4_P5_C10_S7003/CREATEORDER_V3_C1_F4_P5_C10_S7003_1788387840370,0.0,0.0,0.0,0.0,0.0,0.0,0.0,0.0,0.0,0.0,0.0,1436.5371784255701,1270.7379383247173,0,PASS
CREATEORDER_V3_C1_F4_P5_C10_S7004,/Users/nischithacn/paper3-exactly-once/results/phase6/runs/CREATEORDER_V3_C1_F4_P5_C10_S7004/CREATEORDER_V3_C1_F4_P5_C10_S7004_1788391347250,0.0,0.0,0.0,0.0,0.0,0.0,0.0,0.0,0.0,0.0,0.0,1072.0985114017235,861.8277157430539,0,PASS
CREATEORDER_V3_C1_F4_P5_C10_S7005,/Users/nischithacn/paper3-exactly-once/results/phase6/runs/CREATEORDER_V3_C1_F4_P5_C10_S7005/CREATEORDER_V3_C1_F4_P5_C10_S7005_1788395071453,0.0,0.0,0.0,0.0,0.0,0.0,0.0,0.0,0.0,0.0,0.0,1436.3851142658457,1267.0341665407477,0,PASS
CREATEORDER_V3_C1_F4_P5_C10_S7006,/Users/nischithacn/paper3-exactly-once/results/phase6/runs/CREATEORDER_V3_C1_F4_P5_C10_S7006/CREATEORDER_V3_C1_F4_P5_C10_S7006_1788402945698,0.0,0.0,0.0,0.0,0.0,0.0,0.0,0.0,0.0,0.0,0.0,1433.2337136104961,1265.4007019960807,0,PASS
CREATEORDER_V3_C1_F4_P5_C10_S7007,/Users/nischithacn/paper3-exactly-once/results/phase6/runs/CREATEORDER_V3_C1_F4_P5_C10_S7007/CREATEORDER_V3_C1_F4_P5_C10_S7007_1788408266374,0.0,0.0,0.0,0.0,0.0,0.0,0.0,0.0,0.0,0.0,0.0,1423.1449366025383,1254.596863890713,0,PASS
CREATEORDER_V3_C1_F4_P5_C10_S7008,/Users/nischithacn/paper3-exactly-once/results/phase6/runs/CREATEORDER_V3_C1_F4_P5_C10_S7008/CREATEORDER_V3_C1_F4_P5_C10_S7008_1788413094045,0.0,0.0,0.0,0.0,0.0,0.0,0.0,0.0,0.0,0.0,0.0,1428.8937556179408,1265.0277129265996,0,PASS
CREATEORDER_V3_C1_F4_P5_C10_S7009,/Users/nischithacn/paper3-exactly-once/results/phase6/runs/CREATEORDER_V3_C1_F4_P5_C10_S7009/CREATEORDER_V3_C1_F4_P5_C10_S7009_1788416589687,0.0,0.0,0.0,0.0,0.0,0.0,0.0,0.0,0.0,0.0,0.0,1064.6962734853666,858.8840673276987,0,PASS
CREATEORDER_V3_C1_F4_P5_C50_S7000,/Users/nischithacn/paper3-exactly-once/results/phase6/runs/CREATEORDER_V3_C1_F4_P5_C50_S7000/CREATEORDER_V3_C1_F4_P5_C50_S7000_1788149111494,0.0,0.0,0.0,0.0,0.0,0.0,0.0,0.0,0.0,0.0,0.0,1798.2713836442394,1584.7845113769004,0,PASS
CREATEORDER_V3_C1_F4_P5_C50_S7001,/Users/nischithacn/paper3-exactly-once/results/phase6/runs/CREATEORDER_V3_C1_F4_P5_C50_S7001/CREATEORDER_V3_C1_F4_P5_C50_S7001_1788379656511,0.0,0.0,0.0,0.0,0.0,0.0,0.0,0.0,0.0,0.0,0.0,1595.698545923322,1408.420738187316,0,PASS
CREATEORDER_V3_C1_F4_P5_C50_S7002,/Users/nischithacn/paper3-exactly-once/results/phase6/runs/CREATEORDER_V3_C1_F4_P5_C50_S7002/CREATEORDER_V3_C1_F4_P5_C50_S7002_1788384129109,0.0,0.0,0.0,0.0,0.0,0.0,0.0,0.0,0.0,0.0,0.0,1572.151559868751,1387.861460169956,0,PASS
CREATEORDER_V3_C1_F4_P5_C50_S7003,/Users/nischithacn/paper3-exactly-once/results/phase6/runs/CREATEORDER_V3_C1_F4_P5_C50_S7003/CREATEORDER_V3_C1_F4_P5_C50_S7003_1788387848665,0.0,0.0,0.0,0.0,0.0,0.0,0.0,0.0,0.0,0.0,0.0,1588.3397501041775,1408.9258286899928,0,PASS
CREATEORDER_V3_C1_F4_P5_C50_S7004,/Users/nischithacn/paper3-exactly-once/results/phase6/runs/CREATEORDER_V3_C1_F4_P5_C50_S7004/CREATEORDER_V3_C1_F4_P5_C50_S7004_1788391359276,0.0,0.0,0.0,0.0,0.0,0.0,0.0,0.0,0.0,0.0,0.0,1638.2012401151642,1407.6930723899843,0,PASS
CREATEORDER_V3_C1_F4_P5_C50_S7005,/Users/nischithacn/paper3-exactly-once/results/phase6/runs/CREATEORDER_V3_C1_F4_P5_C50_S7005/CREATEORDER_V3_C1_F4_P5_C50_S7005_1788395079765,0.0,0.0,0.0,0.0,0.0,0.0,0.0,0.0,0.0,0.0,0.0,1574.7324594314268,1394.2623713201403,0,PASS
CREATEORDER_V3_C1_F4_P5_C50_S7006,/Users/nischithacn/paper3-exactly-once/results/phase6/runs/CREATEORDER_V3_C1_F4_P5_C50_S7006/CREATEORDER_V3_C1_F4_P5_C50_S7006_1788402954016,0.0,0.0,0.0,0.0,0.0,0.0,0.0,0.0,0.0,0.0,0.0,1558.3293260223734,1377.6157734967053,0,PASS
CREATEORDER_V3_C1_F4_P5_C50_S7007,/Users/nischithacn/paper3-exactly-once/results/phase6/runs/CREATEORDER_V3_C1_F4_P5_C50_S7007/CREATEORDER_V3_C1_F4_P5_C50_S7007_1788408281795,0.0,0.0,0.0,0.0,0.0,0.0,0.0,0.0,0.0,0.0,0.0,1600.4752387717667,1413.6597902528986,0,PASS
CREATEORDER_V3_C1_F4_P5_C50_S7008,/Users/nischithacn/paper3-exactly-once/results/phase6/runs/CREATEORDER_V3_C1_F4_P5_C50_S7008/CREATEORDER_V3_C1_F4_P5_C50_S7008_1788413102377,0.0,0.0,0.0,0.0,0.0,0.0,0.0,0.0,0.0,0.0,0.0,1602.4890957260045,1417.5136152892737,0,PASS
CREATEORDER_V3_C1_F4_P5_C50_S7009,/Users/nischithacn/paper3-exactly-once/results/phase6/runs/CREATEORDER_V3_C1_F4_P5_C50_S7009/CREATEORDER_V3_C1_F4_P5_C50_S7009_1788416601765,0.0,0.0,0.0,0.0,0.0,0.0,0.0,0.0,0.0,0.0,0.0,1600.1221406709092,1381.788991866913,0,PASS
CREATEORDER_V3_C1_F5_P0_C50_FAN10_S7000,/Users/nischithacn/paper3-exactly-once/results/phase6/runs/CREATEORDER_V3_C1_F5_P0_C50_FAN10_S7000/CREATEORDER_V3_C1_F5_P0_C50_FAN10_S7000_1788592267124,0.0,0.0,0.0,0.0,0.0,0.0,0.0,0.0,0.0,0.0,0.0,821.3973502122367,733.8259828597044,0,PASS
CREATEORDER_V3_C1_F5_P0_C50_FAN10_S7001,/Users/nischithacn/paper3-exactly-once/results/phase6/runs/CREATEORDER_V3_C1_F5_P0_C50_FAN10_S7001/CREATEORDER_V3_C1_F5_P0_C50_FAN10_S7001_1788592586618,0.0,0.0,0.0,0.0,0.0,0.0,0.0,0.0,0.0,0.0,0.0,764.5842813229973,686.5019038571884,0,PASS
CREATEORDER_V3_C1_F5_P0_C50_FAN10_S7002,/Users/nischithacn/paper3-exactly-once/results/phase6/runs/CREATEORDER_V3_C1_F5_P0_C50_FAN10_S7002/CREATEORDER_V3_C1_F5_P0_C50_FAN10_S7002_1788592938174,0.0,0.0,0.0,0.0,0.0,0.0,0.0,0.0,0.0,0.0,0.0,745.3246043442167,674.395085807339,0,PASS
CREATEORDER_V3_C1_F5_P0_C50_FAN10_S7003,/Users/nischithacn/paper3-exactly-once/results/phase6/runs/CREATEORDER_V3_C1_F5_P0_C50_FAN10_S7003/CREATEORDER_V3_C1_F5_P0_C50_FAN10_S7003_1788593296409,0.0,0.0,0.0,0.0,0.0,0.0,0.0,0.0,0.0,0.0,0.0,798.3637508369696,715.9502547934167,0,PASS
CREATEORDER_V3_C1_F5_P0_C50_FAN10_S7004,/Users/nischithacn/paper3-exactly-once/results/phase6/runs/CREATEORDER_V3_C1_F5_P0_C50_FAN10_S7004/CREATEORDER_V3_C1_F5_P0_C50_FAN10_S7004_1788593649357,0.0,0.0,0.0,0.0,0.0,0.0,0.0,0.0,0.0,0.0,0.0,727.7256655739138,661.3307836469828,0,PASS
CREATEORDER_V3_C1_F5_P0_C50_FAN10_S7005,/Users/nischithacn/paper3-exactly-once/results/phase6/runs/CREATEORDER_V3_C1_F5_P0_C50_FAN10_S7005/CREATEORDER_V3_C1_F5_P0_C50_FAN10_S7005_1788594012652,0.0,0.0,0.0,0.0,0.0,0.0,0.0,0.0,0.0,0.0,0.0,771.6939620280863,694.4080856752041,0,PASS
CREATEORDER_V3_C1_F5_P0_C50_FAN10_S7006,/Users/nischithacn/paper3-exactly-once/results/phase6/runs/CREATEORDER_V3_C1_F5_P0_C50_FAN10_S7006/CREATEORDER_V3_C1_F5_P0_C50_FAN10_S7006_1788594352972,0.0,0.0,0.0,0.0,0.0,0.0,0.0,0.0,0.0,0.0,0.0,714.2311862807938,646.5601048208538,0,PASS
CREATEORDER_V3_C1_F5_P0_C50_FAN10_S7007,/Users/nischithacn/paper3-exactly-once/results/phase6/runs/CREATEORDER_V3_C1_F5_P0_C50_FAN10_S7007/CREATEORDER_V3_C1_F5_P0_C50_FAN10_S7007_1788594719374,0.0,0.0,0.0,0.0,0.0,0.0,0.0,0.0,0.0,0.0,0.0,723.4621609797417,655.8420746674778,0,PASS
CREATEORDER_V3_C1_F5_P0_C50_FAN10_S7008,/Users/nischithacn/paper3-exactly-once/results/phase6/runs/CREATEORDER_V3_C1_F5_P0_C50_FAN10_S7008/CREATEORDER_V3_C1_F5_P0_C50_FAN10_S7008_1788595089746,0.0,0.0,0.0,0.0,0.0,0.0,0.0,0.0,0.0,0.0,0.0,766.1298976815802,689.5842721469857,0,PASS
CREATEORDER_V3_C1_F5_P0_C50_FAN10_S7009,/Users/nischithacn/paper3-exactly-once/results/phase6/runs/CREATEORDER_V3_C1_F5_P0_C50_FAN10_S7009/CREATEORDER_V3_C1_F5_P0_C50_FAN10_S7009_1788595451410,0.0,0.0,0.0,0.0,0.0,0.0,0.0,0.0,0.0,0.0,0.0,701.0090054242198,635.9721022869243,0,PASS
CREATEORDER_V3_C1_F5_P0_C50_FAN2_S7000,/Users/nischithacn/paper3-exactly-once/results/phase6/runs/CREATEORDER_V3_C1_F5_P0_C50_FAN2_S7000/CREATEORDER_V3_C1_F5_P0_C50_FAN2_S7000_1788592213304,0.0,0.0,0.0,0.0,0.0,0.0,0.0,0.0,0.0,0.0,0.0,812.8230853861281,721.6226130844681,0,PASS
CREATEORDER_V3_C1_F5_P0_C50_FAN2_S7001,/Users/nischithacn/paper3-exactly-once/results/phase6/runs/CREATEORDER_V3_C1_F5_P0_C50_FAN2_S7001/CREATEORDER_V3_C1_F5_P0_C50_FAN2_S7001_1788592556581,0.0,0.0,0.0,0.0,0.0,0.0,0.0,0.0,0.0,0.0,0.0,797.1295078882164,713.9104995414725,0,PASS
CREATEORDER_V3_C1_F5_P0_C50_FAN2_S7002,/Users/nischithacn/paper3-exactly-once/results/phase6/runs/CREATEORDER_V3_C1_F5_P0_C50_FAN2_S7002/CREATEORDER_V3_C1_F5_P0_C50_FAN2_S7002_1788592908758,0.0,0.0,0.0,0.0,0.0,0.0,0.0,0.0,0.0,0.0,0.0,794.1426436205782,717.5691531954704,0,PASS
CREATEORDER_V3_C1_F5_P0_C50_FAN2_S7003,/Users/nischithacn/paper3-exactly-once/results/phase6/runs/CREATEORDER_V3_C1_F5_P0_C50_FAN2_S7003/CREATEORDER_V3_C1_F5_P0_C50_FAN2_S7003_1788593258645,0.0,0.0,0.0,0.0,0.0,0.0,0.0,0.0,0.0,0.0,0.0,757.1979683291055,676.137831781846,0,PASS
CREATEORDER_V3_C1_F5_P0_C50_FAN2_S7004,/Users/nischithacn/paper3-exactly-once/results/phase6/runs/CREATEORDER_V3_C1_F5_P0_C50_FAN2_S7004/CREATEORDER_V3_C1_F5_P0_C50_FAN2_S7004_1788593619187,0.0,0.0,0.0,0.0,0.0,0.0,0.0,0.0,0.0,0.0,0.0,776.9556899682451,692.9819694666584,0,PASS
CREATEORDER_V3_C1_F5_P0_C50_FAN2_S7005,/Users/nischithacn/paper3-exactly-once/results/phase6/runs/CREATEORDER_V3_C1_F5_P0_C50_FAN2_S7005/CREATEORDER_V3_C1_F5_P0_C50_FAN2_S7005_1788593955590,0.0,0.0,0.0,0.0,0.0,0.0,0.0,0.0,0.0,0.0,0.0,738.5719729891722,668.647562874181,0,PASS
CREATEORDER_V3_C1_F5_P0_C50_FAN2_S7006,/Users/nischithacn/paper3-exactly-once/results/phase6/runs/CREATEORDER_V3_C1_F5_P0_C50_FAN2_S7006/CREATEORDER_V3_C1_F5_P0_C50_FAN2_S7006_1788594321082,0.0,0.0,0.0,0.0,0.0,0.0,0.0,0.0,0.0,0.0,0.0,743.8453431677907,671.9648391444947,0,PASS
CREATEORDER_V3_C1_F5_P0_C50_FAN2_S7007,/Users/nischithacn/paper3-exactly-once/results/phase6/runs/CREATEORDER_V3_C1_F5_P0_C50_FAN2_S7007/CREATEORDER_V3_C1_F5_P0_C50_FAN2_S7007_1788594688566,0.0,0.0,0.0,0.0,0.0,0.0,0.0,0.0,0.0,0.0,0.0,760.5626958161929,686.036912326192,0,PASS
CREATEORDER_V3_C1_F5_P0_C50_FAN2_S7008,/Users/nischithacn/paper3-exactly-once/results/phase6/runs/CREATEORDER_V3_C1_F5_P0_C50_FAN2_S7008/CREATEORDER_V3_C1_F5_P0_C50_FAN2_S7008_1788595050652,0.0,0.0,0.0,0.0,0.0,0.0,0.0,0.0,0.0,0.0,0.0,721.677120763104,646.2161724228763,0,PASS
CREATEORDER_V3_C1_F5_P0_C50_FAN2_S7009,/Users/nischithacn/paper3-exactly-once/results/phase6/runs/CREATEORDER_V3_C1_F5_P0_C50_FAN2_S7009/CREATEORDER_V3_C1_F5_P0_C50_FAN2_S7009_1788595420639,0.0,0.0,0.0,0.0,0.0,0.0,0.0,0.0,0.0,0.0,0.0,753.7901809428984,675.3406495623469,0,PASS
CREATEORDER_V3_C1_F5_P0_C50_FAN5_S7000,/Users/nischithacn/paper3-exactly-once/results/phase6/runs/CREATEORDER_V3_C1_F5_P0_C50_FAN5_S7000/CREATEORDER_V3_C1_F5_P0_C50_FAN5_S7000_1788592248630,0.0,0.0,0.0,0.0,0.0,0.0,0.0,0.0,0.0,0.0,0.0,692.9358656690016,562.3291826016914,0,PASS
CREATEORDER_V3_C1_F5_P0_C50_FAN5_S7001,/Users/nischithacn/paper3-exactly-once/results/phase6/runs/CREATEORDER_V3_C1_F5_P0_C50_FAN5_S7001/CREATEORDER_V3_C1_F5_P0_C50_FAN5_S7001_1788592571270,0.0,0.0,0.0,0.0,0.0,0.0,0.0,0.0,0.0,0.0,0.0,752.6790624078791,681.6100601343211,0,PASS
CREATEORDER_V3_C1_F5_P0_C50_FAN5_S7002,/Users/nischithacn/paper3-exactly-once/results/phase6/runs/CREATEORDER_V3_C1_F5_P0_C50_FAN5_S7002/CREATEORDER_V3_C1_F5_P0_C50_FAN5_S7002_1788592923357,0.0,0.0,0.0,0.0,0.0,0.0,0.0,0.0,0.0,0.0,0.0,787.2705957181178,707.5006893583399,0,PASS
CREATEORDER_V3_C1_F5_P0_C50_FAN5_S7003,/Users/nischithacn/paper3-exactly-once/results/phase6/runs/CREATEORDER_V3_C1_F5_P0_C50_FAN5_S7003/CREATEORDER_V3_C1_F5_P0_C50_FAN5_S7003_1788593274123,0.0,0.0,0.0,0.0,0.0,0.0,0.0,0.0,0.0,0.0,0.0,743.0514621152979,667.9212399261321,0,PASS
CREATEORDER_V3_C1_F5_P0_C50_FAN5_S7004,/Users/nischithacn/paper3-exactly-once/results/phase6/runs/CREATEORDER_V3_C1_F5_P0_C50_FAN5_S7004/CREATEORDER_V3_C1_F5_P0_C50_FAN5_S7004_1788593634307,0.0,0.0,0.0,0.0,0.0,0.0,0.0,0.0,0.0,0.0,0.0,775.0471244943873,695.9655211081464,0,PASS
CREATEORDER_V3_C1_F5_P0_C50_FAN5_S7005,/Users/nischithacn/paper3-exactly-once/results/phase6/runs/CREATEORDER_V3_C1_F5_P0_C50_FAN5_S7005/CREATEORDER_V3_C1_F5_P0_C50_FAN5_S7005_1788593992358,0.0,0.0,0.0,0.0,0.0,0.0,0.0,0.0,0.0,0.0,0.0,616.9481252924646,509.7136121452669,0,PASS
CREATEORDER_V3_C1_F5_P0_C50_FAN5_S7006,/Users/nischithacn/paper3-exactly-once/results/phase6/runs/CREATEORDER_V3_C1_F5_P0_C50_FAN5_S7006/CREATEORDER_V3_C1_F5_P0_C50_FAN5_S7006_1788594336661,0.0,0.0,0.0,0.0,0.0,0.0,0.0,0.0,0.0,0.0,0.0,708.0990035689216,640.7268890911413,0,PASS
CREATEORDER_V3_C1_F5_P0_C50_FAN5_S7007,/Users/nischithacn/paper3-exactly-once/results/phase6/runs/CREATEORDER_V3_C1_F5_P0_C50_FAN5_S7007/CREATEORDER_V3_C1_F5_P0_C50_FAN5_S7007_1788594703838,0.0,0.0,0.0,0.0,0.0,0.0,0.0,0.0,0.0,0.0,0.0,744.2155188456347,673.141981530188,0,PASS
CREATEORDER_V3_C1_F5_P0_C50_FAN5_S7008,/Users/nischithacn/paper3-exactly-once/results/phase6/runs/CREATEORDER_V3_C1_F5_P0_C50_FAN5_S7008/CREATEORDER_V3_C1_F5_P0_C50_FAN5_S7008_1788595066813,0.0,0.0,0.0,0.0,0.0,0.0,0.0,0.0,0.0,0.0,0.0,709.7782191824797,643.7445153688773,0,PASS
CREATEORDER_V3_C1_F5_P0_C50_FAN5_S7009,/Users/nischithacn/paper3-exactly-once/results/phase6/runs/CREATEORDER_V3_C1_F5_P0_C50_FAN5_S7009/CREATEORDER_V3_C1_F5_P0_C50_FAN5_S7009_1788595436136,0.0,0.0,0.0,0.0,0.0,0.0,0.0,0.0,0.0,0.0,0.0,762.1271553152717,685.6481872752985,0,PASS
CREATEORDER_V3_C1_F6_P0_C50_FAN10_S7000,/Users/nischithacn/paper3-exactly-once/results/phase6/runs/CREATEORDER_V3_C1_F6_P0_C50_FAN10_S7000/CREATEORDER_V3_C1_F6_P0_C50_FAN10_S7000_1788622019910,0.0,0.0,0.0,0.0,0.0,0.0,0.0,0.0,0.0,0.0,0.0,95.4800159149143,86.45375763933329,0,PASS
CREATEORDER_V3_C1_F6_P0_C50_FAN10_S7001,/Users/nischithacn/paper3-exactly-once/results/phase6/runs/CREATEORDER_V3_C1_F6_P0_C50_FAN10_S7001/CREATEORDER_V3_C1_F6_P0_C50_FAN10_S7001_1788624676336,0.0,0.0,0.0,0.0,0.0,0.0,0.0,0.0,0.0,0.0,0.0,82.86607158098111,75.7813470770859,0,PASS
CREATEORDER_V3_C1_F6_P0_C50_FAN10_S7002,/Users/nischithacn/paper3-exactly-once/results/phase6/runs/CREATEORDER_V3_C1_F6_P0_C50_FAN10_S7002/CREATEORDER_V3_C1_F6_P0_C50_FAN10_S7002_1788626128023,0.0,0.0,0.0,0.0,0.0,0.0,0.0,0.0,0.0,0.0,0.0,83.56124118991612,73.56199541788287,0,PASS
CREATEORDER_V3_C1_F6_P0_C50_FAN10_S7003,/Users/nischithacn/paper3-exactly-once/results/phase6/runs/CREATEORDER_V3_C1_F6_P0_C50_FAN10_S7003/CREATEORDER_V3_C1_F6_P0_C50_FAN10_S7003_1788627631002,0.0,0.0,0.0,0.0,0.0,0.0,0.0,0.0,0.0,0.0,0.0,79.47838007832976,72.29229338068552,0,PASS
CREATEORDER_V3_C1_F6_P0_C50_FAN10_S7004,/Users/nischithacn/paper3-exactly-once/results/phase6/runs/CREATEORDER_V3_C1_F6_P0_C50_FAN10_S7004/CREATEORDER_V3_C1_F6_P0_C50_FAN10_S7004_1788629165592,0.0,0.0,0.0,0.0,0.0,0.0,0.0,0.0,0.0,0.0,0.0,77.78288223656527,70.7223611465737,0,PASS
CREATEORDER_V3_C1_F6_P0_C50_FAN10_S7005,/Users/nischithacn/paper3-exactly-once/results/phase6/runs/CREATEORDER_V3_C1_F6_P0_C50_FAN10_S7005/CREATEORDER_V3_C1_F6_P0_C50_FAN10_S7005_1788630736498,0.0,0.0,0.0,0.0,0.0,0.0,0.0,0.0,0.0,0.0,0.0,75.82056476235934,68.84133788619633,0,PASS
CREATEORDER_V3_C1_F6_P0_C50_FAN10_S7006,/Users/nischithacn/paper3-exactly-once/results/phase6/runs/CREATEORDER_V3_C1_F6_P0_C50_FAN10_S7006/CREATEORDER_V3_C1_F6_P0_C50_FAN10_S7006_1788643214293,0.0,0.0,0.0,0.0,0.0,0.0,0.0,0.0,0.0,0.0,0.0,86.94965131995832,76.05467752920012,0,PASS
CREATEORDER_V3_C1_F6_P0_C50_FAN10_S7007,/Users/nischithacn/paper3-exactly-once/results/phase6/runs/CREATEORDER_V3_C1_F6_P0_C50_FAN10_S7007/CREATEORDER_V3_C1_F6_P0_C50_FAN10_S7007_1788644735239,0.0,0.0,0.0,0.0,0.0,0.0,0.0,0.0,0.0,0.0,0.0,68.69302202754794,60.291637515302725,0,PASS
CREATEORDER_V3_C1_F6_P0_C50_FAN10_S7008,/Users/nischithacn/paper3-exactly-once/results/phase6/runs/CREATEORDER_V3_C1_F6_P0_C50_FAN10_S7008/CREATEORDER_V3_C1_F6_P0_C50_FAN10_S7008_1788646242324,0.0,0.0,0.0,0.0,0.0,0.0,0.0,0.0,0.0,0.0,0.0,81.7736789383913,74.39673098560618,0,PASS
CREATEORDER_V3_C1_F6_P0_C50_FAN10_S7009,/Users/nischithacn/paper3-exactly-once/results/phase6/runs/CREATEORDER_V3_C1_F6_P0_C50_FAN10_S7009/CREATEORDER_V3_C1_F6_P0_C50_FAN10_S7009_1788647785103,0.0,0.0,0.0,0.0,0.0,0.0,0.0,0.0,0.0,0.0,0.0,78.95733065434501,72.01534986754488,0,PASS
CREATEORDER_V3_C1_F6_P0_C50_FAN2_S7000,/Users/nischithacn/paper3-exactly-once/results/phase6/runs/CREATEORDER_V3_C1_F6_P0_C50_FAN2_S7000/CREATEORDER_V3_C1_F6_P0_C50_FAN2_S7000_1788621936193,0.0,0.0,0.0,0.0,0.0,0.0,0.0,0.0,0.0,0.0,0.0,457.8237016402141,410.0138817861788,0,PASS
CREATEORDER_V3_C1_F6_P0_C50_FAN2_S7001,/Users/nischithacn/paper3-exactly-once/results/phase6/runs/CREATEORDER_V3_C1_F6_P0_C50_FAN2_S7001/CREATEORDER_V3_C1_F6_P0_C50_FAN2_S7001_1788624578574,0.0,0.0,0.0,0.0,0.0,0.0,0.0,0.0,0.0,0.0,0.0,363.1574342038719,311.2066550006513,0,PASS
CREATEORDER_V3_C1_F6_P0_C50_FAN2_S7002,/Users/nischithacn/paper3-exactly-once/results/phase6/runs/CREATEORDER_V3_C1_F6_P0_C50_FAN2_S7002/CREATEORDER_V3_C1_F6_P0_C50_FAN2_S7002_1788626004447,0.0,0.0,0.0,0.0,0.0,0.0,0.0,0.0,0.0,0.0,0.0,373.9244689340187,341.61836559693353,0,PASS
CREATEORDER_V3_C1_F6_P0_C50_FAN2_S7003,/Users/nischithacn/paper3-exactly-once/results/phase6/runs/CREATEORDER_V3_C1_F6_P0_C50_FAN2_S7003/CREATEORDER_V3_C1_F6_P0_C50_FAN2_S7003_1788627527022,0.0,0.0,0.0,0.0,0.0,0.0,0.0,0.0,0.0,0.0,0.0,374.92629620924424,340.06193397301263,0,PASS
CREATEORDER_V3_C1_F6_P0_C50_FAN2_S7004,/Users/nischithacn/paper3-exactly-once/results/phase6/runs/CREATEORDER_V3_C1_F6_P0_C50_FAN2_S7004/CREATEORDER_V3_C1_F6_P0_C50_FAN2_S7004_1788629053385,0.0,0.0,0.0,0.0,0.0,0.0,0.0,0.0,0.0,0.0,0.0,360.574015266065,326.51302967751735,0,PASS
CREATEORDER_V3_C1_F6_P0_C50_FAN2_S7005,/Users/nischithacn/paper3-exactly-once/results/phase6/runs/CREATEORDER_V3_C1_F6_P0_C50_FAN2_S7005/CREATEORDER_V3_C1_F6_P0_C50_FAN2_S7005_1788630623649,0.0,0.0,0.0,0.0,0.0,0.0,0.0,0.0,0.0,0.0,0.0,338.99761000568236,298.19217213413407,0,PASS
CREATEORDER_V3_C1_F6_P0_C50_FAN2_S7006,/Users/nischithacn/paper3-exactly-once/results/phase6/runs/CREATEORDER_V3_C1_F6_P0_C50_FAN2_S7006/CREATEORDER_V3_C1_F6_P0_C50_FAN2_S7006_1788643070105,0.0,0.0,0.0,0.0,0.0,0.0,0.0,0.0,0.0,0.0,0.0,240.13261871289887,214.99139740497333,0,PASS
CREATEORDER_V3_C1_F6_P0_C50_FAN2_S7007,/Users/nischithacn/paper3-exactly-once/results/phase6/runs/CREATEORDER_V3_C1_F6_P0_C50_FAN2_S7007/CREATEORDER_V3_C1_F6_P0_C50_FAN2_S7007_1788644590396,0.0,0.0,0.0,0.0,0.0,0.0,0.0,0.0,0.0,0.0,0.0,302.12574863174655,275.71121468412747,0,PASS
CREATEORDER_V3_C1_F6_P0_C50_FAN2_S7008,/Users/nischithacn/paper3-exactly-once/results/phase6/runs/CREATEORDER_V3_C1_F6_P0_C50_FAN2_S7008/CREATEORDER_V3_C1_F6_P0_C50_FAN2_S7008_1788646132942,0.0,0.0,0.0,0.0,0.0,0.0,0.0,0.0,0.0,0.0,0.0,344.1291220002991,315.07396689164176,0,PASS
CREATEORDER_V3_C1_F6_P0_C50_FAN2_S7009,/Users/nischithacn/paper3-exactly-once/results/phase6/runs/CREATEORDER_V3_C1_F6_P0_C50_FAN2_S7009/CREATEORDER_V3_C1_F6_P0_C50_FAN2_S7009_1788647674365,0.0,0.0,0.0,0.0,0.0,0.0,0.0,0.0,0.0,0.0,0.0,351.6123754695831,321.50321492943516,0,PASS
CREATEORDER_V3_C1_F6_P0_C50_FAN5_S7000,/Users/nischithacn/paper3-exactly-once/results/phase6/runs/CREATEORDER_V3_C1_F6_P0_C50_FAN5_S7000/CREATEORDER_V3_C1_F6_P0_C50_FAN5_S7000_1788621961228,0.0,0.0,0.0,0.0,0.0,0.0,0.0,0.0,0.0,0.0,0.0,193.79470885827686,174.41958552218935,0,PASS
CREATEORDER_V3_C1_F6_P0_C50_FAN5_S7001,/Users/nischithacn/paper3-exactly-once/results/phase6/runs/CREATEORDER_V3_C1_F6_P0_C50_FAN5_S7001/CREATEORDER_V3_C1_F6_P0_C50_FAN5_S7001_1788624611360,0.0,0.0,0.0,0.0,0.0,0.0,0.0,0.0,0.0,0.0,0.0,172.91469347503812,157.09442256453698,0,PASS
CREATEORDER_V3_C1_F6_P0_C50_FAN5_S7002,/Users/nischithacn/paper3-exactly-once/results/phase6/runs/CREATEORDER_V3_C1_F6_P0_C50_FAN5_S7002/CREATEORDER_V3_C1_F6_P0_C50_FAN5_S7002_1788626034369,0.0,0.0,0.0,0.0,0.0,0.0,0.0,0.0,0.0,0.0,0.0,158.19137409430687,144.53836433005677,0,PASS
CREATEORDER_V3_C1_F6_P0_C50_FAN5_S7003,/Users/nischithacn/paper3-exactly-once/results/phase6/runs/CREATEORDER_V3_C1_F6_P0_C50_FAN5_S7003/CREATEORDER_V3_C1_F6_P0_C50_FAN5_S7003_1788627557110,0.0,0.0,0.0,0.0,0.0,0.0,0.0,0.0,0.0,0.0,0.0,151.83822013093408,137.8776389667983,0,PASS
CREATEORDER_V3_C1_F6_P0_C50_FAN5_S7004,/Users/nischithacn/paper3-exactly-once/results/phase6/runs/CREATEORDER_V3_C1_F6_P0_C50_FAN5_S7004/CREATEORDER_V3_C1_F6_P0_C50_FAN5_S7004_1788629091788,0.0,0.0,0.0,0.0,0.0,0.0,0.0,0.0,0.0,0.0,0.0,149.77274258522613,138.08799741179823,0,PASS
CREATEORDER_V3_C1_F6_P0_C50_FAN5_S7005,/Users/nischithacn/paper3-exactly-once/results/phase6/runs/CREATEORDER_V3_C1_F6_P0_C50_FAN5_S7005/CREATEORDER_V3_C1_F6_P0_C50_FAN5_S7005_1788630657927,0.0,0.0,0.0,0.0,0.0,0.0,0.0,0.0,0.0,0.0,0.0,142.64880654387468,129.54089943542917,0,PASS
CREATEORDER_V3_C1_F6_P0_C50_FAN5_S7006,/Users/nischithacn/paper3-exactly-once/results/phase6/runs/CREATEORDER_V3_C1_F6_P0_C50_FAN5_S7006/CREATEORDER_V3_C1_F6_P0_C50_FAN5_S7006_1788643117427,0.0,0.0,0.0,0.0,0.0,0.0,0.0,0.0,0.0,0.0,0.0,115.61179883339061,104.90087213425974,0,PASS
CREATEORDER_V3_C1_F6_P0_C50_FAN5_S7007,/Users/nischithacn/paper3-exactly-once/results/phase6/runs/CREATEORDER_V3_C1_F6_P0_C50_FAN5_S7007/CREATEORDER_V3_C1_F6_P0_C50_FAN5_S7007_1788644627392,0.0,0.0,0.0,0.0,0.0,0.0,0.0,0.0,0.0,0.0,0.0,130.32911832365625,118.4666417611006,0,PASS
CREATEORDER_V3_C1_F6_P0_C50_FAN5_S7008,/Users/nischithacn/paper3-exactly-once/results/phase6/runs/CREATEORDER_V3_C1_F6_P0_C50_FAN5_S7008/CREATEORDER_V3_C1_F6_P0_C50_FAN5_S7008_1788646165328,0.0,0.0,0.0,0.0,0.0,0.0,0.0,0.0,0.0,0.0,0.0,144.29708584911208,132.1480531019855,0,PASS
CREATEORDER_V3_C1_F6_P0_C50_FAN5_S7009,/Users/nischithacn/paper3-exactly-once/results/phase6/runs/CREATEORDER_V3_C1_F6_P0_C50_FAN5_S7009/CREATEORDER_V3_C1_F6_P0_C50_FAN5_S7009_1788647713242,0.0,0.0,0.0,0.0,0.0,0.0,0.0,0.0,0.0,0.0,0.0,155.01519277164732,141.84440431409757,0,PASS
CREATEORDER_V3_C1_F7_P10_C50_S7000,/Users/nischithacn/paper3-exactly-once/results/phase6/runs/CREATEORDER_V3_C1_F7_P10_C50_S7000/CREATEORDER_V3_C1_F7_P10_C50_S7000_1788677147610,0.0,0.0,0.0,0.0,0.0,0.0,0.0,0.0,0.0,0.0,0.0,1655.478916375364,1458.2934655386491,0,PASS
CREATEORDER_V3_C1_F7_P10_C50_S7001,/Users/nischithacn/paper3-exactly-once/results/phase6/runs/CREATEORDER_V3_C1_F7_P10_C50_S7001/CREATEORDER_V3_C1_F7_P10_C50_S7001_1788677381798,0.0,0.0,0.0,0.0,0.0,0.0,0.0,0.0,0.0,0.0,0.0,1634.171453693922,1435.0576556094147,0,PASS
CREATEORDER_V3_C1_F7_P10_C50_S7002,/Users/nischithacn/paper3-exactly-once/results/phase6/runs/CREATEORDER_V3_C1_F7_P10_C50_S7002/CREATEORDER_V3_C1_F7_P10_C50_S7002_1788677625452,0.0,0.0,0.0,0.0,0.0,0.0,0.0,0.0,0.0,0.0,0.0,1610.3399521417389,1414.38877441136,0,PASS
CREATEORDER_V3_C1_F7_P10_C50_S7003,/Users/nischithacn/paper3-exactly-once/results/phase6/runs/CREATEORDER_V3_C1_F7_P10_C50_S7003/CREATEORDER_V3_C1_F7_P10_C50_S7003_1788677845776,0.0,0.0,0.0,0.0,0.0,0.0,0.0,0.0,0.0,0.0,0.0,1585.6256703640747,1412.5179149284677,0,PASS
CREATEORDER_V3_C1_F7_P10_C50_S7004,/Users/nischithacn/paper3-exactly-once/results/phase6/runs/CREATEORDER_V3_C1_F7_P10_C50_S7004/CREATEORDER_V3_C1_F7_P10_C50_S7004_1788678094252,0.0,0.0,0.0,0.0,0.0,0.0,0.0,0.0,0.0,0.0,0.0,1601.4397709855114,1428.6224714337939,0,PASS
CREATEORDER_V3_C1_F7_P10_C50_S7005,/Users/nischithacn/paper3-exactly-once/results/phase6/runs/CREATEORDER_V3_C1_F7_P10_C50_S7005/CREATEORDER_V3_C1_F7_P10_C50_S7005_1788678345894,0.0,0.0,0.0,0.0,0.0,0.0,0.0,0.0,0.0,0.0,0.0,1639.7746564023848,1446.3128712136565,0,PASS
CREATEORDER_V3_C1_F7_P10_C50_S7006,/Users/nischithacn/paper3-exactly-once/results/phase6/runs/CREATEORDER_V3_C1_F7_P10_C50_S7006/CREATEORDER_V3_C1_F7_P10_C50_S7006_1788678592166,0.0,0.0,0.0,0.0,0.0,0.0,0.0,0.0,0.0,0.0,0.0,1607.1519438615078,1413.0058128476378,0,PASS
CREATEORDER_V3_C1_F7_P10_C50_S7007,/Users/nischithacn/paper3-exactly-once/results/phase6/runs/CREATEORDER_V3_C1_F7_P10_C50_S7007/CREATEORDER_V3_C1_F7_P10_C50_S7007_1788678845719,0.0,0.0,0.0,0.0,0.0,0.0,0.0,0.0,0.0,0.0,0.0,1512.264935382221,1341.3553832678779,0,PASS
CREATEORDER_V3_C1_F7_P10_C50_S7008,/Users/nischithacn/paper3-exactly-once/results/phase6/runs/CREATEORDER_V3_C1_F7_P10_C50_S7008/CREATEORDER_V3_C1_F7_P10_C50_S7008_1788679073768,0.0,0.0,0.0,0.0,0.0,0.0,0.0,0.0,0.0,0.0,0.0,1465.2255630561315,1310.200096224317,0,PASS
CREATEORDER_V3_C1_F7_P10_C50_S7009,/Users/nischithacn/paper3-exactly-once/results/phase6/runs/CREATEORDER_V3_C1_F7_P10_C50_S7009/CREATEORDER_V3_C1_F7_P10_C50_S7009_1788679329427,0.0,0.0,0.0,0.0,0.0,0.0,0.0,0.0,0.0,0.0,0.0,1508.5939200877956,1348.1425844482292,0,PASS
CREATEORDER_V3_C1_F8_P10_C10_S7000,/Users/nischithacn/paper3-exactly-once/results/phase6/runs/CREATEORDER_V3_C1_F8_P10_C10_S7000/CREATEORDER_V3_C1_F8_P10_C10_S7000_1788152149833,0.0,0.0,0.0,0.0,0.0,0.0,0.0,0.0,0.0,0.0,0.0,232.55883841675615,209.61273500674665,0,PASS
CREATEORDER_V3_C1_F8_P10_C10_S7001,/Users/nischithacn/paper3-exactly-once/results/phase6/runs/CREATEORDER_V3_C1_F8_P10_C10_S7001/CREATEORDER_V3_C1_F8_P10_C10_S7001_1788496293247,0.0,0.0,0.0,0.0,0.0,0.0,0.0,0.0,0.0,0.0,0.0,226.35934124470072,201.93504263852216,0,PASS
CREATEORDER_V3_C1_F8_P10_C10_S7002,/Users/nischithacn/paper3-exactly-once/results/phase6/runs/CREATEORDER_V3_C1_F8_P10_C10_S7002/CREATEORDER_V3_C1_F8_P10_C10_S7002_1788546961215,0.0,0.0,0.0,0.0,0.0,0.0,0.0,0.0,0.0,0.0,0.0,241.91810844225103,218.6223101605616,0,PASS
CREATEORDER_V3_C1_F8_P10_C10_S7003,/Users/nischithacn/paper3-exactly-once/results/phase6/runs/CREATEORDER_V3_C1_F8_P10_C10_S7003/CREATEORDER_V3_C1_F8_P10_C10_S7003_1788555011781,0.0,0.0,0.0,0.0,0.0,0.0,0.0,0.0,0.0,0.0,0.0,229.29506188847841,204.90934034439218,0,PASS
CREATEORDER_V3_C1_F8_P10_C10_S7004,/Users/nischithacn/paper3-exactly-once/results/phase6/runs/CREATEORDER_V3_C1_F8_P10_C10_S7004/CREATEORDER_V3_C1_F8_P10_C10_S7004_1788560582863,0.0,0.0,0.0,0.0,0.0,0.0,0.0,0.0,0.0,0.0,0.0,237.10945472017326,214.50467760186874,0,PASS
CREATEORDER_V3_C1_F8_P10_C10_S7005,/Users/nischithacn/paper3-exactly-once/results/phase6/runs/CREATEORDER_V3_C1_F8_P10_C10_S7005/CREATEORDER_V3_C1_F8_P10_C10_S7005_1788562677834,0.0,0.0,0.0,0.0,0.0,0.0,0.0,0.0,0.0,0.0,0.0,222.0212683076325,198.59740638559347,0,PASS
CREATEORDER_V3_C1_F8_P10_C10_S7006,/Users/nischithacn/paper3-exactly-once/results/phase6/runs/CREATEORDER_V3_C1_F8_P10_C10_S7006/CREATEORDER_V3_C1_F8_P10_C10_S7006_1788568316033,0.0,0.0,0.0,0.0,0.0,0.0,0.0,0.0,0.0,0.0,0.0,232.53173983427067,210.3001973163799,0,PASS
CREATEORDER_V3_C1_F8_P10_C10_S7007,/Users/nischithacn/paper3-exactly-once/results/phase6/runs/CREATEORDER_V3_C1_F8_P10_C10_S7007/CREATEORDER_V3_C1_F8_P10_C10_S7007_1788570059866,0.0,0.0,0.0,0.0,0.0,0.0,0.0,0.0,0.0,0.0,0.0,244.3877997354394,215.81982341187418,0,PASS
CREATEORDER_V3_C1_F8_P10_C10_S7008,/Users/nischithacn/paper3-exactly-once/results/phase6/runs/CREATEORDER_V3_C1_F8_P10_C10_S7008/CREATEORDER_V3_C1_F8_P10_C10_S7008_1788574611229,0.0,0.0,0.0,0.0,0.0,0.0,0.0,0.0,0.0,0.0,0.0,223.3824901986053,200.76683735365714,0,PASS
CREATEORDER_V3_C1_F8_P10_C10_S7009,/Users/nischithacn/paper3-exactly-once/results/phase6/runs/CREATEORDER_V3_C1_F8_P10_C10_S7009/CREATEORDER_V3_C1_F8_P10_C10_S7009_1788576371021,0.0,0.0,0.0,0.0,0.0,0.0,0.0,0.0,0.0,0.0,0.0,229.39381744791459,207.51868835291873,0,PASS
CREATEORDER_V3_C1_F8_P10_C50_CAP_S7000,/Users/nischithacn/paper3-exactly-once/results/phase6/runs/CREATEORDER_V3_C1_F8_P10_C50_CAP_S7000/CREATEORDER_V3_C1_F8_P10_C50_CAP_S7000_1788671134133,0.0,0.0,0.0,0.0,0.0,0.0,0.0,0.0,0.0,0.0,0.0,1055.4074147288716,938.049874827279,0,PASS
CREATEORDER_V3_C1_F8_P10_C50_CAP_S7001,/Users/nischithacn/paper3-exactly-once/results/phase6/runs/CREATEORDER_V3_C1_F8_P10_C50_CAP_S7001/CREATEORDER_V3_C1_F8_P10_C50_CAP_S7001_1788671488312,0.0,0.0,0.0,0.0,0.0,0.0,0.0,0.0,0.0,0.0,0.0,1015.5086518504186,895.6339047215811,0,PASS
CREATEORDER_V3_C1_F8_P10_C50_CAP_S7002,/Users/nischithacn/paper3-exactly-once/results/phase6/runs/CREATEORDER_V3_C1_F8_P10_C50_CAP_S7002/CREATEORDER_V3_C1_F8_P10_C50_CAP_S7002_1788671865615,0.0,0.0,0.0,0.0,0.0,0.0,0.0,0.0,0.0,0.0,0.0,1127.3502164145884,981.2533599467513,0,PASS
CREATEORDER_V3_C1_F8_P10_C50_CAP_S7003,/Users/nischithacn/paper3-exactly-once/results/phase6/runs/CREATEORDER_V3_C1_F8_P10_C50_CAP_S7003/CREATEORDER_V3_C1_F8_P10_C50_CAP_S7003_1788672229155,0.0,0.0,0.0,0.0,0.0,0.0,0.0,0.0,0.0,0.0,0.0,988.8339877734377,877.5610124847126,0,PASS
CREATEORDER_V3_C1_F8_P10_C50_CAP_S7004,/Users/nischithacn/paper3-exactly-once/results/phase6/runs/CREATEORDER_V3_C1_F8_P10_C50_CAP_S7004/CREATEORDER_V3_C1_F8_P10_C50_CAP_S7004_1788672605315,0.0,0.0,0.0,0.0,0.0,0.0,0.0,0.0,0.0,0.0,0.0,1022.7473592097297,910.7599223890754,0,PASS
CREATEORDER_V3_C1_F8_P10_C50_CAP_S7005,/Users/nischithacn/paper3-exactly-once/results/phase6/runs/CREATEORDER_V3_C1_F8_P10_C50_CAP_S7005/CREATEORDER_V3_C1_F8_P10_C50_CAP_S7005_1788672979670,0.0,0.0,0.0,0.0,0.0,0.0,0.0,0.0,0.0,0.0,0.0,899.7958572531215,799.4300328325791,0,PASS
CREATEORDER_V3_C1_F8_P10_C50_CAP_S7006,/Users/nischithacn/paper3-exactly-once/results/phase6/runs/CREATEORDER_V3_C1_F8_P10_C50_CAP_S7006/CREATEORDER_V3_C1_F8_P10_C50_CAP_S7006_1788673375769,0.0,0.0,0.0,0.0,0.0,0.0,0.0,0.0,0.0,0.0,0.0,883.3738864667135,784.3333641197084,0,PASS
CREATEORDER_V3_C1_F8_P10_C50_CAP_S7007,/Users/nischithacn/paper3-exactly-once/results/phase6/runs/CREATEORDER_V3_C1_F8_P10_C50_CAP_S7007/CREATEORDER_V3_C1_F8_P10_C50_CAP_S7007_1788673800241,0.0,0.0,0.0,0.0,0.0,0.0,0.0,0.0,0.0,0.0,0.0,964.7743493328588,850.5118426609545,0,PASS
CREATEORDER_V3_C1_F8_P10_C50_CAP_S7008,/Users/nischithacn/paper3-exactly-once/results/phase6/runs/CREATEORDER_V3_C1_F8_P10_C50_CAP_S7008/CREATEORDER_V3_C1_F8_P10_C50_CAP_S7008_1788674187520,0.0,0.0,0.0,0.0,0.0,0.0,0.0,0.0,0.0,0.0,0.0,942.3071678047447,842.675287664152,0,PASS
CREATEORDER_V3_C1_F8_P10_C50_CAP_S7009,/Users/nischithacn/paper3-exactly-once/results/phase6/runs/CREATEORDER_V3_C1_F8_P10_C50_CAP_S7009/CREATEORDER_V3_C1_F8_P10_C50_CAP_S7009_1788674569168,0.0,0.0,0.0,0.0,0.0,0.0,0.0,0.0,0.0,0.0,0.0,1090.7661247056328,943.5950155157711,0,PASS
CREATEORDER_V3_C1_F8_P10_C50_S7000,/Users/nischithacn/paper3-exactly-once/results/phase6/runs/CREATEORDER_V3_C1_F8_P10_C50_S7000/CREATEORDER_V3_C1_F8_P10_C50_S7000_1788152198055,0.0,0.0,0.0,0.0,0.0,0.0,0.0,0.0,0.0,0.0,0.0,1152.0808755993085,997.0666163145693,0,PASS
CREATEORDER_V3_C1_F8_P10_C50_S7001,/Users/nischithacn/paper3-exactly-once/results/phase6/runs/CREATEORDER_V3_C1_F8_P10_C50_S7001/CREATEORDER_V3_C1_F8_P10_C50_S7001_1788496343296,0.0,0.0,0.0,0.0,0.0,0.0,0.0,0.0,0.0,0.0,0.0,1107.750450522521,972.9885117732356,0,PASS
CREATEORDER_V3_C1_F8_P10_C50_S7002,/Users/nischithacn/paper3-exactly-once/results/phase6/runs/CREATEORDER_V3_C1_F8_P10_C50_S7002/CREATEORDER_V3_C1_F8_P10_C50_S7002_1788547007462,0.0,0.0,0.0,0.0,0.0,0.0,0.0,0.0,0.0,0.0,0.0,1073.5778568833493,938.6207763755756,0,PASS
CREATEORDER_V3_C1_F8_P10_C50_S7003,/Users/nischithacn/paper3-exactly-once/results/phase6/runs/CREATEORDER_V3_C1_F8_P10_C50_S7003/CREATEORDER_V3_C1_F8_P10_C50_S7003_1788555067558,0.0,0.0,0.0,0.0,0.0,0.0,0.0,0.0,0.0,0.0,0.0,1112.3122717922884,968.0274297948833,0,PASS
CREATEORDER_V3_C1_F8_P10_C50_S7004,/Users/nischithacn/paper3-exactly-once/results/phase6/runs/CREATEORDER_V3_C1_F8_P10_C50_S7004/CREATEORDER_V3_C1_F8_P10_C50_S7004_1788560629983,0.0,0.0,0.0,0.0,0.0,0.0,0.0,0.0,0.0,0.0,0.0,1090.7887615186382,952.3687126365991,0,PASS
CREATEORDER_V3_C1_F8_P10_C50_S7005,/Users/nischithacn/paper3-exactly-once/results/phase6/runs/CREATEORDER_V3_C1_F8_P10_C50_S7005/CREATEORDER_V3_C1_F8_P10_C50_S7005_1788562728695,0.0,0.0,0.0,0.0,0.0,0.0,0.0,0.0,0.0,0.0,0.0,1076.8183059604942,927.5472262907895,0,PASS
CREATEORDER_V3_C1_F8_P10_C50_S7006,/Users/nischithacn/paper3-exactly-once/results/phase6/runs/CREATEORDER_V3_C1_F8_P10_C50_S7006/CREATEORDER_V3_C1_F8_P10_C50_S7006_1788568364102,0.0,0.0,0.0,0.0,0.0,0.0,0.0,0.0,0.0,0.0,0.0,1165.200058183551,1014.551395664169,0,PASS
CREATEORDER_V3_C1_F8_P10_C50_S7007,/Users/nischithacn/paper3-exactly-once/results/phase6/runs/CREATEORDER_V3_C1_F8_P10_C50_S7007/CREATEORDER_V3_C1_F8_P10_C50_S7007_1788570106706,0.0,0.0,0.0,0.0,0.0,0.0,0.0,0.0,0.0,0.0,0.0,1111.8420944505287,968.7853379492278,0,PASS
CREATEORDER_V3_C1_F8_P10_C50_S7008,/Users/nischithacn/paper3-exactly-once/results/phase6/runs/CREATEORDER_V3_C1_F8_P10_C50_S7008/CREATEORDER_V3_C1_F8_P10_C50_S7008_1788574668170,0.0,0.0,0.0,0.0,0.0,0.0,0.0,0.0,0.0,0.0,0.0,1132.9282584527164,975.2857619668819,0,PASS
CREATEORDER_V3_C1_F8_P10_C50_S7009,/Users/nischithacn/paper3-exactly-once/results/phase6/runs/CREATEORDER_V3_C1_F8_P10_C50_S7009/CREATEORDER_V3_C1_F8_P10_C50_S7009_1788576419727,0.0,0.0,0.0,0.0,0.0,0.0,0.0,0.0,0.0,0.0,0.0,1100.0590668445693,954.9350020762753,0,PASS
CREATEORDER_V3_C1_F8_P1_C10_S7000,/Users/nischithacn/paper3-exactly-once/results/phase6/runs/CREATEORDER_V3_C1_F8_P1_C10_S7000/CREATEORDER_V3_C1_F8_P1_C10_S7000_1788152096479,0.0,0.0,0.0,0.0,0.0,0.0,0.0,0.0,0.0,0.0,0.0,1184.2383483867616,1036.4177573777577,0,PASS
CREATEORDER_V3_C1_F8_P1_C10_S7001,/Users/nischithacn/paper3-exactly-once/results/phase6/runs/CREATEORDER_V3_C1_F8_P1_C10_S7001/CREATEORDER_V3_C1_F8_P1_C10_S7001_1788486308859,0.0,0.0,0.0,0.0,0.0,0.0,0.0,0.0,0.0,0.0,0.0,1099.2853747667662,945.0264086897014,0,PASS
CREATEORDER_V3_C1_F8_P1_C10_S7002,/Users/nischithacn/paper3-exactly-once/results/phase6/runs/CREATEORDER_V3_C1_F8_P1_C10_S7002/CREATEORDER_V3_C1_F8_P1_C10_S7002_1788546248424,0.0,0.0,0.0,0.0,0.0,0.0,0.0,0.0,0.0,0.0,0.0,1069.815419968022,913.2179655840629,0,PASS
CREATEORDER_V3_C1_F8_P1_C10_S7003,/Users/nischithacn/paper3-exactly-once/results/phase6/runs/CREATEORDER_V3_C1_F8_P1_C10_S7003/CREATEORDER_V3_C1_F8_P1_C10_S7003_1788554952274,0.0,0.0,0.0,0.0,0.0,0.0,0.0,0.0,0.0,0.0,0.0,876.3606581614166,719.8126920208746,0,PASS
CREATEORDER_V3_C1_F8_P1_C10_S7004,/Users/nischithacn/paper3-exactly-once/results/phase6/runs/CREATEORDER_V3_C1_F8_P1_C10_S7004/CREATEORDER_V3_C1_F8_P1_C10_S7004_1788560506665,0.0,0.0,0.0,0.0,0.0,0.0,0.0,0.0,0.0,0.0,0.0,1039.968054417579,914.0517180660364,0,PASS
CREATEORDER_V3_C1_F8_P1_C10_S7005,/Users/nischithacn/paper3-exactly-once/results/phase6/runs/CREATEORDER_V3_C1_F8_P1_C10_S7005/CREATEORDER_V3_C1_F8_P1_C10_S7005_1788562598932,0.0,0.0,0.0,0.0,0.0,0.0,0.0,0.0,0.0,0.0,0.0,952.3463964566381,824.6003917138111,0,PASS
CREATEORDER_V3_C1_F8_P1_C10_S7006,/Users/nischithacn/paper3-exactly-once/results/phase6/runs/CREATEORDER_V3_C1_F8_P1_C10_S7006/CREATEORDER_V3_C1_F8_P1_C10_S7006_1788568254438,0.0,0.0,0.0,0.0,0.0,0.0,0.0,0.0,0.0,0.0,0.0,1057.698064068657,906.0502814546829,0,PASS
CREATEORDER_V3_C1_F8_P1_C10_S7007,/Users/nischithacn/paper3-exactly-once/results/phase6/runs/CREATEORDER_V3_C1_F8_P1_C10_S7007/CREATEORDER_V3_C1_F8_P1_C10_S7007_1788569998560,0.0,0.0,0.0,0.0,0.0,0.0,0.0,0.0,0.0,0.0,0.0,1030.892786760855,892.9609650841588,0,PASS
CREATEORDER_V3_C1_F8_P1_C10_S7008,/Users/nischithacn/paper3-exactly-once/results/phase6/runs/CREATEORDER_V3_C1_F8_P1_C10_S7008/CREATEORDER_V3_C1_F8_P1_C10_S7008_1788574549991,0.0,0.0,0.0,0.0,0.0,0.0,0.0,0.0,0.0,0.0,0.0,848.3158742395113,699.7647999705299,0,PASS
CREATEORDER_V3_C1_F8_P1_C10_S7009,/Users/nischithacn/paper3-exactly-once/results/phase6/runs/CREATEORDER_V3_C1_F8_P1_C10_S7009/CREATEORDER_V3_C1_F8_P1_C10_S7009_1788576293083,0.0,0.0,0.0,0.0,0.0,0.0,0.0,0.0,0.0,0.0,0.0,1012.032371299877,877.781950113914,0,PASS
CREATEORDER_V3_C1_F8_P1_C50_S7000,/Users/nischithacn/paper3-exactly-once/results/phase6/runs/CREATEORDER_V3_C1_F8_P1_C50_S7000/CREATEORDER_V3_C1_F8_P1_C50_S7000_1788152106562,0.0,0.0,0.0,0.0,0.0,0.0,0.0,0.0,0.0,0.0,0.0,1733.016972542927,1490.4891545278251,0,PASS
CREATEORDER_V3_C1_F8_P1_C50_S7001,/Users/nischithacn/paper3-exactly-once/results/phase6/runs/CREATEORDER_V3_C1_F8_P1_C50_S7001/CREATEORDER_V3_C1_F8_P1_C50_S7001_1788496243245,0.0,0.0,0.0,0.0,0.0,0.0,0.0,0.0,0.0,0.0,0.0,1101.4041911878085,862.5516966533836,0,PASS
CREATEORDER_V3_C1_F8_P1_C50_S7002,/Users/nischithacn/paper3-exactly-once/results/phase6/runs/CREATEORDER_V3_C1_F8_P1_C50_S7002/CREATEORDER_V3_C1_F8_P1_C50_S7002_1788546259811,0.0,0.0,0.0,0.0,0.0,0.0,0.0,0.0,0.0,0.0,0.0,1612.6327119944071,1385.4379684886906,0,PASS
CREATEORDER_V3_C1_F8_P1_C50_S7003,/Users/nischithacn/paper3-exactly-once/results/phase6/runs/CREATEORDER_V3_C1_F8_P1_C50_S7003/CREATEORDER_V3_C1_F8_P1_C50_S7003_1788554966608,0.0,0.0,0.0,0.0,0.0,0.0,0.0,0.0,0.0,0.0,0.0,1529.1387923180089,1297.9250949739064,0,PASS
CREATEORDER_V3_C1_F8_P1_C50_S7004,/Users/nischithacn/paper3-exactly-once/results/phase6/runs/CREATEORDER_V3_C1_F8_P1_C50_S7004/CREATEORDER_V3_C1_F8_P1_C50_S7004_1788560518035,0.0,0.0,0.0,0.0,0.0,0.0,0.0,0.0,0.0,0.0,0.0,1612.7055685294054,1385.8902085098132,0,PASS
CREATEORDER_V3_C1_F8_P1_C50_S7005,/Users/nischithacn/paper3-exactly-once/results/phase6/runs/CREATEORDER_V3_C1_F8_P1_C50_S7005/CREATEORDER_V3_C1_F8_P1_C50_S7005_1788562611489,0.0,0.0,0.0,0.0,0.0,0.0,0.0,0.0,0.0,0.0,0.0,1596.3763892872562,1375.0325497494418,0,PASS
CREATEORDER_V3_C1_F8_P1_C50_S7006,/Users/nischithacn/paper3-exactly-once/results/phase6/runs/CREATEORDER_V3_C1_F8_P1_C50_S7006/CREATEORDER_V3_C1_F8_P1_C50_S7006_1788568272807,0.0,0.0,0.0,0.0,0.0,0.0,0.0,0.0,0.0,0.0,0.0,1616.9878593985618,1378.352845109739,0,PASS
CREATEORDER_V3_C1_F8_P1_C50_S7007,/Users/nischithacn/paper3-exactly-once/results/phase6/runs/CREATEORDER_V3_C1_F8_P1_C50_S7007/CREATEORDER_V3_C1_F8_P1_C50_S7007_1788570010190,0.0,0.0,0.0,0.0,0.0,0.0,0.0,0.0,0.0,0.0,0.0,1581.0818309244128,1364.3018465271016,0,PASS
CREATEORDER_V3_C1_F8_P1_C50_S7008,/Users/nischithacn/paper3-exactly-once/results/phase6/runs/CREATEORDER_V3_C1_F8_P1_C50_S7008/CREATEORDER_V3_C1_F8_P1_C50_S7008_1788574564733,0.0,0.0,0.0,0.0,0.0,0.0,0.0,0.0,0.0,0.0,0.0,1530.1432608623086,1291.682934717582,0,PASS
CREATEORDER_V3_C1_F8_P1_C50_S7009,/Users/nischithacn/paper3-exactly-once/results/phase6/runs/CREATEORDER_V3_C1_F8_P1_C50_S7009/CREATEORDER_V3_C1_F8_P1_C50_S7009_1788576304913,0.0,0.0,0.0,0.0,0.0,0.0,0.0,0.0,0.0,0.0,0.0,1640.0667178019662,1403.3657793815273,0,PASS
CREATEORDER_V3_C1_F8_P20_C10_S7000,/Users/nischithacn/paper3-exactly-once/results/phase6/runs/CREATEORDER_V3_C1_F8_P20_C10_S7000/CREATEORDER_V3_C1_F8_P20_C10_S7000_1788152208602,0.0,0.0,0.0,0.0,0.0,0.0,0.0,0.0,0.0,0.0,0.0,123.52625583508078,111.79194269276967,0,PASS
CREATEORDER_V3_C1_F8_P20_C10_S7001,/Users/nischithacn/paper3-exactly-once/results/phase6/runs/CREATEORDER_V3_C1_F8_P20_C10_S7001/CREATEORDER_V3_C1_F8_P20_C10_S7001_1788497126041,0.0,0.0,0.0,0.0,0.0,0.0,0.0,0.0,0.0,0.0,0.0,126.57025631265722,114.93598291354094,0,PASS
CREATEORDER_V3_C1_F8_P20_C10_S7002,/Users/nischithacn/paper3-exactly-once/results/phase6/runs/CREATEORDER_V3_C1_F8_P20_C10_S7002/CREATEORDER_V3_C1_F8_P20_C10_S7002_1788547018638,0.0,0.0,0.0,0.0,0.0,0.0,0.0,0.0,0.0,0.0,0.0,126.02440022720126,114.35548266659576,0,PASS
CREATEORDER_V3_C1_F8_P20_C10_S7003,/Users/nischithacn/paper3-exactly-once/results/phase6/runs/CREATEORDER_V3_C1_F8_P20_C10_S7003/CREATEORDER_V3_C1_F8_P20_C10_S7003_1788555078401,0.0,0.0,0.0,0.0,0.0,0.0,0.0,0.0,0.0,0.0,0.0,124.31475826573279,112.66588372149432,0,PASS
CREATEORDER_V3_C1_F8_P20_C10_S7004,/Users/nischithacn/paper3-exactly-once/results/phase6/runs/CREATEORDER_V3_C1_F8_P20_C10_S7004/CREATEORDER_V3_C1_F8_P20_C10_S7004_1788560640997,0.0,0.0,0.0,0.0,0.0,0.0,0.0,0.0,0.0,0.0,0.0,125.362419530946,113.54804535427792,0,PASS
CREATEORDER_V3_C1_F8_P20_C10_S7005,/Users/nischithacn/paper3-exactly-once/results/phase6/runs/CREATEORDER_V3_C1_F8_P20_C10_S7005/CREATEORDER_V3_C1_F8_P20_C10_S7005_1788562739996,0.0,0.0,0.0,0.0,0.0,0.0,0.0,0.0,0.0,0.0,0.0,119.13030692766856,107.7981342137947,0,PASS
CREATEORDER_V3_C1_F8_P20_C10_S7006,/Users/nischithacn/paper3-exactly-once/results/phase6/runs/CREATEORDER_V3_C1_F8_P20_C10_S7006/CREATEORDER_V3_C1_F8_P20_C10_S7006_1788568395025,0.0,0.0,0.0,0.0,0.0,0.0,0.0,0.0,0.0,0.0,0.0,123.75339331979507,112.814822900895,0,PASS
CREATEORDER_V3_C1_F8_P20_C10_S7007,/Users/nischithacn/paper3-exactly-once/results/phase6/runs/CREATEORDER_V3_C1_F8_P20_C10_S7007/CREATEORDER_V3_C1_F8_P20_C10_S7007_1788570117539,0.0,0.0,0.0,0.0,0.0,0.0,0.0,0.0,0.0,0.0,0.0,127.39640432731728,116.13588825730756,0,PASS
CREATEORDER_V3_C1_F8_P20_C10_S7008,/Users/nischithacn/paper3-exactly-once/results/phase6/runs/CREATEORDER_V3_C1_F8_P20_C10_S7008/CREATEORDER_V3_C1_F8_P20_C10_S7008_1788574678952,0.0,0.0,0.0,0.0,0.0,0.0,0.0,0.0,0.0,0.0,0.0,118.97193887972308,107.83468377444224,0,PASS
CREATEORDER_V3_C1_F8_P20_C10_S7009,/Users/nischithacn/paper3-exactly-once/results/phase6/runs/CREATEORDER_V3_C1_F8_P20_C10_S7009/CREATEORDER_V3_C1_F8_P20_C10_S7009_1788576430707,0.0,0.0,0.0,0.0,0.0,0.0,0.0,0.0,0.0,0.0,0.0,122.5002959771155,111.30603854174967,0,PASS
CREATEORDER_V3_C1_F8_P20_C50_S7000,/Users/nischithacn/paper3-exactly-once/results/phase6/runs/CREATEORDER_V3_C1_F8_P20_C50_S7000/CREATEORDER_V3_C1_F8_P20_C50_S7000_1788152298650,0.0,0.0,0.0,0.0,0.0,0.0,0.0,0.0,0.0,0.0,0.0,675.6673293869532,593.4489568449843,0,PASS
CREATEORDER_V3_C1_F8_P20_C50_S7001,/Users/nischithacn/paper3-exactly-once/results/phase6/runs/CREATEORDER_V3_C1_F8_P20_C50_S7001/CREATEORDER_V3_C1_F8_P20_C50_S7001_1788497213641,0.0,0.0,0.0,0.0,0.0,0.0,0.0,0.0,0.0,0.0,0.0,667.9848297848296,590.1347566640893,0,PASS
CREATEORDER_V3_C1_F8_P20_C50_S7002,/Users/nischithacn/paper3-exactly-once/results/phase6/runs/CREATEORDER_V3_C1_F8_P20_C50_S7002/CREATEORDER_V3_C1_F8_P20_C50_S7002_1788547106658,0.0,0.0,0.0,0.0,0.0,0.0,0.0,0.0,0.0,0.0,0.0,684.6373949623382,600.7859641704558,0,PASS
CREATEORDER_V3_C1_F8_P20_C50_S7003,/Users/nischithacn/paper3-exactly-once/results/phase6/runs/CREATEORDER_V3_C1_F8_P20_C50_S7003/CREATEORDER_V3_C1_F8_P20_C50_S7003_1788555167749,0.0,0.0,0.0,0.0,0.0,0.0,0.0,0.0,0.0,0.0,0.0,648.7925567943148,575.4109071041181,0,PASS
CREATEORDER_V3_C1_F8_P20_C50_S7004,/Users/nischithacn/paper3-exactly-once/results/phase6/runs/CREATEORDER_V3_C1_F8_P20_C50_S7004/CREATEORDER_V3_C1_F8_P20_C50_S7004_1788560736700,0.0,0.0,0.0,0.0,0.0,0.0,0.0,0.0,0.0,0.0,0.0,665.5562172551905,586.3328150101952,0,PASS
CREATEORDER_V3_C1_F8_P20_C50_S7005,/Users/nischithacn/paper3-exactly-once/results/phase6/runs/CREATEORDER_V3_C1_F8_P20_C50_S7005/CREATEORDER_V3_C1_F8_P20_C50_S7005_1788562833347,0.0,0.0,0.0,0.0,0.0,0.0,0.0,0.0,0.0,0.0,0.0,654.778382870503,580.787341005411,0,PASS
CREATEORDER_V3_C1_F8_P20_C50_S7006,/Users/nischithacn/paper3-exactly-once/results/phase6/runs/CREATEORDER_V3_C1_F8_P20_C50_S7006/CREATEORDER_V3_C1_F8_P20_C50_S7006_1788568484270,0.0,0.0,0.0,0.0,0.0,0.0,0.0,0.0,0.0,0.0,0.0,685.0215397037897,598.8244161196246,0,PASS
CREATEORDER_V3_C1_F8_P20_C50_S7007,/Users/nischithacn/paper3-exactly-once/results/phase6/runs/CREATEORDER_V3_C1_F8_P20_C50_S7007/CREATEORDER_V3_C1_F8_P20_C50_S7007_1788570204251,0.0,0.0,0.0,0.0,0.0,0.0,0.0,0.0,0.0,0.0,0.0,652.0240716555163,577.7842969334854,0,PASS
CREATEORDER_V3_C1_F8_P20_C50_S7008,/Users/nischithacn/paper3-exactly-once/results/phase6/runs/CREATEORDER_V3_C1_F8_P20_C50_S7008/CREATEORDER_V3_C1_F8_P20_C50_S7008_1788574772269,0.0,0.0,0.0,0.0,0.0,0.0,0.0,0.0,0.0,0.0,0.0,655.4906782119267,578.8311587980913,0,PASS
CREATEORDER_V3_C1_F8_P20_C50_S7009,/Users/nischithacn/paper3-exactly-once/results/phase6/runs/CREATEORDER_V3_C1_F8_P20_C50_S7009/CREATEORDER_V3_C1_F8_P20_C50_S7009_1788576527630,0.0,0.0,0.0,0.0,0.0,0.0,0.0,0.0,0.0,0.0,0.0,667.287471616883,584.373755082579,0,PASS
CREATEORDER_V3_C1_F8_P5_C10_S7000,/Users/nischithacn/paper3-exactly-once/results/phase6/runs/CREATEORDER_V3_C1_F8_P5_C10_S7000/CREATEORDER_V3_C1_F8_P5_C10_S7000_1788152113716,0.0,0.0,0.0,0.0,0.0,0.0,0.0,0.0,0.0,0.0,0.0,421.23463640700487,378.6284514956952,0,PASS
CREATEORDER_V3_C1_F8_P5_C10_S7001,/Users/nischithacn/paper3-exactly-once/results/phase6/runs/CREATEORDER_V3_C1_F8_P5_C10_S7001/CREATEORDER_V3_C1_F8_P5_C10_S7001_1788496255285,0.0,0.0,0.0,0.0,0.0,0.0,0.0,0.0,0.0,0.0,0.0,383.9929466139353,347.95862353397484,0,PASS
CREATEORDER_V3_C1_F8_P5_C10_S7002,/Users/nischithacn/paper3-exactly-once/results/phase6/runs/CREATEORDER_V3_C1_F8_P5_C10_S7002/CREATEORDER_V3_C1_F8_P5_C10_S7002_1788546267459,0.0,0.0,0.0,0.0,0.0,0.0,0.0,0.0,0.0,0.0,0.0,415.16683998510456,375.4448573779951,0,PASS
CREATEORDER_V3_C1_F8_P5_C10_S7003,/Users/nischithacn/paper3-exactly-once/results/phase6/runs/CREATEORDER_V3_C1_F8_P5_C10_S7003/CREATEORDER_V3_C1_F8_P5_C10_S7003_1788554974748,0.0,0.0,0.0,0.0,0.0,0.0,0.0,0.0,0.0,0.0,0.0,398.16388933308065,360.00882017764127,0,PASS
CREATEORDER_V3_C1_F8_P5_C10_S7004,/Users/nischithacn/paper3-exactly-once/results/phase6/runs/CREATEORDER_V3_C1_F8_P5_C10_S7004/CREATEORDER_V3_C1_F8_P5_C10_S7004_1788560546746,0.0,0.0,0.0,0.0,0.0,0.0,0.0,0.0,0.0,0.0,0.0,435.0027592774416,377.23740362806825,0,PASS
CREATEORDER_V3_C1_F8_P5_C10_S7005,/Users/nischithacn/paper3-exactly-once/results/phase6/runs/CREATEORDER_V3_C1_F8_P5_C10_S7005/CREATEORDER_V3_C1_F8_P5_C10_S7005_1788562619191,0.0,0.0,0.0,0.0,0.0,0.0,0.0,0.0,0.0,0.0,0.0,380.3534081294186,347.384892370253,0,PASS
CREATEORDER_V3_C1_F8_P5_C10_S7006,/Users/nischithacn/paper3-exactly-once/results/phase6/runs/CREATEORDER_V3_C1_F8_P5_C10_S7006/CREATEORDER_V3_C1_F8_P5_C10_S7006_1788568280509,0.0,0.0,0.0,0.0,0.0,0.0,0.0,0.0,0.0,0.0,0.0,433.0568409715262,382.58497616692983,0,PASS
CREATEORDER_V3_C1_F8_P5_C10_S7007,/Users/nischithacn/paper3-exactly-once/results/phase6/runs/CREATEORDER_V3_C1_F8_P5_C10_S7007/CREATEORDER_V3_C1_F8_P5_C10_S7007_1788570017962,0.0,0.0,0.0,0.0,0.0,0.0,0.0,0.0,0.0,0.0,0.0,431.63416097044,385.15853519930863,0,PASS
CREATEORDER_V3_C1_F8_P5_C10_S7008,/Users/nischithacn/paper3-exactly-once/results/phase6/runs/CREATEORDER_V3_C1_F8_P5_C10_S7008/CREATEORDER_V3_C1_F8_P5_C10_S7008_1788574572903,0.0,0.0,0.0,0.0,0.0,0.0,0.0,0.0,0.0,0.0,0.0,391.0451920474035,345.94150332129675,0,PASS
CREATEORDER_V3_C1_F8_P5_C10_S7009,/Users/nischithacn/paper3-exactly-once/results/phase6/runs/CREATEORDER_V3_C1_F8_P5_C10_S7009/CREATEORDER_V3_C1_F8_P5_C10_S7009_1788576332877,0.0,0.0,0.0,0.0,0.0,0.0,0.0,0.0,0.0,0.0,0.0,405.77986393234977,352.5985796149356,0,PASS
CREATEORDER_V3_C1_F8_P5_C50_S7000,/Users/nischithacn/paper3-exactly-once/results/phase6/runs/CREATEORDER_V3_C1_F8_P5_C50_S7000/CREATEORDER_V3_C1_F8_P5_C50_S7000_1788152140588,0.0,0.0,0.0,0.0,0.0,0.0,0.0,0.0,0.0,0.0,0.0,1503.8301685691513,1290.7284714001887,0,PASS
CREATEORDER_V3_C1_F8_P5_C50_S7001,/Users/nischithacn/paper3-exactly-once/results/phase6/runs/CREATEORDER_V3_C1_F8_P5_C50_S7001/CREATEORDER_V3_C1_F8_P5_C50_S7001_1788496284491,0.0,0.0,0.0,0.0,0.0,0.0,0.0,0.0,0.0,0.0,0.0,1386.5337136493094,1207.3077873739094,0,PASS
CREATEORDER_V3_C1_F8_P5_C50_S7002,/Users/nischithacn/paper3-exactly-once/results/phase6/runs/CREATEORDER_V3_C1_F8_P5_C50_S7002/CREATEORDER_V3_C1_F8_P5_C50_S7002_1788546948170,0.0,0.0,0.0,0.0,0.0,0.0,0.0,0.0,0.0,0.0,0.0,994.767508447618,795.540471013073,0,PASS
CREATEORDER_V3_C1_F8_P5_C50_S7003,/Users/nischithacn/paper3-exactly-once/results/phase6/runs/CREATEORDER_V3_C1_F8_P5_C50_S7003/CREATEORDER_V3_C1_F8_P5_C50_S7003_1788555002987,0.0,0.0,0.0,0.0,0.0,0.0,0.0,0.0,0.0,0.0,0.0,1396.255901907782,1201.7844030120255,0,PASS
CREATEORDER_V3_C1_F8_P5_C50_S7004,/Users/nischithacn/paper3-exactly-once/results/phase6/runs/CREATEORDER_V3_C1_F8_P5_C50_S7004/CREATEORDER_V3_C1_F8_P5_C50_S7004_1788560573718,0.0,0.0,0.0,0.0,0.0,0.0,0.0,0.0,0.0,0.0,0.0,1351.8157043429137,1153.2520781229034,0,PASS
CREATEORDER_V3_C1_F8_P5_C50_S7005,/Users/nischithacn/paper3-exactly-once/results/phase6/runs/CREATEORDER_V3_C1_F8_P5_C50_S7005/CREATEORDER_V3_C1_F8_P5_C50_S7005_1788562648434,0.0,0.0,0.0,0.0,0.0,0.0,0.0,0.0,0.0,0.0,0.0,1397.973744929546,1200.891080201971,0,PASS
CREATEORDER_V3_C1_F8_P5_C50_S7006,/Users/nischithacn/paper3-exactly-once/results/phase6/runs/CREATEORDER_V3_C1_F8_P5_C50_S7006/CREATEORDER_V3_C1_F8_P5_C50_S7006_1788568307110,0.0,0.0,0.0,0.0,0.0,0.0,0.0,0.0,0.0,0.0,0.0,1370.888376526261,1182.7535004244942,0,PASS
CREATEORDER_V3_C1_F8_P5_C50_S7007,/Users/nischithacn/paper3-exactly-once/results/phase6/runs/CREATEORDER_V3_C1_F8_P5_C50_S7007/CREATEORDER_V3_C1_F8_P5_C50_S7007_1788570050953,0.0,0.0,0.0,0.0,0.0,0.0,0.0,0.0,0.0,0.0,0.0,1357.7288584098587,1185.9368712802375,0,PASS
CREATEORDER_V3_C1_F8_P5_C50_S7008,/Users/nischithacn/paper3-exactly-once/results/phase6/runs/CREATEORDER_V3_C1_F8_P5_C50_S7008/CREATEORDER_V3_C1_F8_P5_C50_S7008_1788574602272,0.0,0.0,0.0,0.0,0.0,0.0,0.0,0.0,0.0,0.0,0.0,1357.1730652059184,1181.6344493654358,0,PASS
CREATEORDER_V3_C1_F8_P5_C50_S7009,/Users/nischithacn/paper3-exactly-once/results/phase6/runs/CREATEORDER_V3_C1_F8_P5_C50_S7009/CREATEORDER_V3_C1_F8_P5_C50_S7009_1788576361702,0.0,0.0,0.0,0.0,0.0,0.0,0.0,0.0,0.0,0.0,0.0,1320.0776592546142,1130.9860628879208,0,PASS
CREATEORDER_V3_C1_F9_P10_C10_S7000,/Users/nischithacn/paper3-exactly-once/results/phase6/runs/CREATEORDER_V3_C1_F9_P10_C10_S7000/CREATEORDER_V3_C1_F9_P10_C10_S7000_1788578984632,0.0,0.0,0.0,0.0,0.0,0.0,0.0,0.0,0.0,0.0,0.0,1199.9386971321055,1067.200896770529,0,PASS
CREATEORDER_V3_C1_F9_P10_C10_S7001,/Users/nischithacn/paper3-exactly-once/results/phase6/runs/CREATEORDER_V3_C1_F9_P10_C10_S7001/CREATEORDER_V3_C1_F9_P10_C10_S7001_1788579613326,0.0,0.0,0.0,0.0,0.0,0.0,0.0,0.0,0.0,0.0,0.0,1148.4312974076904,1026.4135252018136,0,PASS
CREATEORDER_V3_C1_F9_P10_C10_S7002,/Users/nischithacn/paper3-exactly-once/results/phase6/runs/CREATEORDER_V3_C1_F9_P10_C10_S7002/CREATEORDER_V3_C1_F9_P10_C10_S7002_1788581581134,0.0,0.0,0.0,0.0,0.0,0.0,0.0,0.0,0.0,0.0,0.0,1111.8634628834309,993.6910875283868,0,PASS
CREATEORDER_V3_C1_F9_P10_C10_S7003,/Users/nischithacn/paper3-exactly-once/results/phase6/runs/CREATEORDER_V3_C1_F9_P10_C10_S7003/CREATEORDER_V3_C1_F9_P10_C10_S7003_1788582222608,0.0,0.0,0.0,0.0,0.0,0.0,0.0,0.0,0.0,0.0,0.0,1351.4094172168036,1207.2576427484448,0,PASS
CREATEORDER_V3_C1_F9_P10_C10_S7004,/Users/nischithacn/paper3-exactly-once/results/phase6/runs/CREATEORDER_V3_C1_F9_P10_C10_S7004/CREATEORDER_V3_C1_F9_P10_C10_S7004_1788583346908,0.0,0.0,0.0,0.0,0.0,0.0,0.0,0.0,0.0,0.0,0.0,788.3792968632522,672.3522211126347,0,PASS
CREATEORDER_V3_C1_F9_P10_C10_S7005,/Users/nischithacn/paper3-exactly-once/results/phase6/runs/CREATEORDER_V3_C1_F9_P10_C10_S7005/CREATEORDER_V3_C1_F9_P10_C10_S7005_1788584032905,0.0,0.0,0.0,0.0,0.0,0.0,0.0,0.0,0.0,0.0,0.0,1143.3384021114846,1019.5835553432698,0,PASS
CREATEORDER_V3_C1_F9_P10_C10_S7006,/Users/nischithacn/paper3-exactly-once/results/phase6/runs/CREATEORDER_V3_C1_F9_P10_C10_S7006/CREATEORDER_V3_C1_F9_P10_C10_S7006_1788584671983,0.0,0.0,0.0,0.0,0.0,0.0,0.0,0.0,0.0,0.0,0.0,1129.8728971650435,1011.9591438442468,0,PASS
CREATEORDER_V3_C1_F9_P10_C10_S7007,/Users/nischithacn/paper3-exactly-once/results/phase6/runs/CREATEORDER_V3_C1_F9_P10_C10_S7007/CREATEORDER_V3_C1_F9_P10_C10_S7007_1788585316628,0.0,0.0,0.0,0.0,0.0,0.0,0.0,0.0,0.0,0.0,0.0,1086.4536867534994,969.5247343107641,0,PASS
CREATEORDER_V3_C1_F9_P10_C10_S7008,/Users/nischithacn/paper3-exactly-once/results/phase6/runs/CREATEORDER_V3_C1_F9_P10_C10_S7008/CREATEORDER_V3_C1_F9_P10_C10_S7008_1788585978220,0.0,0.0,0.0,0.0,0.0,0.0,0.0,0.0,0.0,0.0,0.0,1371.1535946857755,1223.7253638816533,0,PASS
CREATEORDER_V3_C1_F9_P10_C10_S7009,/Users/nischithacn/paper3-exactly-once/results/phase6/runs/CREATEORDER_V3_C1_F9_P10_C10_S7009/CREATEORDER_V3_C1_F9_P10_C10_S7009_1788588726056,0.0,0.0,0.0,0.0,0.0,0.0,0.0,0.0,0.0,0.0,0.0,1109.2256581953338,903.3268468943756,0,PASS
CREATEORDER_V3_C1_F9_P10_C50_S7000,/Users/nischithacn/paper3-exactly-once/results/phase6/runs/CREATEORDER_V3_C1_F9_P10_C50_S7000/CREATEORDER_V3_C1_F9_P10_C50_S7000_1788578994450,0.0,0.0,0.0,0.0,0.0,0.0,0.0,0.0,0.0,0.0,0.0,1530.5185874286244,1355.3672368598527,0,PASS
CREATEORDER_V3_C1_F9_P10_C50_S7001,/Users/nischithacn/paper3-exactly-once/results/phase6/runs/CREATEORDER_V3_C1_F9_P10_C50_S7001/CREATEORDER_V3_C1_F9_P10_C50_S7001_1788579623497,0.0,0.0,0.0,0.0,0.0,0.0,0.0,0.0,0.0,0.0,0.0,1458.8236521684692,1300.783881025792,0,PASS
CREATEORDER_V3_C1_F9_P10_C50_S7002,/Users/nischithacn/paper3-exactly-once/results/phase6/runs/CREATEORDER_V3_C1_F9_P10_C50_S7002/CREATEORDER_V3_C1_F9_P10_C50_S7002_1788581598207,0.0,0.0,0.0,0.0,0.0,0.0,0.0,0.0,0.0,0.0,0.0,1524.5524941274089,1343.964257884139,0,PASS
CREATEORDER_V3_C1_F9_P10_C50_S7003,/Users/nischithacn/paper3-exactly-once/results/phase6/runs/CREATEORDER_V3_C1_F9_P10_C50_S7003/CREATEORDER_V3_C1_F9_P10_C50_S7003_1788582231322,0.0,0.0,0.0,0.0,0.0,0.0,0.0,0.0,0.0,0.0,0.0,1479.6510689563024,1321.6731598004146,0,PASS
CREATEORDER_V3_C1_F9_P10_C50_S7004,/Users/nischithacn/paper3-exactly-once/results/phase6/runs/CREATEORDER_V3_C1_F9_P10_C50_S7004/CREATEORDER_V3_C1_F9_P10_C50_S7004_1788583362259,0.0,0.0,0.0,0.0,0.0,0.0,0.0,0.0,0.0,0.0,0.0,1083.8158384612316,959.5602796277194,0,PASS
CREATEORDER_V3_C1_F9_P10_C50_S7005,/Users/nischithacn/paper3-exactly-once/results/phase6/runs/CREATEORDER_V3_C1_F9_P10_C50_S7005/CREATEORDER_V3_C1_F9_P10_C50_S7005_1788584043138,0.0,0.0,0.0,0.0,0.0,0.0,0.0,0.0,0.0,0.0,0.0,1439.761010129567,1281.6819337412355,0,PASS
CREATEORDER_V3_C1_F9_P10_C50_S7006,/Users/nischithacn/paper3-exactly-once/results/phase6/runs/CREATEORDER_V3_C1_F9_P10_C50_S7006/CREATEORDER_V3_C1_F9_P10_C50_S7006_1788584682291,0.0,0.0,0.0,0.0,0.0,0.0,0.0,0.0,0.0,0.0,0.0,1433.8594459447675,1278.0612612575278,0,PASS
CREATEORDER_V3_C1_F9_P10_C50_S7007,/Users/nischithacn/paper3-exactly-once/results/phase6/runs/CREATEORDER_V3_C1_F9_P10_C50_S7007/CREATEORDER_V3_C1_F9_P10_C50_S7007_1788585332979,0.0,0.0,0.0,0.0,0.0,0.0,0.0,0.0,0.0,0.0,0.0,1388.8482246266399,1235.1322601497088,0,PASS
CREATEORDER_V3_C1_F9_P10_C50_S7008,/Users/nischithacn/paper3-exactly-once/results/phase6/runs/CREATEORDER_V3_C1_F9_P10_C50_S7008/CREATEORDER_V3_C1_F9_P10_C50_S7008_1788585986826,0.0,0.0,0.0,0.0,0.0,0.0,0.0,0.0,0.0,0.0,0.0,1439.7786540239874,1291.3751597514495,0,PASS
CREATEORDER_V3_C1_F9_P10_C50_S7009,/Users/nischithacn/paper3-exactly-once/results/phase6/runs/CREATEORDER_V3_C1_F9_P10_C50_S7009/CREATEORDER_V3_C1_F9_P10_C50_S7009_1788588737563,0.0,0.0,0.0,0.0,0.0,0.0,0.0,0.0,0.0,0.0,0.0,1656.9055640181275,1436.1772158062138,0,PASS
CREATEORDER_V3_C1_F9_P1_C10_S7000,/Users/nischithacn/paper3-exactly-once/results/phase6/runs/CREATEORDER_V3_C1_F9_P1_C10_S7000/CREATEORDER_V3_C1_F9_P1_C10_S7000_1788578944702,0.0,0.0,0.0,0.0,0.0,0.0,0.0,0.0,0.0,0.0,0.0,1283.0731026096225,1142.0994083270114,0,PASS
CREATEORDER_V3_C1_F9_P1_C10_S7001,/Users/nischithacn/paper3-exactly-once/results/phase6/runs/CREATEORDER_V3_C1_F9_P1_C10_S7001/CREATEORDER_V3_C1_F9_P1_C10_S7001_1788579572737,0.0,0.0,0.0,0.0,0.0,0.0,0.0,0.0,0.0,0.0,0.0,1400.7923020386263,1237.7812634865293,0,PASS
CREATEORDER_V3_C1_F9_P1_C10_S7002,/Users/nischithacn/paper3-exactly-once/results/phase6/runs/CREATEORDER_V3_C1_F9_P1_C10_S7002/CREATEORDER_V3_C1_F9_P1_C10_S7002_1788581545714,0.0,0.0,0.0,0.0,0.0,0.0,0.0,0.0,0.0,0.0,0.0,1073.1555273699942,869.8924381504432,0,PASS
CREATEORDER_V3_C1_F9_P1_C10_S7003,/Users/nischithacn/paper3-exactly-once/results/phase6/runs/CREATEORDER_V3_C1_F9_P1_C10_S7003/CREATEORDER_V3_C1_F9_P1_C10_S7003_1788582162623,0.0,0.0,0.0,0.0,0.0,0.0,0.0,0.0,0.0,0.0,0.0,1313.9724102083683,1167.6481131809426,0,PASS
CREATEORDER_V3_C1_F9_P1_C10_S7004,/Users/nischithacn/paper3-exactly-once/results/phase6/runs/CREATEORDER_V3_C1_F9_P1_C10_S7004/CREATEORDER_V3_C1_F9_P1_C10_S7004_1788583283758,0.0,0.0,0.0,0.0,0.0,0.0,0.0,0.0,0.0,0.0,0.0,1100.5832931074892,986.21262289349,0,PASS
CREATEORDER_V3_C1_F9_P1_C10_S7005,/Users/nischithacn/paper3-exactly-once/results/phase6/runs/CREATEORDER_V3_C1_F9_P1_C10_S7005/CREATEORDER_V3_C1_F9_P1_C10_S7005_1788583992153,0.0,0.0,0.0,0.0,0.0,0.0,0.0,0.0,0.0,0.0,0.0,1274.0709896502449,1135.6275589196769,0,PASS
CREATEORDER_V3_C1_F9_P1_C10_S7006,/Users/nischithacn/paper3-exactly-once/results/phase6/runs/CREATEORDER_V3_C1_F9_P1_C10_S7006/CREATEORDER_V3_C1_F9_P1_C10_S7006_1788584631866,0.0,0.0,0.0,0.0,0.0,0.0,0.0,0.0,0.0,0.0,0.0,1372.8722431702265,1213.8920073291304,0,PASS
CREATEORDER_V3_C1_F9_P1_C10_S7007,/Users/nischithacn/paper3-exactly-once/results/phase6/runs/CREATEORDER_V3_C1_F9_P1_C10_S7007/CREATEORDER_V3_C1_F9_P1_C10_S7007_1788585278239,0.0,0.0,0.0,0.0,0.0,0.0,0.0,0.0,0.0,0.0,0.0,946.1825811433749,783.8694133074858,0,PASS
CREATEORDER_V3_C1_F9_P1_C10_S7008,/Users/nischithacn/paper3-exactly-once/results/phase6/runs/CREATEORDER_V3_C1_F9_P1_C10_S7008/CREATEORDER_V3_C1_F9_P1_C10_S7008_1788585918134,0.0,0.0,0.0,0.0,0.0,0.0,0.0,0.0,0.0,0.0,0.0,1319.3992556912979,1169.7973956797778,0,PASS
CREATEORDER_V3_C1_F9_P1_C10_S7009,/Users/nischithacn/paper3-exactly-once/results/phase6/runs/CREATEORDER_V3_C1_F9_P1_C10_S7009/CREATEORDER_V3_C1_F9_P1_C10_S7009_1788588672985,0.0,0.0,0.0,0.0,0.0,0.0,0.0,0.0,0.0,0.0,0.0,1429.1272086575525,1263.3713678747886,0,PASS
CREATEORDER_V3_C1_F9_P1_C50_S7000,/Users/nischithacn/paper3-exactly-once/results/phase6/runs/CREATEORDER_V3_C1_F9_P1_C50_S7000/CREATEORDER_V3_C1_F9_P1_C50_S7000_1788578960481,0.0,0.0,0.0,0.0,0.0,0.0,0.0,0.0,0.0,0.0,0.0,1667.3225095081973,1473.3884892437613,0,PASS
CREATEORDER_V3_C1_F9_P1_C50_S7001,/Users/nischithacn/paper3-exactly-once/results/phase6/runs/CREATEORDER_V3_C1_F9_P1_C50_S7001/CREATEORDER_V3_C1_F9_P1_C50_S7001_1788579581257,0.0,0.0,0.0,0.0,0.0,0.0,0.0,0.0,0.0,0.0,0.0,1575.268529264783,1407.3040699276758,0,PASS
CREATEORDER_V3_C1_F9_P1_C50_S7002,/Users/nischithacn/paper3-exactly-once/results/phase6/runs/CREATEORDER_V3_C1_F9_P1_C50_S7002/CREATEORDER_V3_C1_F9_P1_C50_S7002_1788581557643,0.0,0.0,0.0,0.0,0.0,0.0,0.0,0.0,0.0,0.0,0.0,1591.7625994020507,1368.8380846206326,0,PASS
CREATEORDER_V3_C1_F9_P1_C50_S7003,/Users/nischithacn/paper3-exactly-once/results/phase6/runs/CREATEORDER_V3_C1_F9_P1_C50_S7003/CREATEORDER_V3_C1_F9_P1_C50_S7003_1788582171619,0.0,0.0,0.0,0.0,0.0,0.0,0.0,0.0,0.0,0.0,0.0,1371.6558990435012,1237.0988918680212,0,PASS
CREATEORDER_V3_C1_F9_P1_C50_S7004,/Users/nischithacn/paper3-exactly-once/results/phase6/runs/CREATEORDER_V3_C1_F9_P1_C50_S7004/CREATEORDER_V3_C1_F9_P1_C50_S7004_1788583294377,0.0,0.0,0.0,0.0,0.0,0.0,0.0,0.0,0.0,0.0,0.0,1182.3880698079356,1059.3706157952379,0,PASS
CREATEORDER_V3_C1_F9_P1_C50_S7005,/Users/nischithacn/paper3-exactly-once/results/phase6/runs/CREATEORDER_V3_C1_F9_P1_C50_S7005/CREATEORDER_V3_C1_F9_P1_C50_S7005_1788584007901,0.0,0.0,0.0,0.0,0.0,0.0,0.0,0.0,0.0,0.0,0.0,1665.8887257454808,1466.2245705905898,0,PASS
CREATEORDER_V3_C1_F9_P1_C50_S7006,/Users/nischithacn/paper3-exactly-once/results/phase6/runs/CREATEORDER_V3_C1_F9_P1_C50_S7006/CREATEORDER_V3_C1_F9_P1_C50_S7006_1788584640543,0.0,0.0,0.0,0.0,0.0,0.0,0.0,0.0,0.0,0.0,0.0,1570.5724954648044,1397.281315505307,0,PASS
CREATEORDER_V3_C1_F9_P1_C50_S7007,/Users/nischithacn/paper3-exactly-once/results/phase6/runs/CREATEORDER_V3_C1_F9_P1_C50_S7007/CREATEORDER_V3_C1_F9_P1_C50_S7007_1788585291421,0.0,0.0,0.0,0.0,0.0,0.0,0.0,0.0,0.0,0.0,0.0,1405.0224740404567,1237.2111023536575,0,PASS
CREATEORDER_V3_C1_F9_P1_C50_S7008,/Users/nischithacn/paper3-exactly-once/results/phase6/runs/CREATEORDER_V3_C1_F9_P1_C50_S7008/CREATEORDER_V3_C1_F9_P1_C50_S7008_1788585927119,0.0,0.0,0.0,0.0,0.0,0.0,0.0,0.0,0.0,0.0,0.0,1410.4515764420275,1268.3615978951925,0,PASS
CREATEORDER_V3_C1_F9_P1_C50_S7009,/Users/nischithacn/paper3-exactly-once/results/phase6/runs/CREATEORDER_V3_C1_F9_P1_C50_S7009/CREATEORDER_V3_C1_F9_P1_C50_S7009_1788588681345,0.0,0.0,0.0,0.0,0.0,0.0,0.0,0.0,0.0,0.0,0.0,1780.8691115313065,1566.6092147968477,0,PASS
CREATEORDER_V3_C1_F9_P20_C10_S7000,/Users/nischithacn/paper3-exactly-once/results/phase6/runs/CREATEORDER_V3_C1_F9_P20_C10_S7000/CREATEORDER_V3_C1_F9_P20_C10_S7000_1788579023290,0.0,0.0,0.0,0.0,0.0,0.0,0.0,0.0,0.0,0.0,0.0,1085.3660843438079,880.7565759598642,0,PASS
CREATEORDER_V3_C1_F9_P20_C10_S7001,/Users/nischithacn/paper3-exactly-once/results/phase6/runs/CREATEORDER_V3_C1_F9_P20_C10_S7001/CREATEORDER_V3_C1_F9_P20_C10_S7001_1788579631618,0.0,0.0,0.0,0.0,0.0,0.0,0.0,0.0,0.0,0.0,0.0,1270.1814447148624,1128.0483606670248,0,PASS
CREATEORDER_V3_C1_F9_P20_C10_S7002,/Users/nischithacn/paper3-exactly-once/results/phase6/runs/CREATEORDER_V3_C1_F9_P20_C10_S7002/CREATEORDER_V3_C1_F9_P20_C10_S7002_1788581606090,0.0,0.0,0.0,0.0,0.0,0.0,0.0,0.0,0.0,0.0,0.0,1250.8843758716823,1103.559093740024,0,PASS
CREATEORDER_V3_C1_F9_P20_C10_S7003,/Users/nischithacn/paper3-exactly-once/results/phase6/runs/CREATEORDER_V3_C1_F9_P20_C10_S7003/CREATEORDER_V3_C1_F9_P20_C10_S7003_1788582239338,0.0,0.0,0.0,0.0,0.0,0.0,0.0,0.0,0.0,0.0,0.0,1072.1124326709664,957.7795301543614,0,PASS
CREATEORDER_V3_C1_F9_P20_C10_S7004,/Users/nischithacn/paper3-exactly-once/results/phase6/runs/CREATEORDER_V3_C1_F9_P20_C10_S7004/CREATEORDER_V3_C1_F9_P20_C10_S7004_1788583373188,0.0,0.0,0.0,0.0,0.0,0.0,0.0,0.0,0.0,0.0,0.0,1080.7517353839503,967.8633581215157,0,PASS
CREATEORDER_V3_C1_F9_P20_C10_S7005,/Users/nischithacn/paper3-exactly-once/results/phase6/runs/CREATEORDER_V3_C1_F9_P20_C10_S7005/CREATEORDER_V3_C1_F9_P20_C10_S7005_1788584071838,0.0,0.0,0.0,0.0,0.0,0.0,0.0,0.0,0.0,0.0,0.0,993.6021774466664,817.1811953543596,0,PASS
CREATEORDER_V3_C1_F9_P20_C10_S7006,/Users/nischithacn/paper3-exactly-once/results/phase6/runs/CREATEORDER_V3_C1_F9_P20_C10_S7006/CREATEORDER_V3_C1_F9_P20_C10_S7006_1788584690548,0.0,0.0,0.0,0.0,0.0,0.0,0.0,0.0,0.0,0.0,0.0,1240.21116598219,1115.059647379571,0,PASS
CREATEORDER_V3_C1_F9_P20_C10_S7007,/Users/nischithacn/paper3-exactly-once/results/phase6/runs/CREATEORDER_V3_C1_F9_P20_C10_S7007/CREATEORDER_V3_C1_F9_P20_C10_S7007_1788585341535,0.0,0.0,0.0,0.0,0.0,0.0,0.0,0.0,0.0,0.0,0.0,1257.268261397162,1117.4401488192386,0,PASS
CREATEORDER_V3_C1_F9_P20_C10_S7008,/Users/nischithacn/paper3-exactly-once/results/phase6/runs/CREATEORDER_V3_C1_F9_P20_C10_S7008/CREATEORDER_V3_C1_F9_P20_C10_S7008_1788585995015,0.0,0.0,0.0,0.0,0.0,0.0,0.0,0.0,0.0,0.0,0.0,1069.957577496724,954.8325023280607,0,PASS
CREATEORDER_V3_C1_F9_P20_C10_S7009,/Users/nischithacn/paper3-exactly-once/results/phase6/runs/CREATEORDER_V3_C1_F9_P20_C10_S7009/CREATEORDER_V3_C1_F9_P20_C10_S7009_1788588744975,0.0,0.0,0.0,0.0,0.0,0.0,0.0,0.0,0.0,0.0,0.0,1487.5539522851823,1312.489440842731,0,PASS
CREATEORDER_V3_C1_F9_P20_C50_S7000,/Users/nischithacn/paper3-exactly-once/results/phase6/runs/CREATEORDER_V3_C1_F9_P20_C50_S7000/CREATEORDER_V3_C1_F9_P20_C50_S7000_1788579035088,0.0,0.0,0.0,0.0,0.0,0.0,0.0,0.0,0.0,0.0,0.0,1585.890364690158,1378.725189100774,0,PASS
CREATEORDER_V3_C1_F9_P20_C50_S7001,/Users/nischithacn/paper3-exactly-once/results/phase6/runs/CREATEORDER_V3_C1_F9_P20_C50_S7001/CREATEORDER_V3_C1_F9_P20_C50_S7001_1788579640918,0.0,0.0,0.0,0.0,0.0,0.0,0.0,0.0,0.0,0.0,0.0,1530.5909714742095,1370.3957680122755,0,PASS
CREATEORDER_V3_C1_F9_P20_C50_S7002,/Users/nischithacn/paper3-exactly-once/results/phase6/runs/CREATEORDER_V3_C1_F9_P20_C50_S7002/CREATEORDER_V3_C1_F9_P20_C50_S7002_1788581615601,0.0,0.0,0.0,0.0,0.0,0.0,0.0,0.0,0.0,0.0,0.0,1673.1613652358224,1474.4982841831445,0,PASS
CREATEORDER_V3_C1_F9_P20_C50_S7003,/Users/nischithacn/paper3-exactly-once/results/phase6/runs/CREATEORDER_V3_C1_F9_P20_C50_S7003/CREATEORDER_V3_C1_F9_P20_C50_S7003_1788582256774,0.0,0.0,0.0,0.0,0.0,0.0,0.0,0.0,0.0,0.0,0.0,1422.0699430040145,1259.9671452983187,0,PASS
CREATEORDER_V3_C1_F9_P20_C50_S7004,/Users/nischithacn/paper3-exactly-once/results/phase6/runs/CREATEORDER_V3_C1_F9_P20_C50_S7004/CREATEORDER_V3_C1_F9_P20_C50_S7004_1788583384021,0.0,0.0,0.0,0.0,0.0,0.0,0.0,0.0,0.0,0.0,0.0,1162.2473019265,1042.7821978306333,0,PASS
CREATEORDER_V3_C1_F9_P20_C50_S7005,/Users/nischithacn/paper3-exactly-once/results/phase6/runs/CREATEORDER_V3_C1_F9_P20_C50_S7005/CREATEORDER_V3_C1_F9_P20_C50_S7005_1788584084504,0.0,0.0,0.0,0.0,0.0,0.0,0.0,0.0,0.0,0.0,0.0,1489.1345084501015,1310.3430716258026,0,PASS
CREATEORDER_V3_C1_F9_P20_C50_S7006,/Users/nischithacn/paper3-exactly-once/results/phase6/runs/CREATEORDER_V3_C1_F9_P20_C50_S7006/CREATEORDER_V3_C1_F9_P20_C50_S7006_1788584699947,0.0,0.0,0.0,0.0,0.0,0.0,0.0,0.0,0.0,0.0,0.0,1529.5183671849975,1352.9335127178952,0,PASS
CREATEORDER_V3_C1_F9_P20_C50_S7007,/Users/nischithacn/paper3-exactly-once/results/phase6/runs/CREATEORDER_V3_C1_F9_P20_C50_S7007/CREATEORDER_V3_C1_F9_P20_C50_S7007_1788585350921,0.0,0.0,0.0,0.0,0.0,0.0,0.0,0.0,0.0,0.0,0.0,1507.4661427840751,1338.824477925824,0,PASS
CREATEORDER_V3_C1_F9_P20_C50_S7008,/Users/nischithacn/paper3-exactly-once/results/phase6/runs/CREATEORDER_V3_C1_F9_P20_C50_S7008/CREATEORDER_V3_C1_F9_P20_C50_S7008_1788586012044,0.0,0.0,0.0,0.0,0.0,0.0,0.0,0.0,0.0,0.0,0.0,1417.9596694425875,1260.6146640996953,0,PASS
CREATEORDER_V3_C1_F9_P20_C50_S7009,/Users/nischithacn/paper3-exactly-once/results/phase6/runs/CREATEORDER_V3_C1_F9_P20_C50_S7009/CREATEORDER_V3_C1_F9_P20_C50_S7009_1788588753037,0.0,0.0,0.0,0.0,0.0,0.0,0.0,0.0,0.0,0.0,0.0,1682.9752428370498,1488.7895598336795,0,PASS
CREATEORDER_V3_C1_F9_P5_C10_S7000,/Users/nischithacn/paper3-exactly-once/results/phase6/runs/CREATEORDER_V3_C1_F9_P5_C10_S7000/CREATEORDER_V3_C1_F9_P5_C10_S7000_1788578967702,0.0,0.0,0.0,0.0,0.0,0.0,0.0,0.0,0.0,0.0,0.0,1247.2650773724092,1104.7147885304043,0,PASS
CREATEORDER_V3_C1_F9_P5_C10_S7001,/Users/nischithacn/paper3-exactly-once/results/phase6/runs/CREATEORDER_V3_C1_F9_P5_C10_S7001/CREATEORDER_V3_C1_F9_P5_C10_S7001_1788579588790,0.0,0.0,0.0,0.0,0.0,0.0,0.0,0.0,0.0,0.0,0.0,1168.4086970106282,1057.855401799041,0,PASS
CREATEORDER_V3_C1_F9_P5_C10_S7002,/Users/nischithacn/paper3-exactly-once/results/phase6/runs/CREATEORDER_V3_C1_F9_P5_C10_S7002/CREATEORDER_V3_C1_F9_P5_C10_S7002_1788581565392,0.0,0.0,0.0,0.0,0.0,0.0,0.0,0.0,0.0,0.0,0.0,1469.3341123439257,1301.0179836414895,0,PASS
CREATEORDER_V3_C1_F9_P5_C10_S7003,/Users/nischithacn/paper3-exactly-once/results/phase6/runs/CREATEORDER_V3_C1_F9_P5_C10_S7003/CREATEORDER_V3_C1_F9_P5_C10_S7003_1788582200771,0.0,0.0,0.0,0.0,0.0,0.0,0.0,0.0,0.0,0.0,0.0,942.7016703242593,785.7482860398293,0,PASS
CREATEORDER_V3_C1_F9_P5_C10_S7004,/Users/nischithacn/paper3-exactly-once/results/phase6/runs/CREATEORDER_V3_C1_F9_P5_C10_S7004/CREATEORDER_V3_C1_F9_P5_C10_S7004_1788583304317,0.0,0.0,0.0,0.0,0.0,0.0,0.0,0.0,0.0,0.0,0.0,969.9953210484182,876.3368731587212,0,PASS
CREATEORDER_V3_C1_F9_P5_C10_S7005,/Users/nischithacn/paper3-exactly-once/results/phase6/runs/CREATEORDER_V3_C1_F9_P5_C10_S7005/CREATEORDER_V3_C1_F9_P5_C10_S7005_1788584015163,0.0,0.0,0.0,0.0,0.0,0.0,0.0,0.0,0.0,0.0,0.0,1206.3534959526091,1087.103068640503,0,PASS
CREATEORDER_V3_C1_F9_P5_C10_S7006,/Users/nischithacn/paper3-exactly-once/results/phase6/runs/CREATEORDER_V3_C1_F9_P5_C10_S7006/CREATEORDER_V3_C1_F9_P5_C10_S7006_1788584648132,0.0,0.0,0.0,0.0,0.0,0.0,0.0,0.0,0.0,0.0,0.0,1175.8690911288845,1064.5414335359192,0,PASS
CREATEORDER_V3_C1_F9_P5_C10_S7007,/Users/nischithacn/paper3-exactly-once/results/phase6/runs/CREATEORDER_V3_C1_F9_P5_C10_S7007/CREATEORDER_V3_C1_F9_P5_C10_S7007_1788585299941,0.0,0.0,0.0,0.0,0.0,0.0,0.0,0.0,0.0,0.0,0.0,1397.0530778405937,1244.5954969086476,0,PASS
CREATEORDER_V3_C1_F9_P5_C10_S7008,/Users/nischithacn/paper3-exactly-once/results/phase6/runs/CREATEORDER_V3_C1_F9_P5_C10_S7008/CREATEORDER_V3_C1_F9_P5_C10_S7008_1788585956208,0.0,0.0,0.0,0.0,0.0,0.0,0.0,0.0,0.0,0.0,0.0,942.6119055885059,775.6425360015647,0,PASS
CREATEORDER_V3_C1_F9_P5_C10_S7009,/Users/nischithacn/paper3-exactly-once/results/phase6/runs/CREATEORDER_V3_C1_F9_P5_C10_S7009/CREATEORDER_V3_C1_F9_P5_C10_S7009_1788588688174,0.0,0.0,0.0,0.0,0.0,0.0,0.0,0.0,0.0,0.0,0.0,1316.1092617849372,1183.6880419569782,0,PASS
CREATEORDER_V3_C1_F9_P5_C50_S7000,/Users/nischithacn/paper3-exactly-once/results/phase6/runs/CREATEORDER_V3_C1_F9_P5_C50_S7000/CREATEORDER_V3_C1_F9_P5_C50_S7000_1788578977185,0.0,0.0,0.0,0.0,0.0,0.0,0.0,0.0,0.0,0.0,0.0,1596.5540076329848,1427.5556124327882,0,PASS
CREATEORDER_V3_C1_F9_P5_C50_S7001,/Users/nischithacn/paper3-exactly-once/results/phase6/runs/CREATEORDER_V3_C1_F9_P5_C50_S7001/CREATEORDER_V3_C1_F9_P5_C50_S7001_1788579605374,0.0,0.0,0.0,0.0,0.0,0.0,0.0,0.0,0.0,0.0,0.0,1515.5016378624796,1333.7021470062512,0,PASS
CREATEORDER_V3_C1_F9_P5_C50_S7002,/Users/nischithacn/paper3-exactly-once/results/phase6/runs/CREATEORDER_V3_C1_F9_P5_C50_S7002/CREATEORDER_V3_C1_F9_P5_C50_S7002_1788581573521,0.0,0.0,0.0,0.0,0.0,0.0,0.0,0.0,0.0,0.0,0.0,1561.5767088317666,1393.7154038717092,0,PASS
CREATEORDER_V3_C1_F9_P5_C50_S7003,/Users/nischithacn/paper3-exactly-once/results/phase6/runs/CREATEORDER_V3_C1_F9_P5_C50_S7003/CREATEORDER_V3_C1_F9_P5_C50_S7003_1788582213934,0.0,0.0,0.0,0.0,0.0,0.0,0.0,0.0,0.0,0.0,0.0,1374.9325286179298,1213.8965744781838,0,PASS
CREATEORDER_V3_C1_F9_P5_C50_S7004,/Users/nischithacn/paper3-exactly-once/results/phase6/runs/CREATEORDER_V3_C1_F9_P5_C50_S7004/CREATEORDER_V3_C1_F9_P5_C50_S7004_1788583316249,0.0,0.0,0.0,0.0,0.0,0.0,0.0,0.0,0.0,0.0,0.0,1129.322593681276,1012.311411533364,0,PASS
CREATEORDER_V3_C1_F9_P5_C50_S7005,/Users/nischithacn/paper3-exactly-once/results/phase6/runs/CREATEORDER_V3_C1_F9_P5_C50_S7005/CREATEORDER_V3_C1_F9_P5_C50_S7005_1788584024786,0.0,0.0,0.0,0.0,0.0,0.0,0.0,0.0,0.0,0.0,0.0,1456.9590300093396,1302.104543903727,0,PASS
CREATEORDER_V3_C1_F9_P5_C50_S7006,/Users/nischithacn/paper3-exactly-once/results/phase6/runs/CREATEORDER_V3_C1_F9_P5_C50_S7006/CREATEORDER_V3_C1_F9_P5_C50_S7006_1788584663895,0.0,0.0,0.0,0.0,0.0,0.0,0.0,0.0,0.0,0.0,0.0,1473.4460977726792,1309.8831074958514,0,PASS
CREATEORDER_V3_C1_F9_P5_C50_S7007,/Users/nischithacn/paper3-exactly-once/results/phase6/runs/CREATEORDER_V3_C1_F9_P5_C50_S7007/CREATEORDER_V3_C1_F9_P5_C50_S7007_1788585308405,0.0,0.0,0.0,0.0,0.0,0.0,0.0,0.0,0.0,0.0,0.0,1432.2201104710068,1284.640473600423,0,PASS
CREATEORDER_V3_C1_F9_P5_C50_S7008,/Users/nischithacn/paper3-exactly-once/results/phase6/runs/CREATEORDER_V3_C1_F9_P5_C50_S7008/CREATEORDER_V3_C1_F9_P5_C50_S7008_1788585969530,0.0,0.0,0.0,0.0,0.0,0.0,0.0,0.0,0.0,0.0,0.0,1366.4823884459092,1212.6409553183448,0,PASS
CREATEORDER_V3_C1_F9_P5_C50_S7009,/Users/nischithacn/paper3-exactly-once/results/phase6/runs/CREATEORDER_V3_C1_F9_P5_C50_S7009/CREATEORDER_V3_C1_F9_P5_C50_S7009_1788588697069,0.0,0.0,0.0,0.0,0.0,0.0,0.0,0.0,0.0,0.0,0.0,1618.450636067896,1447.1790335035273,0,PASS
CREATEORDER_V3_C2_F3_P10_C50_CAP_S7000,/Users/nischithacn/paper3-exactly-once/results/phase6/runs/CREATEORDER_V3_C2_F3_P10_C50_CAP_S7000/CREATEORDER_V3_C2_F3_P10_C50_CAP_S7000_1788671145322,0.0,0.0,0.0,0.0,0.0,0.0,0.0,0.0,0.0,0.0,0.0,1006.4060033693681,880.571055757984,0,PASS
CREATEORDER_V3_C2_F3_P10_C50_CAP_S7001,/Users/nischithacn/paper3-exactly-once/results/phase6/runs/CREATEORDER_V3_C2_F3_P10_C50_CAP_S7001/CREATEORDER_V3_C2_F3_P10_C50_CAP_S7001_1788671521558,0.0,0.0,0.0,0.0,0.0,0.0,0.0,0.0,0.0,0.0,0.0,893.9862065837461,718.9662474097921,0,PASS
CREATEORDER_V3_C2_F3_P10_C50_CAP_S7002,/Users/nischithacn/paper3-exactly-once/results/phase6/runs/CREATEORDER_V3_C2_F3_P10_C50_CAP_S7002/CREATEORDER_V3_C2_F3_P10_C50_CAP_S7002_1788671876335,0.0,0.0,0.0,0.0,0.0,0.0,0.0,0.0,0.0,0.0,0.0,1045.936709455777,914.5322132833699,0,PASS
CREATEORDER_V3_C2_F3_P10_C50_CAP_S7003,/Users/nischithacn/paper3-exactly-once/results/phase6/runs/CREATEORDER_V3_C2_F3_P10_C50_CAP_S7003/CREATEORDER_V3_C2_F3_P10_C50_CAP_S7003_1788672241079,0.0,0.0,0.0,0.0,0.0,0.0,0.0,0.0,0.0,0.0,0.0,945.9090425755638,840.4060377735334,0,PASS
CREATEORDER_V3_C2_F3_P10_C50_CAP_S7004,/Users/nischithacn/paper3-exactly-once/results/phase6/runs/CREATEORDER_V3_C2_F3_P10_C50_CAP_S7004/CREATEORDER_V3_C2_F3_P10_C50_CAP_S7004_1788672616818,0.0,0.0,0.0,0.0,0.0,0.0,0.0,0.0,0.0,0.0,0.0,999.9209943252756,894.0188103356345,0,PASS
CREATEORDER_V3_C2_F3_P10_C50_CAP_S7005,/Users/nischithacn/paper3-exactly-once/results/phase6/runs/CREATEORDER_V3_C2_F3_P10_C50_CAP_S7005/CREATEORDER_V3_C2_F3_P10_C50_CAP_S7005_1788672992722,0.0,0.0,0.0,0.0,0.0,0.0,0.0,0.0,0.0,0.0,0.0,949.02432143174,844.2033578341204,0,PASS
CREATEORDER_V3_C2_F3_P10_C50_CAP_S7006,/Users/nischithacn/paper3-exactly-once/results/phase6/runs/CREATEORDER_V3_C2_F3_P10_C50_CAP_S7006/CREATEORDER_V3_C2_F3_P10_C50_CAP_S7006_1788673410098,0.0,0.0,0.0,0.0,0.0,0.0,0.0,0.0,0.0,0.0,0.0,650.5000934735314,535.8410957163849,0,PASS
CREATEORDER_V3_C2_F3_P10_C50_CAP_S7007,/Users/nischithacn/paper3-exactly-once/results/phase6/runs/CREATEORDER_V3_C2_F3_P10_C50_CAP_S7007/CREATEORDER_V3_C2_F3_P10_C50_CAP_S7007_1788673812540,0.0,0.0,0.0,0.0,0.0,0.0,0.0,0.0,0.0,0.0,0.0,954.8984344238474,846.614758316171,0,PASS
CREATEORDER_V3_C2_F3_P10_C50_CAP_S7008,/Users/nischithacn/paper3-exactly-once/results/phase6/runs/CREATEORDER_V3_C2_F3_P10_C50_CAP_S7008/CREATEORDER_V3_C2_F3_P10_C50_CAP_S7008_1788674199916,0.0,0.0,0.0,0.0,0.0,0.0,0.0,0.0,0.0,0.0,0.0,945.6933789599195,841.6781323789494,0,PASS
CREATEORDER_V3_C2_F3_P10_C50_CAP_S7009,/Users/nischithacn/paper3-exactly-once/results/phase6/runs/CREATEORDER_V3_C2_F3_P10_C50_CAP_S7009/CREATEORDER_V3_C2_F3_P10_C50_CAP_S7009_1788674580316,0.0,0.0,0.0,0.0,0.0,0.0,0.0,0.0,0.0,0.0,0.0,960.4636637750654,856.7065631364642,0,PASS
CREATEORDER_V3_C2_F8_P10_C50_CAP_S7000,/Users/nischithacn/paper3-exactly-once/results/phase6/runs/CREATEORDER_V3_C2_F8_P10_C50_CAP_S7000/CREATEORDER_V3_C2_F8_P10_C50_CAP_S7000_1788671157220,0.0,0.0,0.0,0.0,0.0,0.0,0.0,0.0,0.0,0.0,0.0,911.5015684774924,811.6486555261739,0,PASS
CREATEORDER_V3_C2_F8_P10_C50_CAP_S7001,/Users/nischithacn/paper3-exactly-once/results/phase6/runs/CREATEORDER_V3_C2_F8_P10_C50_CAP_S7001/CREATEORDER_V3_C2_F8_P10_C50_CAP_S7001_1788671535992,0.0,0.0,0.0,0.0,0.0,0.0,0.0,0.0,0.0,0.0,0.0,1124.7604392340459,983.9831170682374,0,PASS
CREATEORDER_V3_C2_F8_P10_C50_CAP_S7002,/Users/nischithacn/paper3-exactly-once/results/phase6/runs/CREATEORDER_V3_C2_F8_P10_C50_CAP_S7002/CREATEORDER_V3_C2_F8_P10_C50_CAP_S7002_1788671887822,0.0,0.0,0.0,0.0,0.0,0.0,0.0,0.0,0.0,0.0,0.0,933.47286784233,823.483319535981,0,PASS
CREATEORDER_V3_C2_F8_P10_C50_CAP_S7003,/Users/nischithacn/paper3-exactly-once/results/phase6/runs/CREATEORDER_V3_C2_F8_P10_C50_CAP_S7003/CREATEORDER_V3_C2_F8_P10_C50_CAP_S7003_1788672259989,0.0,0.0,0.0,0.0,0.0,0.0,0.0,0.0,0.0,0.0,0.0,993.7033059633798,879.1302213359082,0,PASS
CREATEORDER_V3_C2_F8_P10_C50_CAP_S7004,/Users/nischithacn/paper3-exactly-once/results/phase6/runs/CREATEORDER_V3_C2_F8_P10_C50_CAP_S7004/CREATEORDER_V3_C2_F8_P10_C50_CAP_S7004_1788672628531,0.0,0.0,0.0,0.0,0.0,0.0,0.0,0.0,0.0,0.0,0.0,940.3692186057824,838.264341390527,0,PASS
CREATEORDER_V3_C2_F8_P10_C50_CAP_S7005,/Users/nischithacn/paper3-exactly-once/results/phase6/runs/CREATEORDER_V3_C2_F8_P10_C50_CAP_S7005/CREATEORDER_V3_C2_F8_P10_C50_CAP_S7005_1788673005087,0.0,0.0,0.0,0.0,0.0,0.0,0.0,0.0,0.0,0.0,0.0,875.881142731131,778.4636364861325,0,PASS
CREATEORDER_V3_C2_F8_P10_C50_CAP_S7006,/Users/nischithacn/paper3-exactly-once/results/phase6/runs/CREATEORDER_V3_C2_F8_P10_C50_CAP_S7006/CREATEORDER_V3_C2_F8_P10_C50_CAP_S7006_1788673429303,0.0,0.0,0.0,0.0,0.0,0.0,0.0,0.0,0.0,0.0,0.0,946.790933036823,836.6791424026023,0,PASS
CREATEORDER_V3_C2_F8_P10_C50_CAP_S7007,/Users/nischithacn/paper3-exactly-once/results/phase6/runs/CREATEORDER_V3_C2_F8_P10_C50_CAP_S7007/CREATEORDER_V3_C2_F8_P10_C50_CAP_S7007_1788673824895,0.0,0.0,0.0,0.0,0.0,0.0,0.0,0.0,0.0,0.0,0.0,841.024284510446,749.9355028905201,0,PASS
CREATEORDER_V3_C2_F8_P10_C50_CAP_S7008,/Users/nischithacn/paper3-exactly-once/results/phase6/runs/CREATEORDER_V3_C2_F8_P10_C50_CAP_S7008/CREATEORDER_V3_C2_F8_P10_C50_CAP_S7008_1788674219143,0.0,0.0,0.0,0.0,0.0,0.0,0.0,0.0,0.0,0.0,0.0,950.8860770283867,845.2180228369659,0,PASS
CREATEORDER_V3_C2_F8_P10_C50_CAP_S7009,/Users/nischithacn/paper3-exactly-once/results/phase6/runs/CREATEORDER_V3_C2_F8_P10_C50_CAP_S7009/CREATEORDER_V3_C2_F8_P10_C50_CAP_S7009_1788674592515,0.0,0.0,0.0,0.0,0.0,0.0,0.0,0.0,0.0,0.0,0.0,911.0363027517818,810.2748697863466,0,PASS
CREATEORDER_V4_C0_F3_P10_C50_CAP_S7000,/Users/nischithacn/paper3-exactly-once/results/phase6/runs/CREATEORDER_V4_C0_F3_P10_C50_CAP_S7000/CREATEORDER_V4_C0_F3_P10_C50_CAP_S7000_1788671191192,0.0,0.0,0.0,0.0,0.0,0.0,0.0,0.0,0.0,0.0,0.0,832.5419233575852,660.3585219230854,0,PASS
CREATEORDER_V4_C0_F3_P10_C50_CAP_S7001,/Users/nischithacn/paper3-exactly-once/results/phase6/runs/CREATEORDER_V4_C0_F3_P10_C50_CAP_S7001/CREATEORDER_V4_C0_F3_P10_C50_CAP_S7001_1788671546690,0.0,0.0,0.0,0.0,0.0,0.0,0.0,0.0,0.0,0.0,0.0,953.0941467649968,814.5304971109276,0,PASS
CREATEORDER_V4_C0_F3_P10_C50_CAP_S7002,/Users/nischithacn/paper3-exactly-once/results/phase6/runs/CREATEORDER_V4_C0_F3_P10_C50_CAP_S7002/CREATEORDER_V4_C0_F3_P10_C50_CAP_S7002_1788671900498,0.0,0.0,0.0,0.0,0.0,0.0,0.0,0.0,0.0,0.0,0.0,850.626150538559,737.5315472343112,0,PASS
CREATEORDER_V4_C0_F3_P10_C50_CAP_S7003,/Users/nischithacn/paper3-exactly-once/results/phase6/runs/CREATEORDER_V4_C0_F3_P10_C50_CAP_S7003/CREATEORDER_V4_C0_F3_P10_C50_CAP_S7003_1788672271889,0.0,0.0,0.0,0.0,0.0,0.0,0.0,0.0,0.0,0.0,0.0,907.1148616796598,798.0159951987044,0,PASS
CREATEORDER_V4_C0_F3_P10_C50_CAP_S7004,/Users/nischithacn/paper3-exactly-once/results/phase6/runs/CREATEORDER_V4_C0_F3_P10_C50_CAP_S7004/CREATEORDER_V4_C0_F3_P10_C50_CAP_S7004_1788672640977,0.0,0.0,0.0,0.0,0.0,0.0,0.0,0.0,0.0,0.0,0.0,855.9514979647116,759.1355495383754,0,PASS
CREATEORDER_V4_C0_F3_P10_C50_CAP_S7005,/Users/nischithacn/paper3-exactly-once/results/phase6/runs/CREATEORDER_V4_C0_F3_P10_C50_CAP_S7005/CREATEORDER_V4_C0_F3_P10_C50_CAP_S7005_1788673040046,0.0,0.0,0.0,0.0,0.0,0.0,0.0,0.0,0.0,0.0,0.0,607.0576115114328,499.65531166516837,0,PASS
CREATEORDER_V4_C0_F3_P10_C50_CAP_S7006,/Users/nischithacn/paper3-exactly-once/results/phase6/runs/CREATEORDER_V4_C0_F3_P10_C50_CAP_S7006/CREATEORDER_V4_C0_F3_P10_C50_CAP_S7006_1788673441802,0.0,0.0,0.0,0.0,0.0,0.0,0.0,0.0,0.0,0.0,0.0,770.2788953113322,656.2980344750871,0,PASS
CREATEORDER_V4_C0_F3_P10_C50_CAP_S7007,/Users/nischithacn/paper3-exactly-once/results/phase6/runs/CREATEORDER_V4_C0_F3_P10_C50_CAP_S7007/CREATEORDER_V4_C0_F3_P10_C50_CAP_S7007_1788673838763,0.0,0.0,0.0,0.0,0.0,0.0,0.0,0.0,0.0,0.0,0.0,747.6126300444665,651.3161409101243,0,PASS
CREATEORDER_V4_C0_F3_P10_C50_CAP_S7008,/Users/nischithacn/paper3-exactly-once/results/phase6/runs/CREATEORDER_V4_C0_F3_P10_C50_CAP_S7008/CREATEORDER_V4_C0_F3_P10_C50_CAP_S7008_1788674231503,0.0,0.0,0.0,0.0,0.0,0.0,0.0,0.0,0.0,0.0,0.0,875.9908092375871,773.7431776856539,0,PASS
CREATEORDER_V4_C0_F3_P10_C50_CAP_S7009,/Users/nischithacn/paper3-exactly-once/results/phase6/runs/CREATEORDER_V4_C0_F3_P10_C50_CAP_S7009/CREATEORDER_V4_C0_F3_P10_C50_CAP_S7009_1788674605392,0.0,0.0,0.0,0.0,0.0,0.0,0.0,0.0,0.0,0.0,0.0,834.1317567357273,740.9387497577196,0,PASS
CREATEORDER_V4_C0_F8_P10_C50_CAP_S7000,/Users/nischithacn/paper3-exactly-once/results/phase6/runs/CREATEORDER_V4_C0_F8_P10_C50_CAP_S7000/CREATEORDER_V4_C0_F8_P10_C50_CAP_S7000_1788671206935,0.0,0.0,0.0,0.0,0.0,0.0,0.0,0.0,0.0,0.0,0.0,720.5440513839516,633.5359821827672,0,PASS
CREATEORDER_V4_C0_F8_P10_C50_CAP_S7001,/Users/nischithacn/paper3-exactly-once/results/phase6/runs/CREATEORDER_V4_C0_F8_P10_C50_CAP_S7001/CREATEORDER_V4_C0_F8_P10_C50_CAP_S7001_1788671559582,0.0,0.0,0.0,0.0,0.0,0.0,0.0,0.0,0.0,0.0,0.0,713.5572256000128,630.1748077978435,0,PASS
CREATEORDER_V4_C0_F8_P10_C50_CAP_S7002,/Users/nischithacn/paper3-exactly-once/results/phase6/runs/CREATEORDER_V4_C0_F8_P10_C50_CAP_S7002/CREATEORDER_V4_C0_F8_P10_C50_CAP_S7002_1788671921749,0.0,0.0,0.0,0.0,0.0,0.0,0.0,0.0,0.0,0.0,0.0,727.7544798899348,634.1824865887081,0,PASS
CREATEORDER_V4_C0_F8_P10_C50_CAP_S7003,/Users/nischithacn/paper3-exactly-once/results/phase6/runs/CREATEORDER_V4_C0_F8_P10_C50_CAP_S7003/CREATEORDER_V4_C0_F8_P10_C50_CAP_S7003_1788672285031,0.0,0.0,0.0,0.0,0.0,0.0,0.0,0.0,0.0,0.0,0.0,695.2257086242432,623.8156040729143,0,PASS
CREATEORDER_V4_C0_F8_P10_C50_CAP_S7004,/Users/nischithacn/paper3-exactly-once/results/phase6/runs/CREATEORDER_V4_C0_F8_P10_C50_CAP_S7004/CREATEORDER_V4_C0_F8_P10_C50_CAP_S7004_1788672654768,0.0,0.0,0.0,0.0,0.0,0.0,0.0,0.0,0.0,0.0,0.0,697.3968017745384,618.6672056970842,0,PASS
CREATEORDER_V4_C0_F8_P10_C50_CAP_S7005,/Users/nischithacn/paper3-exactly-once/results/phase6/runs/CREATEORDER_V4_C0_F8_P10_C50_CAP_S7005/CREATEORDER_V4_C0_F8_P10_C50_CAP_S7005_1788673060770,0.0,0.0,0.0,0.0,0.0,0.0,0.0,0.0,0.0,0.0,0.0,660.818515820013,573.5948515647809,0,PASS
CREATEORDER_V4_C0_F8_P10_C50_CAP_S7006,/Users/nischithacn/paper3-exactly-once/results/phase6/runs/CREATEORDER_V4_C0_F8_P10_C50_CAP_S7006/CREATEORDER_V4_C0_F8_P10_C50_CAP_S7006_1788673457673,0.0,0.0,0.0,0.0,0.0,0.0,0.0,0.0,0.0,0.0,0.0,634.0433247257432,563.2516964948194,0,PASS
CREATEORDER_V4_C0_F8_P10_C50_CAP_S7007,/Users/nischithacn/paper3-exactly-once/results/phase6/runs/CREATEORDER_V4_C0_F8_P10_C50_CAP_S7007/CREATEORDER_V4_C0_F8_P10_C50_CAP_S7007_1788673861818,0.0,0.0,0.0,0.0,0.0,0.0,0.0,0.0,0.0,0.0,0.0,698.8828416003037,623.3517079460852,0,PASS
CREATEORDER_V4_C0_F8_P10_C50_CAP_S7008,/Users/nischithacn/paper3-exactly-once/results/phase6/runs/CREATEORDER_V4_C0_F8_P10_C50_CAP_S7008/CREATEORDER_V4_C0_F8_P10_C50_CAP_S7008_1788674245040,0.0,0.0,0.0,0.0,0.0,0.0,0.0,0.0,0.0,0.0,0.0,667.2727792229181,600.5029656740502,0,PASS
CREATEORDER_V4_C0_F8_P10_C50_CAP_S7009,/Users/nischithacn/paper3-exactly-once/results/phase6/runs/CREATEORDER_V4_C0_F8_P10_C50_CAP_S7009/CREATEORDER_V4_C0_F8_P10_C50_CAP_S7009_1788674619490,0.0,0.0,0.0,0.0,0.0,0.0,0.0,0.0,0.0,0.0,0.0,696.90669130642,628.8412345540635,0,PASS
CREATEORDER_V4_C1_F0_P0_C100_S7000,/Users/nischithacn/paper3-exactly-once/results/phase6/runs/CREATEORDER_V4_C1_F0_P0_C100_S7000/CREATEORDER_V4_C1_F0_P0_C100_S7000_1788143095395,0.0,0.0,0.0,0.0,0.0,0.0,0.0,0.0,0.0,0.0,0.0,1476.5557092359259,1285.0965010253217,0,PASS
CREATEORDER_V4_C1_F0_P0_C100_S7001,/Users/nischithacn/paper3-exactly-once/results/phase6/runs/CREATEORDER_V4_C1_F0_P0_C100_S7001/CREATEORDER_V4_C1_F0_P0_C100_S7001_1788320919943,0.0,0.0,0.0,0.0,0.0,0.0,0.0,0.0,0.0,0.0,0.0,1370.8006055531964,1177.5061200473406,0,PASS
CREATEORDER_V4_C1_F0_P0_C100_S7002,/Users/nischithacn/paper3-exactly-once/results/phase6/runs/CREATEORDER_V4_C1_F0_P0_C100_S7002/CREATEORDER_V4_C1_F0_P0_C100_S7002_1788321746409,0.0,0.0,0.0,0.0,0.0,0.0,0.0,0.0,0.0,0.0,0.0,1346.9308467936105,1167.7680727897214,0,PASS
CREATEORDER_V4_C1_F0_P0_C100_S7003,/Users/nischithacn/paper3-exactly-once/results/phase6/runs/CREATEORDER_V4_C1_F0_P0_C100_S7003/CREATEORDER_V4_C1_F0_P0_C100_S7003_1788325313643,0.0,0.0,0.0,0.0,0.0,0.0,0.0,0.0,0.0,0.0,0.0,1227.8727761898006,1073.643811485907,0,PASS
CREATEORDER_V4_C1_F0_P0_C100_S7004,/Users/nischithacn/paper3-exactly-once/results/phase6/runs/CREATEORDER_V4_C1_F0_P0_C100_S7004/CREATEORDER_V4_C1_F0_P0_C100_S7004_1788326089136,0.0,0.0,0.0,0.0,0.0,0.0,0.0,0.0,0.0,0.0,0.0,1343.5848840165702,1171.7677847502935,0,PASS
CREATEORDER_V4_C1_F0_P0_C100_S7005,/Users/nischithacn/paper3-exactly-once/results/phase6/runs/CREATEORDER_V4_C1_F0_P0_C100_S7005/CREATEORDER_V4_C1_F0_P0_C100_S7005_1788326777623,0.0,0.0,0.0,0.0,0.0,0.0,0.0,0.0,0.0,0.0,0.0,963.9985065311681,771.1090038192316,0,PASS
CREATEORDER_V4_C1_F0_P0_C100_S7006,/Users/nischithacn/paper3-exactly-once/results/phase6/runs/CREATEORDER_V4_C1_F0_P0_C100_S7006/CREATEORDER_V4_C1_F0_P0_C100_S7006_1788329342290,0.0,0.0,0.0,0.0,0.0,0.0,0.0,0.0,0.0,0.0,0.0,1346.9328797553576,1168.4409533664552,0,PASS
CREATEORDER_V4_C1_F0_P0_C100_S7007,/Users/nischithacn/paper3-exactly-once/results/phase6/runs/CREATEORDER_V4_C1_F0_P0_C100_S7007/CREATEORDER_V4_C1_F0_P0_C100_S7007_1788330010526,0.0,0.0,0.0,0.0,0.0,0.0,0.0,0.0,0.0,0.0,0.0,1329.257661185688,1153.1434201069058,0,PASS
CREATEORDER_V4_C1_F0_P0_C100_S7008,/Users/nischithacn/paper3-exactly-once/results/phase6/runs/CREATEORDER_V4_C1_F0_P0_C100_S7008/CREATEORDER_V4_C1_F0_P0_C100_S7008_1788330820377,0.0,0.0,0.0,0.0,0.0,0.0,0.0,0.0,0.0,0.0,0.0,1333.3612659795851,1158.994860089423,0,PASS
CREATEORDER_V4_C1_F0_P0_C100_S7009,/Users/nischithacn/paper3-exactly-once/results/phase6/runs/CREATEORDER_V4_C1_F0_P0_C100_S7009/CREATEORDER_V4_C1_F0_P0_C100_S7009_1788331520676,0.0,0.0,0.0,0.0,0.0,0.0,0.0,0.0,0.0,0.0,0.0,1336.1934423206717,1169.553177184112,0,PASS
CREATEORDER_V4_C1_F0_P0_C10_S7000,/Users/nischithacn/paper3-exactly-once/results/phase6/runs/CREATEORDER_V4_C1_F0_P0_C10_S7000/CREATEORDER_V4_C1_F0_P0_C10_S7000_1788143076233,0.0,0.0,0.0,0.0,0.0,0.0,0.0,0.0,0.0,0.0,0.0,1098.1028545672636,969.9383007625883,0,PASS
CREATEORDER_V4_C1_F0_P0_C10_S7001,/Users/nischithacn/paper3-exactly-once/results/phase6/runs/CREATEORDER_V4_C1_F0_P0_C10_S7001/CREATEORDER_V4_C1_F0_P0_C10_S7001_1788320898617,0.0,0.0,0.0,0.0,0.0,0.0,0.0,0.0,0.0,0.0,0.0,970.3285145231503,855.848939286408,0,PASS
CREATEORDER_V4_C1_F0_P0_C10_S7002,/Users/nischithacn/paper3-exactly-once/results/phase6/runs/CREATEORDER_V4_C1_F0_P0_C10_S7002/CREATEORDER_V4_C1_F0_P0_C10_S7002_1788321725396,0.0,0.0,0.0,0.0,0.0,0.0,0.0,0.0,0.0,0.0,0.0,995.8146763185154,883.4999159745893,0,PASS
CREATEORDER_V4_C1_F0_P0_C10_S7003,/Users/nischithacn/paper3-exactly-once/results/phase6/runs/CREATEORDER_V4_C1_F0_P0_C10_S7003/CREATEORDER_V4_C1_F0_P0_C10_S7003_1788325288783,0.0,0.0,0.0,0.0,0.0,0.0,0.0,0.0,0.0,0.0,0.0,836.0808979009512,673.0302191130644,0,PASS
CREATEORDER_V4_C1_F0_P0_C10_S7004,/Users/nischithacn/paper3-exactly-once/results/phase6/runs/CREATEORDER_V4_C1_F0_P0_C10_S7004/CREATEORDER_V4_C1_F0_P0_C10_S7004_1788326062419,0.0,0.0,0.0,0.0,0.0,0.0,0.0,0.0,0.0,0.0,0.0,1028.2001322737283,906.4712058160544,0,PASS
CREATEORDER_V4_C1_F0_P0_C10_S7005,/Users/nischithacn/paper3-exactly-once/results/phase6/runs/CREATEORDER_V4_C1_F0_P0_C10_S7005/CREATEORDER_V4_C1_F0_P0_C10_S7005_1788326737275,0.0,0.0,0.0,0.0,0.0,0.0,0.0,0.0,0.0,0.0,0.0,1033.3556529203536,913.1064337596916,0,PASS
CREATEORDER_V4_C1_F0_P0_C10_S7006,/Users/nischithacn/paper3-exactly-once/results/phase6/runs/CREATEORDER_V4_C1_F0_P0_C10_S7006/CREATEORDER_V4_C1_F0_P0_C10_S7006_1788329320481,0.0,0.0,0.0,0.0,0.0,0.0,0.0,0.0,0.0,0.0,0.0,931.2304001198567,824.6751990441539,0,PASS
CREATEORDER_V4_C1_F0_P0_C10_S7007,/Users/nischithacn/paper3-exactly-once/results/phase6/runs/CREATEORDER_V4_C1_F0_P0_C10_S7007/CREATEORDER_V4_C1_F0_P0_C10_S7007_1788329989639,0.0,0.0,0.0,0.0,0.0,0.0,0.0,0.0,0.0,0.0,0.0,990.8877770047019,877.5128176835851,0,PASS
CREATEORDER_V4_C1_F0_P0_C10_S7008,/Users/nischithacn/paper3-exactly-once/results/phase6/runs/CREATEORDER_V4_C1_F0_P0_C10_S7008/CREATEORDER_V4_C1_F0_P0_C10_S7008_1788330795206,0.0,0.0,0.0,0.0,0.0,0.0,0.0,0.0,0.0,0.0,0.0,826.5507808486338,668.1809091196133,0,PASS
CREATEORDER_V4_C1_F0_P0_C10_S7009,/Users/nischithacn/paper3-exactly-once/results/phase6/runs/CREATEORDER_V4_C1_F0_P0_C10_S7009/CREATEORDER_V4_C1_F0_P0_C10_S7009_1788331492899,0.0,0.0,0.0,0.0,0.0,0.0,0.0,0.0,0.0,0.0,0.0,1002.5922086112652,881.5677131340243,0,PASS
CREATEORDER_V4_C1_F0_P0_C1_S7000,/Users/nischithacn/paper3-exactly-once/results/phase6/runs/CREATEORDER_V4_C1_F0_P0_C1_S7000/CREATEORDER_V4_C1_F0_P0_C1_S7000_1788142974811,0.0,0.0,0.0,0.0,0.0,0.0,0.0,0.0,0.0,0.0,0.0,109.03440578784219,99.12417635764898,0,PASS
CREATEORDER_V4_C1_F0_P0_C1_S7001,/Users/nischithacn/paper3-exactly-once/results/phase6/runs/CREATEORDER_V4_C1_F0_P0_C1_S7001/CREATEORDER_V4_C1_F0_P0_C1_S7001_1788320821400,0.0,0.0,0.0,0.0,0.0,0.0,0.0,0.0,0.0,0.0,0.0,144.14367106255241,130.3948639538113,0,PASS
CREATEORDER_V4_C1_F0_P0_C1_S7002,/Users/nischithacn/paper3-exactly-once/results/phase6/runs/CREATEORDER_V4_C1_F0_P0_C1_S7002/CREATEORDER_V4_C1_F0_P0_C1_S7002_1788321648040,0.0,0.0,0.0,0.0,0.0,0.0,0.0,0.0,0.0,0.0,0.0,143.27417967582943,130.1488271193319,0,PASS
CREATEORDER_V4_C1_F0_P0_C1_S7003,/Users/nischithacn/paper3-exactly-once/results/phase6/runs/CREATEORDER_V4_C1_F0_P0_C1_S7003/CREATEORDER_V4_C1_F0_P0_C1_S7003_1788325175782,0.0,0.0,0.0,0.0,0.0,0.0,0.0,0.0,0.0,0.0,0.0,120.20308561768772,109.16621189681067,0,PASS
CREATEORDER_V4_C1_F0_P0_C1_S7004,/Users/nischithacn/paper3-exactly-once/results/phase6/runs/CREATEORDER_V4_C1_F0_P0_C1_S7004/CREATEORDER_V4_C1_F0_P0_C1_S7004_1788325983149,0.0,0.0,0.0,0.0,0.0,0.0,0.0,0.0,0.0,0.0,0.0,140.21444917563522,126.98170192483647,0,PASS
CREATEORDER_V4_C1_F0_P0_C1_S7005,/Users/nischithacn/paper3-exactly-once/results/phase6/runs/CREATEORDER_V4_C1_F0_P0_C1_S7005/CREATEORDER_V4_C1_F0_P0_C1_S7005_1788326653194,0.0,0.0,0.0,0.0,0.0,0.0,0.0,0.0,0.0,0.0,0.0,132.2085502200979,119.67500279984685,0,PASS
CREATEORDER_V4_C1_F0_P0_C1_S7006,/Users/nischithacn/paper3-exactly-once/results/phase6/runs/CREATEORDER_V4_C1_F0_P0_C1_S7006/CREATEORDER_V4_C1_F0_P0_C1_S7006_1788329233122,0.0,0.0,0.0,0.0,0.0,0.0,0.0,0.0,0.0,0.0,0.0,127.00329120889434,115.17878060846813,0,PASS
CREATEORDER_V4_C1_F0_P0_C1_S7007,/Users/nischithacn/paper3-exactly-once/results/phase6/runs/CREATEORDER_V4_C1_F0_P0_C1_S7007/CREATEORDER_V4_C1_F0_P0_C1_S7007_1788329911498,0.0,0.0,0.0,0.0,0.0,0.0,0.0,0.0,0.0,0.0,0.0,142.33032757699334,128.85742805390322,0,PASS
CREATEORDER_V4_C1_F0_P0_C1_S7008,/Users/nischithacn/paper3-exactly-once/results/phase6/runs/CREATEORDER_V4_C1_F0_P0_C1_S7008/CREATEORDER_V4_C1_F0_P0_C1_S7008_1788330695689,0.0,0.0,0.0,0.0,0.0,0.0,0.0,0.0,0.0,0.0,0.0,141.72693341702524,128.32237236612485,0,PASS
CREATEORDER_V4_C1_F0_P0_C1_S7009,/Users/nischithacn/paper3-exactly-once/results/phase6/runs/CREATEORDER_V4_C1_F0_P0_C1_S7009/CREATEORDER_V4_C1_F0_P0_C1_S7009_1788331403940,0.0,0.0,0.0,0.0,0.0,0.0,0.0,0.0,0.0,0.0,0.0,124.94863185608789,113.10950720893965,0,PASS
CREATEORDER_V4_C1_F0_P0_C50_S7000,/Users/nischithacn/paper3-exactly-once/results/phase6/runs/CREATEORDER_V4_C1_F0_P0_C50_S7000/CREATEORDER_V4_C1_F0_P0_C50_S7000_1788143087104,0.0,0.0,0.0,0.0,0.0,0.0,0.0,0.0,0.0,0.0,0.0,1481.703646341208,1291.8871517027912,0,PASS
CREATEORDER_V4_C1_F0_P0_C50_S7001,/Users/nischithacn/paper3-exactly-once/results/phase6/runs/CREATEORDER_V4_C1_F0_P0_C50_S7001/CREATEORDER_V4_C1_F0_P0_C50_S7001_1788320910830,0.0,0.0,0.0,0.0,0.0,0.0,0.0,0.0,0.0,0.0,0.0,1332.3144016305787,1167.4406314989672,0,PASS
CREATEORDER_V4_C1_F0_P0_C50_S7002,/Users/nischithacn/paper3-exactly-once/results/phase6/runs/CREATEORDER_V4_C1_F0_P0_C50_S7002/CREATEORDER_V4_C1_F0_P0_C50_S7002_1788321737333,0.0,0.0,0.0,0.0,0.0,0.0,0.0,0.0,0.0,0.0,0.0,1340.2411140769598,1174.044326786024,0,PASS
CREATEORDER_V4_C1_F0_P0_C50_S7003,/Users/nischithacn/paper3-exactly-once/results/phase6/runs/CREATEORDER_V4_C1_F0_P0_C50_S7003/CREATEORDER_V4_C1_F0_P0_C50_S7003_1788325304189,0.0,0.0,0.0,0.0,0.0,0.0,0.0,0.0,0.0,0.0,0.0,1295.4682098649703,1123.5098066805845,0,PASS
CREATEORDER_V4_C1_F0_P0_C50_S7004,/Users/nischithacn/paper3-exactly-once/results/phase6/runs/CREATEORDER_V4_C1_F0_P0_C50_S7004/CREATEORDER_V4_C1_F0_P0_C50_S7004_1788326080510,0.0,0.0,0.0,0.0,0.0,0.0,0.0,0.0,0.0,0.0,0.0,1428.8990616281674,1237.7901033665746,0,PASS
CREATEORDER_V4_C1_F0_P0_C50_S7005,/Users/nischithacn/paper3-exactly-once/results/phase6/runs/CREATEORDER_V4_C1_F0_P0_C50_S7005/CREATEORDER_V4_C1_F0_P0_C50_S7005_1788326748763,0.0,0.0,0.0,0.0,0.0,0.0,0.0,0.0,0.0,0.0,0.0,1347.231012975875,1173.2056345592266,0,PASS
CREATEORDER_V4_C1_F0_P0_C50_S7006,/Users/nischithacn/paper3-exactly-once/results/phase6/runs/CREATEORDER_V4_C1_F0_P0_C50_S7006/CREATEORDER_V4_C1_F0_P0_C50_S7006_1788329333142,0.0,0.0,0.0,0.0,0.0,0.0,0.0,0.0,0.0,0.0,0.0,1326.4254996781422,1161.9093013516924,0,PASS
CREATEORDER_V4_C1_F0_P0_C50_S7007,/Users/nischithacn/paper3-exactly-once/results/phase6/runs/CREATEORDER_V4_C1_F0_P0_C50_S7007/CREATEORDER_V4_C1_F0_P0_C50_S7007_1788330001561,0.0,0.0,0.0,0.0,0.0,0.0,0.0,0.0,0.0,0.0,0.0,1362.9528687103586,1188.4131598292765,0,PASS
CREATEORDER_V4_C1_F0_P0_C50_S7008,/Users/nischithacn/paper3-exactly-once/results/phase6/runs/CREATEORDER_V4_C1_F0_P0_C50_S7008/CREATEORDER_V4_C1_F0_P0_C50_S7008_1788330810721,0.0,0.0,0.0,0.0,0.0,0.0,0.0,0.0,0.0,0.0,0.0,1272.392515500889,1096.7691611283708,0,PASS
CREATEORDER_V4_C1_F0_P0_C50_S7009,/Users/nischithacn/paper3-exactly-once/results/phase6/runs/CREATEORDER_V4_C1_F0_P0_C50_S7009/CREATEORDER_V4_C1_F0_P0_C50_S7009_1788331511829,0.0,0.0,0.0,0.0,0.0,0.0,0.0,0.0,0.0,0.0,0.0,1385.9741519024635,1206.5724030059023,0,PASS
CREATEORDER_V4_C1_F11_P0_C50_FAN10_S7000,/Users/nischithacn/paper3-exactly-once/results/phase6/runs/CREATEORDER_V4_C1_F11_P0_C50_FAN10_S7000/CREATEORDER_V4_C1_F11_P0_C50_FAN10_S7000_1788650540395,0.0,0.0,0.0,0.0,0.0,0.0,0.0,0.0,0.0,0.0,0.0,78.43319942237257,71.32930544704753,0,PASS
CREATEORDER_V4_C1_F11_P0_C50_FAN10_S7001,/Users/nischithacn/paper3-exactly-once/results/phase6/runs/CREATEORDER_V4_C1_F11_P0_C50_FAN10_S7001/CREATEORDER_V4_C1_F11_P0_C50_FAN10_S7001_1788652240867,0.0,0.0,0.0,0.0,0.0,0.0,0.0,0.0,0.0,0.0,0.0,78.10644184085045,71.09942020455502,0,PASS
CREATEORDER_V4_C1_F11_P0_C50_FAN10_S7002,/Users/nischithacn/paper3-exactly-once/results/phase6/runs/CREATEORDER_V4_C1_F11_P0_C50_FAN10_S7002/CREATEORDER_V4_C1_F11_P0_C50_FAN10_S7002_1788653954549,0.0,0.0,0.0,0.0,0.0,0.0,0.0,0.0,0.0,0.0,0.0,78.0426148628484,71.02765496525086,0,PASS
CREATEORDER_V4_C1_F11_P0_C50_FAN10_S7003,/Users/nischithacn/paper3-exactly-once/results/phase6/runs/CREATEORDER_V4_C1_F11_P0_C50_FAN10_S7003/CREATEORDER_V4_C1_F11_P0_C50_FAN10_S7003_1788655731183,0.0,0.0,0.0,0.0,0.0,0.0,0.0,0.0,0.0,0.0,0.0,72.85203037405864,66.28321786110769,0,PASS
CREATEORDER_V4_C1_F11_P0_C50_FAN10_S7004,/Users/nischithacn/paper3-exactly-once/results/phase6/runs/CREATEORDER_V4_C1_F11_P0_C50_FAN10_S7004/CREATEORDER_V4_C1_F11_P0_C50_FAN10_S7004_1788657493812,0.0,0.0,0.0,0.0,0.0,0.0,0.0,0.0,0.0,0.0,0.0,76.92477227172189,70.18197761329739,0,PASS
CREATEORDER_V4_C1_F11_P0_C50_FAN10_S7005,/Users/nischithacn/paper3-exactly-once/results/phase6/runs/CREATEORDER_V4_C1_F11_P0_C50_FAN10_S7005/CREATEORDER_V4_C1_F11_P0_C50_FAN10_S7005_1788659188648,0.0,0.0,0.0,0.0,0.0,0.0,0.0,0.0,0.0,0.0,0.0,78.63547204983713,71.67073972398147,0,PASS
CREATEORDER_V4_C1_F11_P0_C50_FAN10_S7006,/Users/nischithacn/paper3-exactly-once/results/phase6/runs/CREATEORDER_V4_C1_F11_P0_C50_FAN10_S7006/CREATEORDER_V4_C1_F11_P0_C50_FAN10_S7006_1788660883871,0.0,0.0,0.0,0.0,0.0,0.0,0.0,0.0,0.0,0.0,0.0,77.58015879537082,70.63928943965591,0,PASS
CREATEORDER_V4_C1_F11_P0_C50_FAN10_S7007,/Users/nischithacn/paper3-exactly-once/results/phase6/runs/CREATEORDER_V4_C1_F11_P0_C50_FAN10_S7007/CREATEORDER_V4_C1_F11_P0_C50_FAN10_S7007_1788662584315,0.0,0.0,0.0,0.0,0.0,0.0,0.0,0.0,0.0,0.0,0.0,78.09438400458734,71.1452612562758,0,PASS
CREATEORDER_V4_C1_F11_P0_C50_FAN10_S7008,/Users/nischithacn/paper3-exactly-once/results/phase6/runs/CREATEORDER_V4_C1_F11_P0_C50_FAN10_S7008/CREATEORDER_V4_C1_F11_P0_C50_FAN10_S7008_1788664290630,0.0,0.0,0.0,0.0,0.0,0.0,0.0,0.0,0.0,0.0,0.0,75.02020949651207,68.10135660896918,0,PASS
CREATEORDER_V4_C1_F11_P0_C50_FAN10_S7009,/Users/nischithacn/paper3-exactly-once/results/phase6/runs/CREATEORDER_V4_C1_F11_P0_C50_FAN10_S7009/CREATEORDER_V4_C1_F11_P0_C50_FAN10_S7009_1788665957908,0.0,0.0,0.0,0.0,0.0,0.0,0.0,0.0,0.0,0.0,0.0,83.93088415244003,76.56813235690957,0,PASS
CREATEORDER_V4_C1_F11_P0_C50_FAN2_S7000,/Users/nischithacn/paper3-exactly-once/results/phase6/runs/CREATEORDER_V4_C1_F11_P0_C50_FAN2_S7000/CREATEORDER_V4_C1_F11_P0_C50_FAN2_S7000_1788650415725,0.0,0.0,0.0,0.0,0.0,0.0,0.0,0.0,0.0,0.0,0.0,262.33771672847524,226.94145434407397,0,PASS
CREATEORDER_V4_C1_F11_P0_C50_FAN2_S7001,/Users/nischithacn/paper3-exactly-once/results/phase6/runs/CREATEORDER_V4_C1_F11_P0_C50_FAN2_S7001/CREATEORDER_V4_C1_F11_P0_C50_FAN2_S7001_1788652116902,0.0,0.0,0.0,0.0,0.0,0.0,0.0,0.0,0.0,0.0,0.0,269.12278094224723,235.88876382179004,0,PASS
CREATEORDER_V4_C1_F11_P0_C50_FAN2_S7002,/Users/nischithacn/paper3-exactly-once/results/phase6/runs/CREATEORDER_V4_C1_F11_P0_C50_FAN2_S7002/CREATEORDER_V4_C1_F11_P0_C50_FAN2_S7002_1788653829580,0.0,0.0,0.0,0.0,0.0,0.0,0.0,0.0,0.0,0.0,0.0,264.25610157545515,227.79271604931566,0,PASS
CREATEORDER_V4_C1_F11_P0_C50_FAN2_S7003,/Users/nischithacn/paper3-exactly-once/results/phase6/runs/CREATEORDER_V4_C1_F11_P0_C50_FAN2_S7003/CREATEORDER_V4_C1_F11_P0_C50_FAN2_S7003_1788655595483,0.0,0.0,0.0,0.0,0.0,0.0,0.0,0.0,0.0,0.0,0.0,238.53433244411139,205.87365624839694,0,PASS
CREATEORDER_V4_C1_F11_P0_C50_FAN2_S7004,/Users/nischithacn/paper3-exactly-once/results/phase6/runs/CREATEORDER_V4_C1_F11_P0_C50_FAN2_S7004/CREATEORDER_V4_C1_F11_P0_C50_FAN2_S7004_1788657371256,0.0,0.0,0.0,0.0,0.0,0.0,0.0,0.0,0.0,0.0,0.0,273.5788807819933,235.8306140793818,0,PASS
CREATEORDER_V4_C1_F11_P0_C50_FAN2_S7005,/Users/nischithacn/paper3-exactly-once/results/phase6/runs/CREATEORDER_V4_C1_F11_P0_C50_FAN2_S7005/CREATEORDER_V4_C1_F11_P0_C50_FAN2_S7005_1788659065031,0.0,0.0,0.0,0.0,0.0,0.0,0.0,0.0,0.0,0.0,0.0,266.94572119665065,229.56534459948602,0,PASS
CREATEORDER_V4_C1_F11_P0_C50_FAN2_S7006,/Users/nischithacn/paper3-exactly-once/results/phase6/runs/CREATEORDER_V4_C1_F11_P0_C50_FAN2_S7006/CREATEORDER_V4_C1_F11_P0_C50_FAN2_S7006_1788660758564,0.0,0.0,0.0,0.0,0.0,0.0,0.0,0.0,0.0,0.0,0.0,262.9695336828522,227.59356684223997,0,PASS
CREATEORDER_V4_C1_F11_P0_C50_FAN2_S7007,/Users/nischithacn/paper3-exactly-once/results/phase6/runs/CREATEORDER_V4_C1_F11_P0_C50_FAN2_S7007/CREATEORDER_V4_C1_F11_P0_C50_FAN2_S7007_1788662461018,0.0,0.0,0.0,0.0,0.0,0.0,0.0,0.0,0.0,0.0,0.0,266.23441557713653,234.01159156062045,0,PASS
CREATEORDER_V4_C1_F11_P0_C50_FAN2_S7008,/Users/nischithacn/paper3-exactly-once/results/phase6/runs/CREATEORDER_V4_C1_F11_P0_C50_FAN2_S7008/CREATEORDER_V4_C1_F11_P0_C50_FAN2_S7008_1788664151996,0.0,0.0,0.0,0.0,0.0,0.0,0.0,0.0,0.0,0.0,0.0,230.90442893353327,202.11026176663157,0,PASS
CREATEORDER_V4_C1_F11_P0_C50_FAN2_S7009,/Users/nischithacn/paper3-exactly-once/results/phase6/runs/CREATEORDER_V4_C1_F11_P0_C50_FAN2_S7009/CREATEORDER_V4_C1_F11_P0_C50_FAN2_S7009_1788665841969,0.0,0.0,0.0,0.0,0.0,0.0,0.0,0.0,0.0,0.0,0.0,285.35675741580735,244.98821630174322,0,PASS
CREATEORDER_V4_C1_F11_P0_C50_FAN5_S7000,/Users/nischithacn/paper3-exactly-once/results/phase6/runs/CREATEORDER_V4_C1_F11_P0_C50_FAN5_S7000/CREATEORDER_V4_C1_F11_P0_C50_FAN5_S7000_1788650460647,0.0,0.0,0.0,0.0,0.0,0.0,0.0,0.0,0.0,0.0,0.0,140.1732104502857,127.38731475517025,0,PASS
CREATEORDER_V4_C1_F11_P0_C50_FAN5_S7001,/Users/nischithacn/paper3-exactly-once/results/phase6/runs/CREATEORDER_V4_C1_F11_P0_C50_FAN5_S7001/CREATEORDER_V4_C1_F11_P0_C50_FAN5_S7001_1788652160169,0.0,0.0,0.0,0.0,0.0,0.0,0.0,0.0,0.0,0.0,0.0,138.47829113428543,125.88655763021715,0,PASS
CREATEORDER_V4_C1_F11_P0_C50_FAN5_S7002,/Users/nischithacn/paper3-exactly-once/results/phase6/runs/CREATEORDER_V4_C1_F11_P0_C50_FAN5_S7002/CREATEORDER_V4_C1_F11_P0_C50_FAN5_S7002_1788653874320,0.0,0.0,0.0,0.0,0.0,0.0,0.0,0.0,0.0,0.0,0.0,139.2677823443239,126.63637344013125,0,PASS
CREATEORDER_V4_C1_F11_P0_C50_FAN5_S7003,/Users/nischithacn/paper3-exactly-once/results/phase6/runs/CREATEORDER_V4_C1_F11_P0_C50_FAN5_S7003/CREATEORDER_V4_C1_F11_P0_C50_FAN5_S7003_1788655644949,0.0,0.0,0.0,0.0,0.0,0.0,0.0,0.0,0.0,0.0,0.0,129.7695950354655,117.78819684367923,0,PASS
CREATEORDER_V4_C1_F11_P0_C50_FAN5_S7004,/Users/nischithacn/paper3-exactly-once/results/phase6/runs/CREATEORDER_V4_C1_F11_P0_C50_FAN5_S7004/CREATEORDER_V4_C1_F11_P0_C50_FAN5_S7004_1788657414496,0.0,0.0,0.0,0.0,0.0,0.0,0.0,0.0,0.0,0.0,0.0,140.55292414729874,128.07187158301286,0,PASS
CREATEORDER_V4_C1_F11_P0_C50_FAN5_S7005,/Users/nischithacn/paper3-exactly-once/results/phase6/runs/CREATEORDER_V4_C1_F11_P0_C50_FAN5_S7005/CREATEORDER_V4_C1_F11_P0_C50_FAN5_S7005_1788659109461,0.0,0.0,0.0,0.0,0.0,0.0,0.0,0.0,0.0,0.0,0.0,141.09464059904374,128.32230130645428,0,PASS
CREATEORDER_V4_C1_F11_P0_C50_FAN5_S7006,/Users/nischithacn/paper3-exactly-once/results/phase6/runs/CREATEORDER_V4_C1_F11_P0_C50_FAN5_S7006/CREATEORDER_V4_C1_F11_P0_C50_FAN5_S7006_1788660803363,0.0,0.0,0.0,0.0,0.0,0.0,0.0,0.0,0.0,0.0,0.0,138.64398216209014,126.18164995290628,0,PASS
CREATEORDER_V4_C1_F11_P0_C50_FAN5_S7007,/Users/nischithacn/paper3-exactly-once/results/phase6/runs/CREATEORDER_V4_C1_F11_P0_C50_FAN5_S7007/CREATEORDER_V4_C1_F11_P0_C50_FAN5_S7007_1788662504600,0.0,0.0,0.0,0.0,0.0,0.0,0.0,0.0,0.0,0.0,0.0,140.2180589822793,127.43983913603145,0,PASS
CREATEORDER_V4_C1_F11_P0_C50_FAN5_S7008,/Users/nischithacn/paper3-exactly-once/results/phase6/runs/CREATEORDER_V4_C1_F11_P0_C50_FAN5_S7008/CREATEORDER_V4_C1_F11_P0_C50_FAN5_S7008_1788664202351,0.0,0.0,0.0,0.0,0.0,0.0,0.0,0.0,0.0,0.0,0.0,126.08050169981863,114.94678666047746,0,PASS
CREATEORDER_V4_C1_F11_P0_C50_FAN5_S7009,/Users/nischithacn/paper3-exactly-once/results/phase6/runs/CREATEORDER_V4_C1_F11_P0_C50_FAN5_S7009/CREATEORDER_V4_C1_F11_P0_C50_FAN5_S7009_1788665883612,0.0,0.0,0.0,0.0,0.0,0.0,0.0,0.0,0.0,0.0,0.0,150.25659541119023,136.86111481228588,0,PASS
CREATEORDER_V4_C1_F1_P10_C50_S7000,/Users/nischithacn/paper3-exactly-once/results/phase6/runs/CREATEORDER_V4_C1_F1_P10_C50_S7000/CREATEORDER_V4_C1_F1_P10_C50_S7000_1788676996194,0.0,0.0,0.0,0.0,0.0,0.0,0.0,0.0,0.0,0.0,0.0,1032.820681983579,899.3681678222017,0,PASS
CREATEORDER_V4_C1_F1_P10_C50_S7001,/Users/nischithacn/paper3-exactly-once/results/phase6/runs/CREATEORDER_V4_C1_F1_P10_C50_S7001/CREATEORDER_V4_C1_F1_P10_C50_S7001_1788677237597,0.0,0.0,0.0,0.0,0.0,0.0,0.0,0.0,0.0,0.0,0.0,1017.3306475228327,884.3116229973343,0,PASS
CREATEORDER_V4_C1_F1_P10_C50_S7002,/Users/nischithacn/paper3-exactly-once/results/phase6/runs/CREATEORDER_V4_C1_F1_P10_C50_S7002/CREATEORDER_V4_C1_F1_P10_C50_S7002_1788677475075,0.0,0.0,0.0,0.0,0.0,0.0,0.0,0.0,0.0,0.0,0.0,773.1132827289887,625.8245244794543,0,PASS
CREATEORDER_V4_C1_F1_P10_C50_S7003,/Users/nischithacn/paper3-exactly-once/results/phase6/runs/CREATEORDER_V4_C1_F1_P10_C50_S7003/CREATEORDER_V4_C1_F1_P10_C50_S7003_1788677698502,0.0,0.0,0.0,0.0,0.0,0.0,0.0,0.0,0.0,0.0,0.0,1014.1436429142296,889.2058195214316,0,PASS
CREATEORDER_V4_C1_F1_P10_C50_S7004,/Users/nischithacn/paper3-exactly-once/results/phase6/runs/CREATEORDER_V4_C1_F1_P10_C50_S7004/CREATEORDER_V4_C1_F1_P10_C50_S7004_1788677945170,0.0,0.0,0.0,0.0,0.0,0.0,0.0,0.0,0.0,0.0,0.0,990.6327745544395,865.9211118397479,0,PASS
CREATEORDER_V4_C1_F1_P10_C50_S7005,/Users/nischithacn/paper3-exactly-once/results/phase6/runs/CREATEORDER_V4_C1_F1_P10_C50_S7005/CREATEORDER_V4_C1_F1_P10_C50_S7005_1788678188608,0.0,0.0,0.0,0.0,0.0,0.0,0.0,0.0,0.0,0.0,0.0,956.4133550594145,836.4912211284362,0,PASS
CREATEORDER_V4_C1_F1_P10_C50_S7006,/Users/nischithacn/paper3-exactly-once/results/phase6/runs/CREATEORDER_V4_C1_F1_P10_C50_S7006/CREATEORDER_V4_C1_F1_P10_C50_S7006_1788678439710,0.0,0.0,0.0,0.0,0.0,0.0,0.0,0.0,0.0,0.0,0.0,995.395620315658,867.1556554598264,0,PASS
CREATEORDER_V4_C1_F1_P10_C50_S7007,/Users/nischithacn/paper3-exactly-once/results/phase6/runs/CREATEORDER_V4_C1_F1_P10_C50_S7007/CREATEORDER_V4_C1_F1_P10_C50_S7007_1788678688230,0.0,0.0,0.0,0.0,0.0,0.0,0.0,0.0,0.0,0.0,0.0,724.4969308706599,597.3219330300827,0,PASS
CREATEORDER_V4_C1_F1_P10_C50_S7008,/Users/nischithacn/paper3-exactly-once/results/phase6/runs/CREATEORDER_V4_C1_F1_P10_C50_S7008/CREATEORDER_V4_C1_F1_P10_C50_S7008_1788678921490,0.0,0.0,0.0,0.0,0.0,0.0,0.0,0.0,0.0,0.0,0.0,972.8699594683134,858.6853722309404,0,PASS
CREATEORDER_V4_C1_F1_P10_C50_S7009,/Users/nischithacn/paper3-exactly-once/results/phase6/runs/CREATEORDER_V4_C1_F1_P10_C50_S7009/CREATEORDER_V4_C1_F1_P10_C50_S7009_1788679176463,0.0,0.0,0.0,0.0,0.0,0.0,0.0,0.0,0.0,0.0,0.0,962.873074795169,844.6486705500773,0,PASS
CREATEORDER_V4_C1_F2_P10_C50_S7000,/Users/nischithacn/paper3-exactly-once/results/phase6/runs/CREATEORDER_V4_C1_F2_P10_C50_S7000/CREATEORDER_V4_C1_F2_P10_C50_S7000_1788677082467,0.0,0.0,0.0,0.0,0.0,0.0,0.0,0.0,0.0,0.0,0.0,745.5306905931138,596.6976303829955,0,PASS
CREATEORDER_V4_C1_F2_P10_C50_S7001,/Users/nischithacn/paper3-exactly-once/results/phase6/runs/CREATEORDER_V4_C1_F2_P10_C50_S7001/CREATEORDER_V4_C1_F2_P10_C50_S7001_1788677303073,0.0,0.0,0.0,0.0,0.0,0.0,0.0,0.0,0.0,0.0,0.0,961.5389156273159,836.0030406459774,0,PASS
CREATEORDER_V4_C1_F2_P10_C50_S7002,/Users/nischithacn/paper3-exactly-once/results/phase6/runs/CREATEORDER_V4_C1_F2_P10_C50_S7002/CREATEORDER_V4_C1_F2_P10_C50_S7002_1788677545753,0.0,0.0,0.0,0.0,0.0,0.0,0.0,0.0,0.0,0.0,0.0,910.098071257033,799.9818882274375,0,PASS
CREATEORDER_V4_C1_F2_P10_C50_S7003,/Users/nischithacn/paper3-exactly-once/results/phase6/runs/CREATEORDER_V4_C1_F2_P10_C50_S7003/CREATEORDER_V4_C1_F2_P10_C50_S7003_1788677784326,0.0,0.0,0.0,0.0,0.0,0.0,0.0,0.0,0.0,0.0,0.0,885.1182853534388,776.5533723348159,0,PASS
CREATEORDER_V4_C1_F2_P10_C50_S7004,/Users/nischithacn/paper3-exactly-once/results/phase6/runs/CREATEORDER_V4_C1_F2_P10_C50_S7004/CREATEORDER_V4_C1_F2_P10_C50_S7004_1788678031761,0.0,0.0,0.0,0.0,0.0,0.0,0.0,0.0,0.0,0.0,0.0,929.4401521707225,806.46168565579,0,PASS
CREATEORDER_V4_C1_F2_P10_C50_S7005,/Users/nischithacn/paper3-exactly-once/results/phase6/runs/CREATEORDER_V4_C1_F2_P10_C50_S7005/CREATEORDER_V4_C1_F2_P10_C50_S7005_1788678278125,0.0,0.0,0.0,0.0,0.0,0.0,0.0,0.0,0.0,0.0,0.0,681.3168409429722,555.9286219239387,0,PASS
CREATEORDER_V4_C1_F2_P10_C50_S7006,/Users/nischithacn/paper3-exactly-once/results/phase6/runs/CREATEORDER_V4_C1_F2_P10_C50_S7006/CREATEORDER_V4_C1_F2_P10_C50_S7006_1788678507910,0.0,0.0,0.0,0.0,0.0,0.0,0.0,0.0,0.0,0.0,0.0,892.1929542881463,781.0762189473942,0,PASS
CREATEORDER_V4_C1_F2_P10_C50_S7007,/Users/nischithacn/paper3-exactly-once/results/phase6/runs/CREATEORDER_V4_C1_F2_P10_C50_S7007/CREATEORDER_V4_C1_F2_P10_C50_S7007_1788678761905,0.0,0.0,0.0,0.0,0.0,0.0,0.0,0.0,0.0,0.0,0.0,829.636421081294,732.9050535452831,0,PASS
CREATEORDER_V4_C1_F2_P10_C50_S7008,/Users/nischithacn/paper3-exactly-once/results/phase6/runs/CREATEORDER_V4_C1_F2_P10_C50_S7008/CREATEORDER_V4_C1_F2_P10_C50_S7008_1788679010309,0.0,0.0,0.0,0.0,0.0,0.0,0.0,0.0,0.0,0.0,0.0,837.6801233733103,736.4542966482767,0,PASS
CREATEORDER_V4_C1_F2_P10_C50_S7009,/Users/nischithacn/paper3-exactly-once/results/phase6/runs/CREATEORDER_V4_C1_F2_P10_C50_S7009/CREATEORDER_V4_C1_F2_P10_C50_S7009_1788679265280,0.0,0.0,0.0,0.0,0.0,0.0,0.0,0.0,0.0,0.0,0.0,871.0824173646936,766.1354673731504,0,PASS
CREATEORDER_V4_C1_F3_P10_C10_S7000,/Users/nischithacn/paper3-exactly-once/results/phase6/runs/CREATEORDER_V4_C1_F3_P10_C10_S7000/CREATEORDER_V4_C1_F3_P10_C10_S7000_1788144205454,0.0,0.0,0.0,0.0,0.0,0.0,0.0,0.0,0.0,0.0,0.0,236.91675184940678,212.94499314139878,0,PASS
CREATEORDER_V4_C1_F3_P10_C10_S7001,/Users/nischithacn/paper3-exactly-once/results/phase6/runs/CREATEORDER_V4_C1_F3_P10_C10_S7001/CREATEORDER_V4_C1_F3_P10_C10_S7001_1788332920143,0.0,0.0,0.0,0.0,0.0,0.0,0.0,0.0,0.0,0.0,0.0,250.81422455133387,227.48971165024506,0,PASS
CREATEORDER_V4_C1_F3_P10_C10_S7002,/Users/nischithacn/paper3-exactly-once/results/phase6/runs/CREATEORDER_V4_C1_F3_P10_C10_S7002/CREATEORDER_V4_C1_F3_P10_C10_S7002_1788334401755,0.0,0.0,0.0,0.0,0.0,0.0,0.0,0.0,0.0,0.0,0.0,234.40171992566013,210.0047619158963,0,PASS
CREATEORDER_V4_C1_F3_P10_C10_S7003,/Users/nischithacn/paper3-exactly-once/results/phase6/runs/CREATEORDER_V4_C1_F3_P10_C10_S7003/CREATEORDER_V4_C1_F3_P10_C10_S7003_1788336576771,0.0,0.0,0.0,0.0,0.0,0.0,0.0,0.0,0.0,0.0,0.0,237.25278159855537,215.05831523980024,0,PASS
CREATEORDER_V4_C1_F3_P10_C10_S7004,/Users/nischithacn/paper3-exactly-once/results/phase6/runs/CREATEORDER_V4_C1_F3_P10_C10_S7004/CREATEORDER_V4_C1_F3_P10_C10_S7004_1788365021011,0.0,0.0,0.0,0.0,0.0,0.0,0.0,0.0,0.0,0.0,0.0,229.5057128635824,205.39373833866568,0,PASS
CREATEORDER_V4_C1_F3_P10_C10_S7005,/Users/nischithacn/paper3-exactly-once/results/phase6/runs/CREATEORDER_V4_C1_F3_P10_C10_S7005/CREATEORDER_V4_C1_F3_P10_C10_S7005_1788366477915,0.0,0.0,0.0,0.0,0.0,0.0,0.0,0.0,0.0,0.0,0.0,242.88544178316926,216.5284350173583,0,PASS
CREATEORDER_V4_C1_F3_P10_C10_S7006,/Users/nischithacn/paper3-exactly-once/results/phase6/runs/CREATEORDER_V4_C1_F3_P10_C10_S7006/CREATEORDER_V4_C1_F3_P10_C10_S7006_1788367805882,0.0,0.0,0.0,0.0,0.0,0.0,0.0,0.0,0.0,0.0,0.0,247.51993733631835,222.48271311551184,0,PASS
CREATEORDER_V4_C1_F3_P10_C10_S7007,/Users/nischithacn/paper3-exactly-once/results/phase6/runs/CREATEORDER_V4_C1_F3_P10_C10_S7007/CREATEORDER_V4_C1_F3_P10_C10_S7007_1788369283000,0.0,0.0,0.0,0.0,0.0,0.0,0.0,0.0,0.0,0.0,0.0,241.63744293594323,219.1852075821151,0,PASS
CREATEORDER_V4_C1_F3_P10_C10_S7008,/Users/nischithacn/paper3-exactly-once/results/phase6/runs/CREATEORDER_V4_C1_F3_P10_C10_S7008/CREATEORDER_V4_C1_F3_P10_C10_S7008_1788373432415,0.0,0.0,0.0,0.0,0.0,0.0,0.0,0.0,0.0,0.0,0.0,247.63442135366057,222.957997619551,0,PASS
CREATEORDER_V4_C1_F3_P10_C10_S7009,/Users/nischithacn/paper3-exactly-once/results/phase6/runs/CREATEORDER_V4_C1_F3_P10_C10_S7009/CREATEORDER_V4_C1_F3_P10_C10_S7009_1788375124386,0.0,0.0,0.0,0.0,0.0,0.0,0.0,0.0,0.0,0.0,0.0,226.66251116423803,199.82437501357197,0,PASS
CREATEORDER_V4_C1_F3_P10_C50_CAP_S7000,/Users/nischithacn/paper3-exactly-once/results/phase6/runs/CREATEORDER_V4_C1_F3_P10_C50_CAP_S7000/CREATEORDER_V4_C1_F3_P10_C50_CAP_S7000_1788671223324,0.0,0.0,0.0,0.0,0.0,0.0,0.0,0.0,0.0,0.0,0.0,1001.9979499470693,868.1612239449164,0,PASS
CREATEORDER_V4_C1_F3_P10_C50_CAP_S7001,/Users/nischithacn/paper3-exactly-once/results/phase6/runs/CREATEORDER_V4_C1_F3_P10_C50_CAP_S7001/CREATEORDER_V4_C1_F3_P10_C50_CAP_S7001_1788671576058,0.0,0.0,0.0,0.0,0.0,0.0,0.0,0.0,0.0,0.0,0.0,928.3959764100923,809.6746521363573,0,PASS
CREATEORDER_V4_C1_F3_P10_C50_CAP_S7002,/Users/nischithacn/paper3-exactly-once/results/phase6/runs/CREATEORDER_V4_C1_F3_P10_C50_CAP_S7002/CREATEORDER_V4_C1_F3_P10_C50_CAP_S7002_1788671938113,0.0,0.0,0.0,0.0,0.0,0.0,0.0,0.0,0.0,0.0,0.0,977.1564190563096,853.2270097771222,0,PASS
CREATEORDER_V4_C1_F3_P10_C50_CAP_S7003,/Users/nischithacn/paper3-exactly-once/results/phase6/runs/CREATEORDER_V4_C1_F3_P10_C50_CAP_S7003/CREATEORDER_V4_C1_F3_P10_C50_CAP_S7003_1788672301655,0.0,0.0,0.0,0.0,0.0,0.0,0.0,0.0,0.0,0.0,0.0,897.5431206219724,793.7529171002201,0,PASS
CREATEORDER_V4_C1_F3_P10_C50_CAP_S7004,/Users/nischithacn/paper3-exactly-once/results/phase6/runs/CREATEORDER_V4_C1_F3_P10_C50_CAP_S7004/CREATEORDER_V4_C1_F3_P10_C50_CAP_S7004_1788672693815,0.0,0.0,0.0,0.0,0.0,0.0,0.0,0.0,0.0,0.0,0.0,696.8898551373351,573.3682270643735,0,PASS
CREATEORDER_V4_C1_F3_P10_C50_CAP_S7005,/Users/nischithacn/paper3-exactly-once/results/phase6/runs/CREATEORDER_V4_C1_F3_P10_C50_CAP_S7005/CREATEORDER_V4_C1_F3_P10_C50_CAP_S7005_1788673078824,0.0,0.0,0.0,0.0,0.0,0.0,0.0,0.0,0.0,0.0,0.0,820.7463052753803,723.1623705303003,0,PASS
CREATEORDER_V4_C1_F3_P10_C50_CAP_S7006,/Users/nischithacn/paper3-exactly-once/results/phase6/runs/CREATEORDER_V4_C1_F3_P10_C50_CAP_S7006/CREATEORDER_V4_C1_F3_P10_C50_CAP_S7006_1788673476052,0.0,0.0,0.0,0.0,0.0,0.0,0.0,0.0,0.0,0.0,0.0,777.3521431503829,692.2486201872299,0,PASS
CREATEORDER_V4_C1_F3_P10_C50_CAP_S7007,/Users/nischithacn/paper3-exactly-once/results/phase6/runs/CREATEORDER_V4_C1_F3_P10_C50_CAP_S7007/CREATEORDER_V4_C1_F3_P10_C50_CAP_S7007_1788673878463,0.0,0.0,0.0,0.0,0.0,0.0,0.0,0.0,0.0,0.0,0.0,840.7368538451442,746.3258704079664,0,PASS
CREATEORDER_V4_C1_F3_P10_C50_CAP_S7008,/Users/nischithacn/paper3-exactly-once/results/phase6/runs/CREATEORDER_V4_C1_F3_P10_C50_CAP_S7008/CREATEORDER_V4_C1_F3_P10_C50_CAP_S7008_1788674262289,0.0,0.0,0.0,0.0,0.0,0.0,0.0,0.0,0.0,0.0,0.0,859.6869572517722,764.0385366658544,0,PASS
CREATEORDER_V4_C1_F3_P10_C50_CAP_S7009,/Users/nischithacn/paper3-exactly-once/results/phase6/runs/CREATEORDER_V4_C1_F3_P10_C50_CAP_S7009/CREATEORDER_V4_C1_F3_P10_C50_CAP_S7009_1788674657660,0.0,0.0,0.0,0.0,0.0,0.0,0.0,0.0,0.0,0.0,0.0,664.8765020380142,547.9613624049533,0,PASS
CREATEORDER_V4_C1_F3_P10_C50_S7000,/Users/nischithacn/paper3-exactly-once/results/phase6/runs/CREATEORDER_V4_C1_F3_P10_C50_S7000/CREATEORDER_V4_C1_F3_P10_C50_S7000_1788144253026,0.0,0.0,0.0,0.0,0.0,0.0,0.0,0.0,0.0,0.0,0.0,1056.143984546465,920.5484868598813,0,PASS
CREATEORDER_V4_C1_F3_P10_C50_S7001,/Users/nischithacn/paper3-exactly-once/results/phase6/runs/CREATEORDER_V4_C1_F3_P10_C50_S7001/CREATEORDER_V4_C1_F3_P10_C50_S7001_1788332964694,0.0,0.0,0.0,0.0,0.0,0.0,0.0,0.0,0.0,0.0,0.0,995.2605634185486,862.0158384443736,0,PASS
CREATEORDER_V4_C1_F3_P10_C50_S7002,/Users/nischithacn/paper3-exactly-once/results/phase6/runs/CREATEORDER_V4_C1_F3_P10_C50_S7002/CREATEORDER_V4_C1_F3_P10_C50_S7002_1788334457031,0.0,0.0,0.0,0.0,0.0,0.0,0.0,0.0,0.0,0.0,0.0,932.88818619668,809.8950493414133,0,PASS
CREATEORDER_V4_C1_F3_P10_C50_S7003,/Users/nischithacn/paper3-exactly-once/results/phase6/runs/CREATEORDER_V4_C1_F3_P10_C50_S7003/CREATEORDER_V4_C1_F3_P10_C50_S7003_1788336623852,0.0,0.0,0.0,0.0,0.0,0.0,0.0,0.0,0.0,0.0,0.0,985.1209140056942,856.8693839183852,0,PASS
CREATEORDER_V4_C1_F3_P10_C50_S7004,/Users/nischithacn/paper3-exactly-once/results/phase6/runs/CREATEORDER_V4_C1_F3_P10_C50_S7004/CREATEORDER_V4_C1_F3_P10_C50_S7004_1788365070311,0.0,0.0,0.0,0.0,0.0,0.0,0.0,0.0,0.0,0.0,0.0,989.960909527341,844.4492468930436,0,PASS
CREATEORDER_V4_C1_F3_P10_C50_S7005,/Users/nischithacn/paper3-exactly-once/results/phase6/runs/CREATEORDER_V4_C1_F3_P10_C50_S7005/CREATEORDER_V4_C1_F3_P10_C50_S7005_1788366524679,0.0,0.0,0.0,0.0,0.0,0.0,0.0,0.0,0.0,0.0,0.0,1001.4558020391926,868.4268075064238,0,PASS
CREATEORDER_V4_C1_F3_P10_C50_S7006,/Users/nischithacn/paper3-exactly-once/results/phase6/runs/CREATEORDER_V4_C1_F3_P10_C50_S7006/CREATEORDER_V4_C1_F3_P10_C50_S7006_1788367851424,0.0,0.0,0.0,0.0,0.0,0.0,0.0,0.0,0.0,0.0,0.0,1001.2333087658259,868.7727500364862,0,PASS
CREATEORDER_V4_C1_F3_P10_C50_S7007,/Users/nischithacn/paper3-exactly-once/results/phase6/runs/CREATEORDER_V4_C1_F3_P10_C50_S7007/CREATEORDER_V4_C1_F3_P10_C50_S7007_1788369336291,0.0,0.0,0.0,0.0,0.0,0.0,0.0,0.0,0.0,0.0,0.0,1021.7804712975286,886.5282727383886,0,PASS
CREATEORDER_V4_C1_F3_P10_C50_S7008,/Users/nischithacn/paper3-exactly-once/results/phase6/runs/CREATEORDER_V4_C1_F3_P10_C50_S7008/CREATEORDER_V4_C1_F3_P10_C50_S7008_1788373477850,0.0,0.0,0.0,0.0,0.0,0.0,0.0,0.0,0.0,0.0,0.0,998.2568186304538,869.9815178625228,0,PASS
CREATEORDER_V4_C1_F3_P10_C50_S7009,/Users/nischithacn/paper3-exactly-once/results/phase6/runs/CREATEORDER_V4_C1_F3_P10_C50_S7009/CREATEORDER_V4_C1_F3_P10_C50_S7009_1788375175034,0.0,0.0,0.0,0.0,0.0,0.0,0.0,0.0,0.0,0.0,0.0,969.4892144514431,830.284525445624,0,PASS
CREATEORDER_V4_C1_F3_P1_C10_S7000,/Users/nischithacn/paper3-exactly-once/results/phase6/runs/CREATEORDER_V4_C1_F3_P1_C10_S7000/CREATEORDER_V4_C1_F3_P1_C10_S7000_1788144146425,0.0,0.0,0.0,0.0,0.0,0.0,0.0,0.0,0.0,0.0,0.0,921.1484056447941,805.739507775716,0,PASS
CREATEORDER_V4_C1_F3_P1_C10_S7001,/Users/nischithacn/paper3-exactly-once/results/phase6/runs/CREATEORDER_V4_C1_F3_P1_C10_S7001/CREATEORDER_V4_C1_F3_P1_C10_S7001_1788332852109,0.0,0.0,0.0,0.0,0.0,0.0,0.0,0.0,0.0,0.0,0.0,855.2719811449239,730.102065710098,0,PASS
CREATEORDER_V4_C1_F3_P1_C10_S7002,/Users/nischithacn/paper3-exactly-once/results/phase6/runs/CREATEORDER_V4_C1_F3_P1_C10_S7002/CREATEORDER_V4_C1_F3_P1_C10_S7002_1788334328107,0.0,0.0,0.0,0.0,0.0,0.0,0.0,0.0,0.0,0.0,0.0,608.3173904524298,506.2942944466861,0,PASS
CREATEORDER_V4_C1_F3_P1_C10_S7003,/Users/nischithacn/paper3-exactly-once/results/phase6/runs/CREATEORDER_V4_C1_F3_P1_C10_S7003/CREATEORDER_V4_C1_F3_P1_C10_S7003_1788336491400,0.0,0.0,0.0,0.0,0.0,0.0,0.0,0.0,0.0,0.0,0.0,851.5448327785834,726.931254740244,0,PASS
CREATEORDER_V4_C1_F3_P1_C10_S7004,/Users/nischithacn/paper3-exactly-once/results/phase6/runs/CREATEORDER_V4_C1_F3_P1_C10_S7004/CREATEORDER_V4_C1_F3_P1_C10_S7004_1788364938469,0.0,0.0,0.0,0.0,0.0,0.0,0.0,0.0,0.0,0.0,0.0,859.0214316866843,750.9982548344874,0,PASS
CREATEORDER_V4_C1_F3_P1_C10_S7005,/Users/nischithacn/paper3-exactly-once/results/phase6/runs/CREATEORDER_V4_C1_F3_P1_C10_S7005/CREATEORDER_V4_C1_F3_P1_C10_S7005_1788366408642,0.0,0.0,0.0,0.0,0.0,0.0,0.0,0.0,0.0,0.0,0.0,862.8697007305841,734.8072573302792,0,PASS
CREATEORDER_V4_C1_F3_P1_C10_S7006,/Users/nischithacn/paper3-exactly-once/results/phase6/runs/CREATEORDER_V4_C1_F3_P1_C10_S7006/CREATEORDER_V4_C1_F3_P1_C10_S7006_1788367737354,0.0,0.0,0.0,0.0,0.0,0.0,0.0,0.0,0.0,0.0,0.0,870.3429315544819,740.0693691521179,0,PASS
CREATEORDER_V4_C1_F3_P1_C10_S7007,/Users/nischithacn/paper3-exactly-once/results/phase6/runs/CREATEORDER_V4_C1_F3_P1_C10_S7007/CREATEORDER_V4_C1_F3_P1_C10_S7007_1788369217642,0.0,0.0,0.0,0.0,0.0,0.0,0.0,0.0,0.0,0.0,0.0,739.9314214084397,599.0823534842755,0,PASS
CREATEORDER_V4_C1_F3_P1_C10_S7008,/Users/nischithacn/paper3-exactly-once/results/phase6/runs/CREATEORDER_V4_C1_F3_P1_C10_S7008/CREATEORDER_V4_C1_F3_P1_C10_S7008_1788373347109,0.0,0.0,0.0,0.0,0.0,0.0,0.0,0.0,0.0,0.0,0.0,895.8887794325339,771.1460631949027,0,PASS
CREATEORDER_V4_C1_F3_P1_C10_S7009,/Users/nischithacn/paper3-exactly-once/results/phase6/runs/CREATEORDER_V4_C1_F3_P1_C10_S7009/CREATEORDER_V4_C1_F3_P1_C10_S7009_1788375042818,0.0,0.0,0.0,0.0,0.0,0.0,0.0,0.0,0.0,0.0,0.0,848.0247247809276,729.8046974335757,0,PASS
CREATEORDER_V4_C1_F3_P1_C50_S7000,/Users/nischithacn/paper3-exactly-once/results/phase6/runs/CREATEORDER_V4_C1_F3_P1_C50_S7000/CREATEORDER_V4_C1_F3_P1_C50_S7000_1788144159411,0.0,0.0,0.0,0.0,0.0,0.0,0.0,0.0,0.0,0.0,0.0,1447.7820716404813,1223.3257962598518,0,PASS
CREATEORDER_V4_C1_F3_P1_C50_S7001,/Users/nischithacn/paper3-exactly-once/results/phase6/runs/CREATEORDER_V4_C1_F3_P1_C50_S7001/CREATEORDER_V4_C1_F3_P1_C50_S7001_1788332866349,0.0,0.0,0.0,0.0,0.0,0.0,0.0,0.0,0.0,0.0,0.0,1272.0523128019843,1089.168012036174,0,PASS
CREATEORDER_V4_C1_F3_P1_C50_S7002,/Users/nischithacn/paper3-exactly-once/results/phase6/runs/CREATEORDER_V4_C1_F3_P1_C50_S7002/CREATEORDER_V4_C1_F3_P1_C50_S7002_1788334348415,0.0,0.0,0.0,0.0,0.0,0.0,0.0,0.0,0.0,0.0,0.0,1077.4225061461163,922.6072636880007,0,PASS
CREATEORDER_V4_C1_F3_P1_C50_S7003,/Users/nischithacn/paper3-exactly-once/results/phase6/runs/CREATEORDER_V4_C1_F3_P1_C50_S7003/CREATEORDER_V4_C1_F3_P1_C50_S7003_1788336505704,0.0,0.0,0.0,0.0,0.0,0.0,0.0,0.0,0.0,0.0,0.0,1263.1265748411495,1086.2759397243944,0,PASS
CREATEORDER_V4_C1_F3_P1_C50_S7004,/Users/nischithacn/paper3-exactly-once/results/phase6/runs/CREATEORDER_V4_C1_F3_P1_C50_S7004/CREATEORDER_V4_C1_F3_P1_C50_S7004_1788364952330,0.0,0.0,0.0,0.0,0.0,0.0,0.0,0.0,0.0,0.0,0.0,1335.9928515229294,1132.17614099036,0,PASS
CREATEORDER_V4_C1_F3_P1_C50_S7005,/Users/nischithacn/paper3-exactly-once/results/phase6/runs/CREATEORDER_V4_C1_F3_P1_C50_S7005/CREATEORDER_V4_C1_F3_P1_C50_S7005_1788366429114,0.0,0.0,0.0,0.0,0.0,0.0,0.0,0.0,0.0,0.0,0.0,1300.2844049723437,1103.7769039607113,0,PASS
CREATEORDER_V4_C1_F3_P1_C50_S7006,/Users/nischithacn/paper3-exactly-once/results/phase6/runs/CREATEORDER_V4_C1_F3_P1_C50_S7006/CREATEORDER_V4_C1_F3_P1_C50_S7006_1788367751407,0.0,0.0,0.0,0.0,0.0,0.0,0.0,0.0,0.0,0.0,0.0,1244.9323661002952,1070.668631578152,0,PASS
CREATEORDER_V4_C1_F3_P1_C50_S7007,/Users/nischithacn/paper3-exactly-once/results/phase6/runs/CREATEORDER_V4_C1_F3_P1_C50_S7007/CREATEORDER_V4_C1_F3_P1_C50_S7007_1788369234886,0.0,0.0,0.0,0.0,0.0,0.0,0.0,0.0,0.0,0.0,0.0,1246.2797057495504,1057.0073779009335,0,PASS
CREATEORDER_V4_C1_F3_P1_C50_S7008,/Users/nischithacn/paper3-exactly-once/results/phase6/runs/CREATEORDER_V4_C1_F3_P1_C50_S7008/CREATEORDER_V4_C1_F3_P1_C50_S7008_1788373360617,0.0,0.0,0.0,0.0,0.0,0.0,0.0,0.0,0.0,0.0,0.0,1305.7675907753242,1118.3215492808772,0,PASS
CREATEORDER_V4_C1_F3_P1_C50_S7009,/Users/nischithacn/paper3-exactly-once/results/phase6/runs/CREATEORDER_V4_C1_F3_P1_C50_S7009/CREATEORDER_V4_C1_F3_P1_C50_S7009_1788375057068,0.0,0.0,0.0,0.0,0.0,0.0,0.0,0.0,0.0,0.0,0.0,1269.324204061428,1086.475413190793,0,PASS
CREATEORDER_V4_C1_F3_P20_C10_S7000,/Users/nischithacn/paper3-exactly-once/results/phase6/runs/CREATEORDER_V4_C1_F3_P20_C10_S7000/CREATEORDER_V4_C1_F3_P20_C10_S7000_1788144264509,0.0,0.0,0.0,0.0,0.0,0.0,0.0,0.0,0.0,0.0,0.0,124.41031220412239,113.11831616026525,0,PASS
CREATEORDER_V4_C1_F3_P20_C10_S7001,/Users/nischithacn/paper3-exactly-once/results/phase6/runs/CREATEORDER_V4_C1_F3_P20_C10_S7001/CREATEORDER_V4_C1_F3_P20_C10_S7001_1788332976887,0.0,0.0,0.0,0.0,0.0,0.0,0.0,0.0,0.0,0.0,0.0,128.34035770430552,116.32483957952401,0,PASS
CREATEORDER_V4_C1_F3_P20_C10_S7002,/Users/nischithacn/paper3-exactly-once/results/phase6/runs/CREATEORDER_V4_C1_F3_P20_C10_S7002/CREATEORDER_V4_C1_F3_P20_C10_S7002_1788334469985,0.0,0.0,0.0,0.0,0.0,0.0,0.0,0.0,0.0,0.0,0.0,129.31708791034035,117.43849764791294,0,PASS
CREATEORDER_V4_C1_F3_P20_C10_S7003,/Users/nischithacn/paper3-exactly-once/results/phase6/runs/CREATEORDER_V4_C1_F3_P20_C10_S7003/CREATEORDER_V4_C1_F3_P20_C10_S7003_1788336636102,0.0,0.0,0.0,0.0,0.0,0.0,0.0,0.0,0.0,0.0,0.0,133.36850733707018,118.67260756288096,0,PASS
CREATEORDER_V4_C1_F3_P20_C10_S7004,/Users/nischithacn/paper3-exactly-once/results/phase6/runs/CREATEORDER_V4_C1_F3_P20_C10_S7004/CREATEORDER_V4_C1_F3_P20_C10_S7004_1788365082744,0.0,0.0,0.0,0.0,0.0,0.0,0.0,0.0,0.0,0.0,0.0,130.64559441799622,119.5952530729575,0,PASS
CREATEORDER_V4_C1_F3_P20_C10_S7005,/Users/nischithacn/paper3-exactly-once/results/phase6/runs/CREATEORDER_V4_C1_F3_P20_C10_S7005/CREATEORDER_V4_C1_F3_P20_C10_S7005_1788366557738,0.0,0.0,0.0,0.0,0.0,0.0,0.0,0.0,0.0,0.0,0.0,129.7481279512621,116.10040216351507,0,PASS
CREATEORDER_V4_C1_F3_P20_C10_S7006,/Users/nischithacn/paper3-exactly-once/results/phase6/runs/CREATEORDER_V4_C1_F3_P20_C10_S7006/CREATEORDER_V4_C1_F3_P20_C10_S7006_1788367863521,0.0,0.0,0.0,0.0,0.0,0.0,0.0,0.0,0.0,0.0,0.0,131.87323291592747,119.28961759481815,0,PASS
CREATEORDER_V4_C1_F3_P20_C10_S7007,/Users/nischithacn/paper3-exactly-once/results/phase6/runs/CREATEORDER_V4_C1_F3_P20_C10_S7007/CREATEORDER_V4_C1_F3_P20_C10_S7007_1788369348171,0.0,0.0,0.0,0.0,0.0,0.0,0.0,0.0,0.0,0.0,0.0,130.20408964810147,118.28237149704783,0,PASS
CREATEORDER_V4_C1_F3_P20_C10_S7008,/Users/nischithacn/paper3-exactly-once/results/phase6/runs/CREATEORDER_V4_C1_F3_P20_C10_S7008/CREATEORDER_V4_C1_F3_P20_C10_S7008_1788373489949,0.0,0.0,0.0,0.0,0.0,0.0,0.0,0.0,0.0,0.0,0.0,127.39819283361838,115.37497409855895,0,PASS
CREATEORDER_V4_C1_F3_P20_C10_S7009,/Users/nischithacn/paper3-exactly-once/results/phase6/runs/CREATEORDER_V4_C1_F3_P20_C10_S7009/CREATEORDER_V4_C1_F3_P20_C10_S7009_1788375187668,0.0,0.0,0.0,0.0,0.0,0.0,0.0,0.0,0.0,0.0,0.0,127.47163652421567,114.98721532987707,0,PASS
CREATEORDER_V4_C1_F3_P20_C50_S7000,/Users/nischithacn/paper3-exactly-once/results/phase6/runs/CREATEORDER_V4_C1_F3_P20_C50_S7000/CREATEORDER_V4_C1_F3_P20_C50_S7000_1788144353566,0.0,0.0,0.0,0.0,0.0,0.0,0.0,0.0,0.0,0.0,0.0,688.7979889607512,601.0592722722965,0,PASS
CREATEORDER_V4_C1_F3_P20_C50_S7001,/Users/nischithacn/paper3-exactly-once/results/phase6/runs/CREATEORDER_V4_C1_F3_P20_C50_S7001/CREATEORDER_V4_C1_F3_P20_C50_S7001_1788333063494,0.0,0.0,0.0,0.0,0.0,0.0,0.0,0.0,0.0,0.0,0.0,639.8655555923384,566.6415443167426,0,PASS
CREATEORDER_V4_C1_F3_P20_C50_S7002,/Users/nischithacn/paper3-exactly-once/results/phase6/runs/CREATEORDER_V4_C1_F3_P20_C50_S7002/CREATEORDER_V4_C1_F3_P20_C50_S7002_1788334555772,0.0,0.0,0.0,0.0,0.0,0.0,0.0,0.0,0.0,0.0,0.0,649.0755892936227,568.2185223590517,0,PASS
CREATEORDER_V4_C1_F3_P20_C50_S7003,/Users/nischithacn/paper3-exactly-once/results/phase6/runs/CREATEORDER_V4_C1_F3_P20_C50_S7003/CREATEORDER_V4_C1_F3_P20_C50_S7003_1788336728027,0.0,0.0,0.0,0.0,0.0,0.0,0.0,0.0,0.0,0.0,0.0,644.7362575757553,569.2503298026401,0,PASS
CREATEORDER_V4_C1_F3_P20_C50_S7004,/Users/nischithacn/paper3-exactly-once/results/phase6/runs/CREATEORDER_V4_C1_F3_P20_C50_S7004/CREATEORDER_V4_C1_F3_P20_C50_S7004_1788365166998,0.0,0.0,0.0,0.0,0.0,0.0,0.0,0.0,0.0,0.0,0.0,661.2510650746543,581.5892962379654,0,PASS
CREATEORDER_V4_C1_F3_P20_C50_S7005,/Users/nischithacn/paper3-exactly-once/results/phase6/runs/CREATEORDER_V4_C1_F3_P20_C50_S7005/CREATEORDER_V4_C1_F3_P20_C50_S7005_1788366644510,0.0,0.0,0.0,0.0,0.0,0.0,0.0,0.0,0.0,0.0,0.0,637.1706690004604,559.4552373346161,0,PASS
CREATEORDER_V4_C1_F3_P20_C50_S7006,/Users/nischithacn/paper3-exactly-once/results/phase6/runs/CREATEORDER_V4_C1_F3_P20_C50_S7006/CREATEORDER_V4_C1_F3_P20_C50_S7006_1788367947971,0.0,0.0,0.0,0.0,0.0,0.0,0.0,0.0,0.0,0.0,0.0,657.0604416232127,575.5694067045051,0,PASS
CREATEORDER_V4_C1_F3_P20_C50_S7007,/Users/nischithacn/paper3-exactly-once/results/phase6/runs/CREATEORDER_V4_C1_F3_P20_C50_S7007/CREATEORDER_V4_C1_F3_P20_C50_S7007_1788369433484,0.0,0.0,0.0,0.0,0.0,0.0,0.0,0.0,0.0,0.0,0.0,658.4712147580555,576.4066219070945,0,PASS
CREATEORDER_V4_C1_F3_P20_C50_S7008,/Users/nischithacn/paper3-exactly-once/results/phase6/runs/CREATEORDER_V4_C1_F3_P20_C50_S7008/CREATEORDER_V4_C1_F3_P20_C50_S7008_1788373584274,0.0,0.0,0.0,0.0,0.0,0.0,0.0,0.0,0.0,0.0,0.0,637.0349046284035,563.2415232486737,0,PASS
CREATEORDER_V4_C1_F3_P20_C50_S7009,/Users/nischithacn/paper3-exactly-once/results/phase6/runs/CREATEORDER_V4_C1_F3_P20_C50_S7009/CREATEORDER_V4_C1_F3_P20_C50_S7009_1788375275269,0.0,0.0,0.0,0.0,0.0,0.0,0.0,0.0,0.0,0.0,0.0,645.2316873051744,573.9393418000446,0,PASS
CREATEORDER_V4_C1_F3_P5_C10_S7000,/Users/nischithacn/paper3-exactly-once/results/phase6/runs/CREATEORDER_V4_C1_F3_P5_C10_S7000/CREATEORDER_V4_C1_F3_P5_C10_S7000_1788144168137,0.0,0.0,0.0,0.0,0.0,0.0,0.0,0.0,0.0,0.0,0.0,409.7693780123352,367.02057725772283,0,PASS
CREATEORDER_V4_C1_F3_P5_C10_S7001,/Users/nischithacn/paper3-exactly-once/results/phase6/runs/CREATEORDER_V4_C1_F3_P5_C10_S7001/CREATEORDER_V4_C1_F3_P5_C10_S7001_1788332876085,0.0,0.0,0.0,0.0,0.0,0.0,0.0,0.0,0.0,0.0,0.0,417.93738972456526,380.0560428767106,0,PASS
CREATEORDER_V4_C1_F3_P5_C10_S7002,/Users/nischithacn/paper3-exactly-once/results/phase6/runs/CREATEORDER_V4_C1_F3_P5_C10_S7002/CREATEORDER_V4_C1_F3_P5_C10_S7002_1788334359842,0.0,0.0,0.0,0.0,0.0,0.0,0.0,0.0,0.0,0.0,0.0,375.21913257735406,336.85432761625725,0,PASS
CREATEORDER_V4_C1_F3_P5_C10_S7003,/Users/nischithacn/paper3-exactly-once/results/phase6/runs/CREATEORDER_V4_C1_F3_P5_C10_S7003/CREATEORDER_V4_C1_F3_P5_C10_S7003_1788336535772,0.0,0.0,0.0,0.0,0.0,0.0,0.0,0.0,0.0,0.0,0.0,390.41729968746074,340.8844605151158,0,PASS
CREATEORDER_V4_C1_F3_P5_C10_S7004,/Users/nischithacn/paper3-exactly-once/results/phase6/runs/CREATEORDER_V4_C1_F3_P5_C10_S7004/CREATEORDER_V4_C1_F3_P5_C10_S7004_1788364961718,0.0,0.0,0.0,0.0,0.0,0.0,0.0,0.0,0.0,0.0,0.0,401.6939914506675,357.3930829443685,0,PASS
CREATEORDER_V4_C1_F3_P5_C10_S7005,/Users/nischithacn/paper3-exactly-once/results/phase6/runs/CREATEORDER_V4_C1_F3_P5_C10_S7005/CREATEORDER_V4_C1_F3_P5_C10_S7005_1788366438731,0.0,0.0,0.0,0.0,0.0,0.0,0.0,0.0,0.0,0.0,0.0,405.36241494445306,360.4185639400982,0,PASS
CREATEORDER_V4_C1_F3_P5_C10_S7006,/Users/nischithacn/paper3-exactly-once/results/phase6/runs/CREATEORDER_V4_C1_F3_P5_C10_S7006/CREATEORDER_V4_C1_F3_P5_C10_S7006_1788367761299,0.0,0.0,0.0,0.0,0.0,0.0,0.0,0.0,0.0,0.0,0.0,424.80591529240587,377.8225380860348,0,PASS
CREATEORDER_V4_C1_F3_P5_C10_S7007,/Users/nischithacn/paper3-exactly-once/results/phase6/runs/CREATEORDER_V4_C1_F3_P5_C10_S7007/CREATEORDER_V4_C1_F3_P5_C10_S7007_1788369244901,0.0,0.0,0.0,0.0,0.0,0.0,0.0,0.0,0.0,0.0,0.0,411.62491318867023,370.4857433303576,0,PASS
CREATEORDER_V4_C1_F3_P5_C10_S7008,/Users/nischithacn/paper3-exactly-once/results/phase6/runs/CREATEORDER_V4_C1_F3_P5_C10_S7008/CREATEORDER_V4_C1_F3_P5_C10_S7008_1788373391199,0.0,0.0,0.0,0.0,0.0,0.0,0.0,0.0,0.0,0.0,0.0,389.98189597965523,334.3722063180175,0,PASS
CREATEORDER_V4_C1_F3_P5_C10_S7009,/Users/nischithacn/paper3-exactly-once/results/phase6/runs/CREATEORDER_V4_C1_F3_P5_C10_S7009/CREATEORDER_V4_C1_F3_P5_C10_S7009_1788375066829,0.0,0.0,0.0,0.0,0.0,0.0,0.0,0.0,0.0,0.0,0.0,438.03325168723524,384.9673632556487,0,PASS
CREATEORDER_V4_C1_F3_P5_C50_S7000,/Users/nischithacn/paper3-exactly-once/results/phase6/runs/CREATEORDER_V4_C1_F3_P5_C50_S7000/CREATEORDER_V4_C1_F3_P5_C50_S7000_1788144195951,0.0,0.0,0.0,0.0,0.0,0.0,0.0,0.0,0.0,0.0,0.0,1314.4430366723398,1124.1692431254958,0,PASS
CREATEORDER_V4_C1_F3_P5_C50_S7001,/Users/nischithacn/paper3-exactly-once/results/phase6/runs/CREATEORDER_V4_C1_F3_P5_C50_S7001/CREATEORDER_V4_C1_F3_P5_C50_S7001_1788332909687,0.0,0.0,0.0,0.0,0.0,0.0,0.0,0.0,0.0,0.0,0.0,1175.3662875352948,1010.9477659408568,0,PASS
CREATEORDER_V4_C1_F3_P5_C50_S7002,/Users/nischithacn/paper3-exactly-once/results/phase6/runs/CREATEORDER_V4_C1_F3_P5_C50_S7002/CREATEORDER_V4_C1_F3_P5_C50_S7002_1788334390103,0.0,0.0,0.0,0.0,0.0,0.0,0.0,0.0,0.0,0.0,0.0,1048.1155366418648,905.252703134915,0,PASS
CREATEORDER_V4_C1_F3_P5_C50_S7003,/Users/nischithacn/paper3-exactly-once/results/phase6/runs/CREATEORDER_V4_C1_F3_P5_C50_S7003/CREATEORDER_V4_C1_F3_P5_C50_S7003_1788336565672,0.0,0.0,0.0,0.0,0.0,0.0,0.0,0.0,0.0,0.0,0.0,1111.1751640414384,950.0600890971269,0,PASS
CREATEORDER_V4_C1_F3_P5_C50_S7004,/Users/nischithacn/paper3-exactly-once/results/phase6/runs/CREATEORDER_V4_C1_F3_P5_C50_S7004/CREATEORDER_V4_C1_F3_P5_C50_S7004_1788364990372,0.0,0.0,0.0,0.0,0.0,0.0,0.0,0.0,0.0,0.0,0.0,1193.7055918349852,1027.5622240724406,0,PASS
CREATEORDER_V4_C1_F3_P5_C50_S7005,/Users/nischithacn/paper3-exactly-once/results/phase6/runs/CREATEORDER_V4_C1_F3_P5_C50_S7005/CREATEORDER_V4_C1_F3_P5_C50_S7005_1788366467039,0.0,0.0,0.0,0.0,0.0,0.0,0.0,0.0,0.0,0.0,0.0,1125.8243838034548,970.9360008109529,0,PASS
CREATEORDER_V4_C1_F3_P5_C50_S7006,/Users/nischithacn/paper3-exactly-once/results/phase6/runs/CREATEORDER_V4_C1_F3_P5_C50_S7006/CREATEORDER_V4_C1_F3_P5_C50_S7006_1788367795417,0.0,0.0,0.0,0.0,0.0,0.0,0.0,0.0,0.0,0.0,0.0,1170.697646987337,1009.449655638719,0,PASS
CREATEORDER_V4_C1_F3_P5_C50_S7007,/Users/nischithacn/paper3-exactly-once/results/phase6/runs/CREATEORDER_V4_C1_F3_P5_C50_S7007/CREATEORDER_V4_C1_F3_P5_C50_S7007_1788369272444,0.0,0.0,0.0,0.0,0.0,0.0,0.0,0.0,0.0,0.0,0.0,1172.3475281639294,1002.0763744264849,0,PASS
CREATEORDER_V4_C1_F3_P5_C50_S7008,/Users/nischithacn/paper3-exactly-once/results/phase6/runs/CREATEORDER_V4_C1_F3_P5_C50_S7008/CREATEORDER_V4_C1_F3_P5_C50_S7008_1788373421678,0.0,0.0,0.0,0.0,0.0,0.0,0.0,0.0,0.0,0.0,0.0,1159.5236909127411,983.3624045833652,0,PASS
CREATEORDER_V4_C1_F3_P5_C50_S7009,/Users/nischithacn/paper3-exactly-once/results/phase6/runs/CREATEORDER_V4_C1_F3_P5_C50_S7009/CREATEORDER_V4_C1_F3_P5_C50_S7009_1788375093360,0.0,0.0,0.0,0.0,0.0,0.0,0.0,0.0,0.0,0.0,0.0,1161.1909389707716,1003.5402016366664,0,PASS
CREATEORDER_V4_C1_F4_P10_C10_S7000,/Users/nischithacn/paper3-exactly-once/results/phase6/runs/CREATEORDER_V4_C1_F4_P10_C10_S7000/CREATEORDER_V4_C1_F4_P10_C10_S7000_1788149359860,0.0,0.0,0.0,0.0,0.0,0.0,0.0,0.0,0.0,0.0,0.0,48.70446847053232,43.70272183486647,0,PASS
CREATEORDER_V4_C1_F4_P10_C10_S7001,/Users/nischithacn/paper3-exactly-once/results/phase6/runs/CREATEORDER_V4_C1_F4_P10_C10_S7001/CREATEORDER_V4_C1_F4_P10_C10_S7001_1788379915473,0.0,0.0,0.0,0.0,0.0,0.0,0.0,0.0,0.0,0.0,0.0,46.04967702406975,42.64553664138725,0,PASS
CREATEORDER_V4_C1_F4_P10_C10_S7002,/Users/nischithacn/paper3-exactly-once/results/phase6/runs/CREATEORDER_V4_C1_F4_P10_C10_S7002/CREATEORDER_V4_C1_F4_P10_C10_S7002_1788384391000,0.0,0.0,0.0,0.0,0.0,0.0,0.0,0.0,0.0,0.0,0.0,46.36058061753194,42.22434589717884,0,PASS
CREATEORDER_V4_C1_F4_P10_C10_S7003,/Users/nischithacn/paper3-exactly-once/results/phase6/runs/CREATEORDER_V4_C1_F4_P10_C10_S7003/CREATEORDER_V4_C1_F4_P10_C10_S7003_1788388111919,0.0,0.0,0.0,0.0,0.0,0.0,0.0,0.0,0.0,0.0,0.0,44.22572048957972,40.746744828012346,0,PASS
CREATEORDER_V4_C1_F4_P10_C10_S7004,/Users/nischithacn/paper3-exactly-once/results/phase6/runs/CREATEORDER_V4_C1_F4_P10_C10_S7004/CREATEORDER_V4_C1_F4_P10_C10_S7004_1788391840993,0.0,0.0,0.0,0.0,0.0,0.0,0.0,0.0,0.0,0.0,0.0,46.54489556456432,42.56865211134371,0,PASS
CREATEORDER_V4_C1_F4_P10_C10_S7005,/Users/nischithacn/paper3-exactly-once/results/phase6/runs/CREATEORDER_V4_C1_F4_P10_C10_S7005/CREATEORDER_V4_C1_F4_P10_C10_S7005_1788395350721,0.0,0.0,0.0,0.0,0.0,0.0,0.0,0.0,0.0,0.0,0.0,46.02845097235819,41.56847342787647,0,PASS
CREATEORDER_V4_C1_F4_P10_C10_S7006,/Users/nischithacn/paper3-exactly-once/results/phase6/runs/CREATEORDER_V4_C1_F4_P10_C10_S7006/CREATEORDER_V4_C1_F4_P10_C10_S7006_1788403220780,0.0,0.0,0.0,0.0,0.0,0.0,0.0,0.0,0.0,0.0,0.0,50.229781901843495,45.69647358046894,0,PASS
CREATEORDER_V4_C1_F4_P10_C10_S7007,/Users/nischithacn/paper3-exactly-once/results/phase6/runs/CREATEORDER_V4_C1_F4_P10_C10_S7007/CREATEORDER_V4_C1_F4_P10_C10_S7007_1788408545361,0.0,0.0,0.0,0.0,0.0,0.0,0.0,0.0,0.0,0.0,0.0,46.12449345321432,41.65634805754374,0,PASS
CREATEORDER_V4_C1_F4_P10_C10_S7008,/Users/nischithacn/paper3-exactly-once/results/phase6/runs/CREATEORDER_V4_C1_F4_P10_C10_S7008/CREATEORDER_V4_C1_F4_P10_C10_S7008_1788413371803,0.0,0.0,0.0,0.0,0.0,0.0,0.0,0.0,0.0,0.0,0.0,47.943335624143884,44.24089659642259,0,PASS
CREATEORDER_V4_C1_F4_P10_C10_S7009,/Users/nischithacn/paper3-exactly-once/results/phase6/runs/CREATEORDER_V4_C1_F4_P10_C10_S7009/CREATEORDER_V4_C1_F4_P10_C10_S7009_1788416867295,0.0,0.0,0.0,0.0,0.0,0.0,0.0,0.0,0.0,0.0,0.0,45.92262200278659,41.96987415252728,0,PASS
CREATEORDER_V4_C1_F4_P10_C50_S7000,/Users/nischithacn/paper3-exactly-once/results/phase6/runs/CREATEORDER_V4_C1_F4_P10_C50_S7000/CREATEORDER_V4_C1_F4_P10_C50_S7000_1788149589228,0.0,0.0,0.0,0.0,0.0,0.0,0.0,0.0,0.0,0.0,0.0,192.35277756517627,182.38419992785344,0,PASS
CREATEORDER_V4_C1_F4_P10_C50_S7001,/Users/nischithacn/paper3-exactly-once/results/phase6/runs/CREATEORDER_V4_C1_F4_P10_C50_S7001/CREATEORDER_V4_C1_F4_P10_C50_S7001_1788380150504,0.0,0.0,0.0,0.0,0.0,0.0,0.0,0.0,0.0,0.0,0.0,197.73710482152592,181.59700959025955,0,PASS
CREATEORDER_V4_C1_F4_P10_C50_S7002,/Users/nischithacn/paper3-exactly-once/results/phase6/runs/CREATEORDER_V4_C1_F4_P10_C50_S7002/CREATEORDER_V4_C1_F4_P10_C50_S7002_1788384635464,0.0,0.0,0.0,0.0,0.0,0.0,0.0,0.0,0.0,0.0,0.0,196.87201490797983,181.0036545760846,0,PASS
CREATEORDER_V4_C1_F4_P10_C50_S7003,/Users/nischithacn/paper3-exactly-once/results/phase6/runs/CREATEORDER_V4_C1_F4_P10_C50_S7003/CREATEORDER_V4_C1_F4_P10_C50_S7003_1788388357888,0.0,0.0,0.0,0.0,0.0,0.0,0.0,0.0,0.0,0.0,0.0,197.45709605719045,181.16391312798035,0,PASS
CREATEORDER_V4_C1_F4_P10_C50_S7004,/Users/nischithacn/paper3-exactly-once/results/phase6/runs/CREATEORDER_V4_C1_F4_P10_C50_S7004/CREATEORDER_V4_C1_F4_P10_C50_S7004_1788392076474,0.0,0.0,0.0,0.0,0.0,0.0,0.0,0.0,0.0,0.0,0.0,185.47814400653883,175.8574341496967,0,PASS
CREATEORDER_V4_C1_F4_P10_C50_S7005,/Users/nischithacn/paper3-exactly-once/results/phase6/runs/CREATEORDER_V4_C1_F4_P10_C50_S7005/CREATEORDER_V4_C1_F4_P10_C50_S7005_1788395591831,0.0,0.0,0.0,0.0,0.0,0.0,0.0,0.0,0.0,0.0,0.0,184.7567342472558,175.277000226452,0,PASS
CREATEORDER_V4_C1_F4_P10_C50_S7006,/Users/nischithacn/paper3-exactly-once/results/phase6/runs/CREATEORDER_V4_C1_F4_P10_C50_S7006/CREATEORDER_V4_C1_F4_P10_C50_S7006_1788403440160,0.0,0.0,0.0,0.0,0.0,0.0,0.0,0.0,0.0,0.0,0.0,188.41609111684406,178.94630145870258,0,PASS
CREATEORDER_V4_C1_F4_P10_C50_S7007,/Users/nischithacn/paper3-exactly-once/results/phase6/runs/CREATEORDER_V4_C1_F4_P10_C50_S7007/CREATEORDER_V4_C1_F4_P10_C50_S7007_1788408792985,0.0,0.0,0.0,0.0,0.0,0.0,0.0,0.0,0.0,0.0,0.0,178.10264637273667,169.59752390358224,0,PASS
CREATEORDER_V4_C1_F4_P10_C50_S7008,/Users/nischithacn/paper3-exactly-once/results/phase6/runs/CREATEORDER_V4_C1_F4_P10_C50_S7008/CREATEORDER_V4_C1_F4_P10_C50_S7008_1788413598383,0.0,0.0,0.0,0.0,0.0,0.0,0.0,0.0,0.0,0.0,0.0,189.79156306151367,175.01675964450104,0,PASS
CREATEORDER_V4_C1_F4_P10_C50_S7009,/Users/nischithacn/paper3-exactly-once/results/phase6/runs/CREATEORDER_V4_C1_F4_P10_C50_S7009/CREATEORDER_V4_C1_F4_P10_C50_S7009_1788417106113,0.0,0.0,0.0,0.0,0.0,0.0,0.0,0.0,0.0,0.0,0.0,190.9608995057922,180.98066851027178,0,PASS
CREATEORDER_V4_C1_F4_P1_C10_S7000,/Users/nischithacn/paper3-exactly-once/results/phase6/runs/CREATEORDER_V4_C1_F4_P1_C10_S7000/CREATEORDER_V4_C1_F4_P1_C10_S7000_1788149155812,0.0,0.0,0.0,0.0,0.0,0.0,0.0,0.0,0.0,0.0,0.0,297.86208966443536,280.24979177392845,0,PASS
CREATEORDER_V4_C1_F4_P1_C10_S7001,/Users/nischithacn/paper3-exactly-once/results/phase6/runs/CREATEORDER_V4_C1_F4_P1_C10_S7001/CREATEORDER_V4_C1_F4_P1_C10_S7001_1788379722803,0.0,0.0,0.0,0.0,0.0,0.0,0.0,0.0,0.0,0.0,0.0,345.8313330672477,310.9177880646334,0,PASS
CREATEORDER_V4_C1_F4_P1_C10_S7002,/Users/nischithacn/paper3-exactly-once/results/phase6/runs/CREATEORDER_V4_C1_F4_P1_C10_S7002/CREATEORDER_V4_C1_F4_P1_C10_S7002_1788384192979,0.0,0.0,0.0,0.0,0.0,0.0,0.0,0.0,0.0,0.0,0.0,285.1754521547567,256.5861436701792,0,PASS
CREATEORDER_V4_C1_F4_P1_C10_S7003,/Users/nischithacn/paper3-exactly-once/results/phase6/runs/CREATEORDER_V4_C1_F4_P1_C10_S7003/CREATEORDER_V4_C1_F4_P1_C10_S7003_1788387897251,0.0,0.0,0.0,0.0,0.0,0.0,0.0,0.0,0.0,0.0,0.0,329.1570666210662,309.2766613991196,0,PASS
CREATEORDER_V4_C1_F4_P1_C10_S7004,/Users/nischithacn/paper3-exactly-once/results/phase6/runs/CREATEORDER_V4_C1_F4_P1_C10_S7004/CREATEORDER_V4_C1_F4_P1_C10_S7004_1788391407413,0.0,0.0,0.0,0.0,0.0,0.0,0.0,0.0,0.0,0.0,0.0,315.733165163284,286.8214586093978,0,PASS
CREATEORDER_V4_C1_F4_P1_C10_S7005,/Users/nischithacn/paper3-exactly-once/results/phase6/runs/CREATEORDER_V4_C1_F4_P1_C10_S7005/CREATEORDER_V4_C1_F4_P1_C10_S7005_1788395143498,0.0,0.0,0.0,0.0,0.0,0.0,0.0,0.0,0.0,0.0,0.0,311.24417504852005,293.1798606297121,0,PASS
CREATEORDER_V4_C1_F4_P1_C10_S7006,/Users/nischithacn/paper3-exactly-once/results/phase6/runs/CREATEORDER_V4_C1_F4_P1_C10_S7006/CREATEORDER_V4_C1_F4_P1_C10_S7006_1788403021046,0.0,0.0,0.0,0.0,0.0,0.0,0.0,0.0,0.0,0.0,0.0,340.5113702542628,306.8800580597815,0,PASS
CREATEORDER_V4_C1_F4_P1_C10_S7007,/Users/nischithacn/paper3-exactly-once/results/phase6/runs/CREATEORDER_V4_C1_F4_P1_C10_S7007/CREATEORDER_V4_C1_F4_P1_C10_S7007_1788408345916,0.0,0.0,0.0,0.0,0.0,0.0,0.0,0.0,0.0,0.0,0.0,318.6108758333665,281.3366490463238,0,PASS
CREATEORDER_V4_C1_F4_P1_C10_S7008,/Users/nischithacn/paper3-exactly-once/results/phase6/runs/CREATEORDER_V4_C1_F4_P1_C10_S7008/CREATEORDER_V4_C1_F4_P1_C10_S7008_1788413151647,0.0,0.0,0.0,0.0,0.0,0.0,0.0,0.0,0.0,0.0,0.0,317.12221365686344,298.94418627631177,0,PASS
CREATEORDER_V4_C1_F4_P1_C10_S7009,/Users/nischithacn/paper3-exactly-once/results/phase6/runs/CREATEORDER_V4_C1_F4_P1_C10_S7009/CREATEORDER_V4_C1_F4_P1_C10_S7009_1788416650566,0.0,0.0,0.0,0.0,0.0,0.0,0.0,0.0,0.0,0.0,0.0,350.80789283634124,321.2338160707435,0,PASS
CREATEORDER_V4_C1_F4_P1_C50_S7000,/Users/nischithacn/paper3-exactly-once/results/phase6/runs/CREATEORDER_V4_C1_F4_P1_C50_S7000/CREATEORDER_V4_C1_F4_P1_C50_S7000_1788149192149,0.0,0.0,0.0,0.0,0.0,0.0,0.0,0.0,0.0,0.0,0.0,988.3540088729566,892.6014027255015,0,PASS
CREATEORDER_V4_C1_F4_P1_C50_S7001,/Users/nischithacn/paper3-exactly-once/results/phase6/runs/CREATEORDER_V4_C1_F4_P1_C50_S7001/CREATEORDER_V4_C1_F4_P1_C50_S7001_1788379755508,0.0,0.0,0.0,0.0,0.0,0.0,0.0,0.0,0.0,0.0,0.0,1065.8709282691887,955.3496167865676,0,PASS
CREATEORDER_V4_C1_F4_P1_C50_S7002,/Users/nischithacn/paper3-exactly-once/results/phase6/runs/CREATEORDER_V4_C1_F4_P1_C50_S7002/CREATEORDER_V4_C1_F4_P1_C50_S7002_1788384232494,0.0,0.0,0.0,0.0,0.0,0.0,0.0,0.0,0.0,0.0,0.0,1043.8948622691266,932.7360371096182,0,PASS
CREATEORDER_V4_C1_F4_P1_C50_S7003,/Users/nischithacn/paper3-exactly-once/results/phase6/runs/CREATEORDER_V4_C1_F4_P1_C50_S7003/CREATEORDER_V4_C1_F4_P1_C50_S7003_1788387930120,0.0,0.0,0.0,0.0,0.0,0.0,0.0,0.0,0.0,0.0,0.0,1071.7123403458543,958.2175904164351,0,PASS
CREATEORDER_V4_C1_F4_P1_C50_S7004,/Users/nischithacn/paper3-exactly-once/results/phase6/runs/CREATEORDER_V4_C1_F4_P1_C50_S7004/CREATEORDER_V4_C1_F4_P1_C50_S7004_1788391442826,0.0,0.0,0.0,0.0,0.0,0.0,0.0,0.0,0.0,0.0,0.0,1053.8453850018168,937.5469759360938,0,PASS
CREATEORDER_V4_C1_F4_P1_C50_S7005,/Users/nischithacn/paper3-exactly-once/results/phase6/runs/CREATEORDER_V4_C1_F4_P1_C50_S7005/CREATEORDER_V4_C1_F4_P1_C50_S7005_1788395184694,0.0,0.0,0.0,0.0,0.0,0.0,0.0,0.0,0.0,0.0,0.0,1045.4125554718285,936.9025347765232,0,PASS
CREATEORDER_V4_C1_F4_P1_C50_S7006,/Users/nischithacn/paper3-exactly-once/results/phase6/runs/CREATEORDER_V4_C1_F4_P1_C50_S7006/CREATEORDER_V4_C1_F4_P1_C50_S7006_1788403054187,0.0,0.0,0.0,0.0,0.0,0.0,0.0,0.0,0.0,0.0,0.0,1034.5399822448908,926.3967516531748,0,PASS
CREATEORDER_V4_C1_F4_P1_C50_S7007,/Users/nischithacn/paper3-exactly-once/results/phase6/runs/CREATEORDER_V4_C1_F4_P1_C50_S7007/CREATEORDER_V4_C1_F4_P1_C50_S7007_1788408382011,0.0,0.0,0.0,0.0,0.0,0.0,0.0,0.0,0.0,0.0,0.0,1013.4042107541454,899.8910704385346,0,PASS
CREATEORDER_V4_C1_F4_P1_C50_S7008,/Users/nischithacn/paper3-exactly-once/results/phase6/runs/CREATEORDER_V4_C1_F4_P1_C50_S7008/CREATEORDER_V4_C1_F4_P1_C50_S7008_1788413185641,0.0,0.0,0.0,0.0,0.0,0.0,0.0,0.0,0.0,0.0,0.0,1051.3244248777366,939.028238007196,0,PASS
CREATEORDER_V4_C1_F4_P1_C50_S7009,/Users/nischithacn/paper3-exactly-once/results/phase6/runs/CREATEORDER_V4_C1_F4_P1_C50_S7009/CREATEORDER_V4_C1_F4_P1_C50_S7009_1788416682249,0.0,0.0,0.0,0.0,0.0,0.0,0.0,0.0,0.0,0.0,0.0,1049.1120962811997,939.4443439391988,0,PASS
CREATEORDER_V4_C1_F4_P20_C10_S7000,/Users/nischithacn/paper3-exactly-once/results/phase6/runs/CREATEORDER_V4_C1_F4_P20_C10_S7000/CREATEORDER_V4_C1_F4_P20_C10_S7000_1788149644617,0.0,0.0,0.0,0.0,0.0,0.0,0.0,0.0,0.0,0.0,0.0,23.958769591914848,21.68966596806527,0,PASS
CREATEORDER_V4_C1_F4_P20_C10_S7001,/Users/nischithacn/paper3-exactly-once/results/phase6/runs/CREATEORDER_V4_C1_F4_P20_C10_S7001/CREATEORDER_V4_C1_F4_P20_C10_S7001_1788380206121,0.0,0.0,0.0,0.0,0.0,0.0,0.0,0.0,0.0,0.0,0.0,23.85095883438579,21.589864692442827,0,PASS
CREATEORDER_V4_C1_F4_P20_C10_S7002,/Users/nischithacn/paper3-exactly-once/results/phase6/runs/CREATEORDER_V4_C1_F4_P20_C10_S7002/CREATEORDER_V4_C1_F4_P20_C10_S7002_1788384691270,0.0,0.0,0.0,0.0,0.0,0.0,0.0,0.0,0.0,0.0,0.0,24.064197505608515,21.690060247165693,0,PASS
CREATEORDER_V4_C1_F4_P20_C10_S7003,/Users/nischithacn/paper3-exactly-once/results/phase6/runs/CREATEORDER_V4_C1_F4_P20_C10_S7003/CREATEORDER_V4_C1_F4_P20_C10_S7003_1788388413647,0.0,0.0,0.0,0.0,0.0,0.0,0.0,0.0,0.0,0.0,0.0,23.7072085272978,21.585215311164617,0,PASS
CREATEORDER_V4_C1_F4_P20_C10_S7004,/Users/nischithacn/paper3-exactly-once/results/phase6/runs/CREATEORDER_V4_C1_F4_P20_C10_S7004/CREATEORDER_V4_C1_F4_P20_C10_S7004_1788392133902,0.0,0.0,0.0,0.0,0.0,0.0,0.0,0.0,0.0,0.0,0.0,22.815327356134862,20.932546946792584,0,PASS
CREATEORDER_V4_C1_F4_P20_C10_S7005,/Users/nischithacn/paper3-exactly-once/results/phase6/runs/CREATEORDER_V4_C1_F4_P20_C10_S7005/CREATEORDER_V4_C1_F4_P20_C10_S7005_1788395669838,0.0,0.0,0.0,0.0,0.0,0.0,0.0,0.0,0.0,0.0,0.0,23.804445063585057,21.44631806252498,0,PASS
CREATEORDER_V4_C1_F4_P20_C10_S7006,/Users/nischithacn/paper3-exactly-once/results/phase6/runs/CREATEORDER_V4_C1_F4_P20_C10_S7006/CREATEORDER_V4_C1_F4_P20_C10_S7006_1788403496614,0.0,0.0,0.0,0.0,0.0,0.0,0.0,0.0,0.0,0.0,0.0,22.985884720499456,21.06795138435843,0,PASS
CREATEORDER_V4_C1_F4_P20_C10_S7007,/Users/nischithacn/paper3-exactly-once/results/phase6/runs/CREATEORDER_V4_C1_F4_P20_C10_S7007/CREATEORDER_V4_C1_F4_P20_C10_S7007_1788408852496,0.0,0.0,0.0,0.0,0.0,0.0,0.0,0.0,0.0,0.0,0.0,22.97676711090275,20.97332163978884,0,PASS
CREATEORDER_V4_C1_F4_P20_C10_S7008,/Users/nischithacn/paper3-exactly-once/results/phase6/runs/CREATEORDER_V4_C1_F4_P20_C10_S7008/CREATEORDER_V4_C1_F4_P20_C10_S7008_1788413656078,0.0,0.0,0.0,0.0,0.0,0.0,0.0,0.0,0.0,0.0,0.0,24.766826409365873,22.46098276432376,0,PASS
CREATEORDER_V4_C1_F4_P20_C10_S7009,/Users/nischithacn/paper3-exactly-once/results/phase6/runs/CREATEORDER_V4_C1_F4_P20_C10_S7009/CREATEORDER_V4_C1_F4_P20_C10_S7009_1788417161935,0.0,0.0,0.0,0.0,0.0,0.0,0.0,0.0,0.0,0.0,0.0,23.539003934902485,21.531582370721857,0,PASS
CREATEORDER_V4_C1_F4_P20_C50_S7000,/Users/nischithacn/paper3-exactly-once/results/phase6/runs/CREATEORDER_V4_C1_F4_P20_C50_S7000/CREATEORDER_V4_C1_F4_P20_C50_S7000_1788150106245,0.0,0.0,0.0,0.0,0.0,0.0,0.0,0.0,0.0,0.0,0.0,97.04853930483843,91.03592225925563,0,PASS
CREATEORDER_V4_C1_F4_P20_C50_S7001,/Users/nischithacn/paper3-exactly-once/results/phase6/runs/CREATEORDER_V4_C1_F4_P20_C50_S7001/CREATEORDER_V4_C1_F4_P20_C50_S7001_1788380669867,0.0,0.0,0.0,0.0,0.0,0.0,0.0,0.0,0.0,0.0,0.0,97.64865371811008,91.67017659241789,0,PASS
CREATEORDER_V4_C1_F4_P20_C50_S7002,/Users/nischithacn/paper3-exactly-once/results/phase6/runs/CREATEORDER_V4_C1_F4_P20_C50_S7002/CREATEORDER_V4_C1_F4_P20_C50_S7002_1788385152862,0.0,0.0,0.0,0.0,0.0,0.0,0.0,0.0,0.0,0.0,0.0,97.4665148592037,91.48563747749985,0,PASS
CREATEORDER_V4_C1_F4_P20_C50_S7003,/Users/nischithacn/paper3-exactly-once/results/phase6/runs/CREATEORDER_V4_C1_F4_P20_C50_S7003/CREATEORDER_V4_C1_F4_P20_C50_S7003_1788388883734,0.0,0.0,0.0,0.0,0.0,0.0,0.0,0.0,0.0,0.0,0.0,97.38144418329426,91.4082381407001,0,PASS
CREATEORDER_V4_C1_F4_P20_C50_S7004,/Users/nischithacn/paper3-exactly-once/results/phase6/runs/CREATEORDER_V4_C1_F4_P20_C50_S7004/CREATEORDER_V4_C1_F4_P20_C50_S7004_1788392612204,0.0,0.0,0.0,0.0,0.0,0.0,0.0,0.0,0.0,0.0,0.0,94.06063718381569,88.46746517524677,0,PASS
CREATEORDER_V4_C1_F4_P20_C50_S7005,/Users/nischithacn/paper3-exactly-once/results/phase6/runs/CREATEORDER_V4_C1_F4_P20_C50_S7005/CREATEORDER_V4_C1_F4_P20_C50_S7005_1788396136705,0.0,0.0,0.0,0.0,0.0,0.0,0.0,0.0,0.0,0.0,0.0,94.17305628736146,88.44216466975331,0,PASS
CREATEORDER_V4_C1_F4_P20_C50_S7006,/Users/nischithacn/paper3-exactly-once/results/phase6/runs/CREATEORDER_V4_C1_F4_P20_C50_S7006/CREATEORDER_V4_C1_F4_P20_C50_S7006_1788403971828,0.0,0.0,0.0,0.0,0.0,0.0,0.0,0.0,0.0,0.0,0.0,101.1403656379761,91.51151131591351,0,PASS
CREATEORDER_V4_C1_F4_P20_C50_S7007,/Users/nischithacn/paper3-exactly-once/results/phase6/runs/CREATEORDER_V4_C1_F4_P20_C50_S7007/CREATEORDER_V4_C1_F4_P20_C50_S7007_1788409329850,0.0,0.0,0.0,0.0,0.0,0.0,0.0,0.0,0.0,0.0,0.0,95.47960772826865,86.81718926878303,0,PASS
CREATEORDER_V4_C1_F4_P20_C50_S7008,/Users/nischithacn/paper3-exactly-once/results/phase6/runs/CREATEORDER_V4_C1_F4_P20_C50_S7008/CREATEORDER_V4_C1_F4_P20_C50_S7008_1788414108240,0.0,0.0,0.0,0.0,0.0,0.0,0.0,0.0,0.0,0.0,0.0,97.38782366841816,91.40122191133386,0,PASS
CREATEORDER_V4_C1_F4_P20_C50_S7009,/Users/nischithacn/paper3-exactly-once/results/phase6/runs/CREATEORDER_V4_C1_F4_P20_C50_S7009/CREATEORDER_V4_C1_F4_P20_C50_S7009_1788417626935,0.0,0.0,0.0,0.0,0.0,0.0,0.0,0.0,0.0,0.0,0.0,97.49266890369704,88.48472121601178,0,PASS
CREATEORDER_V4_C1_F4_P5_C10_S7000,/Users/nischithacn/paper3-exactly-once/results/phase6/runs/CREATEORDER_V4_C1_F4_P5_C10_S7000/CREATEORDER_V4_C1_F4_P5_C10_S7000_1788149203914,0.0,0.0,0.0,0.0,0.0,0.0,0.0,0.0,0.0,0.0,0.0,89.43283461716369,81.29481161919935,0,PASS
CREATEORDER_V4_C1_F4_P5_C10_S7001,/Users/nischithacn/paper3-exactly-once/results/phase6/runs/CREATEORDER_V4_C1_F4_P5_C10_S7001/CREATEORDER_V4_C1_F4_P5_C10_S7001_1788379766528,0.0,0.0,0.0,0.0,0.0,0.0,0.0,0.0,0.0,0.0,0.0,98.36188973752662,89.94930330167371,0,PASS
CREATEORDER_V4_C1_F4_P5_C10_S7002,/Users/nischithacn/paper3-exactly-once/results/phase6/runs/CREATEORDER_V4_C1_F4_P5_C10_S7002/CREATEORDER_V4_C1_F4_P5_C10_S7002_1788384243757,0.0,0.0,0.0,0.0,0.0,0.0,0.0,0.0,0.0,0.0,0.0,93.24820956516336,85.54849043231312,0,PASS
CREATEORDER_V4_C1_F4_P5_C10_S7003,/Users/nischithacn/paper3-exactly-once/results/phase6/runs/CREATEORDER_V4_C1_F4_P5_C10_S7003/CREATEORDER_V4_C1_F4_P5_C10_S7003_1788387962352,0.0,0.0,0.0,0.0,0.0,0.0,0.0,0.0,0.0,0.0,0.0,90.78105175922084,82.82870760367679,0,PASS
CREATEORDER_V4_C1_F4_P5_C10_S7004,/Users/nischithacn/paper3-exactly-once/results/phase6/runs/CREATEORDER_V4_C1_F4_P5_C10_S7004/CREATEORDER_V4_C1_F4_P5_C10_S7004_1788391454019,0.0,0.0,0.0,0.0,0.0,0.0,0.0,0.0,0.0,0.0,0.0,95.00747143134876,85.79486544351393,0,PASS
CREATEORDER_V4_C1_F4_P5_C10_S7005,/Users/nischithacn/paper3-exactly-once/results/phase6/runs/CREATEORDER_V4_C1_F4_P5_C10_S7005/CREATEORDER_V4_C1_F4_P5_C10_S7005_1788395195921,0.0,0.0,0.0,0.0,0.0,0.0,0.0,0.0,0.0,0.0,0.0,87.08576226050579,79.29393374535073,0,PASS
CREATEORDER_V4_C1_F4_P5_C10_S7006,/Users/nischithacn/paper3-exactly-once/results/phase6/runs/CREATEORDER_V4_C1_F4_P5_C10_S7006/CREATEORDER_V4_C1_F4_P5_C10_S7006_1788403065524,0.0,0.0,0.0,0.0,0.0,0.0,0.0,0.0,0.0,0.0,0.0,92.4959721078125,83.84351683867685,0,PASS
CREATEORDER_V4_C1_F4_P5_C10_S7007,/Users/nischithacn/paper3-exactly-once/results/phase6/runs/CREATEORDER_V4_C1_F4_P5_C10_S7007/CREATEORDER_V4_C1_F4_P5_C10_S7007_1788408393679,0.0,0.0,0.0,0.0,0.0,0.0,0.0,0.0,0.0,0.0,0.0,90.95913748083935,82.52495319896373,0,PASS
CREATEORDER_V4_C1_F4_P5_C10_S7008,/Users/nischithacn/paper3-exactly-once/results/phase6/runs/CREATEORDER_V4_C1_F4_P5_C10_S7008/CREATEORDER_V4_C1_F4_P5_C10_S7008_1788413219071,0.0,0.0,0.0,0.0,0.0,0.0,0.0,0.0,0.0,0.0,0.0,89.86207764314776,80.90997954962334,0,PASS
CREATEORDER_V4_C1_F4_P5_C10_S7009,/Users/nischithacn/paper3-exactly-once/results/phase6/runs/CREATEORDER_V4_C1_F4_P5_C10_S7009/CREATEORDER_V4_C1_F4_P5_C10_S7009_1788416693450,0.0,0.0,0.0,0.0,0.0,0.0,0.0,0.0,0.0,0.0,0.0,88.48666543636782,80.46193204271083,0,PASS
CREATEORDER_V4_C1_F4_P5_C50_S7000,/Users/nischithacn/paper3-exactly-once/results/phase6/runs/CREATEORDER_V4_C1_F4_P5_C50_S7000/CREATEORDER_V4_C1_F4_P5_C50_S7000_1788149327591,0.0,0.0,0.0,0.0,0.0,0.0,0.0,0.0,0.0,0.0,0.0,350.56481937161357,335.9852885958116,0,PASS
CREATEORDER_V4_C1_F4_P5_C50_S7001,/Users/nischithacn/paper3-exactly-once/results/phase6/runs/CREATEORDER_V4_C1_F4_P5_C50_S7001/CREATEORDER_V4_C1_F4_P5_C50_S7001_1788379885265,0.0,0.0,0.0,0.0,0.0,0.0,0.0,0.0,0.0,0.0,0.0,369.87762461911166,337.4335700667755,0,PASS
CREATEORDER_V4_C1_F4_P5_C50_S7002,/Users/nischithacn/paper3-exactly-once/results/phase6/runs/CREATEORDER_V4_C1_F4_P5_C50_S7002/CREATEORDER_V4_C1_F4_P5_C50_S7002_1788384361182,0.0,0.0,0.0,0.0,0.0,0.0,0.0,0.0,0.0,0.0,0.0,374.19916232033665,341.6712397386106,0,PASS
CREATEORDER_V4_C1_F4_P5_C50_S7003,/Users/nischithacn/paper3-exactly-once/results/phase6/runs/CREATEORDER_V4_C1_F4_P5_C50_S7003/CREATEORDER_V4_C1_F4_P5_C50_S7003_1788388083620,0.0,0.0,0.0,0.0,0.0,0.0,0.0,0.0,0.0,0.0,0.0,380.370882432218,360.2947908327651,0,PASS
CREATEORDER_V4_C1_F4_P5_C50_S7004,/Users/nischithacn/paper3-exactly-once/results/phase6/runs/CREATEORDER_V4_C1_F4_P5_C50_S7004/CREATEORDER_V4_C1_F4_P5_C50_S7004_1788391571135,0.0,0.0,0.0,0.0,0.0,0.0,0.0,0.0,0.0,0.0,0.0,366.07830840719157,333.1823900370275,0,PASS
CREATEORDER_V4_C1_F4_P5_C50_S7005,/Users/nischithacn/paper3-exactly-once/results/phase6/runs/CREATEORDER_V4_C1_F4_P5_C50_S7005/CREATEORDER_V4_C1_F4_P5_C50_S7005_1788395322569,0.0,0.0,0.0,0.0,0.0,0.0,0.0,0.0,0.0,0.0,0.0,378.3164749817217,362.4005803518815,0,PASS
CREATEORDER_V4_C1_F4_P5_C50_S7006,/Users/nischithacn/paper3-exactly-once/results/phase6/runs/CREATEORDER_V4_C1_F4_P5_C50_S7006/CREATEORDER_V4_C1_F4_P5_C50_S7006_1788403192424,0.0,0.0,0.0,0.0,0.0,0.0,0.0,0.0,0.0,0.0,0.0,378.742686727967,359.6862757944608,0,PASS
CREATEORDER_V4_C1_F4_P5_C50_S7007,/Users/nischithacn/paper3-exactly-once/results/phase6/runs/CREATEORDER_V4_C1_F4_P5_C50_S7007/CREATEORDER_V4_C1_F4_P5_C50_S7007_1788408515406,0.0,0.0,0.0,0.0,0.0,0.0,0.0,0.0,0.0,0.0,0.0,371.37422605651454,339.9934084644311,0,PASS
CREATEORDER_V4_C1_F4_P5_C50_S7008,/Users/nischithacn/paper3-exactly-once/results/phase6/runs/CREATEORDER_V4_C1_F4_P5_C50_S7008/CREATEORDER_V4_C1_F4_P5_C50_S7008_1788413343212,0.0,0.0,0.0,0.0,0.0,0.0,0.0,0.0,0.0,0.0,0.0,374.6289307686253,356.9103801553559,0,PASS
CREATEORDER_V4_C1_F4_P5_C50_S7009,/Users/nischithacn/paper3-exactly-once/results/phase6/runs/CREATEORDER_V4_C1_F4_P5_C50_S7009/CREATEORDER_V4_C1_F4_P5_C50_S7009_1788416818281,0.0,0.0,0.0,0.0,0.0,0.0,0.0,0.0,0.0,0.0,0.0,402.259961693318,363.7096237328979,0,PASS
CREATEORDER_V4_C1_F5_P0_C50_FAN10_S7000,/Users/nischithacn/paper3-exactly-once/results/phase6/runs/CREATEORDER_V4_C1_F5_P0_C50_FAN10_S7000/CREATEORDER_V4_C1_F5_P0_C50_FAN10_S7000_1788592314606,0.0,0.0,0.0,0.0,0.0,0.0,0.0,0.0,0.0,0.0,0.0,729.2090769066488,648.4242114749843,0,PASS
CREATEORDER_V4_C1_F5_P0_C50_FAN10_S7001,/Users/nischithacn/paper3-exactly-once/results/phase6/runs/CREATEORDER_V4_C1_F5_P0_C50_FAN10_S7001/CREATEORDER_V4_C1_F5_P0_C50_FAN10_S7001_1788592660927,0.0,0.0,0.0,0.0,0.0,0.0,0.0,0.0,0.0,0.0,0.0,713.162269995908,638.590600843862,0,PASS
CREATEORDER_V4_C1_F5_P0_C50_FAN10_S7002,/Users/nischithacn/paper3-exactly-once/results/phase6/runs/CREATEORDER_V4_C1_F5_P0_C50_FAN10_S7002/CREATEORDER_V4_C1_F5_P0_C50_FAN10_S7002_1788593009489,0.0,0.0,0.0,0.0,0.0,0.0,0.0,0.0,0.0,0.0,0.0,551.5734418620738,456.73095482028845,0,PASS
CREATEORDER_V4_C1_F5_P0_C50_FAN10_S7003,/Users/nischithacn/paper3-exactly-once/results/phase6/runs/CREATEORDER_V4_C1_F5_P0_C50_FAN10_S7003/CREATEORDER_V4_C1_F5_P0_C50_FAN10_S7003_1788593345407,0.0,0.0,0.0,0.0,0.0,0.0,0.0,0.0,0.0,0.0,0.0,650.0910627249783,584.5663155657751,0,PASS
CREATEORDER_V4_C1_F5_P0_C50_FAN10_S7004,/Users/nischithacn/paper3-exactly-once/results/phase6/runs/CREATEORDER_V4_C1_F5_P0_C50_FAN10_S7004/CREATEORDER_V4_C1_F5_P0_C50_FAN10_S7004_1788593706957,0.0,0.0,0.0,0.0,0.0,0.0,0.0,0.0,0.0,0.0,0.0,662.363646912679,595.8061243634826,0,PASS
CREATEORDER_V4_C1_F5_P0_C50_FAN10_S7005,/Users/nischithacn/paper3-exactly-once/results/phase6/runs/CREATEORDER_V4_C1_F5_P0_C50_FAN10_S7005/CREATEORDER_V4_C1_F5_P0_C50_FAN10_S7005_1788594063750,0.0,0.0,0.0,0.0,0.0,0.0,0.0,0.0,0.0,0.0,0.0,643.3568510207035,579.8382512306258,0,PASS
CREATEORDER_V4_C1_F5_P0_C50_FAN10_S7006,/Users/nischithacn/paper3-exactly-once/results/phase6/runs/CREATEORDER_V4_C1_F5_P0_C50_FAN10_S7006/CREATEORDER_V4_C1_F5_P0_C50_FAN10_S7006_1788594429753,0.0,0.0,0.0,0.0,0.0,0.0,0.0,0.0,0.0,0.0,0.0,663.8830866641933,598.358968959846,0,PASS
CREATEORDER_V4_C1_F5_P0_C50_FAN10_S7007,/Users/nischithacn/paper3-exactly-once/results/phase6/runs/CREATEORDER_V4_C1_F5_P0_C50_FAN10_S7007/CREATEORDER_V4_C1_F5_P0_C50_FAN10_S7007_1788594792965,0.0,0.0,0.0,0.0,0.0,0.0,0.0,0.0,0.0,0.0,0.0,533.8777456386756,446.1322731202089,0,PASS
CREATEORDER_V4_C1_F5_P0_C50_FAN10_S7008,/Users/nischithacn/paper3-exactly-once/results/phase6/runs/CREATEORDER_V4_C1_F5_P0_C50_FAN10_S7008/CREATEORDER_V4_C1_F5_P0_C50_FAN10_S7008_1788595140739,0.0,0.0,0.0,0.0,0.0,0.0,0.0,0.0,0.0,0.0,0.0,634.3610245376775,571.9678318823372,0,PASS
CREATEORDER_V4_C1_F5_P0_C50_FAN10_S7009,/Users/nischithacn/paper3-exactly-once/results/phase6/runs/CREATEORDER_V4_C1_F5_P0_C50_FAN10_S7009/CREATEORDER_V4_C1_F5_P0_C50_FAN10_S7009_1788595510514,0.0,0.0,0.0,0.0,0.0,0.0,0.0,0.0,0.0,0.0,0.0,650.5170227376599,586.1454045604062,0,PASS
CREATEORDER_V4_C1_F5_P0_C50_FAN2_S7000,/Users/nischithacn/paper3-exactly-once/results/phase6/runs/CREATEORDER_V4_C1_F5_P0_C50_FAN2_S7000/CREATEORDER_V4_C1_F5_P0_C50_FAN2_S7000_1788592281475,0.0,0.0,0.0,0.0,0.0,0.0,0.0,0.0,0.0,0.0,0.0,720.8980962364955,627.8701195243933,0,PASS
CREATEORDER_V4_C1_F5_P0_C50_FAN2_S7001,/Users/nischithacn/paper3-exactly-once/results/phase6/runs/CREATEORDER_V4_C1_F5_P0_C50_FAN2_S7001/CREATEORDER_V4_C1_F5_P0_C50_FAN2_S7001_1788592622822,0.0,0.0,0.0,0.0,0.0,0.0,0.0,0.0,0.0,0.0,0.0,575.4964195575787,476.9721211351782,0,PASS
CREATEORDER_V4_C1_F5_P0_C50_FAN2_S7002,/Users/nischithacn/paper3-exactly-once/results/phase6/runs/CREATEORDER_V4_C1_F5_P0_C50_FAN2_S7002/CREATEORDER_V4_C1_F5_P0_C50_FAN2_S7002_1788592953694,0.0,0.0,0.0,0.0,0.0,0.0,0.0,0.0,0.0,0.0,0.0,654.310159349324,589.9296407286485,0,PASS
CREATEORDER_V4_C1_F5_P0_C50_FAN2_S7003,/Users/nischithacn/paper3-exactly-once/results/phase6/runs/CREATEORDER_V4_C1_F5_P0_C50_FAN2_S7003/CREATEORDER_V4_C1_F5_P0_C50_FAN2_S7003_1788593311078,0.0,0.0,0.0,0.0,0.0,0.0,0.0,0.0,0.0,0.0,0.0,675.4271408727623,607.6384761537365,0,PASS
CREATEORDER_V4_C1_F5_P0_C50_FAN2_S7004,/Users/nischithacn/paper3-exactly-once/results/phase6/runs/CREATEORDER_V4_C1_F5_P0_C50_FAN2_S7004/CREATEORDER_V4_C1_F5_P0_C50_FAN2_S7004_1788593665168,0.0,0.0,0.0,0.0,0.0,0.0,0.0,0.0,0.0,0.0,0.0,643.7603340103481,581.3968703875587,0,PASS
CREATEORDER_V4_C1_F5_P0_C50_FAN2_S7005,/Users/nischithacn/paper3-exactly-once/results/phase6/runs/CREATEORDER_V4_C1_F5_P0_C50_FAN2_S7005/CREATEORDER_V4_C1_F5_P0_C50_FAN2_S7005_1788594027747,0.0,0.0,0.0,0.0,0.0,0.0,0.0,0.0,0.0,0.0,0.0,658.0426754772519,576.0463633995518,0,PASS
CREATEORDER_V4_C1_F5_P0_C50_FAN2_S7006,/Users/nischithacn/paper3-exactly-once/results/phase6/runs/CREATEORDER_V4_C1_F5_P0_C50_FAN2_S7006/CREATEORDER_V4_C1_F5_P0_C50_FAN2_S7006_1788594389542,0.0,0.0,0.0,0.0,0.0,0.0,0.0,0.0,0.0,0.0,0.0,538.3947915093414,447.27154169255033,0,PASS
CREATEORDER_V4_C1_F5_P0_C50_FAN2_S7007,/Users/nischithacn/paper3-exactly-once/results/phase6/runs/CREATEORDER_V4_C1_F5_P0_C50_FAN2_S7007/CREATEORDER_V4_C1_F5_P0_C50_FAN2_S7007_1788594735320,0.0,0.0,0.0,0.0,0.0,0.0,0.0,0.0,0.0,0.0,0.0,626.9835006914631,565.0347690108193,0,PASS
CREATEORDER_V4_C1_F5_P0_C50_FAN2_S7008,/Users/nischithacn/paper3-exactly-once/results/phase6/runs/CREATEORDER_V4_C1_F5_P0_C50_FAN2_S7008/CREATEORDER_V4_C1_F5_P0_C50_FAN2_S7008_1788595104938,0.0,0.0,0.0,0.0,0.0,0.0,0.0,0.0,0.0,0.0,0.0,643.3932869829221,581.3109571723514,0,PASS
CREATEORDER_V4_C1_F5_P0_C50_FAN2_S7009,/Users/nischithacn/paper3-exactly-once/results/phase6/runs/CREATEORDER_V4_C1_F5_P0_C50_FAN2_S7009/CREATEORDER_V4_C1_F5_P0_C50_FAN2_S7009_1788595467830,0.0,0.0,0.0,0.0,0.0,0.0,0.0,0.0,0.0,0.0,0.0,629.368053285274,567.278460680687,0,PASS
CREATEORDER_V4_C1_F5_P0_C50_FAN5_S7000,/Users/nischithacn/paper3-exactly-once/results/phase6/runs/CREATEORDER_V4_C1_F5_P0_C50_FAN5_S7000/CREATEORDER_V4_C1_F5_P0_C50_FAN5_S7000_1788592298108,0.0,0.0,0.0,0.0,0.0,0.0,0.0,0.0,0.0,0.0,0.0,709.9891620240003,634.0727510824715,0,PASS
CREATEORDER_V4_C1_F5_P0_C50_FAN5_S7001,/Users/nischithacn/paper3-exactly-once/results/phase6/runs/CREATEORDER_V4_C1_F5_P0_C50_FAN5_S7001/CREATEORDER_V4_C1_F5_P0_C50_FAN5_S7001_1788592644476,0.0,0.0,0.0,0.0,0.0,0.0,0.0,0.0,0.0,0.0,0.0,708.589509688896,635.3814239086669,0,PASS
CREATEORDER_V4_C1_F5_P0_C50_FAN5_S7002,/Users/nischithacn/paper3-exactly-once/results/phase6/runs/CREATEORDER_V4_C1_F5_P0_C50_FAN5_S7002/CREATEORDER_V4_C1_F5_P0_C50_FAN5_S7002_1788592971360,0.0,0.0,0.0,0.0,0.0,0.0,0.0,0.0,0.0,0.0,0.0,669.2026769549414,597.7943386765157,0,PASS
CREATEORDER_V4_C1_F5_P0_C50_FAN5_S7003,/Users/nischithacn/paper3-exactly-once/results/phase6/runs/CREATEORDER_V4_C1_F5_P0_C50_FAN5_S7003/CREATEORDER_V4_C1_F5_P0_C50_FAN5_S7003_1788593328220,0.0,0.0,0.0,0.0,0.0,0.0,0.0,0.0,0.0,0.0,0.0,675.6378882701252,606.3843801616283,0,PASS
CREATEORDER_V4_C1_F5_P0_C50_FAN5_S7004,/Users/nischithacn/paper3-exactly-once/results/phase6/runs/CREATEORDER_V4_C1_F5_P0_C50_FAN5_S7004/CREATEORDER_V4_C1_F5_P0_C50_FAN5_S7004_1788593689922,0.0,0.0,0.0,0.0,0.0,0.0,0.0,0.0,0.0,0.0,0.0,676.9307036045852,612.985258159234,0,PASS
CREATEORDER_V4_C1_F5_P0_C50_FAN5_S7005,/Users/nischithacn/paper3-exactly-once/results/phase6/runs/CREATEORDER_V4_C1_F5_P0_C50_FAN5_S7005/CREATEORDER_V4_C1_F5_P0_C50_FAN5_S7005_1788594045805,0.0,0.0,0.0,0.0,0.0,0.0,0.0,0.0,0.0,0.0,0.0,645.7513411224741,580.735063428246,0,PASS
CREATEORDER_V4_C1_F5_P0_C50_FAN5_S7006,/Users/nischithacn/paper3-exactly-once/results/phase6/runs/CREATEORDER_V4_C1_F5_P0_C50_FAN5_S7006/CREATEORDER_V4_C1_F5_P0_C50_FAN5_S7006_1788594412589,0.0,0.0,0.0,0.0,0.0,0.0,0.0,0.0,0.0,0.0,0.0,677.3892815680053,607.330034885063,0,PASS
CREATEORDER_V4_C1_F5_P0_C50_FAN5_S7007,/Users/nischithacn/paper3-exactly-once/results/phase6/runs/CREATEORDER_V4_C1_F5_P0_C50_FAN5_S7007/CREATEORDER_V4_C1_F5_P0_C50_FAN5_S7007_1788594753725,0.0,0.0,0.0,0.0,0.0,0.0,0.0,0.0,0.0,0.0,0.0,631.0358552837855,568.6386672054017,0,PASS
CREATEORDER_V4_C1_F5_P0_C50_FAN5_S7008,/Users/nischithacn/paper3-exactly-once/results/phase6/runs/CREATEORDER_V4_C1_F5_P0_C50_FAN5_S7008/CREATEORDER_V4_C1_F5_P0_C50_FAN5_S7008_1788595122847,0.0,0.0,0.0,0.0,0.0,0.0,0.0,0.0,0.0,0.0,0.0,646.9552327241963,581.8964141852123,0,PASS
CREATEORDER_V4_C1_F5_P0_C50_FAN5_S7009,/Users/nischithacn/paper3-exactly-once/results/phase6/runs/CREATEORDER_V4_C1_F5_P0_C50_FAN5_S7009/CREATEORDER_V4_C1_F5_P0_C50_FAN5_S7009_1788595493216,0.0,0.0,0.0,0.0,0.0,0.0,0.0,0.0,0.0,0.0,0.0,667.391940026785,602.5285806113461,0,PASS
CREATEORDER_V4_C1_F6_P0_C50_FAN10_S7000,/Users/nischithacn/paper3-exactly-once/results/phase6/runs/CREATEORDER_V4_C1_F6_P0_C50_FAN10_S7000/CREATEORDER_V4_C1_F6_P0_C50_FAN10_S7000_1788622239251,0.0,0.0,0.0,0.0,0.0,0.0,0.0,0.0,0.0,0.0,0.0,83.34053254062692,77.17866810954678,0,PASS
CREATEORDER_V4_C1_F6_P0_C50_FAN10_S7001,/Users/nischithacn/paper3-exactly-once/results/phase6/runs/CREATEORDER_V4_C1_F6_P0_C50_FAN10_S7001/CREATEORDER_V4_C1_F6_P0_C50_FAN10_S7001_1788624919286,0.0,0.0,0.0,0.0,0.0,0.0,0.0,0.0,0.0,0.0,0.0,86.77381987753716,79.45960096571844,0,PASS
CREATEORDER_V4_C1_F6_P0_C50_FAN10_S7002,/Users/nischithacn/paper3-exactly-once/results/phase6/runs/CREATEORDER_V4_C1_F6_P0_C50_FAN10_S7002/CREATEORDER_V4_C1_F6_P0_C50_FAN10_S7002_1788626369742,0.0,0.0,0.0,0.0,0.0,0.0,0.0,0.0,0.0,0.0,0.0,83.75211196424846,76.41533521153617,0,PASS
CREATEORDER_V4_C1_F6_P0_C50_FAN10_S7003,/Users/nischithacn/paper3-exactly-once/results/phase6/runs/CREATEORDER_V4_C1_F6_P0_C50_FAN10_S7003/CREATEORDER_V4_C1_F6_P0_C50_FAN10_S7003_1788627901665,0.0,0.0,0.0,0.0,0.0,0.0,0.0,0.0,0.0,0.0,0.0,80.35094472969475,73.39414043355792,0,PASS
CREATEORDER_V4_C1_F6_P0_C50_FAN10_S7004,/Users/nischithacn/paper3-exactly-once/results/phase6/runs/CREATEORDER_V4_C1_F6_P0_C50_FAN10_S7004/CREATEORDER_V4_C1_F6_P0_C50_FAN10_S7004_1788629416482,0.0,0.0,0.0,0.0,0.0,0.0,0.0,0.0,0.0,0.0,0.0,79.90484034705975,72.73094939855882,0,PASS
CREATEORDER_V4_C1_F6_P0_C50_FAN10_S7005,/Users/nischithacn/paper3-exactly-once/results/phase6/runs/CREATEORDER_V4_C1_F6_P0_C50_FAN10_S7005/CREATEORDER_V4_C1_F6_P0_C50_FAN10_S7005_1788630998707,0.0,0.0,0.0,0.0,0.0,0.0,0.0,0.0,0.0,0.0,0.0,78.38637820188043,71.44212347311534,0,PASS
CREATEORDER_V4_C1_F6_P0_C50_FAN10_S7006,/Users/nischithacn/paper3-exactly-once/results/phase6/runs/CREATEORDER_V4_C1_F6_P0_C50_FAN10_S7006/CREATEORDER_V4_C1_F6_P0_C50_FAN10_S7006_1788643451156,0.0,0.0,0.0,0.0,0.0,0.0,0.0,0.0,0.0,0.0,0.0,82.61563266310819,76.4840246263481,0,PASS
CREATEORDER_V4_C1_F6_P0_C50_FAN10_S7007,/Users/nischithacn/paper3-exactly-once/results/phase6/runs/CREATEORDER_V4_C1_F6_P0_C50_FAN10_S7007/CREATEORDER_V4_C1_F6_P0_C50_FAN10_S7007_1788645023621,0.0,0.0,0.0,0.0,0.0,0.0,0.0,0.0,0.0,0.0,0.0,86.58145471266508,78.57881232473409,0,PASS
CREATEORDER_V4_C1_F6_P0_C50_FAN10_S7008,/Users/nischithacn/paper3-exactly-once/results/phase6/runs/CREATEORDER_V4_C1_F6_P0_C50_FAN10_S7008/CREATEORDER_V4_C1_F6_P0_C50_FAN10_S7008_1788646505438,0.0,0.0,0.0,0.0,0.0,0.0,0.0,0.0,0.0,0.0,0.0,83.43491603745704,76.25558127353571,0,PASS
CREATEORDER_V4_C1_F6_P0_C50_FAN10_S7009,/Users/nischithacn/paper3-exactly-once/results/phase6/runs/CREATEORDER_V4_C1_F6_P0_C50_FAN10_S7009/CREATEORDER_V4_C1_F6_P0_C50_FAN10_S7009_1788648032311,0.0,0.0,0.0,0.0,0.0,0.0,0.0,0.0,0.0,0.0,0.0,80.54825843915664,73.3426119060166,0,PASS
CREATEORDER_V4_C1_F6_P0_C50_FAN2_S7000,/Users/nischithacn/paper3-exactly-once/results/phase6/runs/CREATEORDER_V4_C1_F6_P0_C50_FAN2_S7000/CREATEORDER_V4_C1_F6_P0_C50_FAN2_S7000_1788622138165,0.0,0.0,0.0,0.0,0.0,0.0,0.0,0.0,0.0,0.0,0.0,412.563819803611,374.96211650755487,0,PASS
CREATEORDER_V4_C1_F6_P0_C50_FAN2_S7001,/Users/nischithacn/paper3-exactly-once/results/phase6/runs/CREATEORDER_V4_C1_F6_P0_C50_FAN2_S7001/CREATEORDER_V4_C1_F6_P0_C50_FAN2_S7001_1788624810979,0.0,0.0,0.0,0.0,0.0,0.0,0.0,0.0,0.0,0.0,0.0,358.82716508031467,321.80739221020156,0,PASS
CREATEORDER_V4_C1_F6_P0_C50_FAN2_S7002,/Users/nischithacn/paper3-exactly-once/results/phase6/runs/CREATEORDER_V4_C1_F6_P0_C50_FAN2_S7002/CREATEORDER_V4_C1_F6_P0_C50_FAN2_S7002_1788626266583,0.0,0.0,0.0,0.0,0.0,0.0,0.0,0.0,0.0,0.0,0.0,355.53894572677694,317.26938993472953,0,PASS
CREATEORDER_V4_C1_F6_P0_C50_FAN2_S7003,/Users/nischithacn/paper3-exactly-once/results/phase6/runs/CREATEORDER_V4_C1_F6_P0_C50_FAN2_S7003/CREATEORDER_V4_C1_F6_P0_C50_FAN2_S7003_1788627771916,0.0,0.0,0.0,0.0,0.0,0.0,0.0,0.0,0.0,0.0,0.0,350.0051904494395,319.9992626970113,0,PASS
CREATEORDER_V4_C1_F6_P0_C50_FAN2_S7004,/Users/nischithacn/paper3-exactly-once/results/phase6/runs/CREATEORDER_V4_C1_F6_P0_C50_FAN2_S7004/CREATEORDER_V4_C1_F6_P0_C50_FAN2_S7004_1788629309591,0.0,0.0,0.0,0.0,0.0,0.0,0.0,0.0,0.0,0.0,0.0,342.13603883016424,311.8308209191495,0,PASS
CREATEORDER_V4_C1_F6_P0_C50_FAN2_S7005,/Users/nischithacn/paper3-exactly-once/results/phase6/runs/CREATEORDER_V4_C1_F6_P0_C50_FAN2_S7005/CREATEORDER_V4_C1_F6_P0_C50_FAN2_S7005_1788630891401,0.0,0.0,0.0,0.0,0.0,0.0,0.0,0.0,0.0,0.0,0.0,356.05594230043533,326.26452937765305,0,PASS
CREATEORDER_V4_C1_F6_P0_C50_FAN2_S7006,/Users/nischithacn/paper3-exactly-once/results/phase6/runs/CREATEORDER_V4_C1_F6_P0_C50_FAN2_S7006/CREATEORDER_V4_C1_F6_P0_C50_FAN2_S7006_1788643348340,0.0,0.0,0.0,0.0,0.0,0.0,0.0,0.0,0.0,0.0,0.0,388.2466862830271,345.8200330617587,0,PASS
CREATEORDER_V4_C1_F6_P0_C50_FAN2_S7007,/Users/nischithacn/paper3-exactly-once/results/phase6/runs/CREATEORDER_V4_C1_F6_P0_C50_FAN2_S7007/CREATEORDER_V4_C1_F6_P0_C50_FAN2_S7007_1788644903776,0.0,0.0,0.0,0.0,0.0,0.0,0.0,0.0,0.0,0.0,0.0,292.18042122062513,258.8392712224133,0,PASS
CREATEORDER_V4_C1_F6_P0_C50_FAN2_S7008,/Users/nischithacn/paper3-exactly-once/results/phase6/runs/CREATEORDER_V4_C1_F6_P0_C50_FAN2_S7008/CREATEORDER_V4_C1_F6_P0_C50_FAN2_S7008_1788646379276,0.0,0.0,0.0,0.0,0.0,0.0,0.0,0.0,0.0,0.0,0.0,361.6157947020901,329.6918207013975,0,PASS
CREATEORDER_V4_C1_F6_P0_C50_FAN2_S7009,/Users/nischithacn/paper3-exactly-once/results/phase6/runs/CREATEORDER_V4_C1_F6_P0_C50_FAN2_S7009/CREATEORDER_V4_C1_F6_P0_C50_FAN2_S7009_1788647926573,0.0,0.0,0.0,0.0,0.0,0.0,0.0,0.0,0.0,0.0,0.0,344.6762129469624,315.47804374044034,0,PASS
CREATEORDER_V4_C1_F6_P0_C50_FAN5_S7000,/Users/nischithacn/paper3-exactly-once/results/phase6/runs/CREATEORDER_V4_C1_F6_P0_C50_FAN5_S7000/CREATEORDER_V4_C1_F6_P0_C50_FAN5_S7000_1788622165525,0.0,0.0,0.0,0.0,0.0,0.0,0.0,0.0,0.0,0.0,0.0,163.91111565474912,150.5320608632738,0,PASS
CREATEORDER_V4_C1_F6_P0_C50_FAN5_S7001,/Users/nischithacn/paper3-exactly-once/results/phase6/runs/CREATEORDER_V4_C1_F6_P0_C50_FAN5_S7001/CREATEORDER_V4_C1_F6_P0_C50_FAN5_S7001_1788624842762,0.0,0.0,0.0,0.0,0.0,0.0,0.0,0.0,0.0,0.0,0.0,160.7040814464351,146.3379926557259,0,PASS
CREATEORDER_V4_C1_F6_P0_C50_FAN5_S7002,/Users/nischithacn/paper3-exactly-once/results/phase6/runs/CREATEORDER_V4_C1_F6_P0_C50_FAN5_S7002/CREATEORDER_V4_C1_F6_P0_C50_FAN5_S7002_1788626298819,0.0,0.0,0.0,0.0,0.0,0.0,0.0,0.0,0.0,0.0,0.0,157.55156795420316,143.21212201586042,0,PASS
CREATEORDER_V4_C1_F6_P0_C50_FAN5_S7003,/Users/nischithacn/paper3-exactly-once/results/phase6/runs/CREATEORDER_V4_C1_F6_P0_C50_FAN5_S7003/CREATEORDER_V4_C1_F6_P0_C50_FAN5_S7003_1788627825920,0.0,0.0,0.0,0.0,0.0,0.0,0.0,0.0,0.0,0.0,0.0,153.08716416688227,133.9965466538644,0,PASS
CREATEORDER_V4_C1_F6_P0_C50_FAN5_S7004,/Users/nischithacn/paper3-exactly-once/results/phase6/runs/CREATEORDER_V4_C1_F6_P0_C50_FAN5_S7004/CREATEORDER_V4_C1_F6_P0_C50_FAN5_S7004_1788629342383,0.0,0.0,0.0,0.0,0.0,0.0,0.0,0.0,0.0,0.0,0.0,150.46287315554238,136.96789340184654,0,PASS
CREATEORDER_V4_C1_F6_P0_C50_FAN5_S7005,/Users/nischithacn/paper3-exactly-once/results/phase6/runs/CREATEORDER_V4_C1_F6_P0_C50_FAN5_S7005/CREATEORDER_V4_C1_F6_P0_C50_FAN5_S7005_1788630922792,0.0,0.0,0.0,0.0,0.0,0.0,0.0,0.0,0.0,0.0,0.0,146.87683874924366,133.73739506006362,0,PASS
CREATEORDER_V4_C1_F6_P0_C50_FAN5_S7006,/Users/nischithacn/paper3-exactly-once/results/phase6/runs/CREATEORDER_V4_C1_F6_P0_C50_FAN5_S7006/CREATEORDER_V4_C1_F6_P0_C50_FAN5_S7006_1788643377972,0.0,0.0,0.0,0.0,0.0,0.0,0.0,0.0,0.0,0.0,0.0,169.48989123457372,153.40741320985612,0,PASS
CREATEORDER_V4_C1_F6_P0_C50_FAN5_S7007,/Users/nischithacn/paper3-exactly-once/results/phase6/runs/CREATEORDER_V4_C1_F6_P0_C50_FAN5_S7007/CREATEORDER_V4_C1_F6_P0_C50_FAN5_S7007_1788644943212,0.0,0.0,0.0,0.0,0.0,0.0,0.0,0.0,0.0,0.0,0.0,139.4678763753507,126.13936279012702,0,PASS
CREATEORDER_V4_C1_F6_P0_C50_FAN5_S7008,/Users/nischithacn/paper3-exactly-once/results/phase6/runs/CREATEORDER_V4_C1_F6_P0_C50_FAN5_S7008/CREATEORDER_V4_C1_F6_P0_C50_FAN5_S7008_1788646432845,0.0,0.0,0.0,0.0,0.0,0.0,0.0,0.0,0.0,0.0,0.0,159.87096778964224,139.8037158767622,0,PASS
CREATEORDER_V4_C1_F6_P0_C50_FAN5_S7009,/Users/nischithacn/paper3-exactly-once/results/phase6/runs/CREATEORDER_V4_C1_F6_P0_C50_FAN5_S7009/CREATEORDER_V4_C1_F6_P0_C50_FAN5_S7009_1788647959008,0.0,0.0,0.0,0.0,0.0,0.0,0.0,0.0,0.0,0.0,0.0,152.46639134918814,138.50643779409145,0,PASS
CREATEORDER_V4_C1_F7_P10_C50_S7000,/Users/nischithacn/paper3-exactly-once/results/phase6/runs/CREATEORDER_V4_C1_F7_P10_C50_S7000/CREATEORDER_V4_C1_F7_P10_C50_S7000_1788677154921,0.0,0.0,0.0,0.0,0.0,0.0,0.0,0.0,0.0,0.0,0.0,932.8036827640515,816.2959633373054,0,PASS
CREATEORDER_V4_C1_F7_P10_C50_S7001,/Users/nischithacn/paper3-exactly-once/results/phase6/runs/CREATEORDER_V4_C1_F7_P10_C50_S7001/CREATEORDER_V4_C1_F7_P10_C50_S7001_1788677389244,0.0,0.0,0.0,0.0,0.0,0.0,0.0,0.0,0.0,0.0,0.0,889.7479781656314,775.6383763304012,0,PASS
CREATEORDER_V4_C1_F7_P10_C50_S7002,/Users/nischithacn/paper3-exactly-once/results/phase6/runs/CREATEORDER_V4_C1_F7_P10_C50_S7002/CREATEORDER_V4_C1_F7_P10_C50_S7002_1788677633001,0.0,0.0,0.0,0.0,0.0,0.0,0.0,0.0,0.0,0.0,0.0,963.390772129531,833.7628073402863,0,PASS
CREATEORDER_V4_C1_F7_P10_C50_S7003,/Users/nischithacn/paper3-exactly-once/results/phase6/runs/CREATEORDER_V4_C1_F7_P10_C50_S7003/CREATEORDER_V4_C1_F7_P10_C50_S7003_1788677873977,0.0,0.0,0.0,0.0,0.0,0.0,0.0,0.0,0.0,0.0,0.0,693.617078558364,565.1821500978339,0,PASS
CREATEORDER_V4_C1_F7_P10_C50_S7004,/Users/nischithacn/paper3-exactly-once/results/phase6/runs/CREATEORDER_V4_C1_F7_P10_C50_S7004/CREATEORDER_V4_C1_F7_P10_C50_S7004_1788678101709,0.0,0.0,0.0,0.0,0.0,0.0,0.0,0.0,0.0,0.0,0.0,893.8201568133653,783.0166770090558,0,PASS
CREATEORDER_V4_C1_F7_P10_C50_S7005,/Users/nischithacn/paper3-exactly-once/results/phase6/runs/CREATEORDER_V4_C1_F7_P10_C50_S7005/CREATEORDER_V4_C1_F7_P10_C50_S7005_1788678353277,0.0,0.0,0.0,0.0,0.0,0.0,0.0,0.0,0.0,0.0,0.0,901.1741056484524,786.5644722052032,0,PASS
CREATEORDER_V4_C1_F7_P10_C50_S7006,/Users/nischithacn/paper3-exactly-once/results/phase6/runs/CREATEORDER_V4_C1_F7_P10_C50_S7006/CREATEORDER_V4_C1_F7_P10_C50_S7006_1788678599694,0.0,0.0,0.0,0.0,0.0,0.0,0.0,0.0,0.0,0.0,0.0,840.1252557198789,743.328068504006,0,PASS
CREATEORDER_V4_C1_F7_P10_C50_S7007,/Users/nischithacn/paper3-exactly-once/results/phase6/runs/CREATEORDER_V4_C1_F7_P10_C50_S7007/CREATEORDER_V4_C1_F7_P10_C50_S7007_1788678853630,0.0,0.0,0.0,0.0,0.0,0.0,0.0,0.0,0.0,0.0,0.0,899.0495030421424,791.1872430171845,0,PASS
CREATEORDER_V4_C1_F7_P10_C50_S7008,/Users/nischithacn/paper3-exactly-once/results/phase6/runs/CREATEORDER_V4_C1_F7_P10_C50_S7008/CREATEORDER_V4_C1_F7_P10_C50_S7008_1788679103258,0.0,0.0,0.0,0.0,0.0,0.0,0.0,0.0,0.0,0.0,0.0,660.3619320909331,539.004583635709,0,PASS
CREATEORDER_V4_C1_F7_P10_C50_S7009,/Users/nischithacn/paper3-exactly-once/results/phase6/runs/CREATEORDER_V4_C1_F7_P10_C50_S7009/CREATEORDER_V4_C1_F7_P10_C50_S7009_1788679337302,0.0,0.0,0.0,0.0,0.0,0.0,0.0,0.0,0.0,0.0,0.0,855.5623350091947,755.2223830969785,0,PASS
CREATEORDER_V4_C1_F8_P10_C10_S7000,/Users/nischithacn/paper3-exactly-once/results/phase6/runs/CREATEORDER_V4_C1_F8_P10_C10_S7000/CREATEORDER_V4_C1_F8_P10_C10_S7000_1788152394577,0.0,0.0,0.0,0.0,0.0,0.0,0.0,0.0,0.0,0.0,0.0,136.77829515655714,124.58371552400398,0,PASS
CREATEORDER_V4_C1_F8_P10_C10_S7001,/Users/nischithacn/paper3-exactly-once/results/phase6/runs/CREATEORDER_V4_C1_F8_P10_C10_S7001/CREATEORDER_V4_C1_F8_P10_C10_S7001_1788497643521,0.0,0.0,0.0,0.0,0.0,0.0,0.0,0.0,0.0,0.0,0.0,130.984465946693,118.69853529265791,0,PASS
CREATEORDER_V4_C1_F8_P10_C10_S7002,/Users/nischithacn/paper3-exactly-once/results/phase6/runs/CREATEORDER_V4_C1_F8_P10_C10_S7002/CREATEORDER_V4_C1_F8_P10_C10_S7002_1788550346864,0.0,0.0,0.0,0.0,0.0,0.0,0.0,0.0,0.0,0.0,0.0,138.26218858336676,125.00499693162395,0,PASS
CREATEORDER_V4_C1_F8_P10_C10_S7003,/Users/nischithacn/paper3-exactly-once/results/phase6/runs/CREATEORDER_V4_C1_F8_P10_C10_S7003/CREATEORDER_V4_C1_F8_P10_C10_S7003_1788555290722,0.0,0.0,0.0,0.0,0.0,0.0,0.0,0.0,0.0,0.0,0.0,133.8140254301408,121.9134870189975,0,PASS
CREATEORDER_V4_C1_F8_P10_C10_S7004,/Users/nischithacn/paper3-exactly-once/results/phase6/runs/CREATEORDER_V4_C1_F8_P10_C10_S7004/CREATEORDER_V4_C1_F8_P10_C10_S7004_1788560859571,0.0,0.0,0.0,0.0,0.0,0.0,0.0,0.0,0.0,0.0,0.0,142.44428038992996,126.47904433185033,0,PASS
CREATEORDER_V4_C1_F8_P10_C10_S7005,/Users/nischithacn/paper3-exactly-once/results/phase6/runs/CREATEORDER_V4_C1_F8_P10_C10_S7005/CREATEORDER_V4_C1_F8_P10_C10_S7005_1788562945475,0.0,0.0,0.0,0.0,0.0,0.0,0.0,0.0,0.0,0.0,0.0,128.94809551579652,116.71322687869855,0,PASS
CREATEORDER_V4_C1_F8_P10_C10_S7006,/Users/nischithacn/paper3-exactly-once/results/phase6/runs/CREATEORDER_V4_C1_F8_P10_C10_S7006/CREATEORDER_V4_C1_F8_P10_C10_S7006_1788568594265,0.0,0.0,0.0,0.0,0.0,0.0,0.0,0.0,0.0,0.0,0.0,140.85127591663692,128.81125618467263,0,PASS
CREATEORDER_V4_C1_F8_P10_C10_S7007,/Users/nischithacn/paper3-exactly-once/results/phase6/runs/CREATEORDER_V4_C1_F8_P10_C10_S7007/CREATEORDER_V4_C1_F8_P10_C10_S7007_1788570329288,0.0,0.0,0.0,0.0,0.0,0.0,0.0,0.0,0.0,0.0,0.0,134.45740294608606,121.02326508541023,0,PASS
CREATEORDER_V4_C1_F8_P10_C10_S7008,/Users/nischithacn/paper3-exactly-once/results/phase6/runs/CREATEORDER_V4_C1_F8_P10_C10_S7008/CREATEORDER_V4_C1_F8_P10_C10_S7008_1788574898395,0.0,0.0,0.0,0.0,0.0,0.0,0.0,0.0,0.0,0.0,0.0,135.39537094052952,123.04480890865744,0,PASS
CREATEORDER_V4_C1_F8_P10_C10_S7009,/Users/nischithacn/paper3-exactly-once/results/phase6/runs/CREATEORDER_V4_C1_F8_P10_C10_S7009/CREATEORDER_V4_C1_F8_P10_C10_S7009_1788576650881,0.0,0.0,0.0,0.0,0.0,0.0,0.0,0.0,0.0,0.0,0.0,141.741197932552,125.77280610647547,0,PASS
CREATEORDER_V4_C1_F8_P10_C50_CAP_S7000,/Users/nischithacn/paper3-exactly-once/results/phase6/runs/CREATEORDER_V4_C1_F8_P10_C50_CAP_S7000/CREATEORDER_V4_C1_F8_P10_C50_CAP_S7000_1788671235450,0.0,0.0,0.0,0.0,0.0,0.0,0.0,0.0,0.0,0.0,0.0,707.3168666926435,616.0635762081212,0,PASS
CREATEORDER_V4_C1_F8_P10_C50_CAP_S7001,/Users/nischithacn/paper3-exactly-once/results/phase6/runs/CREATEORDER_V4_C1_F8_P10_C50_CAP_S7001/CREATEORDER_V4_C1_F8_P10_C50_CAP_S7001_1788671596157,0.0,0.0,0.0,0.0,0.0,0.0,0.0,0.0,0.0,0.0,0.0,704.2417145058224,633.1153535587304,0,PASS
CREATEORDER_V4_C1_F8_P10_C50_CAP_S7002,/Users/nischithacn/paper3-exactly-once/results/phase6/runs/CREATEORDER_V4_C1_F8_P10_C50_CAP_S7002/CREATEORDER_V4_C1_F8_P10_C50_CAP_S7002_1788671950451,0.0,0.0,0.0,0.0,0.0,0.0,0.0,0.0,0.0,0.0,0.0,687.3295443037161,619.5243405272857,0,PASS
CREATEORDER_V4_C1_F8_P10_C50_CAP_S7003,/Users/nischithacn/paper3-exactly-once/results/phase6/runs/CREATEORDER_V4_C1_F8_P10_C50_CAP_S7003/CREATEORDER_V4_C1_F8_P10_C50_CAP_S7003_1788672314861,0.0,0.0,0.0,0.0,0.0,0.0,0.0,0.0,0.0,0.0,0.0,707.1361080687318,635.6077830154118,0,PASS
CREATEORDER_V4_C1_F8_P10_C50_CAP_S7004,/Users/nischithacn/paper3-exactly-once/results/phase6/runs/CREATEORDER_V4_C1_F8_P10_C50_CAP_S7004/CREATEORDER_V4_C1_F8_P10_C50_CAP_S7004_1788672711881,0.0,0.0,0.0,0.0,0.0,0.0,0.0,0.0,0.0,0.0,0.0,702.7141262208941,619.1036916880431,0,PASS
CREATEORDER_V4_C1_F8_P10_C50_CAP_S7005,/Users/nischithacn/paper3-exactly-once/results/phase6/runs/CREATEORDER_V4_C1_F8_P10_C50_CAP_S7005/CREATEORDER_V4_C1_F8_P10_C50_CAP_S7005_1788673093260,0.0,0.0,0.0,0.0,0.0,0.0,0.0,0.0,0.0,0.0,0.0,659.7731815757362,583.6928267068681,0,PASS
CREATEORDER_V4_C1_F8_P10_C50_CAP_S7006,/Users/nischithacn/paper3-exactly-once/results/phase6/runs/CREATEORDER_V4_C1_F8_P10_C50_CAP_S7006/CREATEORDER_V4_C1_F8_P10_C50_CAP_S7006_1788673498044,0.0,0.0,0.0,0.0,0.0,0.0,0.0,0.0,0.0,0.0,0.0,709.2903965844918,623.876250724326,0,PASS
CREATEORDER_V4_C1_F8_P10_C50_CAP_S7007,/Users/nischithacn/paper3-exactly-once/results/phase6/runs/CREATEORDER_V4_C1_F8_P10_C50_CAP_S7007/CREATEORDER_V4_C1_F8_P10_C50_CAP_S7007_1788673892484,0.0,0.0,0.0,0.0,0.0,0.0,0.0,0.0,0.0,0.0,0.0,665.1075670879027,594.0928729036515,0,PASS
CREATEORDER_V4_C1_F8_P10_C50_CAP_S7008,/Users/nischithacn/paper3-exactly-once/results/phase6/runs/CREATEORDER_V4_C1_F8_P10_C50_CAP_S7008/CREATEORDER_V4_C1_F8_P10_C50_CAP_S7008_1788674276009,0.0,0.0,0.0,0.0,0.0,0.0,0.0,0.0,0.0,0.0,0.0,686.5295238103968,607.247654476863,0,PASS
CREATEORDER_V4_C1_F8_P10_C50_CAP_S7009,/Users/nischithacn/paper3-exactly-once/results/phase6/runs/CREATEORDER_V4_C1_F8_P10_C50_CAP_S7009/CREATEORDER_V4_C1_F8_P10_C50_CAP_S7009_1788674676552,0.0,0.0,0.0,0.0,0.0,0.0,0.0,0.0,0.0,0.0,0.0,699.4972840242281,627.4053188118128,0,PASS
CREATEORDER_V4_C1_F8_P10_C50_S7000,/Users/nischithacn/paper3-exactly-once/results/phase6/runs/CREATEORDER_V4_C1_F8_P10_C50_S7000/CREATEORDER_V4_C1_F8_P10_C50_S7000_1788152475430,0.0,0.0,0.0,0.0,0.0,0.0,0.0,0.0,0.0,0.0,0.0,705.4482237608386,631.6324982117467,0,PASS
CREATEORDER_V4_C1_F8_P10_C50_S7001,/Users/nischithacn/paper3-exactly-once/results/phase6/runs/CREATEORDER_V4_C1_F8_P10_C50_S7001/CREATEORDER_V4_C1_F8_P10_C50_S7001_1788497728351,0.0,0.0,0.0,0.0,0.0,0.0,0.0,0.0,0.0,0.0,0.0,683.1127913534026,606.9985741487857,0,PASS
CREATEORDER_V4_C1_F8_P10_C50_S7002,/Users/nischithacn/paper3-exactly-once/results/phase6/runs/CREATEORDER_V4_C1_F8_P10_C50_S7002/CREATEORDER_V4_C1_F8_P10_C50_S7002_1788552840064,0.0,0.0,0.0,0.0,0.0,0.0,0.0,0.0,0.0,0.0,0.0,712.3736568912612,645.1844333848438,0,PASS
CREATEORDER_V4_C1_F8_P10_C50_S7003,/Users/nischithacn/paper3-exactly-once/results/phase6/runs/CREATEORDER_V4_C1_F8_P10_C50_S7003/CREATEORDER_V4_C1_F8_P10_C50_S7003_1788555373336,0.0,0.0,0.0,0.0,0.0,0.0,0.0,0.0,0.0,0.0,0.0,668.0887611212629,597.8741143134844,0,PASS
CREATEORDER_V4_C1_F8_P10_C50_S7004,/Users/nischithacn/paper3-exactly-once/results/phase6/runs/CREATEORDER_V4_C1_F8_P10_C50_S7004/CREATEORDER_V4_C1_F8_P10_C50_S7004_1788560939209,0.0,0.0,0.0,0.0,0.0,0.0,0.0,0.0,0.0,0.0,0.0,703.3801119316282,619.0798141501824,0,PASS
CREATEORDER_V4_C1_F8_P10_C50_S7005,/Users/nischithacn/paper3-exactly-once/results/phase6/runs/CREATEORDER_V4_C1_F8_P10_C50_S7005/CREATEORDER_V4_C1_F8_P10_C50_S7005_1788563031741,0.0,0.0,0.0,0.0,0.0,0.0,0.0,0.0,0.0,0.0,0.0,669.9537383672059,599.4771863009181,0,PASS
CREATEORDER_V4_C1_F8_P10_C50_S7006,/Users/nischithacn/paper3-exactly-once/results/phase6/runs/CREATEORDER_V4_C1_F8_P10_C50_S7006/CREATEORDER_V4_C1_F8_P10_C50_S7006_1788568672476,0.0,0.0,0.0,0.0,0.0,0.0,0.0,0.0,0.0,0.0,0.0,721.633129072968,644.8478217938308,0,PASS
CREATEORDER_V4_C1_F8_P10_C50_S7007,/Users/nischithacn/paper3-exactly-once/results/phase6/runs/CREATEORDER_V4_C1_F8_P10_C50_S7007/CREATEORDER_V4_C1_F8_P10_C50_S7007_1788570419280,0.0,0.0,0.0,0.0,0.0,0.0,0.0,0.0,0.0,0.0,0.0,715.1691977228917,637.5190493270527,0,PASS
CREATEORDER_V4_C1_F8_P10_C50_S7008,/Users/nischithacn/paper3-exactly-once/results/phase6/runs/CREATEORDER_V4_C1_F8_P10_C50_S7008/CREATEORDER_V4_C1_F8_P10_C50_S7008_1788574980246,0.0,0.0,0.0,0.0,0.0,0.0,0.0,0.0,0.0,0.0,0.0,686.733191237566,609.3597114953363,0,PASS
CREATEORDER_V4_C1_F8_P10_C50_S7009,/Users/nischithacn/paper3-exactly-once/results/phase6/runs/CREATEORDER_V4_C1_F8_P10_C50_S7009/CREATEORDER_V4_C1_F8_P10_C50_S7009_1788576730975,0.0,0.0,0.0,0.0,0.0,0.0,0.0,0.0,0.0,0.0,0.0,670.7909161597717,594.2354975571735,0,PASS
CREATEORDER_V4_C1_F8_P1_C10_S7000,/Users/nischithacn/paper3-exactly-once/results/phase6/runs/CREATEORDER_V4_C1_F8_P1_C10_S7000/CREATEORDER_V4_C1_F8_P1_C10_S7000_1788152316120,0.0,0.0,0.0,0.0,0.0,0.0,0.0,0.0,0.0,0.0,0.0,722.2635303828165,646.6844153305766,0,PASS
CREATEORDER_V4_C1_F8_P1_C10_S7001,/Users/nischithacn/paper3-exactly-once/results/phase6/runs/CREATEORDER_V4_C1_F8_P1_C10_S7001/CREATEORDER_V4_C1_F8_P1_C10_S7001_1788497231198,0.0,0.0,0.0,0.0,0.0,0.0,0.0,0.0,0.0,0.0,0.0,600.0492851683475,528.0717994656084,0,PASS
CREATEORDER_V4_C1_F8_P1_C10_S7002,/Users/nischithacn/paper3-exactly-once/results/phase6/runs/CREATEORDER_V4_C1_F8_P1_C10_S7002/CREATEORDER_V4_C1_F8_P1_C10_S7002_1788550263735,0.0,0.0,0.0,0.0,0.0,0.0,0.0,0.0,0.0,0.0,0.0,714.3404209421869,616.7155440311658,0,PASS
CREATEORDER_V4_C1_F8_P1_C10_S7003,/Users/nischithacn/paper3-exactly-once/results/phase6/runs/CREATEORDER_V4_C1_F8_P1_C10_S7003/CREATEORDER_V4_C1_F8_P1_C10_S7003_1788555185737,0.0,0.0,0.0,0.0,0.0,0.0,0.0,0.0,0.0,0.0,0.0,750.095194738426,643.5420639254856,0,PASS
CREATEORDER_V4_C1_F8_P1_C10_S7004,/Users/nischithacn/paper3-exactly-once/results/phase6/runs/CREATEORDER_V4_C1_F8_P1_C10_S7004/CREATEORDER_V4_C1_F8_P1_C10_S7004_1788560754378,0.0,0.0,0.0,0.0,0.0,0.0,0.0,0.0,0.0,0.0,0.0,682.6251136405434,602.253277738405,0,PASS
CREATEORDER_V4_C1_F8_P1_C10_S7005,/Users/nischithacn/paper3-exactly-once/results/phase6/runs/CREATEORDER_V4_C1_F8_P1_C10_S7005/CREATEORDER_V4_C1_F8_P1_C10_S7005_1788562851185,0.0,0.0,0.0,0.0,0.0,0.0,0.0,0.0,0.0,0.0,0.0,706.4393987561875,610.9764465840116,0,PASS
CREATEORDER_V4_C1_F8_P1_C10_S7006,/Users/nischithacn/paper3-exactly-once/results/phase6/runs/CREATEORDER_V4_C1_F8_P1_C10_S7006/CREATEORDER_V4_C1_F8_P1_C10_S7006_1788568501566,0.0,0.0,0.0,0.0,0.0,0.0,0.0,0.0,0.0,0.0,0.0,668.450453227239,582.6924759515072,0,PASS
CREATEORDER_V4_C1_F8_P1_C10_S7007,/Users/nischithacn/paper3-exactly-once/results/phase6/runs/CREATEORDER_V4_C1_F8_P1_C10_S7007/CREATEORDER_V4_C1_F8_P1_C10_S7007_1788570242029,0.0,0.0,0.0,0.0,0.0,0.0,0.0,0.0,0.0,0.0,0.0,618.2694733103245,518.6458399166636,0,PASS
CREATEORDER_V4_C1_F8_P1_C10_S7008,/Users/nischithacn/paper3-exactly-once/results/phase6/runs/CREATEORDER_V4_C1_F8_P1_C10_S7008/CREATEORDER_V4_C1_F8_P1_C10_S7008_1788574790158,0.0,0.0,0.0,0.0,0.0,0.0,0.0,0.0,0.0,0.0,0.0,630.2004484165731,542.6225372556985,0,PASS
CREATEORDER_V4_C1_F8_P1_C10_S7009,/Users/nischithacn/paper3-exactly-once/results/phase6/runs/CREATEORDER_V4_C1_F8_P1_C10_S7009/CREATEORDER_V4_C1_F8_P1_C10_S7009_1788576545356,0.0,0.0,0.0,0.0,0.0,0.0,0.0,0.0,0.0,0.0,0.0,742.9933357761411,642.9848523196596,0,PASS
CREATEORDER_V4_C1_F8_P1_C50_S7000,/Users/nischithacn/paper3-exactly-once/results/phase6/runs/CREATEORDER_V4_C1_F8_P1_C50_S7000/CREATEORDER_V4_C1_F8_P1_C50_S7000_1788152332146,0.0,0.0,0.0,0.0,0.0,0.0,0.0,0.0,0.0,0.0,0.0,1354.393213334956,1166.7801000353793,0,PASS
CREATEORDER_V4_C1_F8_P1_C50_S7001,/Users/nischithacn/paper3-exactly-once/results/phase6/runs/CREATEORDER_V4_C1_F8_P1_C50_S7001/CREATEORDER_V4_C1_F8_P1_C50_S7001_1788497250675,0.0,0.0,0.0,0.0,0.0,0.0,0.0,0.0,0.0,0.0,0.0,1277.9221285702447,1098.6842703259997,0,PASS
CREATEORDER_V4_C1_F8_P1_C50_S7002,/Users/nischithacn/paper3-exactly-once/results/phase6/runs/CREATEORDER_V4_C1_F8_P1_C50_S7002/CREATEORDER_V4_C1_F8_P1_C50_S7002_1788550280501,0.0,0.0,0.0,0.0,0.0,0.0,0.0,0.0,0.0,0.0,0.0,1296.0255809614603,1104.982249907477,0,PASS
CREATEORDER_V4_C1_F8_P1_C50_S7003,/Users/nischithacn/paper3-exactly-once/results/phase6/runs/CREATEORDER_V4_C1_F8_P1_C50_S7003/CREATEORDER_V4_C1_F8_P1_C50_S7003_1788555201811,0.0,0.0,0.0,0.0,0.0,0.0,0.0,0.0,0.0,0.0,0.0,1292.0140987519476,1109.9674681899871,0,PASS
CREATEORDER_V4_C1_F8_P1_C50_S7004,/Users/nischithacn/paper3-exactly-once/results/phase6/runs/CREATEORDER_V4_C1_F8_P1_C50_S7004/CREATEORDER_V4_C1_F8_P1_C50_S7004_1788560771522,0.0,0.0,0.0,0.0,0.0,0.0,0.0,0.0,0.0,0.0,0.0,1267.1603339526077,1083.0436754381767,0,PASS
CREATEORDER_V4_C1_F8_P1_C50_S7005,/Users/nischithacn/paper3-exactly-once/results/phase6/runs/CREATEORDER_V4_C1_F8_P1_C50_S7005/CREATEORDER_V4_C1_F8_P1_C50_S7005_1788562874711,0.0,0.0,0.0,0.0,0.0,0.0,0.0,0.0,0.0,0.0,0.0,1318.916530426762,1137.8992413605347,0,PASS
CREATEORDER_V4_C1_F8_P1_C50_S7006,/Users/nischithacn/paper3-exactly-once/results/phase6/runs/CREATEORDER_V4_C1_F8_P1_C50_S7006/CREATEORDER_V4_C1_F8_P1_C50_S7006_1788568519267,0.0,0.0,0.0,0.0,0.0,0.0,0.0,0.0,0.0,0.0,0.0,1234.6194462782837,1067.485464199975,0,PASS
CREATEORDER_V4_C1_F8_P1_C50_S7007,/Users/nischithacn/paper3-exactly-once/results/phase6/runs/CREATEORDER_V4_C1_F8_P1_C50_S7007/CREATEORDER_V4_C1_F8_P1_C50_S7007_1788570261865,0.0,0.0,0.0,0.0,0.0,0.0,0.0,0.0,0.0,0.0,0.0,1237.6759617342107,1050.2798427318678,0,PASS
CREATEORDER_V4_C1_F8_P1_C50_S7008,/Users/nischithacn/paper3-exactly-once/results/phase6/runs/CREATEORDER_V4_C1_F8_P1_C50_S7008/CREATEORDER_V4_C1_F8_P1_C50_S7008_1788574809129,0.0,0.0,0.0,0.0,0.0,0.0,0.0,0.0,0.0,0.0,0.0,1307.9122394000678,1121.6230768693881,0,PASS
CREATEORDER_V4_C1_F8_P1_C50_S7009,/Users/nischithacn/paper3-exactly-once/results/phase6/runs/CREATEORDER_V4_C1_F8_P1_C50_S7009/CREATEORDER_V4_C1_F8_P1_C50_S7009_1788576561445,0.0,0.0,0.0,0.0,0.0,0.0,0.0,0.0,0.0,0.0,0.0,1290.3470729749133,1110.5933072247199,0,PASS
CREATEORDER_V4_C1_F8_P20_C10_S7000,/Users/nischithacn/paper3-exactly-once/results/phase6/runs/CREATEORDER_V4_C1_F8_P20_C10_S7000/CREATEORDER_V4_C1_F8_P20_C10_S7000_1788152491884,0.0,0.0,0.0,0.0,0.0,0.0,0.0,0.0,0.0,0.0,0.0,71.77507484824231,64.81892794961057,0,PASS
CREATEORDER_V4_C1_F8_P20_C10_S7001,/Users/nischithacn/paper3-exactly-once/results/phase6/runs/CREATEORDER_V4_C1_F8_P20_C10_S7001/CREATEORDER_V4_C1_F8_P20_C10_S7001_1788497745457,0.0,0.0,0.0,0.0,0.0,0.0,0.0,0.0,0.0,0.0,0.0,72.21106716127628,65.64297980012044,0,PASS
CREATEORDER_V4_C1_F8_P20_C10_S7002,/Users/nischithacn/paper3-exactly-once/results/phase6/runs/CREATEORDER_V4_C1_F8_P20_C10_S7002/CREATEORDER_V4_C1_F8_P20_C10_S7002_1788552856168,0.0,0.0,0.0,0.0,0.0,0.0,0.0,0.0,0.0,0.0,0.0,72.38164594004344,65.8613891191188,0,PASS
CREATEORDER_V4_C1_F8_P20_C10_S7003,/Users/nischithacn/paper3-exactly-once/results/phase6/runs/CREATEORDER_V4_C1_F8_P20_C10_S7003/CREATEORDER_V4_C1_F8_P20_C10_S7003_1788555390644,0.0,0.0,0.0,0.0,0.0,0.0,0.0,0.0,0.0,0.0,0.0,74.82181821689922,67.44345703327583,0,PASS
CREATEORDER_V4_C1_F8_P20_C10_S7004,/Users/nischithacn/paper3-exactly-once/results/phase6/runs/CREATEORDER_V4_C1_F8_P20_C10_S7004/CREATEORDER_V4_C1_F8_P20_C10_S7004_1788560955956,0.0,0.0,0.0,0.0,0.0,0.0,0.0,0.0,0.0,0.0,0.0,69.6899530624499,63.61095817134498,0,PASS
CREATEORDER_V4_C1_F8_P20_C10_S7005,/Users/nischithacn/paper3-exactly-once/results/phase6/runs/CREATEORDER_V4_C1_F8_P20_C10_S7005/CREATEORDER_V4_C1_F8_P20_C10_S7005_1788563068815,0.0,0.0,0.0,0.0,0.0,0.0,0.0,0.0,0.0,0.0,0.0,70.96704520831148,64.63527940651336,0,PASS
CREATEORDER_V4_C1_F8_P20_C10_S7006,/Users/nischithacn/paper3-exactly-once/results/phase6/runs/CREATEORDER_V4_C1_F8_P20_C10_S7006/CREATEORDER_V4_C1_F8_P20_C10_S7006_1788568688573,0.0,0.0,0.0,0.0,0.0,0.0,0.0,0.0,0.0,0.0,0.0,72.2507279740964,65.66971019954622,0,PASS
CREATEORDER_V4_C1_F8_P20_C10_S7007,/Users/nischithacn/paper3-exactly-once/results/phase6/runs/CREATEORDER_V4_C1_F8_P20_C10_S7007/CREATEORDER_V4_C1_F8_P20_C10_S7007_1788570435561,0.0,0.0,0.0,0.0,0.0,0.0,0.0,0.0,0.0,0.0,0.0,70.24121242751634,63.98697003616454,0,PASS
CREATEORDER_V4_C1_F8_P20_C10_S7008,/Users/nischithacn/paper3-exactly-once/results/phase6/runs/CREATEORDER_V4_C1_F8_P20_C10_S7008/CREATEORDER_V4_C1_F8_P20_C10_S7008_1788574997253,0.0,0.0,0.0,0.0,0.0,0.0,0.0,0.0,0.0,0.0,0.0,71.66967536735206,65.18447509785638,0,PASS
CREATEORDER_V4_C1_F8_P20_C10_S7009,/Users/nischithacn/paper3-exactly-once/results/phase6/runs/CREATEORDER_V4_C1_F8_P20_C10_S7009/CREATEORDER_V4_C1_F8_P20_C10_S7009_1788576748389,0.0,0.0,0.0,0.0,0.0,0.0,0.0,0.0,0.0,0.0,0.0,73.34222716205171,66.61135519193544,0,PASS
CREATEORDER_V4_C1_F8_P20_C50_S7000,/Users/nischithacn/paper3-exactly-once/results/phase6/runs/CREATEORDER_V4_C1_F8_P20_C50_S7000/CREATEORDER_V4_C1_F8_P20_C50_S7000_1788152647034,0.0,0.0,0.0,0.0,0.0,0.0,0.0,0.0,0.0,0.0,0.0,375.5803231164324,332.7017640371209,0,PASS
CREATEORDER_V4_C1_F8_P20_C50_S7001,/Users/nischithacn/paper3-exactly-once/results/phase6/runs/CREATEORDER_V4_C1_F8_P20_C50_S7001/CREATEORDER_V4_C1_F8_P20_C50_S7001_1788497898428,0.0,0.0,0.0,0.0,0.0,0.0,0.0,0.0,0.0,0.0,0.0,372.9690919510878,338.8357898372836,0,PASS
CREATEORDER_V4_C1_F8_P20_C50_S7002,/Users/nischithacn/paper3-exactly-once/results/phase6/runs/CREATEORDER_V4_C1_F8_P20_C50_S7002/CREATEORDER_V4_C1_F8_P20_C50_S7002_1788553008608,0.0,0.0,0.0,0.0,0.0,0.0,0.0,0.0,0.0,0.0,0.0,381.03521854755905,340.70250135816235,0,PASS
CREATEORDER_V4_C1_F8_P20_C50_S7003,/Users/nischithacn/paper3-exactly-once/results/phase6/runs/CREATEORDER_V4_C1_F8_P20_C50_S7003/CREATEORDER_V4_C1_F8_P20_C50_S7003_1788555546144,0.0,0.0,0.0,0.0,0.0,0.0,0.0,0.0,0.0,0.0,0.0,377.83337829651043,342.710391545534,0,PASS
CREATEORDER_V4_C1_F8_P20_C50_S7004,/Users/nischithacn/paper3-exactly-once/results/phase6/runs/CREATEORDER_V4_C1_F8_P20_C50_S7004/CREATEORDER_V4_C1_F8_P20_C50_S7004_1788561113772,0.0,0.0,0.0,0.0,0.0,0.0,0.0,0.0,0.0,0.0,0.0,382.6893694928807,341.96257731379393,0,PASS
CREATEORDER_V4_C1_F8_P20_C50_S7005,/Users/nischithacn/paper3-exactly-once/results/phase6/runs/CREATEORDER_V4_C1_F8_P20_C50_S7005/CREATEORDER_V4_C1_F8_P20_C50_S7005_1788563224147,0.0,0.0,0.0,0.0,0.0,0.0,0.0,0.0,0.0,0.0,0.0,368.3976026520105,334.1258594981827,0,PASS
CREATEORDER_V4_C1_F8_P20_C50_S7006,/Users/nischithacn/paper3-exactly-once/results/phase6/runs/CREATEORDER_V4_C1_F8_P20_C50_S7006/CREATEORDER_V4_C1_F8_P20_C50_S7006_1788568841463,0.0,0.0,0.0,0.0,0.0,0.0,0.0,0.0,0.0,0.0,0.0,383.1074011432817,341.6084215212107,0,PASS
CREATEORDER_V4_C1_F8_P20_C50_S7007,/Users/nischithacn/paper3-exactly-once/results/phase6/runs/CREATEORDER_V4_C1_F8_P20_C50_S7007/CREATEORDER_V4_C1_F8_P20_C50_S7007_1788570592472,0.0,0.0,0.0,0.0,0.0,0.0,0.0,0.0,0.0,0.0,0.0,377.1386997977014,340.81193932566816,0,PASS
CREATEORDER_V4_C1_F8_P20_C50_S7008,/Users/nischithacn/paper3-exactly-once/results/phase6/runs/CREATEORDER_V4_C1_F8_P20_C50_S7008/CREATEORDER_V4_C1_F8_P20_C50_S7008_1788575158366,0.0,0.0,0.0,0.0,0.0,0.0,0.0,0.0,0.0,0.0,0.0,382.96598016635664,347.6017343025144,0,PASS
CREATEORDER_V4_C1_F8_P20_C50_S7009,/Users/nischithacn/paper3-exactly-once/results/phase6/runs/CREATEORDER_V4_C1_F8_P20_C50_S7009/CREATEORDER_V4_C1_F8_P20_C50_S7009_1788576899125,0.0,0.0,0.0,0.0,0.0,0.0,0.0,0.0,0.0,0.0,0.0,368.6951685349692,329.7117715157695,0,PASS
CREATEORDER_V4_C1_F8_P5_C10_S7000,/Users/nischithacn/paper3-exactly-once/results/phase6/runs/CREATEORDER_V4_C1_F8_P5_C10_S7000/CREATEORDER_V4_C1_F8_P5_C10_S7000_1788152341297,0.0,0.0,0.0,0.0,0.0,0.0,0.0,0.0,0.0,0.0,0.0,267.19198809314696,241.6186121560666,0,PASS
CREATEORDER_V4_C1_F8_P5_C10_S7001,/Users/nischithacn/paper3-exactly-once/results/phase6/runs/CREATEORDER_V4_C1_F8_P5_C10_S7001/CREATEORDER_V4_C1_F8_P5_C10_S7001_1788497260321,0.0,0.0,0.0,0.0,0.0,0.0,0.0,0.0,0.0,0.0,0.0,245.3421004624843,221.2749846866282,0,PASS
CREATEORDER_V4_C1_F8_P5_C10_S7002,/Users/nischithacn/paper3-exactly-once/results/phase6/runs/CREATEORDER_V4_C1_F8_P5_C10_S7002/CREATEORDER_V4_C1_F8_P5_C10_S7002_1788550290098,0.0,0.0,0.0,0.0,0.0,0.0,0.0,0.0,0.0,0.0,0.0,249.09480880986501,222.81579385986174,0,PASS
CREATEORDER_V4_C1_F8_P5_C10_S7003,/Users/nischithacn/paper3-exactly-once/results/phase6/runs/CREATEORDER_V4_C1_F8_P5_C10_S7003/CREATEORDER_V4_C1_F8_P5_C10_S7003_1788555231767,0.0,0.0,0.0,0.0,0.0,0.0,0.0,0.0,0.0,0.0,0.0,236.0238763445626,213.04738033497196,0,PASS
CREATEORDER_V4_C1_F8_P5_C10_S7004,/Users/nischithacn/paper3-exactly-once/results/phase6/runs/CREATEORDER_V4_C1_F8_P5_C10_S7004/CREATEORDER_V4_C1_F8_P5_C10_S7004_1788560781320,0.0,0.0,0.0,0.0,0.0,0.0,0.0,0.0,0.0,0.0,0.0,240.1397583090078,215.3522054929316,0,PASS
CREATEORDER_V4_C1_F8_P5_C10_S7005,/Users/nischithacn/paper3-exactly-once/results/phase6/runs/CREATEORDER_V4_C1_F8_P5_C10_S7005/CREATEORDER_V4_C1_F8_P5_C10_S7005_1788562884062,0.0,0.0,0.0,0.0,0.0,0.0,0.0,0.0,0.0,0.0,0.0,225.85015286615567,202.96215391170213,0,PASS
CREATEORDER_V4_C1_F8_P5_C10_S7006,/Users/nischithacn/paper3-exactly-once/results/phase6/runs/CREATEORDER_V4_C1_F8_P5_C10_S7006/CREATEORDER_V4_C1_F8_P5_C10_S7006_1788568529191,0.0,0.0,0.0,0.0,0.0,0.0,0.0,0.0,0.0,0.0,0.0,237.51105055590858,213.5198547771111,0,PASS
CREATEORDER_V4_C1_F8_P5_C10_S7007,/Users/nischithacn/paper3-exactly-once/results/phase6/runs/CREATEORDER_V4_C1_F8_P5_C10_S7007/CREATEORDER_V4_C1_F8_P5_C10_S7007_1788570271941,0.0,0.0,0.0,0.0,0.0,0.0,0.0,0.0,0.0,0.0,0.0,241.03967623764083,219.40927210573903,0,PASS
CREATEORDER_V4_C1_F8_P5_C10_S7008,/Users/nischithacn/paper3-exactly-once/results/phase6/runs/CREATEORDER_V4_C1_F8_P5_C10_S7008/CREATEORDER_V4_C1_F8_P5_C10_S7008_1788574839799,0.0,0.0,0.0,0.0,0.0,0.0,0.0,0.0,0.0,0.0,0.0,242.51969997271996,213.43966017250884,0,PASS
CREATEORDER_V4_C1_F8_P5_C10_S7009,/Users/nischithacn/paper3-exactly-once/results/phase6/runs/CREATEORDER_V4_C1_F8_P5_C10_S7009/CREATEORDER_V4_C1_F8_P5_C10_S7009_1788576571007,0.0,0.0,0.0,0.0,0.0,0.0,0.0,0.0,0.0,0.0,0.0,235.63304270866314,210.2755074768656,0,PASS
CREATEORDER_V4_C1_F8_P5_C50_S7000,/Users/nischithacn/paper3-exactly-once/results/phase6/runs/CREATEORDER_V4_C1_F8_P5_C50_S7000/CREATEORDER_V4_C1_F8_P5_C50_S7000_1788152383259,0.0,0.0,0.0,0.0,0.0,0.0,0.0,0.0,0.0,0.0,0.0,1066.5622118357905,933.7532914978062,0,PASS
CREATEORDER_V4_C1_F8_P5_C50_S7001,/Users/nischithacn/paper3-exactly-once/results/phase6/runs/CREATEORDER_V4_C1_F8_P5_C50_S7001/CREATEORDER_V4_C1_F8_P5_C50_S7001_1788497628261,0.0,0.0,0.0,0.0,0.0,0.0,0.0,0.0,0.0,0.0,0.0,864.6774397309493,681.154269155442,0,PASS
CREATEORDER_V4_C1_F8_P5_C50_S7002,/Users/nischithacn/paper3-exactly-once/results/phase6/runs/CREATEORDER_V4_C1_F8_P5_C50_S7002/CREATEORDER_V4_C1_F8_P5_C50_S7002_1788550335542,0.0,0.0,0.0,0.0,0.0,0.0,0.0,0.0,0.0,0.0,0.0,1069.3327375689964,929.6129435651699,0,PASS
CREATEORDER_V4_C1_F8_P5_C50_S7003,/Users/nischithacn/paper3-exactly-once/results/phase6/runs/CREATEORDER_V4_C1_F8_P5_C50_S7003/CREATEORDER_V4_C1_F8_P5_C50_S7003_1788555279262,0.0,0.0,0.0,0.0,0.0,0.0,0.0,0.0,0.0,0.0,0.0,1065.5615573661562,917.3993992672448,0,PASS
CREATEORDER_V4_C1_F8_P5_C50_S7004,/Users/nischithacn/paper3-exactly-once/results/phase6/runs/CREATEORDER_V4_C1_F8_P5_C50_S7004/CREATEORDER_V4_C1_F8_P5_C50_S7004_1788560828326,0.0,0.0,0.0,0.0,0.0,0.0,0.0,0.0,0.0,0.0,0.0,1088.3680698859146,933.0037937624697,0,PASS
CREATEORDER_V4_C1_F8_P5_C50_S7005,/Users/nischithacn/paper3-exactly-once/results/phase6/runs/CREATEORDER_V4_C1_F8_P5_C50_S7005/CREATEORDER_V4_C1_F8_P5_C50_S7005_1788562933975,0.0,0.0,0.0,0.0,0.0,0.0,0.0,0.0,0.0,0.0,0.0,1040.9650620214102,914.4123660752224,0,PASS
CREATEORDER_V4_C1_F8_P5_C50_S7006,/Users/nischithacn/paper3-exactly-once/results/phase6/runs/CREATEORDER_V4_C1_F8_P5_C50_S7006/CREATEORDER_V4_C1_F8_P5_C50_S7006_1788568583150,0.0,0.0,0.0,0.0,0.0,0.0,0.0,0.0,0.0,0.0,0.0,1092.2266467996863,949.4144547448924,0,PASS
CREATEORDER_V4_C1_F8_P5_C50_S7007,/Users/nischithacn/paper3-exactly-once/results/phase6/runs/CREATEORDER_V4_C1_F8_P5_C50_S7007/CREATEORDER_V4_C1_F8_P5_C50_S7007_1788570318074,0.0,0.0,0.0,0.0,0.0,0.0,0.0,0.0,0.0,0.0,0.0,1083.0452974748928,939.9011301951292,0,PASS
CREATEORDER_V4_C1_F8_P5_C50_S7008,/Users/nischithacn/paper3-exactly-once/results/phase6/runs/CREATEORDER_V4_C1_F8_P5_C50_S7008/CREATEORDER_V4_C1_F8_P5_C50_S7008_1788574887209,0.0,0.0,0.0,0.0,0.0,0.0,0.0,0.0,0.0,0.0,0.0,1097.4052668285915,941.6992978270325,0,PASS
CREATEORDER_V4_C1_F8_P5_C50_S7009,/Users/nischithacn/paper3-exactly-once/results/phase6/runs/CREATEORDER_V4_C1_F8_P5_C50_S7009/CREATEORDER_V4_C1_F8_P5_C50_S7009_1788576619144,0.0,0.0,0.0,0.0,0.0,0.0,0.0,0.0,0.0,0.0,0.0,1077.7884315378228,933.343249108437,0,PASS
CREATEORDER_V4_C1_F9_P10_C10_S7000,/Users/nischithacn/paper3-exactly-once/results/phase6/runs/CREATEORDER_V4_C1_F9_P10_C10_S7000/CREATEORDER_V4_C1_F9_P10_C10_S7000_1788579093485,0.0,0.0,0.0,0.0,0.0,0.0,0.0,0.0,0.0,0.0,0.0,978.9096894065796,867.3019913580468,0,PASS
CREATEORDER_V4_C1_F9_P10_C10_S7001,/Users/nischithacn/paper3-exactly-once/results/phase6/runs/CREATEORDER_V4_C1_F9_P10_C10_S7001/CREATEORDER_V4_C1_F9_P10_C10_S7001_1788579718069,0.0,0.0,0.0,0.0,0.0,0.0,0.0,0.0,0.0,0.0,0.0,870.8006714187954,775.1242834824338,0,PASS
CREATEORDER_V4_C1_F9_P10_C10_S7002,/Users/nischithacn/paper3-exactly-once/results/phase6/runs/CREATEORDER_V4_C1_F9_P10_C10_S7002/CREATEORDER_V4_C1_F9_P10_C10_S7002_1788581692229,0.0,0.0,0.0,0.0,0.0,0.0,0.0,0.0,0.0,0.0,0.0,976.1707095955769,863.0389039369047,0,PASS
CREATEORDER_V4_C1_F9_P10_C10_S7003,/Users/nischithacn/paper3-exactly-once/results/phase6/runs/CREATEORDER_V4_C1_F9_P10_C10_S7003/CREATEORDER_V4_C1_F9_P10_C10_S7003_1788582335355,0.0,0.0,0.0,0.0,0.0,0.0,0.0,0.0,0.0,0.0,0.0,655.0225098865077,547.3717976617278,0,PASS
CREATEORDER_V4_C1_F9_P10_C10_S7004,/Users/nischithacn/paper3-exactly-once/results/phase6/runs/CREATEORDER_V4_C1_F9_P10_C10_S7004/CREATEORDER_V4_C1_F9_P10_C10_S7004_1788583457948,0.0,0.0,0.0,0.0,0.0,0.0,0.0,0.0,0.0,0.0,0.0,730.2340204289836,653.50640057204,0,PASS
CREATEORDER_V4_C1_F9_P10_C10_S7005,/Users/nischithacn/paper3-exactly-once/results/phase6/runs/CREATEORDER_V4_C1_F9_P10_C10_S7005/CREATEORDER_V4_C1_F9_P10_C10_S7005_1788584144029,0.0,0.0,0.0,0.0,0.0,0.0,0.0,0.0,0.0,0.0,0.0,929.9365542782849,828.0195891997826,0,PASS
CREATEORDER_V4_C1_F9_P10_C10_S7006,/Users/nischithacn/paper3-exactly-once/results/phase6/runs/CREATEORDER_V4_C1_F9_P10_C10_S7006/CREATEORDER_V4_C1_F9_P10_C10_S7006_1788584778088,0.0,0.0,0.0,0.0,0.0,0.0,0.0,0.0,0.0,0.0,0.0,850.9722109337824,758.9408660360543,0,PASS
CREATEORDER_V4_C1_F9_P10_C10_S7007,/Users/nischithacn/paper3-exactly-once/results/phase6/runs/CREATEORDER_V4_C1_F9_P10_C10_S7007/CREATEORDER_V4_C1_F9_P10_C10_S7007_1788585431605,0.0,0.0,0.0,0.0,0.0,0.0,0.0,0.0,0.0,0.0,0.0,912.7634404195935,815.5937693152305,0,PASS
CREATEORDER_V4_C1_F9_P10_C10_S7008,/Users/nischithacn/paper3-exactly-once/results/phase6/runs/CREATEORDER_V4_C1_F9_P10_C10_S7008/CREATEORDER_V4_C1_F9_P10_C10_S7008_1788586089641,0.0,0.0,0.0,0.0,0.0,0.0,0.0,0.0,0.0,0.0,0.0,695.2162708464402,575.8823507928188,0,PASS
CREATEORDER_V4_C1_F9_P10_C10_S7009,/Users/nischithacn/paper3-exactly-once/results/phase6/runs/CREATEORDER_V4_C1_F9_P10_C10_S7009/CREATEORDER_V4_C1_F9_P10_C10_S7009_1788588809881,0.0,0.0,0.0,0.0,0.0,0.0,0.0,0.0,0.0,0.0,0.0,1037.0773786374232,919.3199988698926,0,PASS
CREATEORDER_V4_C1_F9_P10_C50_S7000,/Users/nischithacn/paper3-exactly-once/results/phase6/runs/CREATEORDER_V4_C1_F9_P10_C50_S7000/CREATEORDER_V4_C1_F9_P10_C50_S7000_1788579105596,0.0,0.0,0.0,0.0,0.0,0.0,0.0,0.0,0.0,0.0,0.0,1222.6801158727562,1076.955472916212,0,PASS
CREATEORDER_V4_C1_F9_P10_C50_S7001,/Users/nischithacn/paper3-exactly-once/results/phase6/runs/CREATEORDER_V4_C1_F9_P10_C50_S7001/CREATEORDER_V4_C1_F9_P10_C50_S7001_1788579738179,0.0,0.0,0.0,0.0,0.0,0.0,0.0,0.0,0.0,0.0,0.0,1181.7637929648056,1043.7244036682089,0,PASS
CREATEORDER_V4_C1_F9_P10_C50_S7002,/Users/nischithacn/paper3-exactly-once/results/phase6/runs/CREATEORDER_V4_C1_F9_P10_C50_S7002/CREATEORDER_V4_C1_F9_P10_C50_S7002_1788581704407,0.0,0.0,0.0,0.0,0.0,0.0,0.0,0.0,0.0,0.0,0.0,1190.9406593647477,1050.3023294237573,0,PASS
CREATEORDER_V4_C1_F9_P10_C50_S7003,/Users/nischithacn/paper3-exactly-once/results/phase6/runs/CREATEORDER_V4_C1_F9_P10_C50_S7003/CREATEORDER_V4_C1_F9_P10_C50_S7003_1788582354203,0.0,0.0,0.0,0.0,0.0,0.0,0.0,0.0,0.0,0.0,0.0,923.2701655247952,814.5220977772033,0,PASS
CREATEORDER_V4_C1_F9_P10_C50_S7004,/Users/nischithacn/paper3-exactly-once/results/phase6/runs/CREATEORDER_V4_C1_F9_P10_C50_S7004/CREATEORDER_V4_C1_F9_P10_C50_S7004_1788583473920,0.0,0.0,0.0,0.0,0.0,0.0,0.0,0.0,0.0,0.0,0.0,823.8362187739059,732.0337145334079,0,PASS
CREATEORDER_V4_C1_F9_P10_C50_S7005,/Users/nischithacn/paper3-exactly-once/results/phase6/runs/CREATEORDER_V4_C1_F9_P10_C50_S7005/CREATEORDER_V4_C1_F9_P10_C50_S7005_1788584156678,0.0,0.0,0.0,0.0,0.0,0.0,0.0,0.0,0.0,0.0,0.0,1087.070554344288,970.125380195551,0,PASS
CREATEORDER_V4_C1_F9_P10_C50_S7006,/Users/nischithacn/paper3-exactly-once/results/phase6/runs/CREATEORDER_V4_C1_F9_P10_C50_S7006/CREATEORDER_V4_C1_F9_P10_C50_S7006_1788584798448,0.0,0.0,0.0,0.0,0.0,0.0,0.0,0.0,0.0,0.0,0.0,1147.161009636384,1016.302205530939,0,PASS
CREATEORDER_V4_C1_F9_P10_C50_S7007,/Users/nischithacn/paper3-exactly-once/results/phase6/runs/CREATEORDER_V4_C1_F9_P10_C50_S7007/CREATEORDER_V4_C1_F9_P10_C50_S7007_1788585444429,0.0,0.0,0.0,0.0,0.0,0.0,0.0,0.0,0.0,0.0,0.0,1080.7862956954068,959.0259892296885,0,PASS
CREATEORDER_V4_C1_F9_P10_C50_S7008,/Users/nischithacn/paper3-exactly-once/results/phase6/runs/CREATEORDER_V4_C1_F9_P10_C50_S7008/CREATEORDER_V4_C1_F9_P10_C50_S7008_1788586107575,0.0,0.0,0.0,0.0,0.0,0.0,0.0,0.0,0.0,0.0,0.0,1032.252424669862,907.6390947525362,0,PASS
CREATEORDER_V4_C1_F9_P10_C50_S7009,/Users/nischithacn/paper3-exactly-once/results/phase6/runs/CREATEORDER_V4_C1_F9_P10_C50_S7009/CREATEORDER_V4_C1_F9_P10_C50_S7009_1788588821337,0.0,0.0,0.0,0.0,0.0,0.0,0.0,0.0,0.0,0.0,0.0,1284.9809088163797,1132.3335522154887,0,PASS
CREATEORDER_V4_C1_F9_P1_C10_S7000,/Users/nischithacn/paper3-exactly-once/results/phase6/runs/CREATEORDER_V4_C1_F9_P1_C10_S7000/CREATEORDER_V4_C1_F9_P1_C10_S7000_1788579042778,0.0,0.0,0.0,0.0,0.0,0.0,0.0,0.0,0.0,0.0,0.0,1008.2193003128667,862.199931357908,0,PASS
CREATEORDER_V4_C1_F9_P1_C10_S7001,/Users/nischithacn/paper3-exactly-once/results/phase6/runs/CREATEORDER_V4_C1_F9_P1_C10_S7001/CREATEORDER_V4_C1_F9_P1_C10_S7001_1788579669646,0.0,0.0,0.0,0.0,0.0,0.0,0.0,0.0,0.0,0.0,0.0,775.2107421413624,636.9482349870383,0,PASS
CREATEORDER_V4_C1_F9_P1_C10_S7002,/Users/nischithacn/paper3-exactly-once/results/phase6/runs/CREATEORDER_V4_C1_F9_P1_C10_S7002/CREATEORDER_V4_C1_F9_P1_C10_S7002_1788581622845,0.0,0.0,0.0,0.0,0.0,0.0,0.0,0.0,0.0,0.0,0.0,996.9834048760888,852.7995528514917,0,PASS
CREATEORDER_V4_C1_F9_P1_C10_S7003,/Users/nischithacn/paper3-exactly-once/results/phase6/runs/CREATEORDER_V4_C1_F9_P1_C10_S7003/CREATEORDER_V4_C1_F9_P1_C10_S7003_1788582265163,0.0,0.0,0.0,0.0,0.0,0.0,0.0,0.0,0.0,0.0,0.0,893.9992401770373,763.0483175421917,0,PASS
CREATEORDER_V4_C1_F9_P1_C10_S7004,/Users/nischithacn/paper3-exactly-once/results/phase6/runs/CREATEORDER_V4_C1_F9_P1_C10_S7004/CREATEORDER_V4_C1_F9_P1_C10_S7004_1788583394128,0.0,0.0,0.0,0.0,0.0,0.0,0.0,0.0,0.0,0.0,0.0,715.5550634646562,616.384713632532,0,PASS
CREATEORDER_V4_C1_F9_P1_C10_S7005,/Users/nischithacn/paper3-exactly-once/results/phase6/runs/CREATEORDER_V4_C1_F9_P1_C10_S7005/CREATEORDER_V4_C1_F9_P1_C10_S7005_1788584092563,0.0,0.0,0.0,0.0,0.0,0.0,0.0,0.0,0.0,0.0,0.0,981.2537272481264,846.7358840240837,0,PASS
CREATEORDER_V4_C1_F9_P1_C10_S7006,/Users/nischithacn/paper3-exactly-once/results/phase6/runs/CREATEORDER_V4_C1_F9_P1_C10_S7006/CREATEORDER_V4_C1_F9_P1_C10_S7006_1788584728482,0.0,0.0,0.0,0.0,0.0,0.0,0.0,0.0,0.0,0.0,0.0,755.1574696179625,622.948977017849,0,PASS
CREATEORDER_V4_C1_F9_P1_C10_S7007,/Users/nischithacn/paper3-exactly-once/results/phase6/runs/CREATEORDER_V4_C1_F9_P1_C10_S7007/CREATEORDER_V4_C1_F9_P1_C10_S7007_1788585358835,0.0,0.0,0.0,0.0,0.0,0.0,0.0,0.0,0.0,0.0,0.0,910.7722234952952,788.4708575110092,0,PASS
CREATEORDER_V4_C1_F9_P1_C10_S7008,/Users/nischithacn/paper3-exactly-once/results/phase6/runs/CREATEORDER_V4_C1_F9_P1_C10_S7008/CREATEORDER_V4_C1_F9_P1_C10_S7008_1788586020433,0.0,0.0,0.0,0.0,0.0,0.0,0.0,0.0,0.0,0.0,0.0,920.9247144160139,787.405607348346,0,PASS
CREATEORDER_V4_C1_F9_P1_C10_S7009,/Users/nischithacn/paper3-exactly-once/results/phase6/runs/CREATEORDER_V4_C1_F9_P1_C10_S7009/CREATEORDER_V4_C1_F9_P1_C10_S7009_1788588760216,0.0,0.0,0.0,0.0,0.0,0.0,0.0,0.0,0.0,0.0,0.0,941.8847787428465,814.395322098159,0,PASS
CREATEORDER_V4_C1_F9_P1_C50_S7000,/Users/nischithacn/paper3-exactly-once/results/phase6/runs/CREATEORDER_V4_C1_F9_P1_C50_S7000/CREATEORDER_V4_C1_F9_P1_C50_S7000_1788579054936,0.0,0.0,0.0,0.0,0.0,0.0,0.0,0.0,0.0,0.0,0.0,1279.3843977722267,1118.7909866871921,0,PASS
CREATEORDER_V4_C1_F9_P1_C50_S7001,/Users/nischithacn/paper3-exactly-once/results/phase6/runs/CREATEORDER_V4_C1_F9_P1_C50_S7001/CREATEORDER_V4_C1_F9_P1_C50_S7001_1788579685893,0.0,0.0,0.0,0.0,0.0,0.0,0.0,0.0,0.0,0.0,0.0,1187.839455960249,1039.8869387146615,0,PASS
CREATEORDER_V4_C1_F9_P1_C50_S7002,/Users/nischithacn/paper3-exactly-once/results/phase6/runs/CREATEORDER_V4_C1_F9_P1_C50_S7002/CREATEORDER_V4_C1_F9_P1_C50_S7002_1788581635139,0.0,0.0,0.0,0.0,0.0,0.0,0.0,0.0,0.0,0.0,0.0,1315.4888113773443,1144.248411911139,0,PASS
CREATEORDER_V4_C1_F9_P1_C50_S7003,/Users/nischithacn/paper3-exactly-once/results/phase6/runs/CREATEORDER_V4_C1_F9_P1_C50_S7003/CREATEORDER_V4_C1_F9_P1_C50_S7003_1788582278828,0.0,0.0,0.0,0.0,0.0,0.0,0.0,0.0,0.0,0.0,0.0,1112.3842812344958,982.0686880330655,0,PASS
CREATEORDER_V4_C1_F9_P1_C50_S7004,/Users/nischithacn/paper3-exactly-once/results/phase6/runs/CREATEORDER_V4_C1_F9_P1_C50_S7004/CREATEORDER_V4_C1_F9_P1_C50_S7004_1788583417575,0.0,0.0,0.0,0.0,0.0,0.0,0.0,0.0,0.0,0.0,0.0,1064.6569241965653,946.5386379014399,0,PASS
CREATEORDER_V4_C1_F9_P1_C50_S7005,/Users/nischithacn/paper3-exactly-once/results/phase6/runs/CREATEORDER_V4_C1_F9_P1_C50_S7005/CREATEORDER_V4_C1_F9_P1_C50_S7005_1788584104924,0.0,0.0,0.0,0.0,0.0,0.0,0.0,0.0,0.0,0.0,0.0,1195.675775959143,1050.3610097590097,0,PASS
CREATEORDER_V4_C1_F9_P1_C50_S7006,/Users/nischithacn/paper3-exactly-once/results/phase6/runs/CREATEORDER_V4_C1_F9_P1_C50_S7006/CREATEORDER_V4_C1_F9_P1_C50_S7006_1788584745086,0.0,0.0,0.0,0.0,0.0,0.0,0.0,0.0,0.0,0.0,0.0,1145.563845588312,1003.2429858987604,0,PASS
CREATEORDER_V4_C1_F9_P1_C50_S7007,/Users/nischithacn/paper3-exactly-once/results/phase6/runs/CREATEORDER_V4_C1_F9_P1_C50_S7007/CREATEORDER_V4_C1_F9_P1_C50_S7007_1788585372068,0.0,0.0,0.0,0.0,0.0,0.0,0.0,0.0,0.0,0.0,0.0,1118.5962373352627,992.0229303884292,0,PASS
CREATEORDER_V4_C1_F9_P1_C50_S7008,/Users/nischithacn/paper3-exactly-once/results/phase6/runs/CREATEORDER_V4_C1_F9_P1_C50_S7008/CREATEORDER_V4_C1_F9_P1_C50_S7008_1788586033681,0.0,0.0,0.0,0.0,0.0,0.0,0.0,0.0,0.0,0.0,0.0,1108.8293722786048,981.0198119595705,0,PASS
CREATEORDER_V4_C1_F9_P1_C50_S7009,/Users/nischithacn/paper3-exactly-once/results/phase6/runs/CREATEORDER_V4_C1_F9_P1_C50_S7009/CREATEORDER_V4_C1_F9_P1_C50_S7009_1788588780138,0.0,0.0,0.0,0.0,0.0,0.0,0.0,0.0,0.0,0.0,0.0,1335.3252879607787,1159.0669871988755,0,PASS
CREATEORDER_V4_C1_F9_P20_C10_S7000,/Users/nischithacn/paper3-exactly-once/results/phase6/runs/CREATEORDER_V4_C1_F9_P20_C10_S7000/CREATEORDER_V4_C1_F9_P20_C10_S7000_1788579115465,0.0,0.0,0.0,0.0,0.0,0.0,0.0,0.0,0.0,0.0,0.0,893.5512474575366,791.955448729671,0,PASS
CREATEORDER_V4_C1_F9_P20_C10_S7001,/Users/nischithacn/paper3-exactly-once/results/phase6/runs/CREATEORDER_V4_C1_F9_P20_C10_S7001/CREATEORDER_V4_C1_F9_P20_C10_S7001_1788579748335,0.0,0.0,0.0,0.0,0.0,0.0,0.0,0.0,0.0,0.0,0.0,862.5075129775969,768.1680883431103,0,PASS
CREATEORDER_V4_C1_F9_P20_C10_S7002,/Users/nischithacn/paper3-exactly-once/results/phase6/runs/CREATEORDER_V4_C1_F9_P20_C10_S7002/CREATEORDER_V4_C1_F9_P20_C10_S7002_1788581714527,0.0,0.0,0.0,0.0,0.0,0.0,0.0,0.0,0.0,0.0,0.0,882.27876128626,780.808601809606,0,PASS
CREATEORDER_V4_C1_F9_P20_C10_S7003,/Users/nischithacn/paper3-exactly-once/results/phase6/runs/CREATEORDER_V4_C1_F9_P20_C10_S7003/CREATEORDER_V4_C1_F9_P20_C10_S7003_1788582367153,0.0,0.0,0.0,0.0,0.0,0.0,0.0,0.0,0.0,0.0,0.0,754.2240950623193,672.1616681324199,0,PASS
CREATEORDER_V4_C1_F9_P20_C10_S7004,/Users/nischithacn/paper3-exactly-once/results/phase6/runs/CREATEORDER_V4_C1_F9_P20_C10_S7004/CREATEORDER_V4_C1_F9_P20_C10_S7004_1788583509240,0.0,0.0,0.0,0.0,0.0,0.0,0.0,0.0,0.0,0.0,0.0,544.516749602518,465.61090994936177,0,PASS
CREATEORDER_V4_C1_F9_P20_C10_S7005,/Users/nischithacn/paper3-exactly-once/results/phase6/runs/CREATEORDER_V4_C1_F9_P20_C10_S7005/CREATEORDER_V4_C1_F9_P20_C10_S7005_1788584167551,0.0,0.0,0.0,0.0,0.0,0.0,0.0,0.0,0.0,0.0,0.0,859.2879125576277,766.8914010004446,0,PASS
CREATEORDER_V4_C1_F9_P20_C10_S7006,/Users/nischithacn/paper3-exactly-once/results/phase6/runs/CREATEORDER_V4_C1_F9_P20_C10_S7006/CREATEORDER_V4_C1_F9_P20_C10_S7006_1788584808874,0.0,0.0,0.0,0.0,0.0,0.0,0.0,0.0,0.0,0.0,0.0,841.35941872015,754.2492272787605,0,PASS
CREATEORDER_V4_C1_F9_P20_C10_S7007,/Users/nischithacn/paper3-exactly-once/results/phase6/runs/CREATEORDER_V4_C1_F9_P20_C10_S7007/CREATEORDER_V4_C1_F9_P20_C10_S7007_1788585455458,0.0,0.0,0.0,0.0,0.0,0.0,0.0,0.0,0.0,0.0,0.0,819.5369065001565,730.7570202034967,0,PASS
CREATEORDER_V4_C1_F9_P20_C10_S7008,/Users/nischithacn/paper3-exactly-once/results/phase6/runs/CREATEORDER_V4_C1_F9_P20_C10_S7008/CREATEORDER_V4_C1_F9_P20_C10_S7008_1788586119162,0.0,0.0,0.0,0.0,0.0,0.0,0.0,0.0,0.0,0.0,0.0,855.2109975180697,761.7474316497465,0,PASS
CREATEORDER_V4_C1_F9_P20_C10_S7009,/Users/nischithacn/paper3-exactly-once/results/phase6/runs/CREATEORDER_V4_C1_F9_P20_C10_S7009/CREATEORDER_V4_C1_F9_P20_C10_S7009_1788588851699,0.0,0.0,0.0,0.0,0.0,0.0,0.0,0.0,0.0,0.0,0.0,781.9376180558197,635.4626130989199,0,PASS
CREATEORDER_V4_C1_F9_P20_C50_S7000,/Users/nischithacn/paper3-exactly-once/results/phase6/runs/CREATEORDER_V4_C1_F9_P20_C50_S7000/CREATEORDER_V4_C1_F9_P20_C50_S7000_1788579128674,0.0,0.0,0.0,0.0,0.0,0.0,0.0,0.0,0.0,0.0,0.0,1128.890885612346,998.1109608579915,0,PASS
CREATEORDER_V4_C1_F9_P20_C50_S7001,/Users/nischithacn/paper3-exactly-once/results/phase6/runs/CREATEORDER_V4_C1_F9_P20_C50_S7001/CREATEORDER_V4_C1_F9_P20_C50_S7001_1788579761924,0.0,0.0,0.0,0.0,0.0,0.0,0.0,0.0,0.0,0.0,0.0,1021.1462999629429,909.8903728818001,0,PASS
CREATEORDER_V4_C1_F9_P20_C50_S7002,/Users/nischithacn/paper3-exactly-once/results/phase6/runs/CREATEORDER_V4_C1_F9_P20_C50_S7002/CREATEORDER_V4_C1_F9_P20_C50_S7002_1788581733577,0.0,0.0,0.0,0.0,0.0,0.0,0.0,0.0,0.0,0.0,0.0,1106.0011269107856,978.9818449141868,0,PASS
CREATEORDER_V4_C1_F9_P20_C50_S7003,/Users/nischithacn/paper3-exactly-once/results/phase6/runs/CREATEORDER_V4_C1_F9_P20_C50_S7003/CREATEORDER_V4_C1_F9_P20_C50_S7003_1788582382665,0.0,0.0,0.0,0.0,0.0,0.0,0.0,0.0,0.0,0.0,0.0,693.1098603281599,628.621166505631,0,PASS
CREATEORDER_V4_C1_F9_P20_C50_S7004,/Users/nischithacn/paper3-exactly-once/results/phase6/runs/CREATEORDER_V4_C1_F9_P20_C50_S7004/CREATEORDER_V4_C1_F9_P20_C50_S7004_1788583531365,0.0,0.0,0.0,0.0,0.0,0.0,0.0,0.0,0.0,0.0,0.0,745.0143122436324,657.9927007637073,0,PASS
CREATEORDER_V4_C1_F9_P20_C50_S7005,/Users/nischithacn/paper3-exactly-once/results/phase6/runs/CREATEORDER_V4_C1_F9_P20_C50_S7005/CREATEORDER_V4_C1_F9_P20_C50_S7005_1788584181170,0.0,0.0,0.0,0.0,0.0,0.0,0.0,0.0,0.0,0.0,0.0,1001.621343600808,891.7216302126217,0,PASS
CREATEORDER_V4_C1_F9_P20_C50_S7006,/Users/nischithacn/paper3-exactly-once/results/phase6/runs/CREATEORDER_V4_C1_F9_P20_C50_S7006/CREATEORDER_V4_C1_F9_P20_C50_S7006_1788584822703,0.0,0.0,0.0,0.0,0.0,0.0,0.0,0.0,0.0,0.0,0.0,1006.1837915060014,897.7138614546076,0,PASS
CREATEORDER_V4_C1_F9_P20_C50_S7007,/Users/nischithacn/paper3-exactly-once/results/phase6/runs/CREATEORDER_V4_C1_F9_P20_C50_S7007/CREATEORDER_V4_C1_F9_P20_C50_S7007_1788585476440,0.0,0.0,0.0,0.0,0.0,0.0,0.0,0.0,0.0,0.0,0.0,1049.481571410931,934.0524377424791,0,PASS
CREATEORDER_V4_C1_F9_P20_C50_S7008,/Users/nischithacn/paper3-exactly-once/results/phase6/runs/CREATEORDER_V4_C1_F9_P20_C50_S7008/CREATEORDER_V4_C1_F9_P20_C50_S7008_1788586132860,0.0,0.0,0.0,0.0,0.0,0.0,0.0,0.0,0.0,0.0,0.0,976.2734563015106,873.4324621902895,0,PASS
CREATEORDER_V4_C1_F9_P20_C50_S7009,/Users/nischithacn/paper3-exactly-once/results/phase6/runs/CREATEORDER_V4_C1_F9_P20_C50_S7009/CREATEORDER_V4_C1_F9_P20_C50_S7009_1788588868029,0.0,0.0,0.0,0.0,0.0,0.0,0.0,0.0,0.0,0.0,0.0,1162.5515675098316,1012.2042618191983,0,PASS
CREATEORDER_V4_C1_F9_P5_C10_S7000,/Users/nischithacn/paper3-exactly-once/results/phase6/runs/CREATEORDER_V4_C1_F9_P5_C10_S7000/CREATEORDER_V4_C1_F9_P5_C10_S7000_1788579064455,0.0,0.0,0.0,0.0,0.0,0.0,0.0,0.0,0.0,0.0,0.0,895.0455287799233,794.0314667348594,0,PASS
CREATEORDER_V4_C1_F9_P5_C10_S7001,/Users/nischithacn/paper3-exactly-once/results/phase6/runs/CREATEORDER_V4_C1_F9_P5_C10_S7001/CREATEORDER_V4_C1_F9_P5_C10_S7001_1788579696063,0.0,0.0,0.0,0.0,0.0,0.0,0.0,0.0,0.0,0.0,0.0,989.6556391925155,878.5274383569368,0,PASS
CREATEORDER_V4_C1_F9_P5_C10_S7002,/Users/nischithacn/paper3-exactly-once/results/phase6/runs/CREATEORDER_V4_C1_F9_P5_C10_S7002/CREATEORDER_V4_C1_F9_P5_C10_S7002_1788581665662,0.0,0.0,0.0,0.0,0.0,0.0,0.0,0.0,0.0,0.0,0.0,779.7371234511214,638.9843779338458,0,PASS
CREATEORDER_V4_C1_F9_P5_C10_S7003,/Users/nischithacn/paper3-exactly-once/results/phase6/runs/CREATEORDER_V4_C1_F9_P5_C10_S7003/CREATEORDER_V4_C1_F9_P5_C10_S7003_1788582289584,0.0,0.0,0.0,0.0,0.0,0.0,0.0,0.0,0.0,0.0,0.0,892.1521907278881,797.347129036945,0,PASS
CREATEORDER_V4_C1_F9_P5_C10_S7004,/Users/nischithacn/paper3-exactly-once/results/phase6/runs/CREATEORDER_V4_C1_F9_P5_C10_S7004/CREATEORDER_V4_C1_F9_P5_C10_S7004_1788583428807,0.0,0.0,0.0,0.0,0.0,0.0,0.0,0.0,0.0,0.0,0.0,765.3022302308561,685.290109791073,0,PASS
CREATEORDER_V4_C1_F9_P5_C10_S7005,/Users/nischithacn/paper3-exactly-once/results/phase6/runs/CREATEORDER_V4_C1_F9_P5_C10_S7005/CREATEORDER_V4_C1_F9_P5_C10_S7005_1788584115008,0.0,0.0,0.0,0.0,0.0,0.0,0.0,0.0,0.0,0.0,0.0,887.9767474503217,790.1750344451971,0,PASS
CREATEORDER_V4_C1_F9_P5_C10_S7006,/Users/nischithacn/paper3-exactly-once/results/phase6/runs/CREATEORDER_V4_C1_F9_P5_C10_S7006/CREATEORDER_V4_C1_F9_P5_C10_S7006_1788584755622,0.0,0.0,0.0,0.0,0.0,0.0,0.0,0.0,0.0,0.0,0.0,977.4553014985187,867.4162828169389,0,PASS
CREATEORDER_V4_C1_F9_P5_C10_S7007,/Users/nischithacn/paper3-exactly-once/results/phase6/runs/CREATEORDER_V4_C1_F9_P5_C10_S7007/CREATEORDER_V4_C1_F9_P5_C10_S7007_1788585402997,0.0,0.0,0.0,0.0,0.0,0.0,0.0,0.0,0.0,0.0,0.0,716.0162296857284,591.4704689510381,0,PASS
CREATEORDER_V4_C1_F9_P5_C10_S7008,/Users/nischithacn/paper3-exactly-once/results/phase6/runs/CREATEORDER_V4_C1_F9_P5_C10_S7008/CREATEORDER_V4_C1_F9_P5_C10_S7008_1788586044433,0.0,0.0,0.0,0.0,0.0,0.0,0.0,0.0,0.0,0.0,0.0,906.7705513167477,810.987594316638,0,PASS
CREATEORDER_V4_C1_F9_P5_C10_S7009,/Users/nischithacn/paper3-exactly-once/results/phase6/runs/CREATEORDER_V4_C1_F9_P5_C10_S7009/CREATEORDER_V4_C1_F9_P5_C10_S7009_1788588789332,0.0,0.0,0.0,0.0,0.0,0.0,0.0,0.0,0.0,0.0,0.0,1063.7572520591748,931.273593080033,0,PASS
CREATEORDER_V4_C1_F9_P5_C50_S7000,/Users/nischithacn/paper3-exactly-once/results/phase6/runs/CREATEORDER_V4_C1_F9_P5_C50_S7000/CREATEORDER_V4_C1_F9_P5_C50_S7000_1788579084122,0.0,0.0,0.0,0.0,0.0,0.0,0.0,0.0,0.0,0.0,0.0,1313.6321994331245,1136.316878197556,0,PASS
CREATEORDER_V4_C1_F9_P5_C50_S7001,/Users/nischithacn/paper3-exactly-once/results/phase6/runs/CREATEORDER_V4_C1_F9_P5_C50_S7001/CREATEORDER_V4_C1_F9_P5_C50_S7001_1788579707996,0.0,0.0,0.0,0.0,0.0,0.0,0.0,0.0,0.0,0.0,0.0,1188.716626273353,1051.8388039699146,0,PASS
CREATEORDER_V4_C1_F9_P5_C50_S7002,/Users/nischithacn/paper3-exactly-once/results/phase6/runs/CREATEORDER_V4_C1_F9_P5_C50_S7002/CREATEORDER_V4_C1_F9_P5_C50_S7002_1788581681887,0.0,0.0,0.0,0.0,0.0,0.0,0.0,0.0,0.0,0.0,0.0,1172.4695697152877,1022.5548174846346,0,PASS
CREATEORDER_V4_C1_F9_P5_C50_S7003,/Users/nischithacn/paper3-exactly-once/results/phase6/runs/CREATEORDER_V4_C1_F9_P5_C50_S7003/CREATEORDER_V4_C1_F9_P5_C50_S7003_1788582302687,0.0,0.0,0.0,0.0,0.0,0.0,0.0,0.0,0.0,0.0,0.0,1016.0068833474153,910.1697215468778,0,PASS
CREATEORDER_V4_C1_F9_P5_C50_S7004,/Users/nischithacn/paper3-exactly-once/results/phase6/runs/CREATEORDER_V4_C1_F9_P5_C50_S7004/CREATEORDER_V4_C1_F9_P5_C50_S7004_1788583444014,0.0,0.0,0.0,0.0,0.0,0.0,0.0,0.0,0.0,0.0,0.0,844.9814059141107,754.0931579510016,0,PASS
CREATEORDER_V4_C1_F9_P5_C50_S7005,/Users/nischithacn/paper3-exactly-once/results/phase6/runs/CREATEORDER_V4_C1_F9_P5_C50_S7005/CREATEORDER_V4_C1_F9_P5_C50_S7005_1788584133842,0.0,0.0,0.0,0.0,0.0,0.0,0.0,0.0,0.0,0.0,0.0,1171.395107816535,1038.9004860210764,0,PASS
CREATEORDER_V4_C1_F9_P5_C50_S7006,/Users/nischithacn/paper3-exactly-once/results/phase6/runs/CREATEORDER_V4_C1_F9_P5_C50_S7006/CREATEORDER_V4_C1_F9_P5_C50_S7006_1788584767700,0.0,0.0,0.0,0.0,0.0,0.0,0.0,0.0,0.0,0.0,0.0,1149.457442792191,1018.3266328299521,0,PASS
CREATEORDER_V4_C1_F9_P5_C50_S7007,/Users/nischithacn/paper3-exactly-once/results/phase6/runs/CREATEORDER_V4_C1_F9_P5_C50_S7007/CREATEORDER_V4_C1_F9_P5_C50_S7007_1788585420457,0.0,0.0,0.0,0.0,0.0,0.0,0.0,0.0,0.0,0.0,0.0,1067.378594421282,943.8457011889478,0,PASS
CREATEORDER_V4_C1_F9_P5_C50_S7008,/Users/nischithacn/paper3-exactly-once/results/phase6/runs/CREATEORDER_V4_C1_F9_P5_C50_S7008/CREATEORDER_V4_C1_F9_P5_C50_S7008_1788586057330,0.0,0.0,0.0,0.0,0.0,0.0,0.0,0.0,0.0,0.0,0.0,1054.149578713794,938.2270369023089,0,PASS
CREATEORDER_V4_C1_F9_P5_C50_S7009,/Users/nischithacn/paper3-exactly-once/results/phase6/runs/CREATEORDER_V4_C1_F9_P5_C50_S7009/CREATEORDER_V4_C1_F9_P5_C50_S7009_1788588800679,0.0,0.0,0.0,0.0,0.0,0.0,0.0,0.0,0.0,0.0,0.0,1323.7483310744346,1158.205667948222,0,PASS
CREATEORDER_V4_C2_F3_P10_C50_CAP_S7000,/Users/nischithacn/paper3-exactly-once/results/phase6/runs/CREATEORDER_V4_C2_F3_P10_C50_CAP_S7000/CREATEORDER_V4_C2_F3_P10_C50_CAP_S7000_1788671252324,0.0,0.0,0.0,0.0,0.0,0.0,0.0,0.0,0.0,0.0,0.0,977.1227279699257,848.6141086457698,0,PASS
CREATEORDER_V4_C2_F3_P10_C50_CAP_S7001,/Users/nischithacn/paper3-exactly-once/results/phase6/runs/CREATEORDER_V4_C2_F3_P10_C50_CAP_S7001/CREATEORDER_V4_C2_F3_P10_C50_CAP_S7001_1788671612551,0.0,0.0,0.0,0.0,0.0,0.0,0.0,0.0,0.0,0.0,0.0,1051.4242030235705,915.4603520573895,0,PASS
CREATEORDER_V4_C2_F3_P10_C50_CAP_S7002,/Users/nischithacn/paper3-exactly-once/results/phase6/runs/CREATEORDER_V4_C2_F3_P10_C50_CAP_S7002/CREATEORDER_V4_C2_F3_P10_C50_CAP_S7002_1788671967226,0.0,0.0,0.0,0.0,0.0,0.0,0.0,0.0,0.0,0.0,0.0,915.5155831220586,805.8654761779875,0,PASS
CREATEORDER_V4_C2_F3_P10_C50_CAP_S7003,/Users/nischithacn/paper3-exactly-once/results/phase6/runs/CREATEORDER_V4_C2_F3_P10_C50_CAP_S7003/CREATEORDER_V4_C2_F3_P10_C50_CAP_S7003_1788672352441,0.0,0.0,0.0,0.0,0.0,0.0,0.0,0.0,0.0,0.0,0.0,708.8953324467996,576.7393829514637,0,PASS
CREATEORDER_V4_C2_F3_P10_C50_CAP_S7004,/Users/nischithacn/paper3-exactly-once/results/phase6/runs/CREATEORDER_V4_C2_F3_P10_C50_CAP_S7004/CREATEORDER_V4_C2_F3_P10_C50_CAP_S7004_1788672728636,0.0,0.0,0.0,0.0,0.0,0.0,0.0,0.0,0.0,0.0,0.0,954.9616360471935,838.3070646515151,0,PASS
CREATEORDER_V4_C2_F3_P10_C50_CAP_S7005,/Users/nischithacn/paper3-exactly-once/results/phase6/runs/CREATEORDER_V4_C2_F3_P10_C50_CAP_S7005/CREATEORDER_V4_C2_F3_P10_C50_CAP_S7005_1788673111012,0.0,0.0,0.0,0.0,0.0,0.0,0.0,0.0,0.0,0.0,0.0,818.7230138909891,728.1524441406588,0,PASS
CREATEORDER_V4_C2_F3_P10_C50_CAP_S7006,/Users/nischithacn/paper3-exactly-once/results/phase6/runs/CREATEORDER_V4_C2_F3_P10_C50_CAP_S7006/CREATEORDER_V4_C2_F3_P10_C50_CAP_S7006_1788673514690,0.0,0.0,0.0,0.0,0.0,0.0,0.0,0.0,0.0,0.0,0.0,831.0338078052432,734.5527519686216,0,PASS
CREATEORDER_V4_C2_F3_P10_C50_CAP_S7007,/Users/nischithacn/paper3-exactly-once/results/phase6/runs/CREATEORDER_V4_C2_F3_P10_C50_CAP_S7007/CREATEORDER_V4_C2_F3_P10_C50_CAP_S7007_1788673909925,0.0,0.0,0.0,0.0,0.0,0.0,0.0,0.0,0.0,0.0,0.0,789.5661631454518,702.4148004048121,0,PASS
CREATEORDER_V4_C2_F3_P10_C50_CAP_S7008,/Users/nischithacn/paper3-exactly-once/results/phase6/runs/CREATEORDER_V4_C2_F3_P10_C50_CAP_S7008/CREATEORDER_V4_C2_F3_P10_C50_CAP_S7008_1788674315143,0.0,0.0,0.0,0.0,0.0,0.0,0.0,0.0,0.0,0.0,0.0,678.7079457104713,559.6866931776668,0,PASS
CREATEORDER_V4_C2_F3_P10_C50_CAP_S7009,/Users/nischithacn/paper3-exactly-once/results/phase6/runs/CREATEORDER_V4_C2_F3_P10_C50_CAP_S7009/CREATEORDER_V4_C2_F3_P10_C50_CAP_S7009_1788674693098,0.0,0.0,0.0,0.0,0.0,0.0,0.0,0.0,0.0,0.0,0.0,929.1840702516807,813.7137417035684,0,PASS
CREATEORDER_V4_C2_F8_P10_C50_CAP_S7000,/Users/nischithacn/paper3-exactly-once/results/phase6/runs/CREATEORDER_V4_C2_F8_P10_C50_CAP_S7000/CREATEORDER_V4_C2_F8_P10_C50_CAP_S7000_1788671271773,0.0,0.0,0.0,0.0,0.0,0.0,0.0,0.0,0.0,0.0,0.0,703.994467816911,629.2902738339544,0,PASS
CREATEORDER_V4_C2_F8_P10_C50_CAP_S7001,/Users/nischithacn/paper3-exactly-once/results/phase6/runs/CREATEORDER_V4_C2_F8_P10_C50_CAP_S7001/CREATEORDER_V4_C2_F8_P10_C50_CAP_S7001_1788671624103,0.0,0.0,0.0,0.0,0.0,0.0,0.0,0.0,0.0,0.0,0.0,731.9072646128506,647.1470267485176,0,PASS
CREATEORDER_V4_C2_F8_P10_C50_CAP_S7002,/Users/nischithacn/paper3-exactly-once/results/phase6/runs/CREATEORDER_V4_C2_F8_P10_C50_CAP_S7002/CREATEORDER_V4_C2_F8_P10_C50_CAP_S7002_1788671980253,0.0,0.0,0.0,0.0,0.0,0.0,0.0,0.0,0.0,0.0,0.0,711.9884943936922,621.4699243989367,0,PASS
CREATEORDER_V4_C2_F8_P10_C50_CAP_S7003,/Users/nischithacn/paper3-exactly-once/results/phase6/runs/CREATEORDER_V4_C2_F8_P10_C50_CAP_S7003/CREATEORDER_V4_C2_F8_P10_C50_CAP_S7003_1788672370380,0.0,0.0,0.0,0.0,0.0,0.0,0.0,0.0,0.0,0.0,0.0,715.3249409434957,638.7420963869325,0,PASS
CREATEORDER_V4_C2_F8_P10_C50_CAP_S7004,/Users/nischithacn/paper3-exactly-once/results/phase6/runs/CREATEORDER_V4_C2_F8_P10_C50_CAP_S7004/CREATEORDER_V4_C2_F8_P10_C50_CAP_S7004_1788672741169,0.0,0.0,0.0,0.0,0.0,0.0,0.0,0.0,0.0,0.0,0.0,701.188496901921,621.8201574709901,0,PASS
CREATEORDER_V4_C2_F8_P10_C50_CAP_S7005,/Users/nischithacn/paper3-exactly-once/results/phase6/runs/CREATEORDER_V4_C2_F8_P10_C50_CAP_S7005/CREATEORDER_V4_C2_F8_P10_C50_CAP_S7005_1788673132400,0.0,0.0,0.0,0.0,0.0,0.0,0.0,0.0,0.0,0.0,0.0,686.3086825435198,618.1727463027983,0,PASS
CREATEORDER_V4_C2_F8_P10_C50_CAP_S7006,/Users/nischithacn/paper3-exactly-once/results/phase6/runs/CREATEORDER_V4_C2_F8_P10_C50_CAP_S7006/CREATEORDER_V4_C2_F8_P10_C50_CAP_S7006_1788673528930,0.0,0.0,0.0,0.0,0.0,0.0,0.0,0.0,0.0,0.0,0.0,654.6017563749166,577.278683382495,0,PASS
CREATEORDER_V4_C2_F8_P10_C50_CAP_S7007,/Users/nischithacn/paper3-exactly-once/results/phase6/runs/CREATEORDER_V4_C2_F8_P10_C50_CAP_S7007/CREATEORDER_V4_C2_F8_P10_C50_CAP_S7007_1788673924780,0.0,0.0,0.0,0.0,0.0,0.0,0.0,0.0,0.0,0.0,0.0,664.5624453922637,586.7692672758113,0,PASS
CREATEORDER_V4_C2_F8_P10_C50_CAP_S7008,/Users/nischithacn/paper3-exactly-once/results/phase6/runs/CREATEORDER_V4_C2_F8_P10_C50_CAP_S7008/CREATEORDER_V4_C2_F8_P10_C50_CAP_S7008_1788674333617,0.0,0.0,0.0,0.0,0.0,0.0,0.0,0.0,0.0,0.0,0.0,693.7596508759569,618.1604104323,0,PASS
CREATEORDER_V4_C2_F8_P10_C50_CAP_S7009,/Users/nischithacn/paper3-exactly-once/results/phase6/runs/CREATEORDER_V4_C2_F8_P10_C50_CAP_S7009/CREATEORDER_V4_C2_F8_P10_C50_CAP_S7009_1788674705986,0.0,0.0,0.0,0.0,0.0,0.0,0.0,0.0,0.0,0.0,0.0,671.9042995682695,604.3624167021215,0,PASS
CREATEORDER_V5_C0_F3_P10_C50_CAP_S7000,/Users/nischithacn/paper3-exactly-once/results/phase6/runs/CREATEORDER_V5_C0_F3_P10_C50_CAP_S7000/CREATEORDER_V5_C0_F3_P10_C50_CAP_S7000_1788671288286,0.0,0.0,0.0,0.0,0.0,0.0,0.0,0.0,0.0,0.0,0.0,1089.6078249473687,958.5480635418741,0,PASS
CREATEORDER_V5_C0_F3_P10_C50_CAP_S7001,/Users/nischithacn/paper3-exactly-once/results/phase6/runs/CREATEORDER_V5_C0_F3_P10_C50_CAP_S7001/CREATEORDER_V5_C0_F3_P10_C50_CAP_S7001_1788671640145,0.0,0.0,0.0,0.0,0.0,0.0,0.0,0.0,0.0,0.0,0.0,1051.3334636919078,932.6886225461021,0,PASS
CREATEORDER_V5_C0_F3_P10_C50_CAP_S7002,/Users/nischithacn/paper3-exactly-once/results/phase6/runs/CREATEORDER_V5_C0_F3_P10_C50_CAP_S7002/CREATEORDER_V5_C0_F3_P10_C50_CAP_S7002_1788672017932,0.0,0.0,0.0,0.0,0.0,0.0,0.0,0.0,0.0,0.0,0.0,728.7247135085015,601.6304265114292,0,PASS
CREATEORDER_V5_C0_F3_P10_C50_CAP_S7003,/Users/nischithacn/paper3-exactly-once/results/phase6/runs/CREATEORDER_V5_C0_F3_P10_C50_CAP_S7003/CREATEORDER_V5_C0_F3_P10_C50_CAP_S7003_1788672386639,0.0,0.0,0.0,0.0,0.0,0.0,0.0,0.0,0.0,0.0,0.0,958.7703758226335,851.9426693483515,0,PASS
CREATEORDER_V5_C0_F3_P10_C50_CAP_S7004,/Users/nischithacn/paper3-exactly-once/results/phase6/runs/CREATEORDER_V5_C0_F3_P10_C50_CAP_S7004/CREATEORDER_V5_C0_F3_P10_C50_CAP_S7004_1788672757856,0.0,0.0,0.0,0.0,0.0,0.0,0.0,0.0,0.0,0.0,0.0,907.20592003912,813.1630268658587,0,PASS
CREATEORDER_V5_C0_F3_P10_C50_CAP_S7005,/Users/nischithacn/paper3-exactly-once/results/phase6/runs/CREATEORDER_V5_C0_F3_P10_C50_CAP_S7005/CREATEORDER_V5_C0_F3_P10_C50_CAP_S7005_1788673149232,0.0,0.0,0.0,0.0,0.0,0.0,0.0,0.0,0.0,0.0,0.0,806.0336605546686,727.86799160045,0,PASS
CREATEORDER_V5_C0_F3_P10_C50_CAP_S7006,/Users/nischithacn/paper3-exactly-once/results/phase6/runs/CREATEORDER_V5_C0_F3_P10_C50_CAP_S7006/CREATEORDER_V5_C0_F3_P10_C50_CAP_S7006_1788673546878,0.0,0.0,0.0,0.0,0.0,0.0,0.0,0.0,0.0,0.0,0.0,783.9905993741951,710.874644630811,0,PASS
CREATEORDER_V5_C0_F3_P10_C50_CAP_S7007,/Users/nischithacn/paper3-exactly-once/results/phase6/runs/CREATEORDER_V5_C0_F3_P10_C50_CAP_S7007/CREATEORDER_V5_C0_F3_P10_C50_CAP_S7007_1788673963456,0.0,0.0,0.0,0.0,0.0,0.0,0.0,0.0,0.0,0.0,0.0,634.0781669799261,528.0561226823412,0,PASS
CREATEORDER_V5_C0_F3_P10_C50_CAP_S7008,/Users/nischithacn/paper3-exactly-once/results/phase6/runs/CREATEORDER_V5_C0_F3_P10_C50_CAP_S7008/CREATEORDER_V5_C0_F3_P10_C50_CAP_S7008_1788674350407,0.0,0.0,0.0,0.0,0.0,0.0,0.0,0.0,0.0,0.0,0.0,926.82692598144,828.5781943231415,0,PASS
CREATEORDER_V5_C0_F3_P10_C50_CAP_S7009,/Users/nischithacn/paper3-exactly-once/results/phase6/runs/CREATEORDER_V5_C0_F3_P10_C50_CAP_S7009/CREATEORDER_V5_C0_F3_P10_C50_CAP_S7009_1788674723147,0.0,0.0,0.0,0.0,0.0,0.0,0.0,0.0,0.0,0.0,0.0,887.0600411736066,798.2021998411095,0,PASS
CREATEORDER_V5_C0_F8_P10_C50_CAP_S7000,/Users/nischithacn/paper3-exactly-once/results/phase6/runs/CREATEORDER_V5_C0_F8_P10_C50_CAP_S7000/CREATEORDER_V5_C0_F8_P10_C50_CAP_S7000_1788671299353,0.0,0.0,0.0,0.0,0.0,0.0,0.0,0.0,0.0,0.0,0.0,1037.8441466554061,917.8939270770594,0,PASS
CREATEORDER_V5_C0_F8_P10_C50_CAP_S7001,/Users/nischithacn/paper3-exactly-once/results/phase6/runs/CREATEORDER_V5_C0_F8_P10_C50_CAP_S7001/CREATEORDER_V5_C0_F8_P10_C50_CAP_S7001_1788671651528,0.0,0.0,0.0,0.0,0.0,0.0,0.0,0.0,0.0,0.0,0.0,967.9796210055185,858.4524182585449,0,PASS
CREATEORDER_V5_C0_F8_P10_C50_CAP_S7002,/Users/nischithacn/paper3-exactly-once/results/phase6/runs/CREATEORDER_V5_C0_F8_P10_C50_CAP_S7002/CREATEORDER_V5_C0_F8_P10_C50_CAP_S7002_1788672035182,0.0,0.0,0.0,0.0,0.0,0.0,0.0,0.0,0.0,0.0,0.0,962.5745152288837,857.1878009149254,0,PASS
CREATEORDER_V5_C0_F8_P10_C50_CAP_S7003,/Users/nischithacn/paper3-exactly-once/results/phase6/runs/CREATEORDER_V5_C0_F8_P10_C50_CAP_S7003/CREATEORDER_V5_C0_F8_P10_C50_CAP_S7003_1788672398994,0.0,0.0,0.0,0.0,0.0,0.0,0.0,0.0,0.0,0.0,0.0,903.7705011641074,814.387826867872,0,PASS
CREATEORDER_V5_C0_F8_P10_C50_CAP_S7004,/Users/nischithacn/paper3-exactly-once/results/phase6/runs/CREATEORDER_V5_C0_F8_P10_C50_CAP_S7004/CREATEORDER_V5_C0_F8_P10_C50_CAP_S7004_1788672777883,0.0,0.0,0.0,0.0,0.0,0.0,0.0,0.0,0.0,0.0,0.0,909.6251030871683,822.3324602876422,0,PASS
CREATEORDER_V5_C0_F8_P10_C50_CAP_S7005,/Users/nischithacn/paper3-exactly-once/results/phase6/runs/CREATEORDER_V5_C0_F8_P10_C50_CAP_S7005/CREATEORDER_V5_C0_F8_P10_C50_CAP_S7005_1788673163619,0.0,0.0,0.0,0.0,0.0,0.0,0.0,0.0,0.0,0.0,0.0,815.2633765858751,734.8241988697317,0,PASS
CREATEORDER_V5_C0_F8_P10_C50_CAP_S7006,/Users/nischithacn/paper3-exactly-once/results/phase6/runs/CREATEORDER_V5_C0_F8_P10_C50_CAP_S7006/CREATEORDER_V5_C0_F8_P10_C50_CAP_S7006_1788673561605,0.0,0.0,0.0,0.0,0.0,0.0,0.0,0.0,0.0,0.0,0.0,784.1295310531114,704.2445051040341,0,PASS
CREATEORDER_V5_C0_F8_P10_C50_CAP_S7007,/Users/nischithacn/paper3-exactly-once/results/phase6/runs/CREATEORDER_V5_C0_F8_P10_C50_CAP_S7007/CREATEORDER_V5_C0_F8_P10_C50_CAP_S7007_1788673983044,0.0,0.0,0.0,0.0,0.0,0.0,0.0,0.0,0.0,0.0,0.0,838.7912977530682,749.027758681891,0,PASS
CREATEORDER_V5_C0_F8_P10_C50_CAP_S7008,/Users/nischithacn/paper3-exactly-once/results/phase6/runs/CREATEORDER_V5_C0_F8_P10_C50_CAP_S7008/CREATEORDER_V5_C0_F8_P10_C50_CAP_S7008_1788674363096,0.0,0.0,0.0,0.0,0.0,0.0,0.0,0.0,0.0,0.0,0.0,878.0622583083236,791.0816665475603,0,PASS
CREATEORDER_V5_C0_F8_P10_C50_CAP_S7009,/Users/nischithacn/paper3-exactly-once/results/phase6/runs/CREATEORDER_V5_C0_F8_P10_C50_CAP_S7009/CREATEORDER_V5_C0_F8_P10_C50_CAP_S7009_1788674743354,0.0,0.0,0.0,0.0,0.0,0.0,0.0,0.0,0.0,0.0,0.0,897.8562783990152,809.5495058071992,0,PASS
CREATEORDER_V5_C1_F3_P10_C50_CAP_S7000,/Users/nischithacn/paper3-exactly-once/results/phase6/runs/CREATEORDER_V5_C1_F3_P10_C50_CAP_S7000/CREATEORDER_V5_C1_F3_P10_C50_CAP_S7000_1788671310869,0.0,0.0,0.0,0.0,0.0,0.0,0.0,0.0,0.0,0.0,0.0,1031.7350405203385,913.6746354203585,0,PASS
CREATEORDER_V5_C1_F3_P10_C50_CAP_S7001,/Users/nischithacn/paper3-exactly-once/results/phase6/runs/CREATEORDER_V5_C1_F3_P10_C50_CAP_S7001/CREATEORDER_V5_C1_F3_P10_C50_CAP_S7001_1788671684497,0.0,0.0,0.0,0.0,0.0,0.0,0.0,0.0,0.0,0.0,0.0,775.6264569680567,634.0264369559166,0,PASS
CREATEORDER_V5_C1_F3_P10_C50_CAP_S7002,/Users/nischithacn/paper3-exactly-once/results/phase6/runs/CREATEORDER_V5_C1_F3_P10_C50_CAP_S7002/CREATEORDER_V5_C1_F3_P10_C50_CAP_S7002_1788672047456,0.0,0.0,0.0,0.0,0.0,0.0,0.0,0.0,0.0,0.0,0.0,970.0414222070793,861.0812425671944,0,PASS
CREATEORDER_V5_C1_F3_P10_C50_CAP_S7003,/Users/nischithacn/paper3-exactly-once/results/phase6/runs/CREATEORDER_V5_C1_F3_P10_C50_CAP_S7003/CREATEORDER_V5_C1_F3_P10_C50_CAP_S7003_1788672411885,0.0,0.0,0.0,0.0,0.0,0.0,0.0,0.0,0.0,0.0,0.0,906.1030126432822,806.9205913402726,0,PASS
CREATEORDER_V5_C1_F3_P10_C50_CAP_S7004,/Users/nischithacn/paper3-exactly-once/results/phase6/runs/CREATEORDER_V5_C1_F3_P10_C50_CAP_S7004/CREATEORDER_V5_C1_F3_P10_C50_CAP_S7004_1788672790653,0.0,0.0,0.0,0.0,0.0,0.0,0.0,0.0,0.0,0.0,0.0,904.0597250042748,811.592383449878,0,PASS
CREATEORDER_V5_C1_F3_P10_C50_CAP_S7005,/Users/nischithacn/paper3-exactly-once/results/phase6/runs/CREATEORDER_V5_C1_F3_P10_C50_CAP_S7005/CREATEORDER_V5_C1_F3_P10_C50_CAP_S7005_1788673177848,0.0,0.0,0.0,0.0,0.0,0.0,0.0,0.0,0.0,0.0,0.0,812.004341062484,732.3734128257681,0,PASS
CREATEORDER_V5_C1_F3_P10_C50_CAP_S7006,/Users/nischithacn/paper3-exactly-once/results/phase6/runs/CREATEORDER_V5_C1_F3_P10_C50_CAP_S7006/CREATEORDER_V5_C1_F3_P10_C50_CAP_S7006_1788673598080,0.0,0.0,0.0,0.0,0.0,0.0,0.0,0.0,0.0,0.0,0.0,615.8640152172287,516.9461179920039,0,PASS
CREATEORDER_V5_C1_F3_P10_C50_CAP_S7007,/Users/nischithacn/paper3-exactly-once/results/phase6/runs/CREATEORDER_V5_C1_F3_P10_C50_CAP_S7007/CREATEORDER_V5_C1_F3_P10_C50_CAP_S7007_1788673997045,0.0,0.0,0.0,0.0,0.0,0.0,0.0,0.0,0.0,0.0,0.0,856.2548640590799,763.1569715759371,0,PASS
CREATEORDER_V5_C1_F3_P10_C50_CAP_S7008,/Users/nischithacn/paper3-exactly-once/results/phase6/runs/CREATEORDER_V5_C1_F3_P10_C50_CAP_S7008/CREATEORDER_V5_C1_F3_P10_C50_CAP_S7008_1788674376346,0.0,0.0,0.0,0.0,0.0,0.0,0.0,0.0,0.0,0.0,0.0,882.4929641856911,789.7616647948374,0,PASS
CREATEORDER_V5_C1_F3_P10_C50_CAP_S7009,/Users/nischithacn/paper3-exactly-once/results/phase6/runs/CREATEORDER_V5_C1_F3_P10_C50_CAP_S7009/CREATEORDER_V5_C1_F3_P10_C50_CAP_S7009_1788674756306,0.0,0.0,0.0,0.0,0.0,0.0,0.0,0.0,0.0,0.0,0.0,895.9958191601334,804.4315789045686,0,PASS
CREATEORDER_V5_C1_F8_P10_C50_CAP_S7000,/Users/nischithacn/paper3-exactly-once/results/phase6/runs/CREATEORDER_V5_C1_F8_P10_C50_CAP_S7000/CREATEORDER_V5_C1_F8_P10_C50_CAP_S7000_1788671322472,0.0,0.0,0.0,0.0,0.0,0.0,0.0,0.0,0.0,0.0,0.0,947.4438748522324,844.9909558876783,0,PASS
CREATEORDER_V5_C1_F8_P10_C50_CAP_S7001,/Users/nischithacn/paper3-exactly-once/results/phase6/runs/CREATEORDER_V5_C1_F8_P10_C50_CAP_S7001/CREATEORDER_V5_C1_F8_P10_C50_CAP_S7001_1788671700906,0.0,0.0,0.0,0.0,0.0,0.0,0.0,0.0,0.0,0.0,0.0,1015.0710671285317,888.1650254486152,0,PASS
CREATEORDER_V5_C1_F8_P10_C50_CAP_S7002,/Users/nischithacn/paper3-exactly-once/results/phase6/runs/CREATEORDER_V5_C1_F8_P10_C50_CAP_S7002/CREATEORDER_V5_C1_F8_P10_C50_CAP_S7002_1788672059692,0.0,0.0,0.0,0.0,0.0,0.0,0.0,0.0,0.0,0.0,0.0,894.7696398634033,804.2859466126685,0,PASS
CREATEORDER_V5_C1_F8_P10_C50_CAP_S7003,/Users/nischithacn/paper3-exactly-once/results/phase6/runs/CREATEORDER_V5_C1_F8_P10_C50_CAP_S7003/CREATEORDER_V5_C1_F8_P10_C50_CAP_S7003_1788672431957,0.0,0.0,0.0,0.0,0.0,0.0,0.0,0.0,0.0,0.0,0.0,915.2094982870523,818.5954225135366,0,PASS
CREATEORDER_V5_C1_F8_P10_C50_CAP_S7004,/Users/nischithacn/paper3-exactly-once/results/phase6/runs/CREATEORDER_V5_C1_F8_P10_C50_CAP_S7004/CREATEORDER_V5_C1_F8_P10_C50_CAP_S7004_1788672803616,0.0,0.0,0.0,0.0,0.0,0.0,0.0,0.0,0.0,0.0,0.0,877.9172122116424,791.6624694043405,0,PASS
CREATEORDER_V5_C1_F8_P10_C50_CAP_S7005,/Users/nischithacn/paper3-exactly-once/results/phase6/runs/CREATEORDER_V5_C1_F8_P10_C50_CAP_S7005/CREATEORDER_V5_C1_F8_P10_C50_CAP_S7005_1788673192159,0.0,0.0,0.0,0.0,0.0,0.0,0.0,0.0,0.0,0.0,0.0,776.274147126899,698.5399291974339,0,PASS
CREATEORDER_V5_C1_F8_P10_C50_CAP_S7006,/Users/nischithacn/paper3-exactly-once/results/phase6/runs/CREATEORDER_V5_C1_F8_P10_C50_CAP_S7006/CREATEORDER_V5_C1_F8_P10_C50_CAP_S7006_1788673618073,0.0,0.0,0.0,0.0,0.0,0.0,0.0,0.0,0.0,0.0,0.0,828.652415444511,736.3126132180724,0,PASS
CREATEORDER_V5_C1_F8_P10_C50_CAP_S7007,/Users/nischithacn/paper3-exactly-once/results/phase6/runs/CREATEORDER_V5_C1_F8_P10_C50_CAP_S7007/CREATEORDER_V5_C1_F8_P10_C50_CAP_S7007_1788674010813,0.0,0.0,0.0,0.0,0.0,0.0,0.0,0.0,0.0,0.0,0.0,810.9671313747712,727.5968876653441,0,PASS
CREATEORDER_V5_C1_F8_P10_C50_CAP_S7008,/Users/nischithacn/paper3-exactly-once/results/phase6/runs/CREATEORDER_V5_C1_F8_P10_C50_CAP_S7008/CREATEORDER_V5_C1_F8_P10_C50_CAP_S7008_1788674396766,0.0,0.0,0.0,0.0,0.0,0.0,0.0,0.0,0.0,0.0,0.0,894.1441597005648,803.4092270167821,0,PASS
CREATEORDER_V5_C1_F8_P10_C50_CAP_S7009,/Users/nischithacn/paper3-exactly-once/results/phase6/runs/CREATEORDER_V5_C1_F8_P10_C50_CAP_S7009/CREATEORDER_V5_C1_F8_P10_C50_CAP_S7009_1788674769391,0.0,0.0,0.0,0.0,0.0,0.0,0.0,0.0,0.0,0.0,0.0,834.9582385911544,757.7521605211049,0,PASS
CREATEORDER_V5_C2_F0_P0_C100_S7000,/Users/nischithacn/paper3-exactly-once/results/phase6/runs/CREATEORDER_V5_C2_F0_P0_C100_S7000/CREATEORDER_V5_C2_F0_P0_C100_S7000_1788143233648,0.0,0.0,0.0,0.0,0.0,0.0,0.0,0.0,0.0,0.0,0.0,1487.3594602148835,1287.551397788384,0,PASS
CREATEORDER_V5_C2_F0_P0_C100_S7001,/Users/nischithacn/paper3-exactly-once/results/phase6/runs/CREATEORDER_V5_C2_F0_P0_C100_S7001/CREATEORDER_V5_C2_F0_P0_C100_S7001_1788321035520,0.0,0.0,0.0,0.0,0.0,0.0,0.0,0.0,0.0,0.0,0.0,1324.8551277684985,1153.5103459270904,0,PASS
CREATEORDER_V5_C2_F0_P0_C100_S7002,/Users/nischithacn/paper3-exactly-once/results/phase6/runs/CREATEORDER_V5_C2_F0_P0_C100_S7002/CREATEORDER_V5_C2_F0_P0_C100_S7002_1788322047446,0.0,0.0,0.0,0.0,0.0,0.0,0.0,0.0,0.0,0.0,0.0,1344.187927054792,1163.3367571711642,0,PASS
CREATEORDER_V5_C2_F0_P0_C100_S7003,/Users/nischithacn/paper3-exactly-once/results/phase6/runs/CREATEORDER_V5_C2_F0_P0_C100_S7003/CREATEORDER_V5_C2_F0_P0_C100_S7003_1788325441516,0.0,0.0,0.0,0.0,0.0,0.0,0.0,0.0,0.0,0.0,0.0,1313.9917573513198,1155.5068653043052,0,PASS
CREATEORDER_V5_C2_F0_P0_C100_S7004,/Users/nischithacn/paper3-exactly-once/results/phase6/runs/CREATEORDER_V5_C2_F0_P0_C100_S7004/CREATEORDER_V5_C2_F0_P0_C100_S7004_1788326220489,0.0,0.0,0.0,0.0,0.0,0.0,0.0,0.0,0.0,0.0,0.0,938.4540271739494,750.6459803342502,0,PASS
CREATEORDER_V5_C2_F0_P0_C100_S7005,/Users/nischithacn/paper3-exactly-once/results/phase6/runs/CREATEORDER_V5_C2_F0_P0_C100_S7005/CREATEORDER_V5_C2_F0_P0_C100_S7005_1788326895983,0.0,0.0,0.0,0.0,0.0,0.0,0.0,0.0,0.0,0.0,0.0,1364.6581118717302,1185.2541446907303,0,PASS
CREATEORDER_V5_C2_F0_P0_C100_S7006,/Users/nischithacn/paper3-exactly-once/results/phase6/runs/CREATEORDER_V5_C2_F0_P0_C100_S7006/CREATEORDER_V5_C2_F0_P0_C100_S7006_1788329464591,0.0,0.0,0.0,0.0,0.0,0.0,0.0,0.0,0.0,0.0,0.0,1281.28922690125,1119.6474407272535,0,PASS
CREATEORDER_V5_C2_F0_P0_C100_S7007,/Users/nischithacn/paper3-exactly-once/results/phase6/runs/CREATEORDER_V5_C2_F0_P0_C100_S7007/CREATEORDER_V5_C2_F0_P0_C100_S7007_1788330257458,0.0,0.0,0.0,0.0,0.0,0.0,0.0,0.0,0.0,0.0,0.0,1347.8433113640729,1177.4518756341608,0,PASS
CREATEORDER_V5_C2_F0_P0_C100_S7008,/Users/nischithacn/paper3-exactly-once/results/phase6/runs/CREATEORDER_V5_C2_F0_P0_C100_S7008/CREATEORDER_V5_C2_F0_P0_C100_S7008_1788330939345,0.0,0.0,0.0,0.0,0.0,0.0,0.0,0.0,0.0,0.0,0.0,1268.5355633906968,1110.1337195986944,0,PASS
CREATEORDER_V5_C2_F0_P0_C100_S7009,/Users/nischithacn/paper3-exactly-once/results/phase6/runs/CREATEORDER_V5_C2_F0_P0_C100_S7009/CREATEORDER_V5_C2_F0_P0_C100_S7009_1788331662235,0.0,0.0,0.0,0.0,0.0,0.0,0.0,0.0,0.0,0.0,0.0,921.9895135580667,734.4073627318954,0,PASS
CREATEORDER_V5_C2_F0_P0_C10_S7000,/Users/nischithacn/paper3-exactly-once/results/phase6/runs/CREATEORDER_V5_C2_F0_P0_C10_S7000/CREATEORDER_V5_C2_F0_P0_C10_S7000_1788143214827,0.0,0.0,0.0,0.0,0.0,0.0,0.0,0.0,0.0,0.0,0.0,1109.9828896656677,980.4316611406259,0,PASS
CREATEORDER_V5_C2_F0_P0_C10_S7001,/Users/nischithacn/paper3-exactly-once/results/phase6/runs/CREATEORDER_V5_C2_F0_P0_C10_S7001/CREATEORDER_V5_C2_F0_P0_C10_S7001_1788321014685,0.0,0.0,0.0,0.0,0.0,0.0,0.0,0.0,0.0,0.0,0.0,989.8963079709081,874.1186739126144,0,PASS
CREATEORDER_V5_C2_F0_P0_C10_S7002,/Users/nischithacn/paper3-exactly-once/results/phase6/runs/CREATEORDER_V5_C2_F0_P0_C10_S7002/CREATEORDER_V5_C2_F0_P0_C10_S7002_1788322022204,0.0,0.0,0.0,0.0,0.0,0.0,0.0,0.0,0.0,0.0,0.0,834.9912833944933,667.137488868129,0,PASS
CREATEORDER_V5_C2_F0_P0_C10_S7003,/Users/nischithacn/paper3-exactly-once/results/phase6/runs/CREATEORDER_V5_C2_F0_P0_C10_S7003/CREATEORDER_V5_C2_F0_P0_C10_S7003_1788325413745,0.0,0.0,0.0,0.0,0.0,0.0,0.0,0.0,0.0,0.0,0.0,987.8169593382398,877.2607671091465,0,PASS
CREATEORDER_V5_C2_F0_P0_C10_S7004,/Users/nischithacn/paper3-exactly-once/results/phase6/runs/CREATEORDER_V5_C2_F0_P0_C10_S7004/CREATEORDER_V5_C2_F0_P0_C10_S7004_1788326178977,0.0,0.0,0.0,0.0,0.0,0.0,0.0,0.0,0.0,0.0,0.0,1033.549202308901,912.175818562459,0,PASS
CREATEORDER_V5_C2_F0_P0_C10_S7005,/Users/nischithacn/paper3-exactly-once/results/phase6/runs/CREATEORDER_V5_C2_F0_P0_C10_S7005/CREATEORDER_V5_C2_F0_P0_C10_S7005_1788326874824,0.0,0.0,0.0,0.0,0.0,0.0,0.0,0.0,0.0,0.0,0.0,988.6602710279092,874.5624507325389,0,PASS
CREATEORDER_V5_C2_F0_P0_C10_S7006,/Users/nischithacn/paper3-exactly-once/results/phase6/runs/CREATEORDER_V5_C2_F0_P0_C10_S7006/CREATEORDER_V5_C2_F0_P0_C10_S7006_1788329443471,0.0,0.0,0.0,0.0,0.0,0.0,0.0,0.0,0.0,0.0,0.0,986.9667009946487,869.4521072227474,0,PASS
CREATEORDER_V5_C2_F0_P0_C10_S7007,/Users/nischithacn/paper3-exactly-once/results/phase6/runs/CREATEORDER_V5_C2_F0_P0_C10_S7007/CREATEORDER_V5_C2_F0_P0_C10_S7007_1788330232104,0.0,0.0,0.0,0.0,0.0,0.0,0.0,0.0,0.0,0.0,0.0,835.4568480366335,668.5232009350614,0,PASS
CREATEORDER_V5_C2_F0_P0_C10_S7008,/Users/nischithacn/paper3-exactly-once/results/phase6/runs/CREATEORDER_V5_C2_F0_P0_C10_S7008/CREATEORDER_V5_C2_F0_P0_C10_S7008_1788330911342,0.0,0.0,0.0,0.0,0.0,0.0,0.0,0.0,0.0,0.0,0.0,1007.3068160261033,888.621733180006,0,PASS
CREATEORDER_V5_C2_F0_P0_C10_S7009,/Users/nischithacn/paper3-exactly-once/results/phase6/runs/CREATEORDER_V5_C2_F0_P0_C10_S7009/CREATEORDER_V5_C2_F0_P0_C10_S7009_1788331620201,0.0,0.0,0.0,0.0,0.0,0.0,0.0,0.0,0.0,0.0,0.0,1009.3269586225673,892.065438232285,0,PASS
CREATEORDER_V5_C2_F0_P0_C1_S7000,/Users/nischithacn/paper3-exactly-once/results/phase6/runs/CREATEORDER_V5_C2_F0_P0_C1_S7000/CREATEORDER_V5_C2_F0_P0_C1_S7000_1788143103721,0.0,0.0,0.0,0.0,0.0,0.0,0.0,0.0,0.0,0.0,0.0,99.83338126130816,90.4327995645724,0,PASS
CREATEORDER_V5_C2_F0_P0_C1_S7001,/Users/nischithacn/paper3-exactly-once/results/phase6/runs/CREATEORDER_V5_C2_F0_P0_C1_S7001/CREATEORDER_V5_C2_F0_P0_C1_S7001_1788320935998,0.0,0.0,0.0,0.0,0.0,0.0,0.0,0.0,0.0,0.0,0.0,141.41388462994072,127.92649770071989,0,PASS
CREATEORDER_V5_C2_F0_P0_C1_S7002,/Users/nischithacn/paper3-exactly-once/results/phase6/runs/CREATEORDER_V5_C2_F0_P0_C1_S7002/CREATEORDER_V5_C2_F0_P0_C1_S7002_1788321755525,0.0,0.0,0.0,0.0,0.0,0.0,0.0,0.0,0.0,0.0,0.0,143.23824420521976,129.82891531875208,0,PASS
CREATEORDER_V5_C2_F0_P0_C1_S7003,/Users/nischithacn/paper3-exactly-once/results/phase6/runs/CREATEORDER_V5_C2_F0_P0_C1_S7003/CREATEORDER_V5_C2_F0_P0_C1_S7003_1788325323504,0.0,0.0,0.0,0.0,0.0,0.0,0.0,0.0,0.0,0.0,0.0,123.3808790165754,111.48331038385098,0,PASS
CREATEORDER_V5_C2_F0_P0_C1_S7004,/Users/nischithacn/paper3-exactly-once/results/phase6/runs/CREATEORDER_V5_C2_F0_P0_C1_S7004/CREATEORDER_V5_C2_F0_P0_C1_S7004_1788326098224,0.0,0.0,0.0,0.0,0.0,0.0,0.0,0.0,0.0,0.0,0.0,137.63985516624354,124.65792143078139,0,PASS
CREATEORDER_V5_C2_F0_P0_C1_S7005,/Users/nischithacn/paper3-exactly-once/results/phase6/runs/CREATEORDER_V5_C2_F0_P0_C1_S7005/CREATEORDER_V5_C2_F0_P0_C1_S7005_1788326791150,0.0,0.0,0.0,0.0,0.0,0.0,0.0,0.0,0.0,0.0,0.0,132.61839094556618,120.27579540778372,0,PASS
CREATEORDER_V5_C2_F0_P0_C1_S7006,/Users/nischithacn/paper3-exactly-once/results/phase6/runs/CREATEORDER_V5_C2_F0_P0_C1_S7006/CREATEORDER_V5_C2_F0_P0_C1_S7006_1788329358417,0.0,0.0,0.0,0.0,0.0,0.0,0.0,0.0,0.0,0.0,0.0,130.53762140270427,118.30106074655099,0,PASS
CREATEORDER_V5_C2_F0_P0_C1_S7007,/Users/nischithacn/paper3-exactly-once/results/phase6/runs/CREATEORDER_V5_C2_F0_P0_C1_S7007/CREATEORDER_V5_C2_F0_P0_C1_S7007_1788330019753,0.0,0.0,0.0,0.0,0.0,0.0,0.0,0.0,0.0,0.0,0.0,136.84954532325992,123.88637463164382,0,PASS
CREATEORDER_V5_C2_F0_P0_C1_S7008,/Users/nischithacn/paper3-exactly-once/results/phase6/runs/CREATEORDER_V5_C2_F0_P0_C1_S7008/CREATEORDER_V5_C2_F0_P0_C1_S7008_1788330829565,0.0,0.0,0.0,0.0,0.0,0.0,0.0,0.0,0.0,0.0,0.0,135.46167319516726,123.0869080105472,0,PASS
CREATEORDER_V5_C2_F0_P0_C1_S7009,/Users/nischithacn/paper3-exactly-once/results/phase6/runs/CREATEORDER_V5_C2_F0_P0_C1_S7009/CREATEORDER_V5_C2_F0_P0_C1_S7009_1788331529782,0.0,0.0,0.0,0.0,0.0,0.0,0.0,0.0,0.0,0.0,0.0,122.79421337234764,111.24590794453528,0,PASS
CREATEORDER_V5_C2_F0_P0_C50_S7000,/Users/nischithacn/paper3-exactly-once/results/phase6/runs/CREATEORDER_V5_C2_F0_P0_C50_S7000/CREATEORDER_V5_C2_F0_P0_C50_S7000_1788143225567,0.0,0.0,0.0,0.0,0.0,0.0,0.0,0.0,0.0,0.0,0.0,1544.5071764481863,1339.0650785071368,0,PASS
CREATEORDER_V5_C2_F0_P0_C50_S7001,/Users/nischithacn/paper3-exactly-once/results/phase6/runs/CREATEORDER_V5_C2_F0_P0_C50_S7001/CREATEORDER_V5_C2_F0_P0_C50_S7001_1788321026668,0.0,0.0,0.0,0.0,0.0,0.0,0.0,0.0,0.0,0.0,0.0,1381.2775113725666,1202.9968224714762,0,PASS
CREATEORDER_V5_C2_F0_P0_C50_S7002,/Users/nischithacn/paper3-exactly-once/results/phase6/runs/CREATEORDER_V5_C2_F0_P0_C50_S7002/CREATEORDER_V5_C2_F0_P0_C50_S7002_1788322037732,0.0,0.0,0.0,0.0,0.0,0.0,0.0,0.0,0.0,0.0,0.0,1262.5548350524236,1090.8138673536962,0,PASS
CREATEORDER_V5_C2_F0_P0_C50_S7003,/Users/nischithacn/paper3-exactly-once/results/phase6/runs/CREATEORDER_V5_C2_F0_P0_C50_S7003/CREATEORDER_V5_C2_F0_P0_C50_S7003_1788325432528,0.0,0.0,0.0,0.0,0.0,0.0,0.0,0.0,0.0,0.0,0.0,1357.705916511152,1182.756035221016,0,PASS
CREATEORDER_V5_C2_F0_P0_C50_S7004,/Users/nischithacn/paper3-exactly-once/results/phase6/runs/CREATEORDER_V5_C2_F0_P0_C50_S7004/CREATEORDER_V5_C2_F0_P0_C50_S7004_1788326190477,0.0,0.0,0.0,0.0,0.0,0.0,0.0,0.0,0.0,0.0,0.0,1397.7940050247619,1217.2697451859224,0,PASS
CREATEORDER_V5_C2_F0_P0_C50_S7005,/Users/nischithacn/paper3-exactly-once/results/phase6/runs/CREATEORDER_V5_C2_F0_P0_C50_S7005/CREATEORDER_V5_C2_F0_P0_C50_S7005_1788326886807,0.0,0.0,0.0,0.0,0.0,0.0,0.0,0.0,0.0,0.0,0.0,1328.9181217011935,1157.299707227707,0,PASS
CREATEORDER_V5_C2_F0_P0_C50_S7006,/Users/nischithacn/paper3-exactly-once/results/phase6/runs/CREATEORDER_V5_C2_F0_P0_C50_S7006/CREATEORDER_V5_C2_F0_P0_C50_S7006_1788329455501,0.0,0.0,0.0,0.0,0.0,0.0,0.0,0.0,0.0,0.0,0.0,1338.8891823903186,1168.758306318322,0,PASS
CREATEORDER_V5_C2_F0_P0_C50_S7007,/Users/nischithacn/paper3-exactly-once/results/phase6/runs/CREATEORDER_V5_C2_F0_P0_C50_S7007/CREATEORDER_V5_C2_F0_P0_C50_S7007_1788330247601,0.0,0.0,0.0,0.0,0.0,0.0,0.0,0.0,0.0,0.0,0.0,1236.402839075115,1075.211571124525,0,PASS
CREATEORDER_V5_C2_F0_P0_C50_S7008,/Users/nischithacn/paper3-exactly-once/results/phase6/runs/CREATEORDER_V5_C2_F0_P0_C50_S7008/CREATEORDER_V5_C2_F0_P0_C50_S7008_1788330930225,0.0,0.0,0.0,0.0,0.0,0.0,0.0,0.0,0.0,0.0,0.0,1339.0754670134177,1167.695281349622,0,PASS
CREATEORDER_V5_C2_F0_P0_C50_S7009,/Users/nischithacn/paper3-exactly-once/results/phase6/runs/CREATEORDER_V5_C2_F0_P0_C50_S7009/CREATEORDER_V5_C2_F0_P0_C50_S7009_1788331631946,0.0,0.0,0.0,0.0,0.0,0.0,0.0,0.0,0.0,0.0,0.0,1372.1507158728175,1198.2020159301896,0,PASS
CREATEORDER_V5_C2_F11_P0_C50_FAN10_S7000,/Users/nischithacn/paper3-exactly-once/results/phase6/runs/CREATEORDER_V5_C2_F11_P0_C50_FAN10_S7000/CREATEORDER_V5_C2_F11_P0_C50_FAN10_S7000_1788650809004,0.0,0.0,0.0,0.0,0.0,0.0,0.0,0.0,0.0,0.0,0.0,78.09856607981655,71.00488271484316,0,PASS
CREATEORDER_V5_C2_F11_P0_C50_FAN10_S7001,/Users/nischithacn/paper3-exactly-once/results/phase6/runs/CREATEORDER_V5_C2_F11_P0_C50_FAN10_S7001/CREATEORDER_V5_C2_F11_P0_C50_FAN10_S7001_1788652509679,0.0,0.0,0.0,0.0,0.0,0.0,0.0,0.0,0.0,0.0,0.0,78.08712968999473,70.93280390517631,0,PASS
CREATEORDER_V5_C2_F11_P0_C50_FAN10_S7002,/Users/nischithacn/paper3-exactly-once/results/phase6/runs/CREATEORDER_V5_C2_F11_P0_C50_FAN10_S7002/CREATEORDER_V5_C2_F11_P0_C50_FAN10_S7002_1788654223344,0.0,0.0,0.0,0.0,0.0,0.0,0.0,0.0,0.0,0.0,0.0,77.78413475738455,70.65418746307317,0,PASS
CREATEORDER_V5_C2_F11_P0_C50_FAN10_S7003,/Users/nischithacn/paper3-exactly-once/results/phase6/runs/CREATEORDER_V5_C2_F11_P0_C50_FAN10_S7003/CREATEORDER_V5_C2_F11_P0_C50_FAN10_S7003_1788656019283,0.0,0.0,0.0,0.0,0.0,0.0,0.0,0.0,0.0,0.0,0.0,72.57256490848683,66.03001802391235,0,PASS
CREATEORDER_V5_C2_F11_P0_C50_FAN10_S7004,/Users/nischithacn/paper3-exactly-once/results/phase6/runs/CREATEORDER_V5_C2_F11_P0_C50_FAN10_S7004/CREATEORDER_V5_C2_F11_P0_C50_FAN10_S7004_1788657764285,0.0,0.0,0.0,0.0,0.0,0.0,0.0,0.0,0.0,0.0,0.0,77.70246917233014,70.71558608538986,0,PASS
CREATEORDER_V5_C2_F11_P0_C50_FAN10_S7005,/Users/nischithacn/paper3-exactly-once/results/phase6/runs/CREATEORDER_V5_C2_F11_P0_C50_FAN10_S7005/CREATEORDER_V5_C2_F11_P0_C50_FAN10_S7005_1788659454786,0.0,0.0,0.0,0.0,0.0,0.0,0.0,0.0,0.0,0.0,0.0,78.66812033965847,71.60801384130045,0,PASS
CREATEORDER_V5_C2_F11_P0_C50_FAN10_S7006,/Users/nischithacn/paper3-exactly-once/results/phase6/runs/CREATEORDER_V5_C2_F11_P0_C50_FAN10_S7006/CREATEORDER_V5_C2_F11_P0_C50_FAN10_S7006_1788661154313,0.0,0.0,0.0,0.0,0.0,0.0,0.0,0.0,0.0,0.0,0.0,77.53777557867943,70.53477753131578,0,PASS
CREATEORDER_V5_C2_F11_P0_C50_FAN10_S7007,/Users/nischithacn/paper3-exactly-once/results/phase6/runs/CREATEORDER_V5_C2_F11_P0_C50_FAN10_S7007/CREATEORDER_V5_C2_F11_P0_C50_FAN10_S7007_1788662852116,0.0,0.0,0.0,0.0,0.0,0.0,0.0,0.0,0.0,0.0,0.0,78.66930060554503,71.52417735039182,0,PASS
CREATEORDER_V5_C2_F11_P0_C50_FAN10_S7008,/Users/nischithacn/paper3-exactly-once/results/phase6/runs/CREATEORDER_V5_C2_F11_P0_C50_FAN10_S7008/CREATEORDER_V5_C2_F11_P0_C50_FAN10_S7008_1788664575432,0.0,0.0,0.0,0.0,0.0,0.0,0.0,0.0,0.0,0.0,0.0,74.26418324013821,67.45937774588742,0,PASS
CREATEORDER_V5_C2_F11_P0_C50_FAN10_S7009,/Users/nischithacn/paper3-exactly-once/results/phase6/runs/CREATEORDER_V5_C2_F11_P0_C50_FAN10_S7009/CREATEORDER_V5_C2_F11_P0_C50_FAN10_S7009_1788666203284,0.0,0.0,0.0,0.0,0.0,0.0,0.0,0.0,0.0,0.0,0.0,86.11555912297155,78.53283010781553,0,PASS
CREATEORDER_V5_C2_F11_P0_C50_FAN2_S7000,/Users/nischithacn/paper3-exactly-once/results/phase6/runs/CREATEORDER_V5_C2_F11_P0_C50_FAN2_S7000/CREATEORDER_V5_C2_F11_P0_C50_FAN2_S7000_1788650689546,0.0,0.0,0.0,0.0,0.0,0.0,0.0,0.0,0.0,0.0,0.0,291.901454057307,267.97859066307075,0,PASS
CREATEORDER_V5_C2_F11_P0_C50_FAN2_S7001,/Users/nischithacn/paper3-exactly-once/results/phase6/runs/CREATEORDER_V5_C2_F11_P0_C50_FAN2_S7001/CREATEORDER_V5_C2_F11_P0_C50_FAN2_S7001_1788652390486,0.0,0.0,0.0,0.0,0.0,0.0,0.0,0.0,0.0,0.0,0.0,293.18338344164346,268.8163442437428,0,PASS
CREATEORDER_V5_C2_F11_P0_C50_FAN2_S7002,/Users/nischithacn/paper3-exactly-once/results/phase6/runs/CREATEORDER_V5_C2_F11_P0_C50_FAN2_S7002/CREATEORDER_V5_C2_F11_P0_C50_FAN2_S7002_1788654104280,0.0,0.0,0.0,0.0,0.0,0.0,0.0,0.0,0.0,0.0,0.0,294.2918927246136,269.9964345544536,0,PASS
CREATEORDER_V5_C2_F11_P0_C50_FAN2_S7003,/Users/nischithacn/paper3-exactly-once/results/phase6/runs/CREATEORDER_V5_C2_F11_P0_C50_FAN2_S7003/CREATEORDER_V5_C2_F11_P0_C50_FAN2_S7003_1788655890981,0.0,0.0,0.0,0.0,0.0,0.0,0.0,0.0,0.0,0.0,0.0,271.0409794403435,248.63586076644563,0,PASS
CREATEORDER_V5_C2_F11_P0_C50_FAN2_S7004,/Users/nischithacn/paper3-exactly-once/results/phase6/runs/CREATEORDER_V5_C2_F11_P0_C50_FAN2_S7004/CREATEORDER_V5_C2_F11_P0_C50_FAN2_S7004_1788657645261,0.0,0.0,0.0,0.0,0.0,0.0,0.0,0.0,0.0,0.0,0.0,294.51805196341707,270.74610287651404,0,PASS
CREATEORDER_V5_C2_F11_P0_C50_FAN2_S7005,/Users/nischithacn/paper3-exactly-once/results/phase6/runs/CREATEORDER_V5_C2_F11_P0_C50_FAN2_S7005/CREATEORDER_V5_C2_F11_P0_C50_FAN2_S7005_1788659336431,0.0,0.0,0.0,0.0,0.0,0.0,0.0,0.0,0.0,0.0,0.0,293.7680106783726,269.91545643070083,0,PASS
CREATEORDER_V5_C2_F11_P0_C50_FAN2_S7006,/Users/nischithacn/paper3-exactly-once/results/phase6/runs/CREATEORDER_V5_C2_F11_P0_C50_FAN2_S7006/CREATEORDER_V5_C2_F11_P0_C50_FAN2_S7006_1788661034474,0.0,0.0,0.0,0.0,0.0,0.0,0.0,0.0,0.0,0.0,0.0,290.18346720310046,264.998750381998,0,PASS
CREATEORDER_V5_C2_F11_P0_C50_FAN2_S7007,/Users/nischithacn/paper3-exactly-once/results/phase6/runs/CREATEORDER_V5_C2_F11_P0_C50_FAN2_S7007/CREATEORDER_V5_C2_F11_P0_C50_FAN2_S7007_1788662733929,0.0,0.0,0.0,0.0,0.0,0.0,0.0,0.0,0.0,0.0,0.0,295.83179374178144,272.01886628652767,0,PASS
CREATEORDER_V5_C2_F11_P0_C50_FAN2_S7008,/Users/nischithacn/paper3-exactly-once/results/phase6/runs/CREATEORDER_V5_C2_F11_P0_C50_FAN2_S7008/CREATEORDER_V5_C2_F11_P0_C50_FAN2_S7008_1788664446523,0.0,0.0,0.0,0.0,0.0,0.0,0.0,0.0,0.0,0.0,0.0,278.12124322749423,256.52923245766,0,PASS
CREATEORDER_V5_C2_F11_P0_C50_FAN2_S7009,/Users/nischithacn/paper3-exactly-once/results/phase6/runs/CREATEORDER_V5_C2_F11_P0_C50_FAN2_S7009/CREATEORDER_V5_C2_F11_P0_C50_FAN2_S7009_1788666096867,0.0,0.0,0.0,0.0,0.0,0.0,0.0,0.0,0.0,0.0,0.0,325.26251179223794,296.3381539902089,0,PASS
CREATEORDER_V5_C2_F11_P0_C50_FAN5_S7000,/Users/nischithacn/paper3-exactly-once/results/phase6/runs/CREATEORDER_V5_C2_F11_P0_C50_FAN5_S7000/CREATEORDER_V5_C2_F11_P0_C50_FAN5_S7000_1788650727727,0.0,0.0,0.0,0.0,0.0,0.0,0.0,0.0,0.0,0.0,0.0,137.3187420034573,124.94885854025424,0,PASS
CREATEORDER_V5_C2_F11_P0_C50_FAN5_S7001,/Users/nischithacn/paper3-exactly-once/results/phase6/runs/CREATEORDER_V5_C2_F11_P0_C50_FAN5_S7001/CREATEORDER_V5_C2_F11_P0_C50_FAN5_S7001_1788652428555,0.0,0.0,0.0,0.0,0.0,0.0,0.0,0.0,0.0,0.0,0.0,137.68173344508315,125.19153715328505,0,PASS
CREATEORDER_V5_C2_F11_P0_C50_FAN5_S7002,/Users/nischithacn/paper3-exactly-once/results/phase6/runs/CREATEORDER_V5_C2_F11_P0_C50_FAN5_S7002/CREATEORDER_V5_C2_F11_P0_C50_FAN5_S7002_1788654142221,0.0,0.0,0.0,0.0,0.0,0.0,0.0,0.0,0.0,0.0,0.0,137.5992685524722,125.18876718733759,0,PASS
CREATEORDER_V5_C2_F11_P0_C50_FAN5_S7003,/Users/nischithacn/paper3-exactly-once/results/phase6/runs/CREATEORDER_V5_C2_F11_P0_C50_FAN5_S7003/CREATEORDER_V5_C2_F11_P0_C50_FAN5_S7003_1788655932089,0.0,0.0,0.0,0.0,0.0,0.0,0.0,0.0,0.0,0.0,0.0,127.90603816649963,116.38449947856364,0,PASS
CREATEORDER_V5_C2_F11_P0_C50_FAN5_S7004,/Users/nischithacn/paper3-exactly-once/results/phase6/runs/CREATEORDER_V5_C2_F11_P0_C50_FAN5_S7004/CREATEORDER_V5_C2_F11_P0_C50_FAN5_S7004_1788657683092,0.0,0.0,0.0,0.0,0.0,0.0,0.0,0.0,0.0,0.0,0.0,137.4633597717327,125.08485896002973,0,PASS
CREATEORDER_V5_C2_F11_P0_C50_FAN5_S7005,/Users/nischithacn/paper3-exactly-once/results/phase6/runs/CREATEORDER_V5_C2_F11_P0_C50_FAN5_S7005/CREATEORDER_V5_C2_F11_P0_C50_FAN5_S7005_1788659374363,0.0,0.0,0.0,0.0,0.0,0.0,0.0,0.0,0.0,0.0,0.0,138.87103048805062,126.37245064281932,0,PASS
CREATEORDER_V5_C2_F11_P0_C50_FAN5_S7006,/Users/nischithacn/paper3-exactly-once/results/phase6/runs/CREATEORDER_V5_C2_F11_P0_C50_FAN5_S7006/CREATEORDER_V5_C2_F11_P0_C50_FAN5_S7006_1788661073081,0.0,0.0,0.0,0.0,0.0,0.0,0.0,0.0,0.0,0.0,0.0,137.5483330191278,125.00785340532596,0,PASS
CREATEORDER_V5_C2_F11_P0_C50_FAN5_S7007,/Users/nischithacn/paper3-exactly-once/results/phase6/runs/CREATEORDER_V5_C2_F11_P0_C50_FAN5_S7007/CREATEORDER_V5_C2_F11_P0_C50_FAN5_S7007_1788662771585,0.0,0.0,0.0,0.0,0.0,0.0,0.0,0.0,0.0,0.0,0.0,138.45302874483892,126.195572002194,0,PASS
CREATEORDER_V5_C2_F11_P0_C50_FAN5_S7008,/Users/nischithacn/paper3-exactly-once/results/phase6/runs/CREATEORDER_V5_C2_F11_P0_C50_FAN5_S7008/CREATEORDER_V5_C2_F11_P0_C50_FAN5_S7008_1788664486416,0.0,0.0,0.0,0.0,0.0,0.0,0.0,0.0,0.0,0.0,0.0,126.91840175209985,114.02213912397099,0,PASS
CREATEORDER_V5_C2_F11_P0_C50_FAN5_S7009,/Users/nischithacn/paper3-exactly-once/results/phase6/runs/CREATEORDER_V5_C2_F11_P0_C50_FAN5_S7009/CREATEORDER_V5_C2_F11_P0_C50_FAN5_S7009_1788666131485,0.0,0.0,0.0,0.0,0.0,0.0,0.0,0.0,0.0,0.0,0.0,155.13115051539754,141.71877199360102,0,PASS
CREATEORDER_V5_C2_F1_P10_C50_S7000,/Users/nischithacn/paper3-exactly-once/results/phase6/runs/CREATEORDER_V5_C2_F1_P10_C50_S7000/CREATEORDER_V5_C2_F1_P10_C50_S7000_1788677014992,0.0,0.0,0.0,0.0,0.0,0.0,0.0,0.0,0.0,0.0,0.0,1028.226775183062,892.1641840888414,0,PASS
CREATEORDER_V5_C2_F1_P10_C50_S7001,/Users/nischithacn/paper3-exactly-once/results/phase6/runs/CREATEORDER_V5_C2_F1_P10_C50_S7001/CREATEORDER_V5_C2_F1_P10_C50_S7001_1788677249504,0.0,0.0,0.0,0.0,0.0,0.0,0.0,0.0,0.0,0.0,0.0,1012.3569313751158,886.0871167116509,0,PASS
CREATEORDER_V5_C2_F1_P10_C50_S7002,/Users/nischithacn/paper3-exactly-once/results/phase6/runs/CREATEORDER_V5_C2_F1_P10_C50_S7002/CREATEORDER_V5_C2_F1_P10_C50_S7002_1788677491661,0.0,0.0,0.0,0.0,0.0,0.0,0.0,0.0,0.0,0.0,0.0,1042.4714435970125,898.8711455308136,0,PASS
CREATEORDER_V5_C2_F1_P10_C50_S7003,/Users/nischithacn/paper3-exactly-once/results/phase6/runs/CREATEORDER_V5_C2_F1_P10_C50_S7003/CREATEORDER_V5_C2_F1_P10_C50_S7003_1788677710338,0.0,0.0,0.0,0.0,0.0,0.0,0.0,0.0,0.0,0.0,0.0,955.1242550730182,837.2202668870349,0,PASS
CREATEORDER_V5_C2_F1_P10_C50_S7004,/Users/nischithacn/paper3-exactly-once/results/phase6/runs/CREATEORDER_V5_C2_F1_P10_C50_S7004/CREATEORDER_V5_C2_F1_P10_C50_S7004_1788677957296,0.0,0.0,0.0,0.0,0.0,0.0,0.0,0.0,0.0,0.0,0.0,995.0670410447741,876.1485979024676,0,PASS
CREATEORDER_V5_C2_F1_P10_C50_S7005,/Users/nischithacn/paper3-exactly-once/results/phase6/runs/CREATEORDER_V5_C2_F1_P10_C50_S7005/CREATEORDER_V5_C2_F1_P10_C50_S7005_1788678208625,0.0,0.0,0.0,0.0,0.0,0.0,0.0,0.0,0.0,0.0,0.0,994.1816382793153,868.4313566467546,0,PASS
CREATEORDER_V5_C2_F1_P10_C50_S7006,/Users/nischithacn/paper3-exactly-once/results/phase6/runs/CREATEORDER_V5_C2_F1_P10_C50_S7006/CREATEORDER_V5_C2_F1_P10_C50_S7006_1788678451837,0.0,0.0,0.0,0.0,0.0,0.0,0.0,0.0,0.0,0.0,0.0,973.0293900158042,850.4268604299049,0,PASS
CREATEORDER_V5_C2_F1_P10_C50_S7007,/Users/nischithacn/paper3-exactly-once/results/phase6/runs/CREATEORDER_V5_C2_F1_P10_C50_S7007/CREATEORDER_V5_C2_F1_P10_C50_S7007_1788678705570,0.0,0.0,0.0,0.0,0.0,0.0,0.0,0.0,0.0,0.0,0.0,978.6820511614345,857.0934927430757,0,PASS
CREATEORDER_V5_C2_F1_P10_C50_S7008,/Users/nischithacn/paper3-exactly-once/results/phase6/runs/CREATEORDER_V5_C2_F1_P10_C50_S7008/CREATEORDER_V5_C2_F1_P10_C50_S7008_1788678933714,0.0,0.0,0.0,0.0,0.0,0.0,0.0,0.0,0.0,0.0,0.0,935.0363166394707,821.674588571472,0,PASS
CREATEORDER_V5_C2_F1_P10_C50_S7009,/Users/nischithacn/paper3-exactly-once/results/phase6/runs/CREATEORDER_V5_C2_F1_P10_C50_S7009/CREATEORDER_V5_C2_F1_P10_C50_S7009_1788679188874,0.0,0.0,0.0,0.0,0.0,0.0,0.0,0.0,0.0,0.0,0.0,960.0316123690718,841.2178587916197,0,PASS
CREATEORDER_V5_C2_F2_P10_C50_S7000,/Users/nischithacn/paper3-exactly-once/results/phase6/runs/CREATEORDER_V5_C2_F2_P10_C50_S7000/CREATEORDER_V5_C2_F2_P10_C50_S7000_1788677099854,0.0,0.0,0.0,0.0,0.0,0.0,0.0,0.0,0.0,0.0,0.0,950.4757574979544,826.2923480334614,0,PASS
CREATEORDER_V5_C2_F2_P10_C50_S7001,/Users/nischithacn/paper3-exactly-once/results/phase6/runs/CREATEORDER_V5_C2_F2_P10_C50_S7001/CREATEORDER_V5_C2_F2_P10_C50_S7001_1788677315673,0.0,0.0,0.0,0.0,0.0,0.0,0.0,0.0,0.0,0.0,0.0,911.6637113282851,800.9859089596347,0,PASS
CREATEORDER_V5_C2_F2_P10_C50_S7002,/Users/nischithacn/paper3-exactly-once/results/phase6/runs/CREATEORDER_V5_C2_F2_P10_C50_S7002/CREATEORDER_V5_C2_F2_P10_C50_S7002_1788677558909,0.0,0.0,0.0,0.0,0.0,0.0,0.0,0.0,0.0,0.0,0.0,943.7199382634993,824.9710754909672,0,PASS
CREATEORDER_V5_C2_F2_P10_C50_S7003,/Users/nischithacn/paper3-exactly-once/results/phase6/runs/CREATEORDER_V5_C2_F2_P10_C50_S7003/CREATEORDER_V5_C2_F2_P10_C50_S7003_1788677804933,0.0,0.0,0.0,0.0,0.0,0.0,0.0,0.0,0.0,0.0,0.0,909.0793232778617,796.7065921210517,0,PASS
CREATEORDER_V5_C2_F2_P10_C50_S7004,/Users/nischithacn/paper3-exactly-once/results/phase6/runs/CREATEORDER_V5_C2_F2_P10_C50_S7004/CREATEORDER_V5_C2_F2_P10_C50_S7004_1788678044795,0.0,0.0,0.0,0.0,0.0,0.0,0.0,0.0,0.0,0.0,0.0,856.9967363336398,751.0724345398012,0,PASS
CREATEORDER_V5_C2_F2_P10_C50_S7005,/Users/nischithacn/paper3-exactly-once/results/phase6/runs/CREATEORDER_V5_C2_F2_P10_C50_S7005/CREATEORDER_V5_C2_F2_P10_C50_S7005_1788678296741,0.0,0.0,0.0,0.0,0.0,0.0,0.0,0.0,0.0,0.0,0.0,957.0159403022318,830.7097430872689,0,PASS
CREATEORDER_V5_C2_F2_P10_C50_S7006,/Users/nischithacn/paper3-exactly-once/results/phase6/runs/CREATEORDER_V5_C2_F2_P10_C50_S7006/CREATEORDER_V5_C2_F2_P10_C50_S7006_1788678521338,0.0,0.0,0.0,0.0,0.0,0.0,0.0,0.0,0.0,0.0,0.0,822.4630417996838,730.6583756481444,0,PASS
CREATEORDER_V5_C2_F2_P10_C50_S7007,/Users/nischithacn/paper3-exactly-once/results/phase6/runs/CREATEORDER_V5_C2_F2_P10_C50_S7007/CREATEORDER_V5_C2_F2_P10_C50_S7007_1788678776179,0.0,0.0,0.0,0.0,0.0,0.0,0.0,0.0,0.0,0.0,0.0,879.298986611138,774.2943600251751,0,PASS
CREATEORDER_V5_C2_F2_P10_C50_S7008,/Users/nischithacn/paper3-exactly-once/results/phase6/runs/CREATEORDER_V5_C2_F2_P10_C50_S7008/CREATEORDER_V5_C2_F2_P10_C50_S7008_1788679030738,0.0,0.0,0.0,0.0,0.0,0.0,0.0,0.0,0.0,0.0,0.0,845.5517524836131,746.4582686302898,0,PASS
CREATEORDER_V5_C2_F2_P10_C50_S7009,/Users/nischithacn/paper3-exactly-once/results/phase6/runs/CREATEORDER_V5_C2_F2_P10_C50_S7009/CREATEORDER_V5_C2_F2_P10_C50_S7009_1788679278987,0.0,0.0,0.0,0.0,0.0,0.0,0.0,0.0,0.0,0.0,0.0,829.9372154668347,735.8590733760079,0,PASS
CREATEORDER_V5_C2_F3_P10_C10_S7000,/Users/nischithacn/paper3-exactly-once/results/phase6/runs/CREATEORDER_V5_C2_F3_P10_C10_S7000/CREATEORDER_V5_C2_F3_P10_C10_S7000_1788144409985,0.0,0.0,0.0,0.0,0.0,0.0,0.0,0.0,0.0,0.0,0.0,995.9806284647682,882.9696178997515,0,PASS
CREATEORDER_V5_C2_F3_P10_C10_S7001,/Users/nischithacn/paper3-exactly-once/results/phase6/runs/CREATEORDER_V5_C2_F3_P10_C10_S7001/CREATEORDER_V5_C2_F3_P10_C10_S7001_1788333259532,0.0,0.0,0.0,0.0,0.0,0.0,0.0,0.0,0.0,0.0,0.0,870.9614607552425,769.1675159171659,0,PASS
CREATEORDER_V5_C2_F3_P10_C10_S7002,/Users/nischithacn/paper3-exactly-once/results/phase6/runs/CREATEORDER_V5_C2_F3_P10_C10_S7002/CREATEORDER_V5_C2_F3_P10_C10_S7002_1788334645593,0.0,0.0,0.0,0.0,0.0,0.0,0.0,0.0,0.0,0.0,0.0,876.5648338231695,779.0639925521383,0,PASS
CREATEORDER_V5_C2_F3_P10_C10_S7003,/Users/nischithacn/paper3-exactly-once/results/phase6/runs/CREATEORDER_V5_C2_F3_P10_C10_S7003/CREATEORDER_V5_C2_F3_P10_C10_S7003_1788336810153,0.0,0.0,0.0,0.0,0.0,0.0,0.0,0.0,0.0,0.0,0.0,789.4032348355977,637.3037411227053,0,PASS
CREATEORDER_V5_C2_F3_P10_C10_S7004,/Users/nischithacn/paper3-exactly-once/results/phase6/runs/CREATEORDER_V5_C2_F3_P10_C10_S7004/CREATEORDER_V5_C2_F3_P10_C10_S7004_1788365235436,0.0,0.0,0.0,0.0,0.0,0.0,0.0,0.0,0.0,0.0,0.0,909.3785407552988,810.4620164332935,0,PASS
CREATEORDER_V5_C2_F3_P10_C10_S7005,/Users/nischithacn/paper3-exactly-once/results/phase6/runs/CREATEORDER_V5_C2_F3_P10_C10_S7005/CREATEORDER_V5_C2_F3_P10_C10_S7005_1788366714113,0.0,0.0,0.0,0.0,0.0,0.0,0.0,0.0,0.0,0.0,0.0,904.74289271241,803.4828860875451,0,PASS
CREATEORDER_V5_C2_F3_P10_C10_S7006,/Users/nischithacn/paper3-exactly-once/results/phase6/runs/CREATEORDER_V5_C2_F3_P10_C10_S7006/CREATEORDER_V5_C2_F3_P10_C10_S7006_1788368198055,0.0,0.0,0.0,0.0,0.0,0.0,0.0,0.0,0.0,0.0,0.0,889.8766260844585,789.8466750185236,0,PASS
CREATEORDER_V5_C2_F3_P10_C10_S7007,/Users/nischithacn/paper3-exactly-once/results/phase6/runs/CREATEORDER_V5_C2_F3_P10_C10_S7007/CREATEORDER_V5_C2_F3_P10_C10_S7007_1788369519448,0.0,0.0,0.0,0.0,0.0,0.0,0.0,0.0,0.0,0.0,0.0,969.5101674921237,854.8413407995208,0,PASS
CREATEORDER_V5_C2_F3_P10_C10_S7008,/Users/nischithacn/paper3-exactly-once/results/phase6/runs/CREATEORDER_V5_C2_F3_P10_C10_S7008/CREATEORDER_V5_C2_F3_P10_C10_S7008_1788373666465,0.0,0.0,0.0,0.0,0.0,0.0,0.0,0.0,0.0,0.0,0.0,791.2669476661825,639.6410998150269,0,PASS
CREATEORDER_V5_C2_F3_P10_C10_S7009,/Users/nischithacn/paper3-exactly-once/results/phase6/runs/CREATEORDER_V5_C2_F3_P10_C10_S7009/CREATEORDER_V5_C2_F3_P10_C10_S7009_1788375342595,0.0,0.0,0.0,0.0,0.0,0.0,0.0,0.0,0.0,0.0,0.0,885.5611506596024,790.5492148977155,0,PASS
CREATEORDER_V5_C2_F3_P10_C50_CAP_S7000,/Users/nischithacn/paper3-exactly-once/results/phase6/runs/CREATEORDER_V5_C2_F3_P10_C50_CAP_S7000/CREATEORDER_V5_C2_F3_P10_C50_CAP_S7000_1788671356627,0.0,0.0,0.0,0.0,0.0,0.0,0.0,0.0,0.0,0.0,0.0,930.3292456969624,736.8067829654889,0,PASS
CREATEORDER_V5_C2_F3_P10_C50_CAP_S7001,/Users/nischithacn/paper3-exactly-once/results/phase6/runs/CREATEORDER_V5_C2_F3_P10_C50_CAP_S7001/CREATEORDER_V5_C2_F3_P10_C50_CAP_S7001_1788671712786,0.0,0.0,0.0,0.0,0.0,0.0,0.0,0.0,0.0,0.0,0.0,1248.358262973175,1081.1572689358807,0,PASS
CREATEORDER_V5_C2_F3_P10_C50_CAP_S7002,/Users/nischithacn/paper3-exactly-once/results/phase6/runs/CREATEORDER_V5_C2_F3_P10_C50_CAP_S7002/CREATEORDER_V5_C2_F3_P10_C50_CAP_S7002_1788672072732,0.0,0.0,0.0,0.0,0.0,0.0,0.0,0.0,0.0,0.0,0.0,1067.4143964016948,934.1828985514154,0,PASS
CREATEORDER_V5_C2_F3_P10_C50_CAP_S7003,/Users/nischithacn/paper3-exactly-once/results/phase6/runs/CREATEORDER_V5_C2_F3_P10_C50_CAP_S7003/CREATEORDER_V5_C2_F3_P10_C50_CAP_S7003_1788672444777,0.0,0.0,0.0,0.0,0.0,0.0,0.0,0.0,0.0,0.0,0.0,1035.3717232236768,913.6045217750045,0,PASS
CREATEORDER_V5_C2_F3_P10_C50_CAP_S7004,/Users/nischithacn/paper3-exactly-once/results/phase6/runs/CREATEORDER_V5_C2_F3_P10_C50_CAP_S7004/CREATEORDER_V5_C2_F3_P10_C50_CAP_S7004_1788672816868,0.0,0.0,0.0,0.0,0.0,0.0,0.0,0.0,0.0,0.0,0.0,961.5770297594086,848.9847220747132,0,PASS
CREATEORDER_V5_C2_F3_P10_C50_CAP_S7005,/Users/nischithacn/paper3-exactly-once/results/phase6/runs/CREATEORDER_V5_C2_F3_P10_C50_CAP_S7005/CREATEORDER_V5_C2_F3_P10_C50_CAP_S7005_1788673228008,0.0,0.0,0.0,0.0,0.0,0.0,0.0,0.0,0.0,0.0,0.0,752.0401690156805,612.5684562086192,0,PASS
CREATEORDER_V5_C2_F3_P10_C50_CAP_S7006,/Users/nischithacn/paper3-exactly-once/results/phase6/runs/CREATEORDER_V5_C2_F3_P10_C50_CAP_S7006/CREATEORDER_V5_C2_F3_P10_C50_CAP_S7006_1788673632276,0.0,0.0,0.0,0.0,0.0,0.0,0.0,0.0,0.0,0.0,0.0,976.9635690043248,854.5001523177716,0,PASS
CREATEORDER_V5_C2_F3_P10_C50_CAP_S7007,/Users/nischithacn/paper3-exactly-once/results/phase6/runs/CREATEORDER_V5_C2_F3_P10_C50_CAP_S7007/CREATEORDER_V5_C2_F3_P10_C50_CAP_S7007_1788674025154,0.0,0.0,0.0,0.0,0.0,0.0,0.0,0.0,0.0,0.0,0.0,895.418666482216,791.463576340517,0,PASS
CREATEORDER_V5_C2_F3_P10_C50_CAP_S7008,/Users/nischithacn/paper3-exactly-once/results/phase6/runs/CREATEORDER_V5_C2_F3_P10_C50_CAP_S7008/CREATEORDER_V5_C2_F3_P10_C50_CAP_S7008_1788674409829,0.0,0.0,0.0,0.0,0.0,0.0,0.0,0.0,0.0,0.0,0.0,1025.825899977142,904.9668940758006,0,PASS
CREATEORDER_V5_C2_F3_P10_C50_CAP_S7009,/Users/nischithacn/paper3-exactly-once/results/phase6/runs/CREATEORDER_V5_C2_F3_P10_C50_CAP_S7009/CREATEORDER_V5_C2_F3_P10_C50_CAP_S7009_1788674783198,0.0,0.0,0.0,0.0,0.0,0.0,0.0,0.0,0.0,0.0,0.0,991.8095334032799,871.4108717144098,0,PASS
CREATEORDER_V5_C2_F3_P10_C50_S7000,/Users/nischithacn/paper3-exactly-once/results/phase6/runs/CREATEORDER_V5_C2_F3_P10_C50_S7000/CREATEORDER_V5_C2_F3_P10_C50_S7000_1788144421930,0.0,0.0,0.0,0.0,0.0,0.0,0.0,0.0,0.0,0.0,0.0,1298.3857813968423,1136.486959933474,0,PASS
CREATEORDER_V5_C2_F3_P10_C50_S7001,/Users/nischithacn/paper3-exactly-once/results/phase6/runs/CREATEORDER_V5_C2_F3_P10_C50_S7001/CREATEORDER_V5_C2_F3_P10_C50_S7001_1788333279622,0.0,0.0,0.0,0.0,0.0,0.0,0.0,0.0,0.0,0.0,0.0,1107.2812563251894,978.4875484586264,0,PASS
CREATEORDER_V5_C2_F3_P10_C50_S7002,/Users/nischithacn/paper3-exactly-once/results/phase6/runs/CREATEORDER_V5_C2_F3_P10_C50_S7002/CREATEORDER_V5_C2_F3_P10_C50_S7002_1788334659027,0.0,0.0,0.0,0.0,0.0,0.0,0.0,0.0,0.0,0.0,0.0,992.4953481039886,882.8086569679674,0,PASS
CREATEORDER_V5_C2_F3_P10_C50_S7003,/Users/nischithacn/paper3-exactly-once/results/phase6/runs/CREATEORDER_V5_C2_F3_P10_C50_S7003/CREATEORDER_V5_C2_F3_P10_C50_S7003_1788336826415,0.0,0.0,0.0,0.0,0.0,0.0,0.0,0.0,0.0,0.0,0.0,1142.4295274348021,986.984932510325,0,PASS
CREATEORDER_V5_C2_F3_P10_C50_S7004,/Users/nischithacn/paper3-exactly-once/results/phase6/runs/CREATEORDER_V5_C2_F3_P10_C50_S7004/CREATEORDER_V5_C2_F3_P10_C50_S7004_1788365248354,0.0,0.0,0.0,0.0,0.0,0.0,0.0,0.0,0.0,0.0,0.0,1190.5034119046481,1043.3824854251102,0,PASS
CREATEORDER_V5_C2_F3_P10_C50_S7005,/Users/nischithacn/paper3-exactly-once/results/phase6/runs/CREATEORDER_V5_C2_F3_P10_C50_S7005/CREATEORDER_V5_C2_F3_P10_C50_S7005_1788366727137,0.0,0.0,0.0,0.0,0.0,0.0,0.0,0.0,0.0,0.0,0.0,1165.045221255329,1024.5283224420562,0,PASS
CREATEORDER_V5_C2_F3_P10_C50_S7006,/Users/nischithacn/paper3-exactly-once/results/phase6/runs/CREATEORDER_V5_C2_F3_P10_C50_S7006/CREATEORDER_V5_C2_F3_P10_C50_S7006_1788368217835,0.0,0.0,0.0,0.0,0.0,0.0,0.0,0.0,0.0,0.0,0.0,1238.0420564932488,1081.0927565771826,0,PASS
CREATEORDER_V5_C2_F3_P10_C50_S7007,/Users/nischithacn/paper3-exactly-once/results/phase6/runs/CREATEORDER_V5_C2_F3_P10_C50_S7007/CREATEORDER_V5_C2_F3_P10_C50_S7007_1788369531721,0.0,0.0,0.0,0.0,0.0,0.0,0.0,0.0,0.0,0.0,0.0,1195.5581592041956,1048.896726396514,0,PASS
CREATEORDER_V5_C2_F3_P10_C50_S7008,/Users/nischithacn/paper3-exactly-once/results/phase6/runs/CREATEORDER_V5_C2_F3_P10_C50_S7008/CREATEORDER_V5_C2_F3_P10_C50_S7008_1788373682673,0.0,0.0,0.0,0.0,0.0,0.0,0.0,0.0,0.0,0.0,0.0,1134.039912824229,991.5993461119806,0,PASS
CREATEORDER_V5_C2_F3_P10_C50_S7009,/Users/nischithacn/paper3-exactly-once/results/phase6/runs/CREATEORDER_V5_C2_F3_P10_C50_S7009/CREATEORDER_V5_C2_F3_P10_C50_S7009_1788375355827,0.0,0.0,0.0,0.0,0.0,0.0,0.0,0.0,0.0,0.0,0.0,1197.3591266637632,1038.7695737467618,0,PASS
CREATEORDER_V5_C2_F3_P1_C10_S7000,/Users/nischithacn/paper3-exactly-once/results/phase6/runs/CREATEORDER_V5_C2_F3_P1_C10_S7000/CREATEORDER_V5_C2_F3_P1_C10_S7000_1788144371425,0.0,0.0,0.0,0.0,0.0,0.0,0.0,0.0,0.0,0.0,0.0,1140.1045014608806,1004.3934358331068,0,PASS
CREATEORDER_V5_C2_F3_P1_C10_S7001,/Users/nischithacn/paper3-exactly-once/results/phase6/runs/CREATEORDER_V5_C2_F3_P1_C10_S7001/CREATEORDER_V5_C2_F3_P1_C10_S7001_1788333211400,0.0,0.0,0.0,0.0,0.0,0.0,0.0,0.0,0.0,0.0,0.0,821.4020473362368,656.255984244489,0,PASS
CREATEORDER_V5_C2_F3_P1_C10_S7002,/Users/nischithacn/paper3-exactly-once/results/phase6/runs/CREATEORDER_V5_C2_F3_P1_C10_S7002/CREATEORDER_V5_C2_F3_P1_C10_S7002_1788334574006,0.0,0.0,0.0,0.0,0.0,0.0,0.0,0.0,0.0,0.0,0.0,959.2328157343031,824.6496942833838,0,PASS
CREATEORDER_V5_C2_F3_P1_C10_S7003,/Users/nischithacn/paper3-exactly-once/results/phase6/runs/CREATEORDER_V5_C2_F3_P1_C10_S7003/CREATEORDER_V5_C2_F3_P1_C10_S7003_1788336746233,0.0,0.0,0.0,0.0,0.0,0.0,0.0,0.0,0.0,0.0,0.0,1003.0325785713485,877.785403721151,0,PASS
CREATEORDER_V5_C2_F3_P1_C10_S7004,/Users/nischithacn/paper3-exactly-once/results/phase6/runs/CREATEORDER_V5_C2_F3_P1_C10_S7004/CREATEORDER_V5_C2_F3_P1_C10_S7004_1788365184836,0.0,0.0,0.0,0.0,0.0,0.0,0.0,0.0,0.0,0.0,0.0,996.8651410284873,873.618043299904,0,PASS
CREATEORDER_V5_C2_F3_P1_C10_S7005,/Users/nischithacn/paper3-exactly-once/results/phase6/runs/CREATEORDER_V5_C2_F3_P1_C10_S7005/CREATEORDER_V5_C2_F3_P1_C10_S7005_1788366663001,0.0,0.0,0.0,0.0,0.0,0.0,0.0,0.0,0.0,0.0,0.0,979.0964976260265,857.0914785861181,0,PASS
CREATEORDER_V5_C2_F3_P1_C10_S7006,/Users/nischithacn/paper3-exactly-once/results/phase6/runs/CREATEORDER_V5_C2_F3_P1_C10_S7006/CREATEORDER_V5_C2_F3_P1_C10_S7006_1788368150761,0.0,0.0,0.0,0.0,0.0,0.0,0.0,0.0,0.0,0.0,0.0,825.8560448615649,659.248930039834,0,PASS
CREATEORDER_V5_C2_F3_P1_C10_S7007,/Users/nischithacn/paper3-exactly-once/results/phase6/runs/CREATEORDER_V5_C2_F3_P1_C10_S7007/CREATEORDER_V5_C2_F3_P1_C10_S7007_1788369451455,0.0,0.0,0.0,0.0,0.0,0.0,0.0,0.0,0.0,0.0,0.0,1005.4493128944825,878.4573530337307,0,PASS
CREATEORDER_V5_C2_F3_P1_C10_S7008,/Users/nischithacn/paper3-exactly-once/results/phase6/runs/CREATEORDER_V5_C2_F3_P1_C10_S7008/CREATEORDER_V5_C2_F3_P1_C10_S7008_1788373602681,0.0,0.0,0.0,0.0,0.0,0.0,0.0,0.0,0.0,0.0,0.0,1024.019500371345,894.0483672820432,0,PASS
CREATEORDER_V5_C2_F3_P1_C10_S7009,/Users/nischithacn/paper3-exactly-once/results/phase6/runs/CREATEORDER_V5_C2_F3_P1_C10_S7009/CREATEORDER_V5_C2_F3_P1_C10_S7009_1788375293339,0.0,0.0,0.0,0.0,0.0,0.0,0.0,0.0,0.0,0.0,0.0,1015.460709264117,885.4926119294275,0,PASS
CREATEORDER_V5_C2_F3_P1_C50_S7000,/Users/nischithacn/paper3-exactly-once/results/phase6/runs/CREATEORDER_V5_C2_F3_P1_C50_S7000/CREATEORDER_V5_C2_F3_P1_C50_S7000_1788144381931,0.0,0.0,0.0,0.0,0.0,0.0,0.0,0.0,0.0,0.0,0.0,1457.1698504018184,1277.3234211611752,0,PASS
CREATEORDER_V5_C2_F3_P1_C50_S7001,/Users/nischithacn/paper3-exactly-once/results/phase6/runs/CREATEORDER_V5_C2_F3_P1_C50_S7001/CREATEORDER_V5_C2_F3_P1_C50_S7001_1788333227389,0.0,0.0,0.0,0.0,0.0,0.0,0.0,0.0,0.0,0.0,0.0,1237.8511092868346,1076.1571545614006,0,PASS
CREATEORDER_V5_C2_F3_P1_C50_S7002,/Users/nischithacn/paper3-exactly-once/results/phase6/runs/CREATEORDER_V5_C2_F3_P1_C50_S7002/CREATEORDER_V5_C2_F3_P1_C50_S7002_1788334586711,0.0,0.0,0.0,0.0,0.0,0.0,0.0,0.0,0.0,0.0,0.0,1167.4124269644265,1028.4132133526418,0,PASS
CREATEORDER_V5_C2_F3_P1_C50_S7003,/Users/nischithacn/paper3-exactly-once/results/phase6/runs/CREATEORDER_V5_C2_F3_P1_C50_S7003/CREATEORDER_V5_C2_F3_P1_C50_S7003_1788336758159,0.0,0.0,0.0,0.0,0.0,0.0,0.0,0.0,0.0,0.0,0.0,1368.6566919687734,1196.3441187034189,0,PASS
CREATEORDER_V5_C2_F3_P1_C50_S7004,/Users/nischithacn/paper3-exactly-once/results/phase6/runs/CREATEORDER_V5_C2_F3_P1_C50_S7004/CREATEORDER_V5_C2_F3_P1_C50_S7004_1788365203904,0.0,0.0,0.0,0.0,0.0,0.0,0.0,0.0,0.0,0.0,0.0,1358.3211771211818,1185.6968286661377,0,PASS
CREATEORDER_V5_C2_F3_P1_C50_S7005,/Users/nischithacn/paper3-exactly-once/results/phase6/runs/CREATEORDER_V5_C2_F3_P1_C50_S7005/CREATEORDER_V5_C2_F3_P1_C50_S7005_1788366675217,0.0,0.0,0.0,0.0,0.0,0.0,0.0,0.0,0.0,0.0,0.0,1304.1425164637615,1142.1846262362797,0,PASS
CREATEORDER_V5_C2_F3_P1_C50_S7006,/Users/nischithacn/paper3-exactly-once/results/phase6/runs/CREATEORDER_V5_C2_F3_P1_C50_S7006/CREATEORDER_V5_C2_F3_P1_C50_S7006_1788368166481,0.0,0.0,0.0,0.0,0.0,0.0,0.0,0.0,0.0,0.0,0.0,1242.4819221467014,1082.3340253076976,0,PASS
CREATEORDER_V5_C2_F3_P1_C50_S7007,/Users/nischithacn/paper3-exactly-once/results/phase6/runs/CREATEORDER_V5_C2_F3_P1_C50_S7007/CREATEORDER_V5_C2_F3_P1_C50_S7007_1788369463374,0.0,0.0,0.0,0.0,0.0,0.0,0.0,0.0,0.0,0.0,0.0,1338.7685396747252,1169.2670751705343,0,PASS
CREATEORDER_V5_C2_F3_P1_C50_S7008,/Users/nischithacn/paper3-exactly-once/results/phase6/runs/CREATEORDER_V5_C2_F3_P1_C50_S7008/CREATEORDER_V5_C2_F3_P1_C50_S7008_1788373614413,0.0,0.0,0.0,0.0,0.0,0.0,0.0,0.0,0.0,0.0,0.0,1336.0131504620824,1165.8668058415421,0,PASS
CREATEORDER_V5_C2_F3_P1_C50_S7009,/Users/nischithacn/paper3-exactly-once/results/phase6/runs/CREATEORDER_V5_C2_F3_P1_C50_S7009/CREATEORDER_V5_C2_F3_P1_C50_S7009_1788375311455,0.0,0.0,0.0,0.0,0.0,0.0,0.0,0.0,0.0,0.0,0.0,1362.6406542670156,1199.9128137995879,0,PASS
CREATEORDER_V5_C2_F3_P20_C10_S7000,/Users/nischithacn/paper3-exactly-once/results/phase6/runs/CREATEORDER_V5_C2_F3_P20_C10_S7000/CREATEORDER_V5_C2_F3_P20_C10_S7000_1788144431324,0.0,0.0,0.0,0.0,0.0,0.0,0.0,0.0,0.0,0.0,0.0,1013.3152879325771,895.4041004827616,0,PASS
CREATEORDER_V5_C2_F3_P20_C10_S7001,/Users/nischithacn/paper3-exactly-once/results/phase6/runs/CREATEORDER_V5_C2_F3_P20_C10_S7001/CREATEORDER_V5_C2_F3_P20_C10_S7001_1788333290431,0.0,0.0,0.0,0.0,0.0,0.0,0.0,0.0,0.0,0.0,0.0,875.8029020843559,777.1345708492752,0,PASS
CREATEORDER_V5_C2_F3_P20_C10_S7002,/Users/nischithacn/paper3-exactly-once/results/phase6/runs/CREATEORDER_V5_C2_F3_P20_C10_S7002/CREATEORDER_V5_C2_F3_P20_C10_S7002_1788334670976,0.0,0.0,0.0,0.0,0.0,0.0,0.0,0.0,0.0,0.0,0.0,731.7431199062795,653.2348433323402,0,PASS
CREATEORDER_V5_C2_F3_P20_C10_S7003,/Users/nischithacn/paper3-exactly-once/results/phase6/runs/CREATEORDER_V5_C2_F3_P20_C10_S7003/CREATEORDER_V5_C2_F3_P20_C10_S7003_1788336837129,0.0,0.0,0.0,0.0,0.0,0.0,0.0,0.0,0.0,0.0,0.0,905.8516648634096,800.5341851896068,0,PASS
CREATEORDER_V5_C2_F3_P20_C10_S7004,/Users/nischithacn/paper3-exactly-once/results/phase6/runs/CREATEORDER_V5_C2_F3_P20_C10_S7004/CREATEORDER_V5_C2_F3_P20_C10_S7004_1788365278991,0.0,0.0,0.0,0.0,0.0,0.0,0.0,0.0,0.0,0.0,0.0,727.4213858249549,590.2899167536216,0,PASS
CREATEORDER_V5_C2_F3_P20_C10_S7005,/Users/nischithacn/paper3-exactly-once/results/phase6/runs/CREATEORDER_V5_C2_F3_P20_C10_S7005/CREATEORDER_V5_C2_F3_P20_C10_S7005_1788366737497,0.0,0.0,0.0,0.0,0.0,0.0,0.0,0.0,0.0,0.0,0.0,897.7049654982237,794.9261234729105,0,PASS
CREATEORDER_V5_C2_F3_P20_C10_S7006,/Users/nischithacn/paper3-exactly-once/results/phase6/runs/CREATEORDER_V5_C2_F3_P20_C10_S7006/CREATEORDER_V5_C2_F3_P20_C10_S7006_1788368227660,0.0,0.0,0.0,0.0,0.0,0.0,0.0,0.0,0.0,0.0,0.0,898.3994569382555,799.2292132051984,0,PASS
CREATEORDER_V5_C2_F3_P20_C10_S7007,/Users/nischithacn/paper3-exactly-once/results/phase6/runs/CREATEORDER_V5_C2_F3_P20_C10_S7007/CREATEORDER_V5_C2_F3_P20_C10_S7007_1788369541852,0.0,0.0,0.0,0.0,0.0,0.0,0.0,0.0,0.0,0.0,0.0,829.7719592263707,736.6943740160556,0,PASS
CREATEORDER_V5_C2_F3_P20_C10_S7008,/Users/nischithacn/paper3-exactly-once/results/phase6/runs/CREATEORDER_V5_C2_F3_P20_C10_S7008/CREATEORDER_V5_C2_F3_P20_C10_S7008_1788373693349,0.0,0.0,0.0,0.0,0.0,0.0,0.0,0.0,0.0,0.0,0.0,917.0174448721484,808.9054770850255,0,PASS
CREATEORDER_V5_C2_F3_P20_C10_S7009,/Users/nischithacn/paper3-exactly-once/results/phase6/runs/CREATEORDER_V5_C2_F3_P20_C10_S7009/CREATEORDER_V5_C2_F3_P20_C10_S7009_1788375386927,0.0,0.0,0.0,0.0,0.0,0.0,0.0,0.0,0.0,0.0,0.0,733.7343505622746,594.5649615999687,0,PASS
CREATEORDER_V5_C2_F3_P20_C50_S7000,/Users/nischithacn/paper3-exactly-once/results/phase6/runs/CREATEORDER_V5_C2_F3_P20_C50_S7000/CREATEORDER_V5_C2_F3_P20_C50_S7000_1788144443111,0.0,0.0,0.0,0.0,0.0,0.0,0.0,0.0,0.0,0.0,0.0,1223.5617219685817,1074.5408835477836,0,PASS
CREATEORDER_V5_C2_F3_P20_C50_S7001,/Users/nischithacn/paper3-exactly-once/results/phase6/runs/CREATEORDER_V5_C2_F3_P20_C50_S7001/CREATEORDER_V5_C2_F3_P20_C50_S7001_1788333303903,0.0,0.0,0.0,0.0,0.0,0.0,0.0,0.0,0.0,0.0,0.0,968.9019119826346,865.6006942794876,0,PASS
CREATEORDER_V5_C2_F3_P20_C50_S7002,/Users/nischithacn/paper3-exactly-once/results/phase6/runs/CREATEORDER_V5_C2_F3_P20_C50_S7002/CREATEORDER_V5_C2_F3_P20_C50_S7002_1788334693592,0.0,0.0,0.0,0.0,0.0,0.0,0.0,0.0,0.0,0.0,0.0,1004.6369954400355,888.3105052597662,0,PASS
CREATEORDER_V5_C2_F3_P20_C50_S7003,/Users/nischithacn/paper3-exactly-once/results/phase6/runs/CREATEORDER_V5_C2_F3_P20_C50_S7003/CREATEORDER_V5_C2_F3_P20_C50_S7003_1788336850230,0.0,0.0,0.0,0.0,0.0,0.0,0.0,0.0,0.0,0.0,0.0,1065.7937921325217,936.5919607469131,0,PASS
CREATEORDER_V5_C2_F3_P20_C50_S7004,/Users/nischithacn/paper3-exactly-once/results/phase6/runs/CREATEORDER_V5_C2_F3_P20_C50_S7004/CREATEORDER_V5_C2_F3_P20_C50_S7004_1788365296533,0.0,0.0,0.0,0.0,0.0,0.0,0.0,0.0,0.0,0.0,0.0,1064.8230974413373,925.3606852538313,0,PASS
CREATEORDER_V5_C2_F3_P20_C50_S7005,/Users/nischithacn/paper3-exactly-once/results/phase6/runs/CREATEORDER_V5_C2_F3_P20_C50_S7005/CREATEORDER_V5_C2_F3_P20_C50_S7005_1788366750680,0.0,0.0,0.0,0.0,0.0,0.0,0.0,0.0,0.0,0.0,0.0,1080.1175105337945,944.8214057675747,0,PASS
CREATEORDER_V5_C2_F3_P20_C50_S7006,/Users/nischithacn/paper3-exactly-once/results/phase6/runs/CREATEORDER_V5_C2_F3_P20_C50_S7006/CREATEORDER_V5_C2_F3_P20_C50_S7006_1788368240767,0.0,0.0,0.0,0.0,0.0,0.0,0.0,0.0,0.0,0.0,0.0,1091.3478597667083,962.6715472152613,0,PASS
CREATEORDER_V5_C2_F3_P20_C50_S7007,/Users/nischithacn/paper3-exactly-once/results/phase6/runs/CREATEORDER_V5_C2_F3_P20_C50_S7007/CREATEORDER_V5_C2_F3_P20_C50_S7007_1788369563140,0.0,0.0,0.0,0.0,0.0,0.0,0.0,0.0,0.0,0.0,0.0,1117.2990834149825,981.0731399702074,0,PASS
CREATEORDER_V5_C2_F3_P20_C50_S7008,/Users/nischithacn/paper3-exactly-once/results/phase6/runs/CREATEORDER_V5_C2_F3_P20_C50_S7008/CREATEORDER_V5_C2_F3_P20_C50_S7008_1788373706311,0.0,0.0,0.0,0.0,0.0,0.0,0.0,0.0,0.0,0.0,0.0,1067.8000582639506,944.3881907975298,0,PASS
CREATEORDER_V5_C2_F3_P20_C50_S7009,/Users/nischithacn/paper3-exactly-once/results/phase6/runs/CREATEORDER_V5_C2_F3_P20_C50_S7009/CREATEORDER_V5_C2_F3_P20_C50_S7009_1788375404344,0.0,0.0,0.0,0.0,0.0,0.0,0.0,0.0,0.0,0.0,0.0,1043.514537089302,913.7920595744012,0,PASS
CREATEORDER_V5_C2_F3_P5_C10_S7000,/Users/nischithacn/paper3-exactly-once/results/phase6/runs/CREATEORDER_V5_C2_F3_P5_C10_S7000/CREATEORDER_V5_C2_F3_P5_C10_S7000_1788144390327,0.0,0.0,0.0,0.0,0.0,0.0,0.0,0.0,0.0,0.0,0.0,1118.5146817612358,988.485893132199,0,PASS
CREATEORDER_V5_C2_F3_P5_C10_S7001,/Users/nischithacn/paper3-exactly-once/results/phase6/runs/CREATEORDER_V5_C2_F3_P5_C10_S7001/CREATEORDER_V5_C2_F3_P5_C10_S7001_1788333237253,0.0,0.0,0.0,0.0,0.0,0.0,0.0,0.0,0.0,0.0,0.0,979.88349669888,866.2077943014226,0,PASS
CREATEORDER_V5_C2_F3_P5_C10_S7002,/Users/nischithacn/paper3-exactly-once/results/phase6/runs/CREATEORDER_V5_C2_F3_P5_C10_S7002/CREATEORDER_V5_C2_F3_P5_C10_S7002_1788334618096,0.0,0.0,0.0,0.0,0.0,0.0,0.0,0.0,0.0,0.0,0.0,755.1956358689695,615.2964250010588,0,PASS
CREATEORDER_V5_C2_F3_P5_C10_S7003,/Users/nischithacn/paper3-exactly-once/results/phase6/runs/CREATEORDER_V5_C2_F3_P5_C10_S7003/CREATEORDER_V5_C2_F3_P5_C10_S7003_1788336767087,0.0,0.0,0.0,0.0,0.0,0.0,0.0,0.0,0.0,0.0,0.0,935.100814798581,831.7024204375361,0,PASS
CREATEORDER_V5_C2_F3_P5_C10_S7004,/Users/nischithacn/paper3-exactly-once/results/phase6/runs/CREATEORDER_V5_C2_F3_P5_C10_S7004/CREATEORDER_V5_C2_F3_P5_C10_S7004_1788365212898,0.0,0.0,0.0,0.0,0.0,0.0,0.0,0.0,0.0,0.0,0.0,934.7672672865087,829.9268860497403,0,PASS
CREATEORDER_V5_C2_F3_P5_C10_S7005,/Users/nischithacn/paper3-exactly-once/results/phase6/runs/CREATEORDER_V5_C2_F3_P5_C10_S7005/CREATEORDER_V5_C2_F3_P5_C10_S7005_1788366684556,0.0,0.0,0.0,0.0,0.0,0.0,0.0,0.0,0.0,0.0,0.0,924.5263176526387,822.5584483083019,0,PASS
CREATEORDER_V5_C2_F3_P5_C10_S7006,/Users/nischithacn/paper3-exactly-once/results/phase6/runs/CREATEORDER_V5_C2_F3_P5_C10_S7006/CREATEORDER_V5_C2_F3_P5_C10_S7006_1788368176284,0.0,0.0,0.0,0.0,0.0,0.0,0.0,0.0,0.0,0.0,0.0,997.5802701962243,878.3698402810479,0,PASS
CREATEORDER_V5_C2_F3_P5_C10_S7007,/Users/nischithacn/paper3-exactly-once/results/phase6/runs/CREATEORDER_V5_C2_F3_P5_C10_S7007/CREATEORDER_V5_C2_F3_P5_C10_S7007_1788369493481,0.0,0.0,0.0,0.0,0.0,0.0,0.0,0.0,0.0,0.0,0.0,804.8500424933476,649.2603009197807,0,PASS
CREATEORDER_V5_C2_F3_P5_C10_S7008,/Users/nischithacn/paper3-exactly-once/results/phase6/runs/CREATEORDER_V5_C2_F3_P5_C10_S7008/CREATEORDER_V5_C2_F3_P5_C10_S7008_1788373623535,0.0,0.0,0.0,0.0,0.0,0.0,0.0,0.0,0.0,0.0,0.0,990.4751019478995,873.3342912801018,0,PASS
CREATEORDER_V5_C2_F3_P5_C10_S7009,/Users/nischithacn/paper3-exactly-once/results/phase6/runs/CREATEORDER_V5_C2_F3_P5_C10_S7009/CREATEORDER_V5_C2_F3_P5_C10_S7009_1788375320410,0.0,0.0,0.0,0.0,0.0,0.0,0.0,0.0,0.0,0.0,0.0,963.8162408178397,853.2378058340352,0,PASS
CREATEORDER_V5_C2_F3_P5_C50_S7000,/Users/nischithacn/paper3-exactly-once/results/phase6/runs/CREATEORDER_V5_C2_F3_P5_C50_S7000/CREATEORDER_V5_C2_F3_P5_C50_S7000_1788144401026,0.0,0.0,0.0,0.0,0.0,0.0,0.0,0.0,0.0,0.0,0.0,1357.0892810077116,1191.3251682631937,0,PASS
CREATEORDER_V5_C2_F3_P5_C50_S7001,/Users/nischithacn/paper3-exactly-once/results/phase6/runs/CREATEORDER_V5_C2_F3_P5_C50_S7001/CREATEORDER_V5_C2_F3_P5_C50_S7001_1788333249371,0.0,0.0,0.0,0.0,0.0,0.0,0.0,0.0,0.0,0.0,0.0,1190.6084098834228,1046.093176303033,0,PASS
CREATEORDER_V5_C2_F3_P5_C50_S7002,/Users/nischithacn/paper3-exactly-once/results/phase6/runs/CREATEORDER_V5_C2_F3_P5_C50_S7002/CREATEORDER_V5_C2_F3_P5_C50_S7002_1788334635055,0.0,0.0,0.0,0.0,0.0,0.0,0.0,0.0,0.0,0.0,0.0,1152.1413208499418,1006.1305708343265,0,PASS
CREATEORDER_V5_C2_F3_P5_C50_S7003,/Users/nischithacn/paper3-exactly-once/results/phase6/runs/CREATEORDER_V5_C2_F3_P5_C50_S7003/CREATEORDER_V5_C2_F3_P5_C50_S7003_1788336779647,0.0,0.0,0.0,0.0,0.0,0.0,0.0,0.0,0.0,0.0,0.0,1196.297166743866,1052.787597826033,0,PASS
CREATEORDER_V5_C2_F3_P5_C50_S7004,/Users/nischithacn/paper3-exactly-once/results/phase6/runs/CREATEORDER_V5_C2_F3_P5_C50_S7004/CREATEORDER_V5_C2_F3_P5_C50_S7004_1788365225495,0.0,0.0,0.0,0.0,0.0,0.0,0.0,0.0,0.0,0.0,0.0,1217.7818923731295,1065.4337184670735,0,PASS
CREATEORDER_V5_C2_F3_P5_C50_S7005,/Users/nischithacn/paper3-exactly-once/results/phase6/runs/CREATEORDER_V5_C2_F3_P5_C50_S7005/CREATEORDER_V5_C2_F3_P5_C50_S7005_1788366704372,0.0,0.0,0.0,0.0,0.0,0.0,0.0,0.0,0.0,0.0,0.0,1252.0501805878346,1089.8649335830817,0,PASS
CREATEORDER_V5_C2_F3_P5_C50_S7006,/Users/nischithacn/paper3-exactly-once/results/phase6/runs/CREATEORDER_V5_C2_F3_P5_C50_S7006/CREATEORDER_V5_C2_F3_P5_C50_S7006_1788368188221,0.0,0.0,0.0,0.0,0.0,0.0,0.0,0.0,0.0,0.0,0.0,1224.1512735839626,1079.4902251703845,0,PASS
CREATEORDER_V5_C2_F3_P5_C50_S7007,/Users/nischithacn/paper3-exactly-once/results/phase6/runs/CREATEORDER_V5_C2_F3_P5_C50_S7007/CREATEORDER_V5_C2_F3_P5_C50_S7007_1788369509453,0.0,0.0,0.0,0.0,0.0,0.0,0.0,0.0,0.0,0.0,0.0,1230.1583158247429,1060.1316201830286,0,PASS
CREATEORDER_V5_C2_F3_P5_C50_S7008,/Users/nischithacn/paper3-exactly-once/results/phase6/runs/CREATEORDER_V5_C2_F3_P5_C50_S7008/CREATEORDER_V5_C2_F3_P5_C50_S7008_1788373635541,0.0,0.0,0.0,0.0,0.0,0.0,0.0,0.0,0.0,0.0,0.0,1245.301805550805,1086.5311404092315,0,PASS
CREATEORDER_V5_C2_F3_P5_C50_S7009,/Users/nischithacn/paper3-exactly-once/results/phase6/runs/CREATEORDER_V5_C2_F3_P5_C50_S7009/CREATEORDER_V5_C2_F3_P5_C50_S7009_1788375332688,0.0,0.0,0.0,0.0,0.0,0.0,0.0,0.0,0.0,0.0,0.0,1219.939001653808,1073.1572297550858,0,PASS
CREATEORDER_V5_C2_F4_P10_C10_S7000,/Users/nischithacn/paper3-exactly-once/results/phase6/runs/CREATEORDER_V5_C2_F4_P10_C10_S7000/CREATEORDER_V5_C2_F4_P10_C10_S7000_1788150420243,0.0,0.0,0.0,0.0,0.0,0.0,0.0,0.0,0.0,0.0,0.0,46.725926279973834,42.90968518682638,0,PASS
CREATEORDER_V5_C2_F4_P10_C10_S7001,/Users/nischithacn/paper3-exactly-once/results/phase6/runs/CREATEORDER_V5_C2_F4_P10_C10_S7001/CREATEORDER_V5_C2_F4_P10_C10_S7001_1788380996019,0.0,0.0,0.0,0.0,0.0,0.0,0.0,0.0,0.0,0.0,0.0,48.17272073366096,43.69288330676634,0,PASS
CREATEORDER_V5_C2_F4_P10_C10_S7002,/Users/nischithacn/paper3-exactly-once/results/phase6/runs/CREATEORDER_V5_C2_F4_P10_C10_S7002/CREATEORDER_V5_C2_F4_P10_C10_S7002_1788385476650,0.0,0.0,0.0,0.0,0.0,0.0,0.0,0.0,0.0,0.0,0.0,46.051120309227045,41.84786773788432,0,PASS
CREATEORDER_V5_C2_F4_P10_C10_S7003,/Users/nischithacn/paper3-exactly-once/results/phase6/runs/CREATEORDER_V5_C2_F4_P10_C10_S7003/CREATEORDER_V5_C2_F4_P10_C10_S7003_1788389206297,0.0,0.0,0.0,0.0,0.0,0.0,0.0,0.0,0.0,0.0,0.0,47.44459426176849,42.914419910716646,0,PASS
CREATEORDER_V5_C2_F4_P10_C10_S7004,/Users/nischithacn/paper3-exactly-once/results/phase6/runs/CREATEORDER_V5_C2_F4_P10_C10_S7004/CREATEORDER_V5_C2_F4_P10_C10_S7004_1788392932303,0.0,0.0,0.0,0.0,0.0,0.0,0.0,0.0,0.0,0.0,0.0,47.95144796994875,43.913511360742156,0,PASS
CREATEORDER_V5_C2_F4_P10_C10_S7005,/Users/nischithacn/paper3-exactly-once/results/phase6/runs/CREATEORDER_V5_C2_F4_P10_C10_S7005/CREATEORDER_V5_C2_F4_P10_C10_S7005_1788396451636,0.0,0.0,0.0,0.0,0.0,0.0,0.0,0.0,0.0,0.0,0.0,47.76570450377015,43.70643508342157,0,PASS
CREATEORDER_V5_C2_F4_P10_C10_S7006,/Users/nischithacn/paper3-exactly-once/results/phase6/runs/CREATEORDER_V5_C2_F4_P10_C10_S7006/CREATEORDER_V5_C2_F4_P10_C10_S7006_1788404299411,0.0,0.0,0.0,0.0,0.0,0.0,0.0,0.0,0.0,0.0,0.0,46.806827240903786,43.317594784039024,0,PASS
CREATEORDER_V5_C2_F4_P10_C10_S7007,/Users/nischithacn/paper3-exactly-once/results/phase6/runs/CREATEORDER_V5_C2_F4_P10_C10_S7007/CREATEORDER_V5_C2_F4_P10_C10_S7007_1788409656463,0.0,0.0,0.0,0.0,0.0,0.0,0.0,0.0,0.0,0.0,0.0,46.54605444988057,43.0184367789854,0,PASS
CREATEORDER_V5_C2_F4_P10_C10_S7008,/Users/nischithacn/paper3-exactly-once/results/phase6/runs/CREATEORDER_V5_C2_F4_P10_C10_S7008/CREATEORDER_V5_C2_F4_P10_C10_S7008_1788414421303,0.0,0.0,0.0,0.0,0.0,0.0,0.0,0.0,0.0,0.0,0.0,45.59951861270217,42.50820064023453,0,PASS
CREATEORDER_V5_C2_F4_P10_C10_S7009,/Users/nischithacn/paper3-exactly-once/results/phase6/runs/CREATEORDER_V5_C2_F4_P10_C10_S7009/CREATEORDER_V5_C2_F4_P10_C10_S7009_1788417941354,0.0,0.0,0.0,0.0,0.0,0.0,0.0,0.0,0.0,0.0,0.0,48.62237517543259,44.485129325268545,0,PASS
CREATEORDER_V5_C2_F4_P10_C50_S7000,/Users/nischithacn/paper3-exactly-once/results/phase6/runs/CREATEORDER_V5_C2_F4_P10_C50_S7000/CREATEORDER_V5_C2_F4_P10_C50_S7000_1788150653827,0.0,0.0,0.0,0.0,0.0,0.0,0.0,0.0,0.0,0.0,0.0,198.43177403315283,187.7364792332714,0,PASS
CREATEORDER_V5_C2_F4_P10_C50_S7001,/Users/nischithacn/paper3-exactly-once/results/phase6/runs/CREATEORDER_V5_C2_F4_P10_C50_S7001/CREATEORDER_V5_C2_F4_P10_C50_S7001_1788381232456,0.0,0.0,0.0,0.0,0.0,0.0,0.0,0.0,0.0,0.0,0.0,190.48931791850234,175.1426554421529,0,PASS
CREATEORDER_V5_C2_F4_P10_C50_S7002,/Users/nischithacn/paper3-exactly-once/results/phase6/runs/CREATEORDER_V5_C2_F4_P10_C50_S7002/CREATEORDER_V5_C2_F4_P10_C50_S7002_1788385716146,0.0,0.0,0.0,0.0,0.0,0.0,0.0,0.0,0.0,0.0,0.0,197.46787788531788,181.4456902047873,0,PASS
CREATEORDER_V5_C2_F4_P10_C50_S7003,/Users/nischithacn/paper3-exactly-once/results/phase6/runs/CREATEORDER_V5_C2_F4_P10_C50_S7003/CREATEORDER_V5_C2_F4_P10_C50_S7003_1788389439870,0.0,0.0,0.0,0.0,0.0,0.0,0.0,0.0,0.0,0.0,0.0,191.36043608256603,175.8223147912294,0,PASS
CREATEORDER_V5_C2_F4_P10_C50_S7004,/Users/nischithacn/paper3-exactly-once/results/phase6/runs/CREATEORDER_V5_C2_F4_P10_C50_S7004/CREATEORDER_V5_C2_F4_P10_C50_S7004_1788393160558,0.0,0.0,0.0,0.0,0.0,0.0,0.0,0.0,0.0,0.0,0.0,198.00721177427755,182.06504134245915,0,PASS
CREATEORDER_V5_C2_F4_P10_C50_S7005,/Users/nischithacn/paper3-exactly-once/results/phase6/runs/CREATEORDER_V5_C2_F4_P10_C50_S7005/CREATEORDER_V5_C2_F4_P10_C50_S7005_1788396680978,0.0,0.0,0.0,0.0,0.0,0.0,0.0,0.0,0.0,0.0,0.0,190.6612124359631,175.51271513567812,0,PASS
CREATEORDER_V5_C2_F4_P10_C50_S7006,/Users/nischithacn/paper3-exactly-once/results/phase6/runs/CREATEORDER_V5_C2_F4_P10_C50_S7006/CREATEORDER_V5_C2_F4_P10_C50_S7006_1788404537637,0.0,0.0,0.0,0.0,0.0,0.0,0.0,0.0,0.0,0.0,0.0,197.25296851020175,181.26297052909268,0,PASS
CREATEORDER_V5_C2_F4_P10_C50_S7007,/Users/nischithacn/paper3-exactly-once/results/phase6/runs/CREATEORDER_V5_C2_F4_P10_C50_S7007/CREATEORDER_V5_C2_F4_P10_C50_S7007_1788409889456,0.0,0.0,0.0,0.0,0.0,0.0,0.0,0.0,0.0,0.0,0.0,191.18193961005733,180.91441874939468,0,PASS
CREATEORDER_V5_C2_F4_P10_C50_S7008,/Users/nischithacn/paper3-exactly-once/results/phase6/runs/CREATEORDER_V5_C2_F4_P10_C50_S7008/CREATEORDER_V5_C2_F4_P10_C50_S7008_1788414657096,0.0,0.0,0.0,0.0,0.0,0.0,0.0,0.0,0.0,0.0,0.0,191.76552673143422,181.6908105668412,0,PASS
CREATEORDER_V5_C2_F4_P10_C50_S7009,/Users/nischithacn/paper3-exactly-once/results/phase6/runs/CREATEORDER_V5_C2_F4_P10_C50_S7009/CREATEORDER_V5_C2_F4_P10_C50_S7009_1788418166692,0.0,0.0,0.0,0.0,0.0,0.0,0.0,0.0,0.0,0.0,0.0,198.07518966320038,181.75652680183833,0,PASS
CREATEORDER_V5_C2_F4_P1_C10_S7000,/Users/nischithacn/paper3-exactly-once/results/phase6/runs/CREATEORDER_V5_C2_F4_P1_C10_S7000/CREATEORDER_V5_C2_F4_P1_C10_S7000_1788150216742,0.0,0.0,0.0,0.0,0.0,0.0,0.0,0.0,0.0,0.0,0.0,335.7727663593202,303.55560156567174,0,PASS
CREATEORDER_V5_C2_F4_P1_C10_S7001,/Users/nischithacn/paper3-exactly-once/results/phase6/runs/CREATEORDER_V5_C2_F4_P1_C10_S7001/CREATEORDER_V5_C2_F4_P1_C10_S7001_1788380800438,0.0,0.0,0.0,0.0,0.0,0.0,0.0,0.0,0.0,0.0,0.0,316.34295553112116,282.20793089854436,0,PASS
CREATEORDER_V5_C2_F4_P1_C10_S7002,/Users/nischithacn/paper3-exactly-once/results/phase6/runs/CREATEORDER_V5_C2_F4_P1_C10_S7002/CREATEORDER_V5_C2_F4_P1_C10_S7002_1788385262733,0.0,0.0,0.0,0.0,0.0,0.0,0.0,0.0,0.0,0.0,0.0,331.9161945288665,310.76278532248233,0,PASS
CREATEORDER_V5_C2_F4_P1_C10_S7003,/Users/nischithacn/paper3-exactly-once/results/phase6/runs/CREATEORDER_V5_C2_F4_P1_C10_S7003/CREATEORDER_V5_C2_F4_P1_C10_S7003_1788388993681,0.0,0.0,0.0,0.0,0.0,0.0,0.0,0.0,0.0,0.0,0.0,355.13075865994375,321.65196327565235,0,PASS
CREATEORDER_V5_C2_F4_P1_C10_S7004,/Users/nischithacn/paper3-exactly-once/results/phase6/runs/CREATEORDER_V5_C2_F4_P1_C10_S7004/CREATEORDER_V5_C2_F4_P1_C10_S7004_1788392725793,0.0,0.0,0.0,0.0,0.0,0.0,0.0,0.0,0.0,0.0,0.0,361.8320463044507,343.4363865047078,0,PASS
CREATEORDER_V5_C2_F4_P1_C10_S7005,/Users/nischithacn/paper3-exactly-once/results/phase6/runs/CREATEORDER_V5_C2_F4_P1_C10_S7005/CREATEORDER_V5_C2_F4_P1_C10_S7005_1788396250342,0.0,0.0,0.0,0.0,0.0,0.0,0.0,0.0,0.0,0.0,0.0,304.3306449645643,276.8625477280167,0,PASS
CREATEORDER_V5_C2_F4_P1_C10_S7006,/Users/nischithacn/paper3-exactly-once/results/phase6/runs/CREATEORDER_V5_C2_F4_P1_C10_S7006/CREATEORDER_V5_C2_F4_P1_C10_S7006_1788404102900,0.0,0.0,0.0,0.0,0.0,0.0,0.0,0.0,0.0,0.0,0.0,336.97909882364013,296.1670360436556,0,PASS
CREATEORDER_V5_C2_F4_P1_C10_S7007,/Users/nischithacn/paper3-exactly-once/results/phase6/runs/CREATEORDER_V5_C2_F4_P1_C10_S7007/CREATEORDER_V5_C2_F4_P1_C10_S7007_1788409445597,0.0,0.0,0.0,0.0,0.0,0.0,0.0,0.0,0.0,0.0,0.0,355.3527572773791,326.09910719540653,0,PASS
CREATEORDER_V5_C2_F4_P1_C10_S7008,/Users/nischithacn/paper3-exactly-once/results/phase6/runs/CREATEORDER_V5_C2_F4_P1_C10_S7008/CREATEORDER_V5_C2_F4_P1_C10_S7008_1788414218210,0.0,0.0,0.0,0.0,0.0,0.0,0.0,0.0,0.0,0.0,0.0,331.71484198725625,315.81595899201864,0,PASS
CREATEORDER_V5_C2_F4_P1_C10_S7009,/Users/nischithacn/paper3-exactly-once/results/phase6/runs/CREATEORDER_V5_C2_F4_P1_C10_S7009/CREATEORDER_V5_C2_F4_P1_C10_S7009_1788417740518,0.0,0.0,0.0,0.0,0.0,0.0,0.0,0.0,0.0,0.0,0.0,322.5999207556967,306.7970824029786,0,PASS
CREATEORDER_V5_C2_F4_P1_C50_S7000,/Users/nischithacn/paper3-exactly-once/results/phase6/runs/CREATEORDER_V5_C2_F4_P1_C50_S7000/CREATEORDER_V5_C2_F4_P1_C50_S7000_1788150250248,0.0,0.0,0.0,0.0,0.0,0.0,0.0,0.0,0.0,0.0,0.0,1033.2884457802588,927.7811242918938,0,PASS
CREATEORDER_V5_C2_F4_P1_C50_S7001,/Users/nischithacn/paper3-exactly-once/results/phase6/runs/CREATEORDER_V5_C2_F4_P1_C50_S7001/CREATEORDER_V5_C2_F4_P1_C50_S7001_1788380836416,0.0,0.0,0.0,0.0,0.0,0.0,0.0,0.0,0.0,0.0,0.0,1041.934112852563,928.9506988839623,0,PASS
CREATEORDER_V5_C2_F4_P1_C50_S7002,/Users/nischithacn/paper3-exactly-once/results/phase6/runs/CREATEORDER_V5_C2_F4_P1_C50_S7002/CREATEORDER_V5_C2_F4_P1_C50_S7002_1788385295452,0.0,0.0,0.0,0.0,0.0,0.0,0.0,0.0,0.0,0.0,0.0,1085.587870001656,967.275324097346,0,PASS
CREATEORDER_V5_C2_F4_P1_C50_S7003,/Users/nischithacn/paper3-exactly-once/results/phase6/runs/CREATEORDER_V5_C2_F4_P1_C50_S7003/CREATEORDER_V5_C2_F4_P1_C50_S7003_1788389025315,0.0,0.0,0.0,0.0,0.0,0.0,0.0,0.0,0.0,0.0,0.0,1046.1276167725152,937.9633010551837,0,PASS
CREATEORDER_V5_C2_F4_P1_C50_S7004,/Users/nischithacn/paper3-exactly-once/results/phase6/runs/CREATEORDER_V5_C2_F4_P1_C50_S7004/CREATEORDER_V5_C2_F4_P1_C50_S7004_1788392762468,0.0,0.0,0.0,0.0,0.0,0.0,0.0,0.0,0.0,0.0,0.0,1065.3770763980783,955.0163653668767,0,PASS
CREATEORDER_V5_C2_F4_P1_C50_S7005,/Users/nischithacn/paper3-exactly-once/results/phase6/runs/CREATEORDER_V5_C2_F4_P1_C50_S7005/CREATEORDER_V5_C2_F4_P1_C50_S7005_1788396287013,0.0,0.0,0.0,0.0,0.0,0.0,0.0,0.0,0.0,0.0,0.0,1051.889399012419,931.5089606821332,0,PASS
CREATEORDER_V5_C2_F4_P1_C50_S7006,/Users/nischithacn/paper3-exactly-once/results/phase6/runs/CREATEORDER_V5_C2_F4_P1_C50_S7006/CREATEORDER_V5_C2_F4_P1_C50_S7006_1788404137218,0.0,0.0,0.0,0.0,0.0,0.0,0.0,0.0,0.0,0.0,0.0,1079.7307675119432,958.1495575846924,0,PASS
CREATEORDER_V5_C2_F4_P1_C50_S7007,/Users/nischithacn/paper3-exactly-once/results/phase6/runs/CREATEORDER_V5_C2_F4_P1_C50_S7007/CREATEORDER_V5_C2_F4_P1_C50_S7007_1788409476794,0.0,0.0,0.0,0.0,0.0,0.0,0.0,0.0,0.0,0.0,0.0,1070.741800777526,955.8831070230256,0,PASS
CREATEORDER_V5_C2_F4_P1_C50_S7008,/Users/nischithacn/paper3-exactly-once/results/phase6/runs/CREATEORDER_V5_C2_F4_P1_C50_S7008/CREATEORDER_V5_C2_F4_P1_C50_S7008_1788414250413,0.0,0.0,0.0,0.0,0.0,0.0,0.0,0.0,0.0,0.0,0.0,1040.7049920394568,928.3560705062113,0,PASS
CREATEORDER_V5_C2_F4_P1_C50_S7009,/Users/nischithacn/paper3-exactly-once/results/phase6/runs/CREATEORDER_V5_C2_F4_P1_C50_S7009/CREATEORDER_V5_C2_F4_P1_C50_S7009_1788417779836,0.0,0.0,0.0,0.0,0.0,0.0,0.0,0.0,0.0,0.0,0.0,1044.838742423195,937.2513050736569,0,PASS
CREATEORDER_V5_C2_F4_P20_C10_S7000,/Users/nischithacn/paper3-exactly-once/results/phase6/runs/CREATEORDER_V5_C2_F4_P20_C10_S7000/CREATEORDER_V5_C2_F4_P20_C10_S7000_1788150707665,0.0,0.0,0.0,0.0,0.0,0.0,0.0,0.0,0.0,0.0,0.0,23.937699999890594,21.67075435701008,0,PASS
CREATEORDER_V5_C2_F4_P20_C10_S7001,/Users/nischithacn/paper3-exactly-once/results/phase6/runs/CREATEORDER_V5_C2_F4_P20_C10_S7001/CREATEORDER_V5_C2_F4_P20_C10_S7001_1788381290117,0.0,0.0,0.0,0.0,0.0,0.0,0.0,0.0,0.0,0.0,0.0,23.928878322840614,21.86627685330343,0,PASS
CREATEORDER_V5_C2_F4_P20_C10_S7002,/Users/nischithacn/paper3-exactly-once/results/phase6/runs/CREATEORDER_V5_C2_F4_P20_C10_S7002/CREATEORDER_V5_C2_F4_P20_C10_S7002_1788385771808,0.0,0.0,0.0,0.0,0.0,0.0,0.0,0.0,0.0,0.0,0.0,24.5509397385493,22.384056984786195,0,PASS
CREATEORDER_V5_C2_F4_P20_C10_S7003,/Users/nischithacn/paper3-exactly-once/results/phase6/runs/CREATEORDER_V5_C2_F4_P20_C10_S7003/CREATEORDER_V5_C2_F4_P20_C10_S7003_1788389497306,0.0,0.0,0.0,0.0,0.0,0.0,0.0,0.0,0.0,0.0,0.0,23.8426597106112,21.792526285203557,0,PASS
CREATEORDER_V5_C2_F4_P20_C10_S7004,/Users/nischithacn/paper3-exactly-once/results/phase6/runs/CREATEORDER_V5_C2_F4_P20_C10_S7004/CREATEORDER_V5_C2_F4_P20_C10_S7004_1788393237109,0.0,0.0,0.0,0.0,0.0,0.0,0.0,0.0,0.0,0.0,0.0,24.573230812863052,22.46745458818617,0,PASS
CREATEORDER_V5_C2_F4_P20_C10_S7005,/Users/nischithacn/paper3-exactly-once/results/phase6/runs/CREATEORDER_V5_C2_F4_P20_C10_S7005/CREATEORDER_V5_C2_F4_P20_C10_S7005_1788396738513,0.0,0.0,0.0,0.0,0.0,0.0,0.0,0.0,0.0,0.0,0.0,23.661027880859276,21.734283787551337,0,PASS
CREATEORDER_V5_C2_F4_P20_C10_S7006,/Users/nischithacn/paper3-exactly-once/results/phase6/runs/CREATEORDER_V5_C2_F4_P20_C10_S7006/CREATEORDER_V5_C2_F4_P20_C10_S7006_1788404593362,0.0,0.0,0.0,0.0,0.0,0.0,0.0,0.0,0.0,0.0,0.0,24.414908265579477,22.262162669628317,0,PASS
CREATEORDER_V5_C2_F4_P20_C10_S7007,/Users/nischithacn/paper3-exactly-once/results/phase6/runs/CREATEORDER_V5_C2_F4_P20_C10_S7007/CREATEORDER_V5_C2_F4_P20_C10_S7007_1788409945292,0.0,0.0,0.0,0.0,0.0,0.0,0.0,0.0,0.0,0.0,0.0,24.026421520587583,21.751097372360675,0,PASS
CREATEORDER_V5_C2_F4_P20_C10_S7008,/Users/nischithacn/paper3-exactly-once/results/phase6/runs/CREATEORDER_V5_C2_F4_P20_C10_S7008/CREATEORDER_V5_C2_F4_P20_C10_S7008_1788414712692,0.0,0.0,0.0,0.0,0.0,0.0,0.0,0.0,0.0,0.0,0.0,24.6835283434966,22.39393617955636,0,PASS
CREATEORDER_V5_C2_F4_P20_C10_S7009,/Users/nischithacn/paper3-exactly-once/results/phase6/runs/CREATEORDER_V5_C2_F4_P20_C10_S7009/CREATEORDER_V5_C2_F4_P20_C10_S7009_1788418242809,0.0,0.0,0.0,0.0,0.0,0.0,0.0,0.0,0.0,0.0,0.0,23.82625267121134,21.56798221381945,0,PASS
CREATEORDER_V5_C2_F4_P20_C50_S7000,/Users/nischithacn/paper3-exactly-once/results/phase6/runs/CREATEORDER_V5_C2_F4_P20_C50_S7000/CREATEORDER_V5_C2_F4_P20_C50_S7000_1788151169687,0.0,0.0,0.0,0.0,0.0,0.0,0.0,0.0,0.0,0.0,0.0,97.51203702218586,88.56596642199096,0,PASS
CREATEORDER_V5_C2_F4_P20_C50_S7001,/Users/nischithacn/paper3-exactly-once/results/phase6/runs/CREATEORDER_V5_C2_F4_P20_C50_S7001/CREATEORDER_V5_C2_F4_P20_C50_S7001_1788381747986,0.0,0.0,0.0,0.0,0.0,0.0,0.0,0.0,0.0,0.0,0.0,97.56154974663167,88.53722853817769,0,PASS
CREATEORDER_V5_C2_F4_P20_C50_S7002,/Users/nischithacn/paper3-exactly-once/results/phase6/runs/CREATEORDER_V5_C2_F4_P20_C50_S7002/CREATEORDER_V5_C2_F4_P20_C50_S7002_1788386226136,0.0,0.0,0.0,0.0,0.0,0.0,0.0,0.0,0.0,0.0,0.0,100.30244303617384,90.82956892197335,0,PASS
CREATEORDER_V5_C2_F4_P20_C50_S7003,/Users/nischithacn/paper3-exactly-once/results/phase6/runs/CREATEORDER_V5_C2_F4_P20_C50_S7003/CREATEORDER_V5_C2_F4_P20_C50_S7003_1788389956727,0.0,0.0,0.0,0.0,0.0,0.0,0.0,0.0,0.0,0.0,0.0,97.58438658376522,91.58050916915376,0,PASS
CREATEORDER_V5_C2_F4_P20_C50_S7004,/Users/nischithacn/paper3-exactly-once/results/phase6/runs/CREATEORDER_V5_C2_F4_P20_C50_S7004/CREATEORDER_V5_C2_F4_P20_C50_S7004_1788393682752,0.0,0.0,0.0,0.0,0.0,0.0,0.0,0.0,0.0,0.0,0.0,97.42793855656457,91.42819714757812,0,PASS
CREATEORDER_V5_C2_F4_P20_C50_S7005,/Users/nischithacn/paper3-exactly-once/results/phase6/runs/CREATEORDER_V5_C2_F4_P20_C50_S7005/CREATEORDER_V5_C2_F4_P20_C50_S7005_1788397199168,0.0,0.0,0.0,0.0,0.0,0.0,0.0,0.0,0.0,0.0,0.0,98.1887244430454,91.51283108901836,0,PASS
CREATEORDER_V5_C2_F4_P20_C50_S7006,/Users/nischithacn/paper3-exactly-once/results/phase6/runs/CREATEORDER_V5_C2_F4_P20_C50_S7006/CREATEORDER_V5_C2_F4_P20_C50_S7006_1788405043113,0.0,0.0,0.0,0.0,0.0,0.0,0.0,0.0,0.0,0.0,0.0,97.414677587372,88.47950556459891,0,PASS
CREATEORDER_V5_C2_F4_P20_C50_S7007,/Users/nischithacn/paper3-exactly-once/results/phase6/runs/CREATEORDER_V5_C2_F4_P20_C50_S7007/CREATEORDER_V5_C2_F4_P20_C50_S7007_1788410412622,0.0,0.0,0.0,0.0,0.0,0.0,0.0,0.0,0.0,0.0,0.0,101.13760393393196,91.50503918858881,0,PASS
CREATEORDER_V5_C2_F4_P20_C50_S7008,/Users/nischithacn/paper3-exactly-once/results/phase6/runs/CREATEORDER_V5_C2_F4_P20_C50_S7008/CREATEORDER_V5_C2_F4_P20_C50_S7008_1788415159801,0.0,0.0,0.0,0.0,0.0,0.0,0.0,0.0,0.0,0.0,0.0,97.30794733661699,88.38566572953253,0,PASS
CREATEORDER_V5_C2_F4_P20_C50_S7009,/Users/nischithacn/paper3-exactly-once/results/phase6/runs/CREATEORDER_V5_C2_F4_P20_C50_S7009/CREATEORDER_V5_C2_F4_P20_C50_S7009_1788418707025,0.0,0.0,0.0,0.0,0.0,0.0,0.0,0.0,0.0,0.0,0.0,97.57807507635931,91.54021088877616,0,PASS
CREATEORDER_V5_C2_F4_P5_C10_S7000,/Users/nischithacn/paper3-exactly-once/results/phase6/runs/CREATEORDER_V5_C2_F4_P5_C10_S7000/CREATEORDER_V5_C2_F4_P5_C10_S7000_1788150261854,0.0,0.0,0.0,0.0,0.0,0.0,0.0,0.0,0.0,0.0,0.0,85.74171207884905,78.00680681878119,0,PASS
CREATEORDER_V5_C2_F4_P5_C10_S7001,/Users/nischithacn/paper3-exactly-once/results/phase6/runs/CREATEORDER_V5_C2_F4_P5_C10_S7001/CREATEORDER_V5_C2_F4_P5_C10_S7001_1788380847734,0.0,0.0,0.0,0.0,0.0,0.0,0.0,0.0,0.0,0.0,0.0,91.05334278465392,83.70216140814222,0,PASS
CREATEORDER_V5_C2_F4_P5_C10_S7002,/Users/nischithacn/paper3-exactly-once/results/phase6/runs/CREATEORDER_V5_C2_F4_P5_C10_S7002/CREATEORDER_V5_C2_F4_P5_C10_S7002_1788385327217,0.0,0.0,0.0,0.0,0.0,0.0,0.0,0.0,0.0,0.0,0.0,90.93771901780636,83.01149627674606,0,PASS
CREATEORDER_V5_C2_F4_P5_C10_S7003,/Users/nischithacn/paper3-exactly-once/results/phase6/runs/CREATEORDER_V5_C2_F4_P5_C10_S7003/CREATEORDER_V5_C2_F4_P5_C10_S7003_1788389036524,0.0,0.0,0.0,0.0,0.0,0.0,0.0,0.0,0.0,0.0,0.0,92.56180301313485,84.03654760656265,0,PASS
CREATEORDER_V5_C2_F4_P5_C10_S7004,/Users/nischithacn/paper3-exactly-once/results/phase6/runs/CREATEORDER_V5_C2_F4_P5_C10_S7004/CREATEORDER_V5_C2_F4_P5_C10_S7004_1788392773497,0.0,0.0,0.0,0.0,0.0,0.0,0.0,0.0,0.0,0.0,0.0,85.26341497387823,77.74737664997393,0,PASS
CREATEORDER_V5_C2_F4_P5_C10_S7005,/Users/nischithacn/paper3-exactly-once/results/phase6/runs/CREATEORDER_V5_C2_F4_P5_C10_S7005/CREATEORDER_V5_C2_F4_P5_C10_S7005_1788396298302,0.0,0.0,0.0,0.0,0.0,0.0,0.0,0.0,0.0,0.0,0.0,95.23587286116874,86.11849972694674,0,PASS
CREATEORDER_V5_C2_F4_P5_C10_S7006,/Users/nischithacn/paper3-exactly-once/results/phase6/runs/CREATEORDER_V5_C2_F4_P5_C10_S7006/CREATEORDER_V5_C2_F4_P5_C10_S7006_1788404148204,0.0,0.0,0.0,0.0,0.0,0.0,0.0,0.0,0.0,0.0,0.0,90.85415622916018,82.2876397991223,0,PASS
CREATEORDER_V5_C2_F4_P5_C10_S7007,/Users/nischithacn/paper3-exactly-once/results/phase6/runs/CREATEORDER_V5_C2_F4_P5_C10_S7007/CREATEORDER_V5_C2_F4_P5_C10_S7007_1788409508478,0.0,0.0,0.0,0.0,0.0,0.0,0.0,0.0,0.0,0.0,0.0,93.33042583622262,85.28319787592316,0,PASS
CREATEORDER_V5_C2_F4_P5_C10_S7008,/Users/nischithacn/paper3-exactly-once/results/phase6/runs/CREATEORDER_V5_C2_F4_P5_C10_S7008/CREATEORDER_V5_C2_F4_P5_C10_S7008_1788414261745,0.0,0.0,0.0,0.0,0.0,0.0,0.0,0.0,0.0,0.0,0.0,99.45193436376817,91.05403817880912,0,PASS
CREATEORDER_V5_C2_F4_P5_C10_S7009,/Users/nischithacn/paper3-exactly-once/results/phase6/runs/CREATEORDER_V5_C2_F4_P5_C10_S7009/CREATEORDER_V5_C2_F4_P5_C10_S7009_1788417791067,0.0,0.0,0.0,0.0,0.0,0.0,0.0,0.0,0.0,0.0,0.0,91.18262627378945,82.80066136548159,0,PASS
CREATEORDER_V5_C2_F4_P5_C50_S7000,/Users/nischithacn/paper3-exactly-once/results/phase6/runs/CREATEORDER_V5_C2_F4_P5_C50_S7000/CREATEORDER_V5_C2_F4_P5_C50_S7000_1788150390600,0.0,0.0,0.0,0.0,0.0,0.0,0.0,0.0,0.0,0.0,0.0,358.7201897353714,343.8941638371793,0,PASS
CREATEORDER_V5_C2_F4_P5_C50_S7001,/Users/nischithacn/paper3-exactly-once/results/phase6/runs/CREATEORDER_V5_C2_F4_P5_C50_S7001/CREATEORDER_V5_C2_F4_P5_C50_S7001_1788380967741,0.0,0.0,0.0,0.0,0.0,0.0,0.0,0.0,0.0,0.0,0.0,397.96348927807605,360.669339674256,0,PASS
CREATEORDER_V5_C2_F4_P5_C50_S7002,/Users/nischithacn/paper3-exactly-once/results/phase6/runs/CREATEORDER_V5_C2_F4_P5_C50_S7002/CREATEORDER_V5_C2_F4_P5_C50_S7002_1788385448214,0.0,0.0,0.0,0.0,0.0,0.0,0.0,0.0,0.0,0.0,0.0,394.9329648940493,358.6523328433788,0,PASS
CREATEORDER_V5_C2_F4_P5_C50_S7003,/Users/nischithacn/paper3-exactly-once/results/phase6/runs/CREATEORDER_V5_C2_F4_P5_C50_S7003/CREATEORDER_V5_C2_F4_P5_C50_S7003_1788389156051,0.0,0.0,0.0,0.0,0.0,0.0,0.0,0.0,0.0,0.0,0.0,378.9752711078331,346.49212395561966,0,PASS
CREATEORDER_V5_C2_F4_P5_C50_S7004,/Users/nischithacn/paper3-exactly-once/results/phase6/runs/CREATEORDER_V5_C2_F4_P5_C50_S7004/CREATEORDER_V5_C2_F4_P5_C50_S7004_1788392902653,0.0,0.0,0.0,0.0,0.0,0.0,0.0,0.0,0.0,0.0,0.0,378.18557566443104,343.7429833959668,0,PASS
CREATEORDER_V5_C2_F4_P5_C50_S7005,/Users/nischithacn/paper3-exactly-once/results/phase6/runs/CREATEORDER_V5_C2_F4_P5_C50_S7005/CREATEORDER_V5_C2_F4_P5_C50_S7005_1788396422008,0.0,0.0,0.0,0.0,0.0,0.0,0.0,0.0,0.0,0.0,0.0,358.4177493789756,343.94227882752295,0,PASS
CREATEORDER_V5_C2_F4_P5_C50_S7006,/Users/nischithacn/paper3-exactly-once/results/phase6/runs/CREATEORDER_V5_C2_F4_P5_C50_S7006/CREATEORDER_V5_C2_F4_P5_C50_S7006_1788404270278,0.0,0.0,0.0,0.0,0.0,0.0,0.0,0.0,0.0,0.0,0.0,383.89522664180356,349.85376438554636,0,PASS
CREATEORDER_V5_C2_F4_P5_C50_S7007,/Users/nischithacn/paper3-exactly-once/results/phase6/runs/CREATEORDER_V5_C2_F4_P5_C50_S7007/CREATEORDER_V5_C2_F4_P5_C50_S7007_1788409626274,0.0,0.0,0.0,0.0,0.0,0.0,0.0,0.0,0.0,0.0,0.0,371.07416024545813,337.41055668401043,0,PASS
CREATEORDER_V5_C2_F4_P5_C50_S7008,/Users/nischithacn/paper3-exactly-once/results/phase6/runs/CREATEORDER_V5_C2_F4_P5_C50_S7008/CREATEORDER_V5_C2_F4_P5_C50_S7008_1788414372095,0.0,0.0,0.0,0.0,0.0,0.0,0.0,0.0,0.0,0.0,0.0,373.9229721729826,357.4586210273216,0,PASS
CREATEORDER_V5_C2_F4_P5_C50_S7009,/Users/nischithacn/paper3-exactly-once/results/phase6/runs/CREATEORDER_V5_C2_F4_P5_C50_S7009/CREATEORDER_V5_C2_F4_P5_C50_S7009_1788417912373,0.0,0.0,0.0,0.0,0.0,0.0,0.0,0.0,0.0,0.0,0.0,388.0553632895295,351.8439615839072,0,PASS
CREATEORDER_V5_C2_F5_P0_C50_FAN10_S7000,/Users/nischithacn/paper3-exactly-once/results/phase6/runs/CREATEORDER_V5_C2_F5_P0_C50_FAN10_S7000/CREATEORDER_V5_C2_F5_P0_C50_FAN10_S7000_1788592369581,0.0,0.0,0.0,0.0,0.0,0.0,0.0,0.0,0.0,0.0,0.0,723.5859590679115,644.6987774913204,0,PASS
CREATEORDER_V5_C2_F5_P0_C50_FAN10_S7001,/Users/nischithacn/paper3-exactly-once/results/phase6/runs/CREATEORDER_V5_C2_F5_P0_C50_FAN10_S7001/CREATEORDER_V5_C2_F5_P0_C50_FAN10_S7001_1788592717735,0.0,0.0,0.0,0.0,0.0,0.0,0.0,0.0,0.0,0.0,0.0,717.7862516280366,643.2482979003437,0,PASS
CREATEORDER_V5_C2_F5_P0_C50_FAN10_S7002,/Users/nischithacn/paper3-exactly-once/results/phase6/runs/CREATEORDER_V5_C2_F5_P0_C50_FAN10_S7002/CREATEORDER_V5_C2_F5_P0_C50_FAN10_S7002_1788593065770,0.0,0.0,0.0,0.0,0.0,0.0,0.0,0.0,0.0,0.0,0.0,659.1402413777654,593.6566034351204,0,PASS
CREATEORDER_V5_C2_F5_P0_C50_FAN10_S7003,/Users/nischithacn/paper3-exactly-once/results/phase6/runs/CREATEORDER_V5_C2_F5_P0_C50_FAN10_S7003/CREATEORDER_V5_C2_F5_P0_C50_FAN10_S7003_1788593424272,0.0,0.0,0.0,0.0,0.0,0.0,0.0,0.0,0.0,0.0,0.0,682.3023056860424,612.725801542914,0,PASS
CREATEORDER_V5_C2_F5_P0_C50_FAN10_S7004,/Users/nischithacn/paper3-exactly-once/results/phase6/runs/CREATEORDER_V5_C2_F5_P0_C50_FAN10_S7004/CREATEORDER_V5_C2_F5_P0_C50_FAN10_S7004_1788593759980,0.0,0.0,0.0,0.0,0.0,0.0,0.0,0.0,0.0,0.0,0.0,644.4315089479298,581.2617268571944,0,PASS
CREATEORDER_V5_C2_F5_P0_C50_FAN10_S7005,/Users/nischithacn/paper3-exactly-once/results/phase6/runs/CREATEORDER_V5_C2_F5_P0_C50_FAN10_S7005/CREATEORDER_V5_C2_F5_P0_C50_FAN10_S7005_1788594123044,0.0,0.0,0.0,0.0,0.0,0.0,0.0,0.0,0.0,0.0,0.0,650.8836494018093,586.1442414034915,0,PASS
CREATEORDER_V5_C2_F5_P0_C50_FAN10_S7006,/Users/nischithacn/paper3-exactly-once/results/phase6/runs/CREATEORDER_V5_C2_F5_P0_C50_FAN10_S7006/CREATEORDER_V5_C2_F5_P0_C50_FAN10_S7006_1788594489865,0.0,0.0,0.0,0.0,0.0,0.0,0.0,0.0,0.0,0.0,0.0,668.1476358431753,604.6425890758575,0,PASS
CREATEORDER_V5_C2_F5_P0_C50_FAN10_S7007,/Users/nischithacn/paper3-exactly-once/results/phase6/runs/CREATEORDER_V5_C2_F5_P0_C50_FAN10_S7007/CREATEORDER_V5_C2_F5_P0_C50_FAN10_S7007_1788594850936,0.0,0.0,0.0,0.0,0.0,0.0,0.0,0.0,0.0,0.0,0.0,635.4676965365642,574.3863587402908,0,PASS
CREATEORDER_V5_C2_F5_P0_C50_FAN10_S7008,/Users/nischithacn/paper3-exactly-once/results/phase6/runs/CREATEORDER_V5_C2_F5_P0_C50_FAN10_S7008/CREATEORDER_V5_C2_F5_P0_C50_FAN10_S7008_1788595220599,0.0,0.0,0.0,0.0,0.0,0.0,0.0,0.0,0.0,0.0,0.0,655.4280723499518,585.4962377753191,0,PASS
CREATEORDER_V5_C2_F5_P0_C50_FAN10_S7009,/Users/nischithacn/paper3-exactly-once/results/phase6/runs/CREATEORDER_V5_C2_F5_P0_C50_FAN10_S7009/CREATEORDER_V5_C2_F5_P0_C50_FAN10_S7009_1788595564457,0.0,0.0,0.0,0.0,0.0,0.0,0.0,0.0,0.0,0.0,0.0,632.5698428877661,568.9927890342715,0,PASS
CREATEORDER_V5_C2_F5_P0_C50_FAN2_S7000,/Users/nischithacn/paper3-exactly-once/results/phase6/runs/CREATEORDER_V5_C2_F5_P0_C50_FAN2_S7000/CREATEORDER_V5_C2_F5_P0_C50_FAN2_S7000_1788592337395,0.0,0.0,0.0,0.0,0.0,0.0,0.0,0.0,0.0,0.0,0.0,727.1165662975284,650.7741572076967,0,PASS
CREATEORDER_V5_C2_F5_P0_C50_FAN2_S7001,/Users/nischithacn/paper3-exactly-once/results/phase6/runs/CREATEORDER_V5_C2_F5_P0_C50_FAN2_S7001/CREATEORDER_V5_C2_F5_P0_C50_FAN2_S7001_1788592677287,0.0,0.0,0.0,0.0,0.0,0.0,0.0,0.0,0.0,0.0,0.0,704.4494498420142,631.6917441207338,0,PASS
CREATEORDER_V5_C2_F5_P0_C50_FAN2_S7002,/Users/nischithacn/paper3-exactly-once/results/phase6/runs/CREATEORDER_V5_C2_F5_P0_C50_FAN2_S7002/CREATEORDER_V5_C2_F5_P0_C50_FAN2_S7002_1788593032080,0.0,0.0,0.0,0.0,0.0,0.0,0.0,0.0,0.0,0.0,0.0,695.5954585320159,621.3737491907838,0,PASS
CREATEORDER_V5_C2_F5_P0_C50_FAN2_S7003,/Users/nischithacn/paper3-exactly-once/results/phase6/runs/CREATEORDER_V5_C2_F5_P0_C50_FAN2_S7003/CREATEORDER_V5_C2_F5_P0_C50_FAN2_S7003_1788593363215,0.0,0.0,0.0,0.0,0.0,0.0,0.0,0.0,0.0,0.0,0.0,649.0491832360674,585.9752231755543,0,PASS
CREATEORDER_V5_C2_F5_P0_C50_FAN2_S7004,/Users/nischithacn/paper3-exactly-once/results/phase6/runs/CREATEORDER_V5_C2_F5_P0_C50_FAN2_S7004/CREATEORDER_V5_C2_F5_P0_C50_FAN2_S7004_1788593724444,0.0,0.0,0.0,0.0,0.0,0.0,0.0,0.0,0.0,0.0,0.0,651.2621870870466,588.1537893576813,0,PASS
CREATEORDER_V5_C2_F5_P0_C50_FAN2_S7005,/Users/nischithacn/paper3-exactly-once/results/phase6/runs/CREATEORDER_V5_C2_F5_P0_C50_FAN2_S7005/CREATEORDER_V5_C2_F5_P0_C50_FAN2_S7005_1788594088205,0.0,0.0,0.0,0.0,0.0,0.0,0.0,0.0,0.0,0.0,0.0,667.0870250878271,605.0171209310553,0,PASS
CREATEORDER_V5_C2_F5_P0_C50_FAN2_S7006,/Users/nischithacn/paper3-exactly-once/results/phase6/runs/CREATEORDER_V5_C2_F5_P0_C50_FAN2_S7006/CREATEORDER_V5_C2_F5_P0_C50_FAN2_S7006_1788594447150,0.0,0.0,0.0,0.0,0.0,0.0,0.0,0.0,0.0,0.0,0.0,641.2996749714765,577.8162789273277,0,PASS
CREATEORDER_V5_C2_F5_P0_C50_FAN2_S7007,/Users/nischithacn/paper3-exactly-once/results/phase6/runs/CREATEORDER_V5_C2_F5_P0_C50_FAN2_S7007/CREATEORDER_V5_C2_F5_P0_C50_FAN2_S7007_1788594816092,0.0,0.0,0.0,0.0,0.0,0.0,0.0,0.0,0.0,0.0,0.0,674.8435233514091,602.0928891365926,0,PASS
CREATEORDER_V5_C2_F5_P0_C50_FAN2_S7008,/Users/nischithacn/paper3-exactly-once/results/phase6/runs/CREATEORDER_V5_C2_F5_P0_C50_FAN2_S7008/CREATEORDER_V5_C2_F5_P0_C50_FAN2_S7008_1788595158938,0.0,0.0,0.0,0.0,0.0,0.0,0.0,0.0,0.0,0.0,0.0,637.8004953194402,570.6831877951769,0,PASS
CREATEORDER_V5_C2_F5_P0_C50_FAN2_S7009,/Users/nischithacn/paper3-exactly-once/results/phase6/runs/CREATEORDER_V5_C2_F5_P0_C50_FAN2_S7009/CREATEORDER_V5_C2_F5_P0_C50_FAN2_S7009_1788595528286,0.0,0.0,0.0,0.0,0.0,0.0,0.0,0.0,0.0,0.0,0.0,642.379655126858,578.9019261047847,0,PASS
CREATEORDER_V5_C2_F5_P0_C50_FAN5_S7000,/Users/nischithacn/paper3-exactly-once/results/phase6/runs/CREATEORDER_V5_C2_F5_P0_C50_FAN5_S7000/CREATEORDER_V5_C2_F5_P0_C50_FAN5_S7000_1788592353476,0.0,0.0,0.0,0.0,0.0,0.0,0.0,0.0,0.0,0.0,0.0,730.9316770792484,649.7348394109448,0,PASS
CREATEORDER_V5_C2_F5_P0_C50_FAN5_S7001,/Users/nischithacn/paper3-exactly-once/results/phase6/runs/CREATEORDER_V5_C2_F5_P0_C50_FAN5_S7001/CREATEORDER_V5_C2_F5_P0_C50_FAN5_S7001_1788592693829,0.0,0.0,0.0,0.0,0.0,0.0,0.0,0.0,0.0,0.0,0.0,673.7699641690879,602.8410959788139,0,PASS
CREATEORDER_V5_C2_F5_P0_C50_FAN5_S7002,/Users/nischithacn/paper3-exactly-once/results/phase6/runs/CREATEORDER_V5_C2_F5_P0_C50_FAN5_S7002/CREATEORDER_V5_C2_F5_P0_C50_FAN5_S7002_1788593048868,0.0,0.0,0.0,0.0,0.0,0.0,0.0,0.0,0.0,0.0,0.0,688.6210079889516,617.0565610661353,0,PASS
CREATEORDER_V5_C2_F5_P0_C50_FAN5_S7003,/Users/nischithacn/paper3-exactly-once/results/phase6/runs/CREATEORDER_V5_C2_F5_P0_C50_FAN5_S7003/CREATEORDER_V5_C2_F5_P0_C50_FAN5_S7003_1788593402084,0.0,0.0,0.0,0.0,0.0,0.0,0.0,0.0,0.0,0.0,0.0,559.4384029668734,465.0896303252299,0,PASS
CREATEORDER_V5_C2_F5_P0_C50_FAN5_S7004,/Users/nischithacn/paper3-exactly-once/results/phase6/runs/CREATEORDER_V5_C2_F5_P0_C50_FAN5_S7004/CREATEORDER_V5_C2_F5_P0_C50_FAN5_S7004_1788593742148,0.0,0.0,0.0,0.0,0.0,0.0,0.0,0.0,0.0,0.0,0.0,647.5218192012676,583.3746816881389,0,PASS
CREATEORDER_V5_C2_F5_P0_C50_FAN5_S7005,/Users/nischithacn/paper3-exactly-once/results/phase6/runs/CREATEORDER_V5_C2_F5_P0_C50_FAN5_S7005/CREATEORDER_V5_C2_F5_P0_C50_FAN5_S7005_1788594105440,0.0,0.0,0.0,0.0,0.0,0.0,0.0,0.0,0.0,0.0,0.0,656.2926841954004,591.2589975971166,0,PASS
CREATEORDER_V5_C2_F5_P0_C50_FAN5_S7006,/Users/nischithacn/paper3-exactly-once/results/phase6/runs/CREATEORDER_V5_C2_F5_P0_C50_FAN5_S7006/CREATEORDER_V5_C2_F5_P0_C50_FAN5_S7006_1788594465169,0.0,0.0,0.0,0.0,0.0,0.0,0.0,0.0,0.0,0.0,0.0,637.95796213457,575.438387376856,0,PASS
CREATEORDER_V5_C2_F5_P0_C50_FAN5_S7007,/Users/nischithacn/paper3-exactly-once/results/phase6/runs/CREATEORDER_V5_C2_F5_P0_C50_FAN5_S7007/CREATEORDER_V5_C2_F5_P0_C50_FAN5_S7007_1788594833394,0.0,0.0,0.0,0.0,0.0,0.0,0.0,0.0,0.0,0.0,0.0,661.8711470675403,594.2224400722502,0,PASS
CREATEORDER_V5_C2_F5_P0_C50_FAN5_S7008,/Users/nischithacn/paper3-exactly-once/results/phase6/runs/CREATEORDER_V5_C2_F5_P0_C50_FAN5_S7008/CREATEORDER_V5_C2_F5_P0_C50_FAN5_S7008_1788595197552,0.0,0.0,0.0,0.0,0.0,0.0,0.0,0.0,0.0,0.0,0.0,532.7658158532273,447.62374907087985,0,PASS
CREATEORDER_V5_C2_F5_P0_C50_FAN5_S7009,/Users/nischithacn/paper3-exactly-once/results/phase6/runs/CREATEORDER_V5_C2_F5_P0_C50_FAN5_S7009/CREATEORDER_V5_C2_F5_P0_C50_FAN5_S7009_1788595546257,0.0,0.0,0.0,0.0,0.0,0.0,0.0,0.0,0.0,0.0,0.0,637.8343840870365,572.035315888039,0,PASS
CREATEORDER_V5_C2_F6_P0_C50_FAN10_S7000,/Users/nischithacn/paper3-exactly-once/results/phase6/runs/CREATEORDER_V5_C2_F6_P0_C50_FAN10_S7000/CREATEORDER_V5_C2_F6_P0_C50_FAN10_S7000_1788623758477,0.0,0.0,0.0,0.0,0.0,0.0,0.0,0.0,0.0,0.0,0.0,90.46803697719328,82.93892018552673,0,PASS
CREATEORDER_V5_C2_F6_P0_C50_FAN10_S7001,/Users/nischithacn/paper3-exactly-once/results/phase6/runs/CREATEORDER_V5_C2_F6_P0_C50_FAN10_S7001/CREATEORDER_V5_C2_F6_P0_C50_FAN10_S7001_1788625147388,0.0,0.0,0.0,0.0,0.0,0.0,0.0,0.0,0.0,0.0,0.0,85.59597306217726,77.96983336769625,0,PASS
CREATEORDER_V5_C2_F6_P0_C50_FAN10_S7002,/Users/nischithacn/paper3-exactly-once/results/phase6/runs/CREATEORDER_V5_C2_F6_P0_C50_FAN10_S7002/CREATEORDER_V5_C2_F6_P0_C50_FAN10_S7002_1788626608884,0.0,0.0,0.0,0.0,0.0,0.0,0.0,0.0,0.0,0.0,0.0,83.49835106491581,76.14387551192061,0,PASS
CREATEORDER_V5_C2_F6_P0_C50_FAN10_S7003,/Users/nischithacn/paper3-exactly-once/results/phase6/runs/CREATEORDER_V5_C2_F6_P0_C50_FAN10_S7003/CREATEORDER_V5_C2_F6_P0_C50_FAN10_S7003_1788628144749,0.0,0.0,0.0,0.0,0.0,0.0,0.0,0.0,0.0,0.0,0.0,81.22241478646774,73.73426667820523,0,PASS
CREATEORDER_V5_C2_F6_P0_C50_FAN10_S7004,/Users/nischithacn/paper3-exactly-once/results/phase6/runs/CREATEORDER_V5_C2_F6_P0_C50_FAN10_S7004/CREATEORDER_V5_C2_F6_P0_C50_FAN10_S7004_1788629689775,0.0,0.0,0.0,0.0,0.0,0.0,0.0,0.0,0.0,0.0,0.0,78.30010172693666,71.27916466289268,0,PASS
CREATEORDER_V5_C2_F6_P0_C50_FAN10_S7005,/Users/nischithacn/paper3-exactly-once/results/phase6/runs/CREATEORDER_V5_C2_F6_P0_C50_FAN10_S7005/CREATEORDER_V5_C2_F6_P0_C50_FAN10_S7005_1788631271258,0.0,0.0,0.0,0.0,0.0,0.0,0.0,0.0,0.0,0.0,0.0,78.48076120716009,69.64076950029761,0,PASS
CREATEORDER_V5_C2_F6_P0_C50_FAN10_S7006,/Users/nischithacn/paper3-exactly-once/results/phase6/runs/CREATEORDER_V5_C2_F6_P0_C50_FAN10_S7006/CREATEORDER_V5_C2_F6_P0_C50_FAN10_S7006_1788643682726,0.0,0.0,0.0,0.0,0.0,0.0,0.0,0.0,0.0,0.0,0.0,84.79215334893046,77.35495390091404,0,PASS
CREATEORDER_V5_C2_F6_P0_C50_FAN10_S7007,/Users/nischithacn/paper3-exactly-once/results/phase6/runs/CREATEORDER_V5_C2_F6_P0_C50_FAN10_S7007/CREATEORDER_V5_C2_F6_P0_C50_FAN10_S7007_1788645255625,0.0,0.0,0.0,0.0,0.0,0.0,0.0,0.0,0.0,0.0,0.0,86.75350275232636,79.15762671503168,0,PASS
CREATEORDER_V5_C2_F6_P0_C50_FAN10_S7008,/Users/nischithacn/paper3-exactly-once/results/phase6/runs/CREATEORDER_V5_C2_F6_P0_C50_FAN10_S7008/CREATEORDER_V5_C2_F6_P0_C50_FAN10_S7008_1788646740940,0.0,0.0,0.0,0.0,0.0,0.0,0.0,0.0,0.0,0.0,0.0,80.08450766266218,73.10478054646607,0,PASS
CREATEORDER_V5_C2_F6_P0_C50_FAN10_S7009,/Users/nischithacn/paper3-exactly-once/results/phase6/runs/CREATEORDER_V5_C2_F6_P0_C50_FAN10_S7009/CREATEORDER_V5_C2_F6_P0_C50_FAN10_S7009_1788648309584,0.0,0.0,0.0,0.0,0.0,0.0,0.0,0.0,0.0,0.0,0.0,80.73823694884959,73.56237085940626,0,PASS
CREATEORDER_V5_C2_F6_P0_C50_FAN2_S7000,/Users/nischithacn/paper3-exactly-once/results/phase6/runs/CREATEORDER_V5_C2_F6_P0_C50_FAN2_S7000/CREATEORDER_V5_C2_F6_P0_C50_FAN2_S7000_1788622370575,0.0,0.0,0.0,0.0,0.0,0.0,0.0,0.0,0.0,0.0,0.0,335.3941841474083,309.6516205909191,0,PASS
CREATEORDER_V5_C2_F6_P0_C50_FAN2_S7001,/Users/nischithacn/paper3-exactly-once/results/phase6/runs/CREATEORDER_V5_C2_F6_P0_C50_FAN2_S7001/CREATEORDER_V5_C2_F6_P0_C50_FAN2_S7001_1788625046885,0.0,0.0,0.0,0.0,0.0,0.0,0.0,0.0,0.0,0.0,0.0,366.67077312829883,334.03824310944543,0,PASS
CREATEORDER_V5_C2_F6_P0_C50_FAN2_S7002,/Users/nischithacn/paper3-exactly-once/results/phase6/runs/CREATEORDER_V5_C2_F6_P0_C50_FAN2_S7002/CREATEORDER_V5_C2_F6_P0_C50_FAN2_S7002_1788626502364,0.0,0.0,0.0,0.0,0.0,0.0,0.0,0.0,0.0,0.0,0.0,357.44721249945087,326.9035020253454,0,PASS
CREATEORDER_V5_C2_F6_P0_C50_FAN2_S7003,/Users/nischithacn/paper3-exactly-once/results/phase6/runs/CREATEORDER_V5_C2_F6_P0_C50_FAN2_S7003/CREATEORDER_V5_C2_F6_P0_C50_FAN2_S7003_1788628039680,0.0,0.0,0.0,0.0,0.0,0.0,0.0,0.0,0.0,0.0,0.0,347.8738688169497,316.5425947114306,0,PASS
CREATEORDER_V5_C2_F6_P0_C50_FAN2_S7004,/Users/nischithacn/paper3-exactly-once/results/phase6/runs/CREATEORDER_V5_C2_F6_P0_C50_FAN2_S7004/CREATEORDER_V5_C2_F6_P0_C50_FAN2_S7004_1788629578135,0.0,0.0,0.0,0.0,0.0,0.0,0.0,0.0,0.0,0.0,0.0,312.1343069114297,268.7519038417203,0,PASS
CREATEORDER_V5_C2_F6_P0_C50_FAN2_S7005,/Users/nischithacn/paper3-exactly-once/results/phase6/runs/CREATEORDER_V5_C2_F6_P0_C50_FAN2_S7005/CREATEORDER_V5_C2_F6_P0_C50_FAN2_S7005_1788631140456,0.0,0.0,0.0,0.0,0.0,0.0,0.0,0.0,0.0,0.0,0.0,336.91737961217626,306.2135587376809,0,PASS
CREATEORDER_V5_C2_F6_P0_C50_FAN2_S7006,/Users/nischithacn/paper3-exactly-once/results/phase6/runs/CREATEORDER_V5_C2_F6_P0_C50_FAN2_S7006/CREATEORDER_V5_C2_F6_P0_C50_FAN2_S7006_1788643583674,0.0,0.0,0.0,0.0,0.0,0.0,0.0,0.0,0.0,0.0,0.0,394.38925750996856,333.6588512016508,0,PASS
CREATEORDER_V5_C2_F6_P0_C50_FAN2_S7007,/Users/nischithacn/paper3-exactly-once/results/phase6/runs/CREATEORDER_V5_C2_F6_P0_C50_FAN2_S7007/CREATEORDER_V5_C2_F6_P0_C50_FAN2_S7007_1788645152625,0.0,0.0,0.0,0.0,0.0,0.0,0.0,0.0,0.0,0.0,0.0,370.87230102412315,339.0129979349187,0,PASS
CREATEORDER_V5_C2_F6_P0_C50_FAN2_S7008,/Users/nischithacn/paper3-exactly-once/results/phase6/runs/CREATEORDER_V5_C2_F6_P0_C50_FAN2_S7008/CREATEORDER_V5_C2_F6_P0_C50_FAN2_S7008_1788646638307,0.0,0.0,0.0,0.0,0.0,0.0,0.0,0.0,0.0,0.0,0.0,357.6569258236803,325.5247641158445,0,PASS
CREATEORDER_V5_C2_F6_P0_C50_FAN2_S7009,/Users/nischithacn/paper3-exactly-once/results/phase6/runs/CREATEORDER_V5_C2_F6_P0_C50_FAN2_S7009/CREATEORDER_V5_C2_F6_P0_C50_FAN2_S7009_1788648191814,0.0,0.0,0.0,0.0,0.0,0.0,0.0,0.0,0.0,0.0,0.0,278.24472491478895,244.2496977367014,0,PASS
CREATEORDER_V5_C2_F6_P0_C50_FAN5_S7000,/Users/nischithacn/paper3-exactly-once/results/phase6/runs/CREATEORDER_V5_C2_F6_P0_C50_FAN5_S7000/CREATEORDER_V5_C2_F6_P0_C50_FAN5_S7000_1788622403590,0.0,0.0,0.0,0.0,0.0,0.0,0.0,0.0,0.0,0.0,0.0,165.4891073585719,151.6556152483608,0,PASS
CREATEORDER_V5_C2_F6_P0_C50_FAN5_S7001,/Users/nischithacn/paper3-exactly-once/results/phase6/runs/CREATEORDER_V5_C2_F6_P0_C50_FAN5_S7001/CREATEORDER_V5_C2_F6_P0_C50_FAN5_S7001_1788625077528,0.0,0.0,0.0,0.0,0.0,0.0,0.0,0.0,0.0,0.0,0.0,159.91890952694786,145.4419788467998,0,PASS
CREATEORDER_V5_C2_F6_P0_C50_FAN5_S7002,/Users/nischithacn/paper3-exactly-once/results/phase6/runs/CREATEORDER_V5_C2_F6_P0_C50_FAN5_S7002/CREATEORDER_V5_C2_F6_P0_C50_FAN5_S7002_1788626540721,0.0,0.0,0.0,0.0,0.0,0.0,0.0,0.0,0.0,0.0,0.0,162.3011869432068,149.11738752871858,0,PASS
CREATEORDER_V5_C2_F6_P0_C50_FAN5_S7003,/Users/nischithacn/paper3-exactly-once/results/phase6/runs/CREATEORDER_V5_C2_F6_P0_C50_FAN5_S7003/CREATEORDER_V5_C2_F6_P0_C50_FAN5_S7003_1788628072017,0.0,0.0,0.0,0.0,0.0,0.0,0.0,0.0,0.0,0.0,0.0,153.86907027218646,139.62097809003976,0,PASS
CREATEORDER_V5_C2_F6_P0_C50_FAN5_S7004,/Users/nischithacn/paper3-exactly-once/results/phase6/runs/CREATEORDER_V5_C2_F6_P0_C50_FAN5_S7004/CREATEORDER_V5_C2_F6_P0_C50_FAN5_S7004_1788629616085,0.0,0.0,0.0,0.0,0.0,0.0,0.0,0.0,0.0,0.0,0.0,151.76235627551762,137.8602313284127,0,PASS
CREATEORDER_V5_C2_F6_P0_C50_FAN5_S7005,/Users/nischithacn/paper3-exactly-once/results/phase6/runs/CREATEORDER_V5_C2_F6_P0_C50_FAN5_S7005/CREATEORDER_V5_C2_F6_P0_C50_FAN5_S7005_1788631173872,0.0,0.0,0.0,0.0,0.0,0.0,0.0,0.0,0.0,0.0,0.0,148.4148593014994,134.7103389227381,0,PASS
CREATEORDER_V5_C2_F6_P0_C50_FAN5_S7006,/Users/nischithacn/paper3-exactly-once/results/phase6/runs/CREATEORDER_V5_C2_F6_P0_C50_FAN5_S7006/CREATEORDER_V5_C2_F6_P0_C50_FAN5_S7006_1788643614381,0.0,0.0,0.0,0.0,0.0,0.0,0.0,0.0,0.0,0.0,0.0,164.38239770053767,148.6622397806752,0,PASS
CREATEORDER_V5_C2_F6_P0_C50_FAN5_S7007,/Users/nischithacn/paper3-exactly-once/results/phase6/runs/CREATEORDER_V5_C2_F6_P0_C50_FAN5_S7007/CREATEORDER_V5_C2_F6_P0_C50_FAN5_S7007_1788645189985,0.0,0.0,0.0,0.0,0.0,0.0,0.0,0.0,0.0,0.0,0.0,168.60469626923825,154.91082735864944,0,PASS
CREATEORDER_V5_C2_F6_P0_C50_FAN5_S7008,/Users/nischithacn/paper3-exactly-once/results/phase6/runs/CREATEORDER_V5_C2_F6_P0_C50_FAN5_S7008/CREATEORDER_V5_C2_F6_P0_C50_FAN5_S7008_1788646669765,0.0,0.0,0.0,0.0,0.0,0.0,0.0,0.0,0.0,0.0,0.0,157.13908780147804,142.69325725519317,0,PASS
CREATEORDER_V5_C2_F6_P0_C50_FAN5_S7009,/Users/nischithacn/paper3-exactly-once/results/phase6/runs/CREATEORDER_V5_C2_F6_P0_C50_FAN5_S7009/CREATEORDER_V5_C2_F6_P0_C50_FAN5_S7009_1788648233501,0.0,0.0,0.0,0.0,0.0,0.0,0.0,0.0,0.0,0.0,0.0,147.15773317606164,133.40333627739793,0,PASS
CREATEORDER_V5_C2_F7_P10_C50_S7000,/Users/nischithacn/paper3-exactly-once/results/phase6/runs/CREATEORDER_V5_C2_F7_P10_C50_S7000/CREATEORDER_V5_C2_F7_P10_C50_S7000_1788677167785,0.0,0.0,0.0,0.0,0.0,0.0,0.0,0.0,0.0,0.0,0.0,930.7101251792053,815.5617027849667,0,PASS
CREATEORDER_V5_C2_F7_P10_C50_S7001,/Users/nischithacn/paper3-exactly-once/results/phase6/runs/CREATEORDER_V5_C2_F7_P10_C50_S7001/CREATEORDER_V5_C2_F7_P10_C50_S7001_1788677409560,0.0,0.0,0.0,0.0,0.0,0.0,0.0,0.0,0.0,0.0,0.0,924.0032453647159,804.6345123437603,0,PASS
CREATEORDER_V5_C2_F7_P10_C50_S7002,/Users/nischithacn/paper3-exactly-once/results/phase6/runs/CREATEORDER_V5_C2_F7_P10_C50_S7002/CREATEORDER_V5_C2_F7_P10_C50_S7002_1788677645633,0.0,0.0,0.0,0.0,0.0,0.0,0.0,0.0,0.0,0.0,0.0,870.2006229305188,765.4647344529941,0,PASS
CREATEORDER_V5_C2_F7_P10_C50_S7003,/Users/nischithacn/paper3-exactly-once/results/phase6/runs/CREATEORDER_V5_C2_F7_P10_C50_S7003/CREATEORDER_V5_C2_F7_P10_C50_S7003_1788677892323,0.0,0.0,0.0,0.0,0.0,0.0,0.0,0.0,0.0,0.0,0.0,903.1310558983608,787.1273138322194,0,PASS
CREATEORDER_V5_C2_F7_P10_C50_S7004,/Users/nischithacn/paper3-exactly-once/results/phase6/runs/CREATEORDER_V5_C2_F7_P10_C50_S7004/CREATEORDER_V5_C2_F7_P10_C50_S7004_1788678115094,0.0,0.0,0.0,0.0,0.0,0.0,0.0,0.0,0.0,0.0,0.0,831.0198452136617,732.5063818092833,0,PASS
CREATEORDER_V5_C2_F7_P10_C50_S7005,/Users/nischithacn/paper3-exactly-once/results/phase6/runs/CREATEORDER_V5_C2_F7_P10_C50_S7005/CREATEORDER_V5_C2_F7_P10_C50_S7005_1788678366601,0.0,0.0,0.0,0.0,0.0,0.0,0.0,0.0,0.0,0.0,0.0,903.761835292186,799.0303667254987,0,PASS
CREATEORDER_V5_C2_F7_P10_C50_S7006,/Users/nischithacn/paper3-exactly-once/results/phase6/runs/CREATEORDER_V5_C2_F7_P10_C50_S7006/CREATEORDER_V5_C2_F7_P10_C50_S7006_1788678620683,0.0,0.0,0.0,0.0,0.0,0.0,0.0,0.0,0.0,0.0,0.0,863.0065140541144,766.8710416968613,0,PASS
CREATEORDER_V5_C2_F7_P10_C50_S7007,/Users/nischithacn/paper3-exactly-once/results/phase6/runs/CREATEORDER_V5_C2_F7_P10_C50_S7007/CREATEORDER_V5_C2_F7_P10_C50_S7007_1788678866884,0.0,0.0,0.0,0.0,0.0,0.0,0.0,0.0,0.0,0.0,0.0,845.7485593523948,748.5661464098539,0,PASS
CREATEORDER_V5_C2_F7_P10_C50_S7008,/Users/nischithacn/paper3-exactly-once/results/phase6/runs/CREATEORDER_V5_C2_F7_P10_C50_S7008/CREATEORDER_V5_C2_F7_P10_C50_S7008_1788679122444,0.0,0.0,0.0,0.0,0.0,0.0,0.0,0.0,0.0,0.0,0.0,880.4429033122301,772.7921414246409,0,PASS
CREATEORDER_V5_C2_F7_P10_C50_S7009,/Users/nischithacn/paper3-exactly-once/results/phase6/runs/CREATEORDER_V5_C2_F7_P10_C50_S7009/CREATEORDER_V5_C2_F7_P10_C50_S7009_1788679351174,0.0,0.0,0.0,0.0,0.0,0.0,0.0,0.0,0.0,0.0,0.0,822.5066695867393,729.5283805193305,0,PASS
CREATEORDER_V5_C2_F8_P10_C10_S7000,/Users/nischithacn/paper3-exactly-once/results/phase6/runs/CREATEORDER_V5_C2_F8_P10_C10_S7000/CREATEORDER_V5_C2_F8_P10_C10_S7000_1788152741530,0.0,0.0,0.0,0.0,0.0,0.0,0.0,0.0,0.0,0.0,0.0,232.65393324276795,208.84144498564018,0,PASS
CREATEORDER_V5_C2_F8_P10_C10_S7001,/Users/nischithacn/paper3-exactly-once/results/phase6/runs/CREATEORDER_V5_C2_F8_P10_C10_S7001/CREATEORDER_V5_C2_F8_P10_C10_S7001_1788498289560,0.0,0.0,0.0,0.0,0.0,0.0,0.0,0.0,0.0,0.0,0.0,242.9050909216928,220.9125200001142,0,PASS
CREATEORDER_V5_C2_F8_P10_C10_S7002,/Users/nischithacn/paper3-exactly-once/results/phase6/runs/CREATEORDER_V5_C2_F8_P10_C10_S7002/CREATEORDER_V5_C2_F8_P10_C10_S7002_1788553919038,0.0,0.0,0.0,0.0,0.0,0.0,0.0,0.0,0.0,0.0,0.0,250.718081292811,226.78892482967868,0,PASS
CREATEORDER_V5_C2_F8_P10_C10_S7003,/Users/nischithacn/paper3-exactly-once/results/phase6/runs/CREATEORDER_V5_C2_F8_P10_C10_S7003/CREATEORDER_V5_C2_F8_P10_C10_S7003_1788559476339,0.0,0.0,0.0,0.0,0.0,0.0,0.0,0.0,0.0,0.0,0.0,244.28927407912371,217.10344854288,0,PASS
CREATEORDER_V5_C2_F8_P10_C10_S7004,/Users/nischithacn/paper3-exactly-once/results/phase6/runs/CREATEORDER_V5_C2_F8_P10_C10_S7004/CREATEORDER_V5_C2_F8_P10_C10_S7004_1788561211170,0.0,0.0,0.0,0.0,0.0,0.0,0.0,0.0,0.0,0.0,0.0,241.6852262646195,216.07121681556788,0,PASS
CREATEORDER_V5_C2_F8_P10_C10_S7005,/Users/nischithacn/paper3-exactly-once/results/phase6/runs/CREATEORDER_V5_C2_F8_P10_C10_S7005/CREATEORDER_V5_C2_F8_P10_C10_S7005_1788563326296,0.0,0.0,0.0,0.0,0.0,0.0,0.0,0.0,0.0,0.0,0.0,224.368224285887,205.41676584547415,0,PASS
CREATEORDER_V5_C2_F8_P10_C10_S7006,/Users/nischithacn/paper3-exactly-once/results/phase6/runs/CREATEORDER_V5_C2_F8_P10_C10_S7006/CREATEORDER_V5_C2_F8_P10_C10_S7006_1788568957938,0.0,0.0,0.0,0.0,0.0,0.0,0.0,0.0,0.0,0.0,0.0,240.30012949370496,218.1256812943191,0,PASS
CREATEORDER_V5_C2_F8_P10_C10_S7007,/Users/nischithacn/paper3-exactly-once/results/phase6/runs/CREATEORDER_V5_C2_F8_P10_C10_S7007/CREATEORDER_V5_C2_F8_P10_C10_S7007_1788570705681,0.0,0.0,0.0,0.0,0.0,0.0,0.0,0.0,0.0,0.0,0.0,252.4748157619715,226.79468596165646,0,PASS
CREATEORDER_V5_C2_F8_P10_C10_S7008,/Users/nischithacn/paper3-exactly-once/results/phase6/runs/CREATEORDER_V5_C2_F8_P10_C10_S7008/CREATEORDER_V5_C2_F8_P10_C10_S7008_1788575266884,0.0,0.0,0.0,0.0,0.0,0.0,0.0,0.0,0.0,0.0,0.0,256.87528717619807,225.27872367723103,0,PASS
CREATEORDER_V5_C2_F8_P10_C10_S7009,/Users/nischithacn/paper3-exactly-once/results/phase6/runs/CREATEORDER_V5_C2_F8_P10_C10_S7009/CREATEORDER_V5_C2_F8_P10_C10_S7009_1788576995674,0.0,0.0,0.0,0.0,0.0,0.0,0.0,0.0,0.0,0.0,0.0,250.76051934682252,224.4573536063891,0,PASS
CREATEORDER_V5_C2_F8_P10_C50_CAP_S7000,/Users/nischithacn/paper3-exactly-once/results/phase6/runs/CREATEORDER_V5_C2_F8_P10_C50_CAP_S7000/CREATEORDER_V5_C2_F8_P10_C50_CAP_S7000_1788671370823,0.0,0.0,0.0,0.0,0.0,0.0,0.0,0.0,0.0,0.0,0.0,1035.0089730057193,910.8526832971737,0,PASS
CREATEORDER_V5_C2_F8_P10_C50_CAP_S7001,/Users/nischithacn/paper3-exactly-once/results/phase6/runs/CREATEORDER_V5_C2_F8_P10_C50_CAP_S7001/CREATEORDER_V5_C2_F8_P10_C50_CAP_S7001_1788671722686,0.0,0.0,0.0,0.0,0.0,0.0,0.0,0.0,0.0,0.0,0.0,1018.1505807419245,902.9872135384356,0,PASS
CREATEORDER_V5_C2_F8_P10_C50_CAP_S7002,/Users/nischithacn/paper3-exactly-once/results/phase6/runs/CREATEORDER_V5_C2_F8_P10_C50_CAP_S7002/CREATEORDER_V5_C2_F8_P10_C50_CAP_S7002_1788672091139,0.0,0.0,0.0,0.0,0.0,0.0,0.0,0.0,0.0,0.0,0.0,1029.6470459311306,923.8040869399185,0,PASS
CREATEORDER_V5_C2_F8_P10_C50_CAP_S7003,/Users/nischithacn/paper3-exactly-once/results/phase6/runs/CREATEORDER_V5_C2_F8_P10_C50_CAP_S7003/CREATEORDER_V5_C2_F8_P10_C50_CAP_S7003_1788672456323,0.0,0.0,0.0,0.0,0.0,0.0,0.0,0.0,0.0,0.0,0.0,962.2447041720357,866.7197557754967,0,PASS
CREATEORDER_V5_C2_F8_P10_C50_CAP_S7004,/Users/nischithacn/paper3-exactly-once/results/phase6/runs/CREATEORDER_V5_C2_F8_P10_C50_CAP_S7004/CREATEORDER_V5_C2_F8_P10_C50_CAP_S7004_1788672829278,0.0,0.0,0.0,0.0,0.0,0.0,0.0,0.0,0.0,0.0,0.0,907.3084782286192,816.9045779119052,0,PASS
CREATEORDER_V5_C2_F8_P10_C50_CAP_S7005,/Users/nischithacn/paper3-exactly-once/results/phase6/runs/CREATEORDER_V5_C2_F8_P10_C50_CAP_S7005/CREATEORDER_V5_C2_F8_P10_C50_CAP_S7005_1788673245038,0.0,0.0,0.0,0.0,0.0,0.0,0.0,0.0,0.0,0.0,0.0,884.8759604158734,776.4511619201153,0,PASS
CREATEORDER_V5_C2_F8_P10_C50_CAP_S7006,/Users/nischithacn/paper3-exactly-once/results/phase6/runs/CREATEORDER_V5_C2_F8_P10_C50_CAP_S7006/CREATEORDER_V5_C2_F8_P10_C50_CAP_S7006_1788673644593,0.0,0.0,0.0,0.0,0.0,0.0,0.0,0.0,0.0,0.0,0.0,865.7132333583389,779.3555104170762,0,PASS
CREATEORDER_V5_C2_F8_P10_C50_CAP_S7007,/Users/nischithacn/paper3-exactly-once/results/phase6/runs/CREATEORDER_V5_C2_F8_P10_C50_CAP_S7007/CREATEORDER_V5_C2_F8_P10_C50_CAP_S7007_1788674045452,0.0,0.0,0.0,0.0,0.0,0.0,0.0,0.0,0.0,0.0,0.0,1031.3972789856036,908.2117787699295,0,PASS
CREATEORDER_V5_C2_F8_P10_C50_CAP_S7008,/Users/nischithacn/paper3-exactly-once/results/phase6/runs/CREATEORDER_V5_C2_F8_P10_C50_CAP_S7008/CREATEORDER_V5_C2_F8_P10_C50_CAP_S7008_1788674421489,0.0,0.0,0.0,0.0,0.0,0.0,0.0,0.0,0.0,0.0,0.0,941.2331585558177,838.5944623987422,0,PASS
CREATEORDER_V5_C2_F8_P10_C50_CAP_S7009,/Users/nischithacn/paper3-exactly-once/results/phase6/runs/CREATEORDER_V5_C2_F8_P10_C50_CAP_S7009/CREATEORDER_V5_C2_F8_P10_C50_CAP_S7009_1788674795282,0.0,0.0,0.0,0.0,0.0,0.0,0.0,0.0,0.0,0.0,0.0,881.3639229762255,794.5462991137852,0,PASS
CREATEORDER_V5_C2_F8_P10_C50_S7000,/Users/nischithacn/paper3-exactly-once/results/phase6/runs/CREATEORDER_V5_C2_F8_P10_C50_S7000/CREATEORDER_V5_C2_F8_P10_C50_S7000_1788152790120,0.0,0.0,0.0,0.0,0.0,0.0,0.0,0.0,0.0,0.0,0.0,1042.9355697781366,925.4301239253963,0,PASS
CREATEORDER_V5_C2_F8_P10_C50_S7001,/Users/nischithacn/paper3-exactly-once/results/phase6/runs/CREATEORDER_V5_C2_F8_P10_C50_S7001/CREATEORDER_V5_C2_F8_P10_C50_S7001_1788499109733,0.0,0.0,0.0,0.0,0.0,0.0,0.0,0.0,0.0,0.0,0.0,1060.8627532790651,943.872336139301,0,PASS
CREATEORDER_V5_C2_F8_P10_C50_S7002,/Users/nischithacn/paper3-exactly-once/results/phase6/runs/CREATEORDER_V5_C2_F8_P10_C50_S7002/CREATEORDER_V5_C2_F8_P10_C50_S7002_1788553963708,0.0,0.0,0.0,0.0,0.0,0.0,0.0,0.0,0.0,0.0,0.0,1084.6808214064374,958.1533442290819,0,PASS
CREATEORDER_V5_C2_F8_P10_C50_S7003,/Users/nischithacn/paper3-exactly-once/results/phase6/runs/CREATEORDER_V5_C2_F8_P10_C50_S7003/CREATEORDER_V5_C2_F8_P10_C50_S7003_1788559522969,0.0,0.0,0.0,0.0,0.0,0.0,0.0,0.0,0.0,0.0,0.0,1057.001331185849,924.5211618444575,0,PASS
CREATEORDER_V5_C2_F8_P10_C50_S7004,/Users/nischithacn/paper3-exactly-once/results/phase6/runs/CREATEORDER_V5_C2_F8_P10_C50_S7004/CREATEORDER_V5_C2_F8_P10_C50_S7004_1788561258013,0.0,0.0,0.0,0.0,0.0,0.0,0.0,0.0,0.0,0.0,0.0,1064.8963620429895,940.4321983964528,0,PASS
CREATEORDER_V5_C2_F8_P10_C50_S7005,/Users/nischithacn/paper3-exactly-once/results/phase6/runs/CREATEORDER_V5_C2_F8_P10_C50_S7005/CREATEORDER_V5_C2_F8_P10_C50_S7005_1788563375542,0.0,0.0,0.0,0.0,0.0,0.0,0.0,0.0,0.0,0.0,0.0,1100.7478427995118,969.4532042289688,0,PASS
CREATEORDER_V5_C2_F8_P10_C50_S7006,/Users/nischithacn/paper3-exactly-once/results/phase6/runs/CREATEORDER_V5_C2_F8_P10_C50_S7006/CREATEORDER_V5_C2_F8_P10_C50_S7006_1788569010826,0.0,0.0,0.0,0.0,0.0,0.0,0.0,0.0,0.0,0.0,0.0,1082.3074091758565,952.0470023815338,0,PASS
CREATEORDER_V5_C2_F8_P10_C50_S7007,/Users/nischithacn/paper3-exactly-once/results/phase6/runs/CREATEORDER_V5_C2_F8_P10_C50_S7007/CREATEORDER_V5_C2_F8_P10_C50_S7007_1788570750336,0.0,0.0,0.0,0.0,0.0,0.0,0.0,0.0,0.0,0.0,0.0,1044.4340617305436,925.8532082472841,0,PASS
CREATEORDER_V5_C2_F8_P10_C50_S7008,/Users/nischithacn/paper3-exactly-once/results/phase6/runs/CREATEORDER_V5_C2_F8_P10_C50_S7008/CREATEORDER_V5_C2_F8_P10_C50_S7008_1788575311853,0.0,0.0,0.0,0.0,0.0,0.0,0.0,0.0,0.0,0.0,0.0,1049.7691413618434,921.6720573835292,0,PASS
CREATEORDER_V5_C2_F8_P10_C50_S7009,/Users/nischithacn/paper3-exactly-once/results/phase6/runs/CREATEORDER_V5_C2_F8_P10_C50_S7009/CREATEORDER_V5_C2_F8_P10_C50_S7009_1788577040794,0.0,0.0,0.0,0.0,0.0,0.0,0.0,0.0,0.0,0.0,0.0,1054.3986529613155,927.9818371230701,0,PASS
CREATEORDER_V5_C2_F8_P1_C10_S7000,/Users/nischithacn/paper3-exactly-once/results/phase6/runs/CREATEORDER_V5_C2_F8_P1_C10_S7000/CREATEORDER_V5_C2_F8_P1_C10_S7000_1788152677769,0.0,0.0,0.0,0.0,0.0,0.0,0.0,0.0,0.0,0.0,0.0,831.6953948612049,736.0728362356467,0,PASS
CREATEORDER_V5_C2_F8_P1_C10_S7001,/Users/nischithacn/paper3-exactly-once/results/phase6/runs/CREATEORDER_V5_C2_F8_P1_C10_S7001/CREATEORDER_V5_C2_F8_P1_C10_S7001_1788498230624,0.0,0.0,0.0,0.0,0.0,0.0,0.0,0.0,0.0,0.0,0.0,838.741598044086,742.7872027643141,0,PASS
CREATEORDER_V5_C2_F8_P1_C10_S7002,/Users/nischithacn/paper3-exactly-once/results/phase6/runs/CREATEORDER_V5_C2_F8_P1_C10_S7002/CREATEORDER_V5_C2_F8_P1_C10_S7002_1788553038590,0.0,0.0,0.0,0.0,0.0,0.0,0.0,0.0,0.0,0.0,0.0,838.2701045881009,747.6202924591256,0,PASS
CREATEORDER_V5_C2_F8_P1_C10_S7003,/Users/nischithacn/paper3-exactly-once/results/phase6/runs/CREATEORDER_V5_C2_F8_P1_C10_S7003/CREATEORDER_V5_C2_F8_P1_C10_S7003_1788555575967,0.0,0.0,0.0,0.0,0.0,0.0,0.0,0.0,0.0,0.0,0.0,892.9561553261507,786.3990793685399,0,PASS
CREATEORDER_V5_C2_F8_P1_C10_S7004,/Users/nischithacn/paper3-exactly-once/results/phase6/runs/CREATEORDER_V5_C2_F8_P1_C10_S7004/CREATEORDER_V5_C2_F8_P1_C10_S7004_1788561143636,0.0,0.0,0.0,0.0,0.0,0.0,0.0,0.0,0.0,0.0,0.0,831.2885757378326,738.221927924841,0,PASS
CREATEORDER_V5_C2_F8_P1_C10_S7005,/Users/nischithacn/paper3-exactly-once/results/phase6/runs/CREATEORDER_V5_C2_F8_P1_C10_S7005/CREATEORDER_V5_C2_F8_P1_C10_S7005_1788563254698,0.0,0.0,0.0,0.0,0.0,0.0,0.0,0.0,0.0,0.0,0.0,756.9245090922531,672.2413887776137,0,PASS
CREATEORDER_V5_C2_F8_P1_C10_S7006,/Users/nischithacn/paper3-exactly-once/results/phase6/runs/CREATEORDER_V5_C2_F8_P1_C10_S7006/CREATEORDER_V5_C2_F8_P1_C10_S7006_1788568891811,0.0,0.0,0.0,0.0,0.0,0.0,0.0,0.0,0.0,0.0,0.0,708.5768565940166,586.4801021402582,0,PASS
CREATEORDER_V5_C2_F8_P1_C10_S7007,/Users/nischithacn/paper3-exactly-once/results/phase6/runs/CREATEORDER_V5_C2_F8_P1_C10_S7007/CREATEORDER_V5_C2_F8_P1_C10_S7007_1788570622438,0.0,0.0,0.0,0.0,0.0,0.0,0.0,0.0,0.0,0.0,0.0,855.0284822695255,752.6098857743374,0,PASS
CREATEORDER_V5_C2_F8_P1_C10_S7008,/Users/nischithacn/paper3-exactly-once/results/phase6/runs/CREATEORDER_V5_C2_F8_P1_C10_S7008/CREATEORDER_V5_C2_F8_P1_C10_S7008_1788575187777,0.0,0.0,0.0,0.0,0.0,0.0,0.0,0.0,0.0,0.0,0.0,870.1217872682362,767.330917788226,0,PASS
CREATEORDER_V5_C2_F8_P1_C10_S7009,/Users/nischithacn/paper3-exactly-once/results/phase6/runs/CREATEORDER_V5_C2_F8_P1_C10_S7009/CREATEORDER_V5_C2_F8_P1_C10_S7009_1788576930089,0.0,0.0,0.0,0.0,0.0,0.0,0.0,0.0,0.0,0.0,0.0,852.3787253480177,750.726849236981,0,PASS
CREATEORDER_V5_C2_F8_P1_C50_S7000,/Users/nischithacn/paper3-exactly-once/results/phase6/runs/CREATEORDER_V5_C2_F8_P1_C50_S7000/CREATEORDER_V5_C2_F8_P1_C50_S7000_1788152692136,0.0,0.0,0.0,0.0,0.0,0.0,0.0,0.0,0.0,0.0,0.0,1397.1040339037984,1181.7890657158114,0,PASS
CREATEORDER_V5_C2_F8_P1_C50_S7001,/Users/nischithacn/paper3-exactly-once/results/phase6/runs/CREATEORDER_V5_C2_F8_P1_C50_S7001/CREATEORDER_V5_C2_F8_P1_C50_S7001_1788498244640,0.0,0.0,0.0,0.0,0.0,0.0,0.0,0.0,0.0,0.0,0.0,1373.59826335269,1187.9324441139395,0,PASS
CREATEORDER_V5_C2_F8_P1_C50_S7002,/Users/nischithacn/paper3-exactly-once/results/phase6/runs/CREATEORDER_V5_C2_F8_P1_C50_S7002/CREATEORDER_V5_C2_F8_P1_C50_S7002_1788553052509,0.0,0.0,0.0,0.0,0.0,0.0,0.0,0.0,0.0,0.0,0.0,1300.0902186057633,1132.5201182585004,0,PASS
CREATEORDER_V5_C2_F8_P1_C50_S7003,/Users/nischithacn/paper3-exactly-once/results/phase6/runs/CREATEORDER_V5_C2_F8_P1_C50_S7003/CREATEORDER_V5_C2_F8_P1_C50_S7003_1788555589224,0.0,0.0,0.0,0.0,0.0,0.0,0.0,0.0,0.0,0.0,0.0,1334.3944510521276,1170.3863596752376,0,PASS
CREATEORDER_V5_C2_F8_P1_C50_S7004,/Users/nischithacn/paper3-exactly-once/results/phase6/runs/CREATEORDER_V5_C2_F8_P1_C50_S7004/CREATEORDER_V5_C2_F8_P1_C50_S7004_1788561164813,0.0,0.0,0.0,0.0,0.0,0.0,0.0,0.0,0.0,0.0,0.0,1382.9229244833737,1207.9129787408613,0,PASS
CREATEORDER_V5_C2_F8_P1_C50_S7005,/Users/nischithacn/paper3-exactly-once/results/phase6/runs/CREATEORDER_V5_C2_F8_P1_C50_S7005/CREATEORDER_V5_C2_F8_P1_C50_S7005_1788563270112,0.0,0.0,0.0,0.0,0.0,0.0,0.0,0.0,0.0,0.0,0.0,1282.7419941094176,1125.8272848436677,0,PASS
CREATEORDER_V5_C2_F8_P1_C50_S7006,/Users/nischithacn/paper3-exactly-once/results/phase6/runs/CREATEORDER_V5_C2_F8_P1_C50_S7006/CREATEORDER_V5_C2_F8_P1_C50_S7006_1788568909414,0.0,0.0,0.0,0.0,0.0,0.0,0.0,0.0,0.0,0.0,0.0,1252.7926305050817,1084.9224199600496,0,PASS
CREATEORDER_V5_C2_F8_P1_C50_S7007,/Users/nischithacn/paper3-exactly-once/results/phase6/runs/CREATEORDER_V5_C2_F8_P1_C50_S7007/CREATEORDER_V5_C2_F8_P1_C50_S7007_1788570636275,0.0,0.0,0.0,0.0,0.0,0.0,0.0,0.0,0.0,0.0,0.0,1351.585134298479,1176.1754192611434,0,PASS
CREATEORDER_V5_C2_F8_P1_C50_S7008,/Users/nischithacn/paper3-exactly-once/results/phase6/runs/CREATEORDER_V5_C2_F8_P1_C50_S7008/CREATEORDER_V5_C2_F8_P1_C50_S7008_1788575201347,0.0,0.0,0.0,0.0,0.0,0.0,0.0,0.0,0.0,0.0,0.0,1318.3877845545878,1151.5473021839211,0,PASS
CREATEORDER_V5_C2_F8_P1_C50_S7009,/Users/nischithacn/paper3-exactly-once/results/phase6/runs/CREATEORDER_V5_C2_F8_P1_C50_S7009/CREATEORDER_V5_C2_F8_P1_C50_S7009_1788576950479,0.0,0.0,0.0,0.0,0.0,0.0,0.0,0.0,0.0,0.0,0.0,1365.3964918103795,1189.8881589035211,0,PASS
CREATEORDER_V5_C2_F8_P20_C10_S7000,/Users/nischithacn/paper3-exactly-once/results/phase6/runs/CREATEORDER_V5_C2_F8_P20_C10_S7000/CREATEORDER_V5_C2_F8_P20_C10_S7000_1788152801660,0.0,0.0,0.0,0.0,0.0,0.0,0.0,0.0,0.0,0.0,0.0,139.16983241815396,126.28688571362986,0,PASS
CREATEORDER_V5_C2_F8_P20_C10_S7001,/Users/nischithacn/paper3-exactly-once/results/phase6/runs/CREATEORDER_V5_C2_F8_P20_C10_S7001/CREATEORDER_V5_C2_F8_P20_C10_S7001_1788499120903,0.0,0.0,0.0,0.0,0.0,0.0,0.0,0.0,0.0,0.0,0.0,133.14169091379725,121.21410740935877,0,PASS
CREATEORDER_V5_C2_F8_P20_C10_S7002,/Users/nischithacn/paper3-exactly-once/results/phase6/runs/CREATEORDER_V5_C2_F8_P20_C10_S7002/CREATEORDER_V5_C2_F8_P20_C10_S7002_1788553974716,0.0,0.0,0.0,0.0,0.0,0.0,0.0,0.0,0.0,0.0,0.0,132.49312038112595,119.43935550889361,0,PASS
CREATEORDER_V5_C2_F8_P20_C10_S7003,/Users/nischithacn/paper3-exactly-once/results/phase6/runs/CREATEORDER_V5_C2_F8_P20_C10_S7003/CREATEORDER_V5_C2_F8_P20_C10_S7003_1788559534352,0.0,0.0,0.0,0.0,0.0,0.0,0.0,0.0,0.0,0.0,0.0,131.28312336509936,118.46233622219171,0,PASS
CREATEORDER_V5_C2_F8_P20_C10_S7004,/Users/nischithacn/paper3-exactly-once/results/phase6/runs/CREATEORDER_V5_C2_F8_P20_C10_S7004/CREATEORDER_V5_C2_F8_P20_C10_S7004_1788561599762,0.0,0.0,0.0,0.0,0.0,0.0,0.0,0.0,0.0,0.0,0.0,131.87301026374618,120.03499593601951,0,PASS
CREATEORDER_V5_C2_F8_P20_C10_S7005,/Users/nischithacn/paper3-exactly-once/results/phase6/runs/CREATEORDER_V5_C2_F8_P20_C10_S7005/CREATEORDER_V5_C2_F8_P20_C10_S7005_1788563386429,0.0,0.0,0.0,0.0,0.0,0.0,0.0,0.0,0.0,0.0,0.0,130.22208319212604,117.96072213469853,0,PASS
CREATEORDER_V5_C2_F8_P20_C10_S7006,/Users/nischithacn/paper3-exactly-once/results/phase6/runs/CREATEORDER_V5_C2_F8_P20_C10_S7006/CREATEORDER_V5_C2_F8_P20_C10_S7006_1788569021912,0.0,0.0,0.0,0.0,0.0,0.0,0.0,0.0,0.0,0.0,0.0,137.1411521158249,123.79897539008999,0,PASS
CREATEORDER_V5_C2_F8_P20_C10_S7007,/Users/nischithacn/paper3-exactly-once/results/phase6/runs/CREATEORDER_V5_C2_F8_P20_C10_S7007/CREATEORDER_V5_C2_F8_P20_C10_S7007_1788570761707,0.0,0.0,0.0,0.0,0.0,0.0,0.0,0.0,0.0,0.0,0.0,125.93110127257034,114.9404334370755,0,PASS
CREATEORDER_V5_C2_F8_P20_C10_S7008,/Users/nischithacn/paper3-exactly-once/results/phase6/runs/CREATEORDER_V5_C2_F8_P20_C10_S7008/CREATEORDER_V5_C2_F8_P20_C10_S7008_1788575323277,0.0,0.0,0.0,0.0,0.0,0.0,0.0,0.0,0.0,0.0,0.0,132.86850088316302,119.73154274286824,0,PASS
CREATEORDER_V5_C2_F8_P20_C10_S7009,/Users/nischithacn/paper3-exactly-once/results/phase6/runs/CREATEORDER_V5_C2_F8_P20_C10_S7009/CREATEORDER_V5_C2_F8_P20_C10_S7009_1788577071973,0.0,0.0,0.0,0.0,0.0,0.0,0.0,0.0,0.0,0.0,0.0,132.81477472158812,119.1993939403068,0,PASS
CREATEORDER_V5_C2_F8_P20_C50_S7000,/Users/nischithacn/paper3-exactly-once/results/phase6/runs/CREATEORDER_V5_C2_F8_P20_C50_S7000/CREATEORDER_V5_C2_F8_P20_C50_S7000_1788152881550,0.0,0.0,0.0,0.0,0.0,0.0,0.0,0.0,0.0,0.0,0.0,675.516700609699,601.8406523250236,0,PASS
CREATEORDER_V5_C2_F8_P20_C50_S7001,/Users/nischithacn/paper3-exactly-once/results/phase6/runs/CREATEORDER_V5_C2_F8_P20_C50_S7001/CREATEORDER_V5_C2_F8_P20_C50_S7001_1788499203995,0.0,0.0,0.0,0.0,0.0,0.0,0.0,0.0,0.0,0.0,0.0,673.6700790706712,602.0387712139591,0,PASS
CREATEORDER_V5_C2_F8_P20_C50_S7002,/Users/nischithacn/paper3-exactly-once/results/phase6/runs/CREATEORDER_V5_C2_F8_P20_C50_S7002/CREATEORDER_V5_C2_F8_P20_C50_S7002_1788554065603,0.0,0.0,0.0,0.0,0.0,0.0,0.0,0.0,0.0,0.0,0.0,684.2440362682437,612.5742714377787,0,PASS
CREATEORDER_V5_C2_F8_P20_C50_S7003,/Users/nischithacn/paper3-exactly-once/results/phase6/runs/CREATEORDER_V5_C2_F8_P20_C50_S7003/CREATEORDER_V5_C2_F8_P20_C50_S7003_1788559619358,0.0,0.0,0.0,0.0,0.0,0.0,0.0,0.0,0.0,0.0,0.0,679.1249482658123,605.8339895698086,0,PASS
CREATEORDER_V5_C2_F8_P20_C50_S7004,/Users/nischithacn/paper3-exactly-once/results/phase6/runs/CREATEORDER_V5_C2_F8_P20_C50_S7004/CREATEORDER_V5_C2_F8_P20_C50_S7004_1788561683679,0.0,0.0,0.0,0.0,0.0,0.0,0.0,0.0,0.0,0.0,0.0,656.776965516682,580.203157368423,0,PASS
CREATEORDER_V5_C2_F8_P20_C50_S7005,/Users/nischithacn/paper3-exactly-once/results/phase6/runs/CREATEORDER_V5_C2_F8_P20_C50_S7005/CREATEORDER_V5_C2_F8_P20_C50_S7005_1788563471789,0.0,0.0,0.0,0.0,0.0,0.0,0.0,0.0,0.0,0.0,0.0,673.1164112663367,604.76669261467,0,PASS
CREATEORDER_V5_C2_F8_P20_C50_S7006,/Users/nischithacn/paper3-exactly-once/results/phase6/runs/CREATEORDER_V5_C2_F8_P20_C50_S7006/CREATEORDER_V5_C2_F8_P20_C50_S7006_1788569103289,0.0,0.0,0.0,0.0,0.0,0.0,0.0,0.0,0.0,0.0,0.0,679.110081837196,611.3888026761321,0,PASS
CREATEORDER_V5_C2_F8_P20_C50_S7007,/Users/nischithacn/paper3-exactly-once/results/phase6/runs/CREATEORDER_V5_C2_F8_P20_C50_S7007/CREATEORDER_V5_C2_F8_P20_C50_S7007_1788570856397,0.0,0.0,0.0,0.0,0.0,0.0,0.0,0.0,0.0,0.0,0.0,686.0165466516404,616.6361732727323,0,PASS
CREATEORDER_V5_C2_F8_P20_C50_S7008,/Users/nischithacn/paper3-exactly-once/results/phase6/runs/CREATEORDER_V5_C2_F8_P20_C50_S7008/CREATEORDER_V5_C2_F8_P20_C50_S7008_1788575407388,0.0,0.0,0.0,0.0,0.0,0.0,0.0,0.0,0.0,0.0,0.0,670.542496547412,601.6925759702322,0,PASS
CREATEORDER_V5_C2_F8_P20_C50_S7009,/Users/nischithacn/paper3-exactly-once/results/phase6/runs/CREATEORDER_V5_C2_F8_P20_C50_S7009/CREATEORDER_V5_C2_F8_P20_C50_S7009_1788577156462,0.0,0.0,0.0,0.0,0.0,0.0,0.0,0.0,0.0,0.0,0.0,683.3660268397726,609.7579555579437,0,PASS
CREATEORDER_V5_C2_F8_P5_C10_S7000,/Users/nischithacn/paper3-exactly-once/results/phase6/runs/CREATEORDER_V5_C2_F8_P5_C10_S7000/CREATEORDER_V5_C2_F8_P5_C10_S7000_1788152701267,0.0,0.0,0.0,0.0,0.0,0.0,0.0,0.0,0.0,0.0,0.0,378.42864069514667,343.0247765587414,0,PASS
CREATEORDER_V5_C2_F8_P5_C10_S7001,/Users/nischithacn/paper3-exactly-once/results/phase6/runs/CREATEORDER_V5_C2_F8_P5_C10_S7001/CREATEORDER_V5_C2_F8_P5_C10_S7001_1788498253607,0.0,0.0,0.0,0.0,0.0,0.0,0.0,0.0,0.0,0.0,0.0,426.2760480480528,390.22757503784044,0,PASS
CREATEORDER_V5_C2_F8_P5_C10_S7002,/Users/nischithacn/paper3-exactly-once/results/phase6/runs/CREATEORDER_V5_C2_F8_P5_C10_S7002/CREATEORDER_V5_C2_F8_P5_C10_S7002_1788553882236,0.0,0.0,0.0,0.0,0.0,0.0,0.0,0.0,0.0,0.0,0.0,412.4896267951464,373.2484877790937,0,PASS
CREATEORDER_V5_C2_F8_P5_C10_S7003,/Users/nischithacn/paper3-exactly-once/results/phase6/runs/CREATEORDER_V5_C2_F8_P5_C10_S7003/CREATEORDER_V5_C2_F8_P5_C10_S7003_1788555598324,0.0,0.0,0.0,0.0,0.0,0.0,0.0,0.0,0.0,0.0,0.0,411.6569056383614,372.526649845267,0,PASS
CREATEORDER_V5_C2_F8_P5_C10_S7004,/Users/nischithacn/paper3-exactly-once/results/phase6/runs/CREATEORDER_V5_C2_F8_P5_C10_S7004/CREATEORDER_V5_C2_F8_P5_C10_S7004_1788561173635,0.0,0.0,0.0,0.0,0.0,0.0,0.0,0.0,0.0,0.0,0.0,405.78611772602255,365.2769617193018,0,PASS
CREATEORDER_V5_C2_F8_P5_C10_S7005,/Users/nischithacn/paper3-exactly-once/results/phase6/runs/CREATEORDER_V5_C2_F8_P5_C10_S7005/CREATEORDER_V5_C2_F8_P5_C10_S7005_1788563279542,0.0,0.0,0.0,0.0,0.0,0.0,0.0,0.0,0.0,0.0,0.0,371.0273482977674,334.9049730103244,0,PASS
CREATEORDER_V5_C2_F8_P5_C10_S7006,/Users/nischithacn/paper3-exactly-once/results/phase6/runs/CREATEORDER_V5_C2_F8_P5_C10_S7006/CREATEORDER_V5_C2_F8_P5_C10_S7006_1788568919178,0.0,0.0,0.0,0.0,0.0,0.0,0.0,0.0,0.0,0.0,0.0,392.41696915153483,352.61276664145004,0,PASS
CREATEORDER_V5_C2_F8_P5_C10_S7007,/Users/nischithacn/paper3-exactly-once/results/phase6/runs/CREATEORDER_V5_C2_F8_P5_C10_S7007/CREATEORDER_V5_C2_F8_P5_C10_S7007_1788570666047,0.0,0.0,0.0,0.0,0.0,0.0,0.0,0.0,0.0,0.0,0.0,396.50043864290365,343.5927126662622,0,PASS
CREATEORDER_V5_C2_F8_P5_C10_S7008,/Users/nischithacn/paper3-exactly-once/results/phase6/runs/CREATEORDER_V5_C2_F8_P5_C10_S7008/CREATEORDER_V5_C2_F8_P5_C10_S7008_1788575210574,0.0,0.0,0.0,0.0,0.0,0.0,0.0,0.0,0.0,0.0,0.0,431.05635189802535,384.5564414820362,0,PASS
CREATEORDER_V5_C2_F8_P5_C10_S7009,/Users/nischithacn/paper3-exactly-once/results/phase6/runs/CREATEORDER_V5_C2_F8_P5_C10_S7009/CREATEORDER_V5_C2_F8_P5_C10_S7009_1788576959428,0.0,0.0,0.0,0.0,0.0,0.0,0.0,0.0,0.0,0.0,0.0,431.95736220431166,382.73558030955206,0,PASS
CREATEORDER_V5_C2_F8_P5_C50_S7000,/Users/nischithacn/paper3-exactly-once/results/phase6/runs/CREATEORDER_V5_C2_F8_P5_C50_S7000/CREATEORDER_V5_C2_F8_P5_C50_S7000_1788152731111,0.0,0.0,0.0,0.0,0.0,0.0,0.0,0.0,0.0,0.0,0.0,1208.1134869210312,1037.1195368204778,0,PASS
CREATEORDER_V5_C2_F8_P5_C50_S7001,/Users/nischithacn/paper3-exactly-once/results/phase6/runs/CREATEORDER_V5_C2_F8_P5_C50_S7001/CREATEORDER_V5_C2_F8_P5_C50_S7001_1788498279801,0.0,0.0,0.0,0.0,0.0,0.0,0.0,0.0,0.0,0.0,0.0,1235.243641216651,1086.5072726986366,0,PASS
CREATEORDER_V5_C2_F8_P5_C50_S7002,/Users/nischithacn/paper3-exactly-once/results/phase6/runs/CREATEORDER_V5_C2_F8_P5_C50_S7002/CREATEORDER_V5_C2_F8_P5_C50_S7002_1788553909582,0.0,0.0,0.0,0.0,0.0,0.0,0.0,0.0,0.0,0.0,0.0,1285.5306298996002,1123.1863789486317,0,PASS
CREATEORDER_V5_C2_F8_P5_C50_S7003,/Users/nischithacn/paper3-exactly-once/results/phase6/runs/CREATEORDER_V5_C2_F8_P5_C50_S7003/CREATEORDER_V5_C2_F8_P5_C50_S7003_1788555625714,0.0,0.0,0.0,0.0,0.0,0.0,0.0,0.0,0.0,0.0,0.0,1261.665650950031,1105.5110926070179,0,PASS
CREATEORDER_V5_C2_F8_P5_C50_S7004,/Users/nischithacn/paper3-exactly-once/results/phase6/runs/CREATEORDER_V5_C2_F8_P5_C50_S7004/CREATEORDER_V5_C2_F8_P5_C50_S7004_1788561201564,0.0,0.0,0.0,0.0,0.0,0.0,0.0,0.0,0.0,0.0,0.0,1260.9971485611545,1106.7258087906396,0,PASS
CREATEORDER_V5_C2_F8_P5_C50_S7005,/Users/nischithacn/paper3-exactly-once/results/phase6/runs/CREATEORDER_V5_C2_F8_P5_C50_S7005/CREATEORDER_V5_C2_F8_P5_C50_S7005_1788563316818,0.0,0.0,0.0,0.0,0.0,0.0,0.0,0.0,0.0,0.0,0.0,1285.610145616214,1122.9122881660637,0,PASS
CREATEORDER_V5_C2_F8_P5_C50_S7006,/Users/nischithacn/paper3-exactly-once/results/phase6/runs/CREATEORDER_V5_C2_F8_P5_C50_S7006/CREATEORDER_V5_C2_F8_P5_C50_S7006_1788568948105,0.0,0.0,0.0,0.0,0.0,0.0,0.0,0.0,0.0,0.0,0.0,1221.2460564603966,1076.721610572527,0,PASS
CREATEORDER_V5_C2_F8_P5_C50_S7007,/Users/nischithacn/paper3-exactly-once/results/phase6/runs/CREATEORDER_V5_C2_F8_P5_C50_S7007/CREATEORDER_V5_C2_F8_P5_C50_S7007_1788570695708,0.0,0.0,0.0,0.0,0.0,0.0,0.0,0.0,0.0,0.0,0.0,1226.0581556101718,1063.1558266386703,0,PASS
CREATEORDER_V5_C2_F8_P5_C50_S7008,/Users/nischithacn/paper3-exactly-once/results/phase6/runs/CREATEORDER_V5_C2_F8_P5_C50_S7008/CREATEORDER_V5_C2_F8_P5_C50_S7008_1788575237129,0.0,0.0,0.0,0.0,0.0,0.0,0.0,0.0,0.0,0.0,0.0,1269.221071876039,1114.822071983474,0,PASS
CREATEORDER_V5_C2_F8_P5_C50_S7009,/Users/nischithacn/paper3-exactly-once/results/phase6/runs/CREATEORDER_V5_C2_F8_P5_C50_S7009/CREATEORDER_V5_C2_F8_P5_C50_S7009_1788576986108,0.0,0.0,0.0,0.0,0.0,0.0,0.0,0.0,0.0,0.0,0.0,1273.5761128689244,1109.8885169476478,0,PASS
CREATEORDER_V5_C2_F9_P10_C10_S7000,/Users/nischithacn/paper3-exactly-once/results/phase6/runs/CREATEORDER_V5_C2_F9_P10_C10_S7000/CREATEORDER_V5_C2_F9_P10_C10_S7000_1788579207154,0.0,0.0,0.0,0.0,0.0,0.0,0.0,0.0,0.0,0.0,0.0,886.9226787623381,787.3804933056202,0,PASS
CREATEORDER_V5_C2_F9_P10_C10_S7001,/Users/nischithacn/paper3-exactly-once/results/phase6/runs/CREATEORDER_V5_C2_F9_P10_C10_S7001/CREATEORDER_V5_C2_F9_P10_C10_S7001_1788579844186,0.0,0.0,0.0,0.0,0.0,0.0,0.0,0.0,0.0,0.0,0.0,934.8376248571935,828.4169639043965,0,PASS
CREATEORDER_V5_C2_F9_P10_C10_S7002,/Users/nischithacn/paper3-exactly-once/results/phase6/runs/CREATEORDER_V5_C2_F9_P10_C10_S7002/CREATEORDER_V5_C2_F9_P10_C10_S7002_1788581810917,0.0,0.0,0.0,0.0,0.0,0.0,0.0,0.0,0.0,0.0,0.0,731.2284221311075,602.3800963798618,0,PASS
CREATEORDER_V5_C2_F9_P10_C10_S7003,/Users/nischithacn/paper3-exactly-once/results/phase6/runs/CREATEORDER_V5_C2_F9_P10_C10_S7003/CREATEORDER_V5_C2_F9_P10_C10_S7003_1788582458987,0.0,0.0,0.0,0.0,0.0,0.0,0.0,0.0,0.0,0.0,0.0,781.3661735704294,698.3447448813034,0,PASS
CREATEORDER_V5_C2_F9_P10_C10_S7004,/Users/nischithacn/paper3-exactly-once/results/phase6/runs/CREATEORDER_V5_C2_F9_P10_C10_S7004/CREATEORDER_V5_C2_F9_P10_C10_S7004_1788583609366,0.0,0.0,0.0,0.0,0.0,0.0,0.0,0.0,0.0,0.0,0.0,736.223486224728,662.0423032995318,0,PASS
CREATEORDER_V5_C2_F9_P10_C10_S7005,/Users/nischithacn/paper3-exactly-once/results/phase6/runs/CREATEORDER_V5_C2_F9_P10_C10_S7005/CREATEORDER_V5_C2_F9_P10_C10_S7005_1788584262636,0.0,0.0,0.0,0.0,0.0,0.0,0.0,0.0,0.0,0.0,0.0,887.3087635444667,794.1433653572323,0,PASS
CREATEORDER_V5_C2_F9_P10_C10_S7006,/Users/nischithacn/paper3-exactly-once/results/phase6/runs/CREATEORDER_V5_C2_F9_P10_C10_S7006/CREATEORDER_V5_C2_F9_P10_C10_S7006_1788584906309,0.0,0.0,0.0,0.0,0.0,0.0,0.0,0.0,0.0,0.0,0.0,923.0461130889412,821.1036132596469,0,PASS
CREATEORDER_V5_C2_F9_P10_C10_S7007,/Users/nischithacn/paper3-exactly-once/results/phase6/runs/CREATEORDER_V5_C2_F9_P10_C10_S7007/CREATEORDER_V5_C2_F9_P10_C10_S7007_1788585556050,0.0,0.0,0.0,0.0,0.0,0.0,0.0,0.0,0.0,0.0,0.0,698.3877221214428,578.9067201809702,0,PASS
CREATEORDER_V5_C2_F9_P10_C10_S7008,/Users/nischithacn/paper3-exactly-once/results/phase6/runs/CREATEORDER_V5_C2_F9_P10_C10_S7008/CREATEORDER_V5_C2_F9_P10_C10_S7008_1788586199092,0.0,0.0,0.0,0.0,0.0,0.0,0.0,0.0,0.0,0.0,0.0,886.1480714133718,792.5434511537436,0,PASS
CREATEORDER_V5_C2_F9_P10_C10_S7009,/Users/nischithacn/paper3-exactly-once/results/phase6/runs/CREATEORDER_V5_C2_F9_P10_C10_S7009/CREATEORDER_V5_C2_F9_P10_C10_S7009_1788588926719,0.0,0.0,0.0,0.0,0.0,0.0,0.0,0.0,0.0,0.0,0.0,1019.8739921997209,901.825964160327,0,PASS
CREATEORDER_V5_C2_F9_P10_C50_S7000,/Users/nischithacn/paper3-exactly-once/results/phase6/runs/CREATEORDER_V5_C2_F9_P10_C50_S7000/CREATEORDER_V5_C2_F9_P10_C50_S7000_1788579227302,0.0,0.0,0.0,0.0,0.0,0.0,0.0,0.0,0.0,0.0,0.0,1231.9598084767379,1087.3447609633881,0,PASS
CREATEORDER_V5_C2_F9_P10_C50_S7001,/Users/nischithacn/paper3-exactly-once/results/phase6/runs/CREATEORDER_V5_C2_F9_P10_C50_S7001/CREATEORDER_V5_C2_F9_P10_C50_S7001_1788579856808,0.0,0.0,0.0,0.0,0.0,0.0,0.0,0.0,0.0,0.0,0.0,1079.714563107046,961.1605614860766,0,PASS
CREATEORDER_V5_C2_F9_P10_C50_S7002,/Users/nischithacn/paper3-exactly-once/results/phase6/runs/CREATEORDER_V5_C2_F9_P10_C50_S7002/CREATEORDER_V5_C2_F9_P10_C50_S7002_1788581828085,0.0,0.0,0.0,0.0,0.0,0.0,0.0,0.0,0.0,0.0,0.0,1093.759705631505,963.4524914869614,0,PASS
CREATEORDER_V5_C2_F9_P10_C50_S7003,/Users/nischithacn/paper3-exactly-once/results/phase6/runs/CREATEORDER_V5_C2_F9_P10_C50_S7003/CREATEORDER_V5_C2_F9_P10_C50_S7003_1788582473919,0.0,0.0,0.0,0.0,0.0,0.0,0.0,0.0,0.0,0.0,0.0,903.6050409320219,800.2687670221277,0,PASS
CREATEORDER_V5_C2_F9_P10_C50_S7004,/Users/nischithacn/paper3-exactly-once/results/phase6/runs/CREATEORDER_V5_C2_F9_P10_C50_S7004/CREATEORDER_V5_C2_F9_P10_C50_S7004_1788583625099,0.0,0.0,0.0,0.0,0.0,0.0,0.0,0.0,0.0,0.0,0.0,846.1346472632777,756.5734231953794,0,PASS
CREATEORDER_V5_C2_F9_P10_C50_S7005,/Users/nischithacn/paper3-exactly-once/results/phase6/runs/CREATEORDER_V5_C2_F9_P10_C50_S7005/CREATEORDER_V5_C2_F9_P10_C50_S7005_1788584281841,0.0,0.0,0.0,0.0,0.0,0.0,0.0,0.0,0.0,0.0,0.0,1176.9127114224175,1043.750168906552,0,PASS
CREATEORDER_V5_C2_F9_P10_C50_S7006,/Users/nischithacn/paper3-exactly-once/results/phase6/runs/CREATEORDER_V5_C2_F9_P10_C50_S7006/CREATEORDER_V5_C2_F9_P10_C50_S7006_1788584919046,0.0,0.0,0.0,0.0,0.0,0.0,0.0,0.0,0.0,0.0,0.0,1103.1798445502382,981.0709140293778,0,PASS
CREATEORDER_V5_C2_F9_P10_C50_S7007,/Users/nischithacn/paper3-exactly-once/results/phase6/runs/CREATEORDER_V5_C2_F9_P10_C50_S7007/CREATEORDER_V5_C2_F9_P10_C50_S7007_1788585573887,0.0,0.0,0.0,0.0,0.0,0.0,0.0,0.0,0.0,0.0,0.0,1034.7456414930855,912.1245601313242,0,PASS
CREATEORDER_V5_C2_F9_P10_C50_S7008,/Users/nischithacn/paper3-exactly-once/results/phase6/runs/CREATEORDER_V5_C2_F9_P10_C50_S7008/CREATEORDER_V5_C2_F9_P10_C50_S7008_1788586212282,0.0,0.0,0.0,0.0,0.0,0.0,0.0,0.0,0.0,0.0,0.0,991.7442213628307,888.1659658167283,0,PASS
CREATEORDER_V5_C2_F9_P10_C50_S7009,/Users/nischithacn/paper3-exactly-once/results/phase6/runs/CREATEORDER_V5_C2_F9_P10_C50_S7009/CREATEORDER_V5_C2_F9_P10_C50_S7009_1788588938393,0.0,0.0,0.0,0.0,0.0,0.0,0.0,0.0,0.0,0.0,0.0,1300.2546969071464,1136.439200127259,0,PASS
CREATEORDER_V5_C2_F9_P1_C10_S7000,/Users/nischithacn/paper3-exactly-once/results/phase6/runs/CREATEORDER_V5_C2_F9_P1_C10_S7000/CREATEORDER_V5_C2_F9_P1_C10_S7000_1788579160249,0.0,0.0,0.0,0.0,0.0,0.0,0.0,0.0,0.0,0.0,0.0,815.8685791283809,665.2788924876836,0,PASS
CREATEORDER_V5_C2_F9_P1_C10_S7001,/Users/nischithacn/paper3-exactly-once/results/phase6/runs/CREATEORDER_V5_C2_F9_P1_C10_S7001/CREATEORDER_V5_C2_F9_P1_C10_S7001_1788579773496,0.0,0.0,0.0,0.0,0.0,0.0,0.0,0.0,0.0,0.0,0.0,971.6641433570082,863.28464190033,0,PASS
CREATEORDER_V5_C2_F9_P1_C10_S7002,/Users/nischithacn/paper3-exactly-once/results/phase6/runs/CREATEORDER_V5_C2_F9_P1_C10_S7002/CREATEORDER_V5_C2_F9_P1_C10_S7002_1788581744396,0.0,0.0,0.0,0.0,0.0,0.0,0.0,0.0,0.0,0.0,0.0,967.9980067240753,860.0088122984731,0,PASS
CREATEORDER_V5_C2_F9_P1_C10_S7003,/Users/nischithacn/paper3-exactly-once/results/phase6/runs/CREATEORDER_V5_C2_F9_P1_C10_S7003/CREATEORDER_V5_C2_F9_P1_C10_S7003_1788582399315,0.0,0.0,0.0,0.0,0.0,0.0,0.0,0.0,0.0,0.0,0.0,817.4094581958107,719.0555839739648,0,PASS
CREATEORDER_V5_C2_F9_P1_C10_S7004,/Users/nischithacn/paper3-exactly-once/results/phase6/runs/CREATEORDER_V5_C2_F9_P1_C10_S7004/CREATEORDER_V5_C2_F9_P1_C10_S7004_1788583547244,0.0,0.0,0.0,0.0,0.0,0.0,0.0,0.0,0.0,0.0,0.0,774.3770450661975,687.7378490047356,0,PASS
CREATEORDER_V5_C2_F9_P1_C10_S7005,/Users/nischithacn/paper3-exactly-once/results/phase6/runs/CREATEORDER_V5_C2_F9_P1_C10_S7005/CREATEORDER_V5_C2_F9_P1_C10_S7005_1788584212853,0.0,0.0,0.0,0.0,0.0,0.0,0.0,0.0,0.0,0.0,0.0,762.956861663809,627.6799140479054,0,PASS
CREATEORDER_V5_C2_F9_P1_C10_S7006,/Users/nischithacn/paper3-exactly-once/results/phase6/runs/CREATEORDER_V5_C2_F9_P1_C10_S7006/CREATEORDER_V5_C2_F9_P1_C10_S7006_1788584834436,0.0,0.0,0.0,0.0,0.0,0.0,0.0,0.0,0.0,0.0,0.0,948.5126572259486,843.6684276616614,0,PASS
CREATEORDER_V5_C2_F9_P1_C10_S7007,/Users/nischithacn/paper3-exactly-once/results/phase6/runs/CREATEORDER_V5_C2_F9_P1_C10_S7007/CREATEORDER_V5_C2_F9_P1_C10_S7007_1788585487744,0.0,0.0,0.0,0.0,0.0,0.0,0.0,0.0,0.0,0.0,0.0,948.500774100542,844.8061571229994,0,PASS
CREATEORDER_V5_C2_F9_P1_C10_S7008,/Users/nischithacn/paper3-exactly-once/results/phase6/runs/CREATEORDER_V5_C2_F9_P1_C10_S7008/CREATEORDER_V5_C2_F9_P1_C10_S7008_1788586144902,0.0,0.0,0.0,0.0,0.0,0.0,0.0,0.0,0.0,0.0,0.0,885.9910963714809,788.9131169607206,0,PASS
CREATEORDER_V5_C2_F9_P1_C10_S7009,/Users/nischithacn/paper3-exactly-once/results/phase6/runs/CREATEORDER_V5_C2_F9_P1_C10_S7009/CREATEORDER_V5_C2_F9_P1_C10_S7009_1788588878516,0.0,0.0,0.0,0.0,0.0,0.0,0.0,0.0,0.0,0.0,0.0,1062.3459152847377,936.4067604382307,0,PASS
CREATEORDER_V5_C2_F9_P1_C50_S7000,/Users/nischithacn/paper3-exactly-once/results/phase6/runs/CREATEORDER_V5_C2_F9_P1_C50_S7000/CREATEORDER_V5_C2_F9_P1_C50_S7000_1788579175827,0.0,0.0,0.0,0.0,0.0,0.0,0.0,0.0,0.0,0.0,0.0,1272.2473205422596,1093.3258545602994,0,PASS
CREATEORDER_V5_C2_F9_P1_C50_S7001,/Users/nischithacn/paper3-exactly-once/results/phase6/runs/CREATEORDER_V5_C2_F9_P1_C50_S7001/CREATEORDER_V5_C2_F9_P1_C50_S7001_1788579785629,0.0,0.0,0.0,0.0,0.0,0.0,0.0,0.0,0.0,0.0,0.0,1108.6201417926532,988.4979605988855,0,PASS
CREATEORDER_V5_C2_F9_P1_C50_S7002,/Users/nischithacn/paper3-exactly-once/results/phase6/runs/CREATEORDER_V5_C2_F9_P1_C50_S7002/CREATEORDER_V5_C2_F9_P1_C50_S7002_1788581756580,0.0,0.0,0.0,0.0,0.0,0.0,0.0,0.0,0.0,0.0,0.0,1202.1549975656262,1060.3208024160822,0,PASS
CREATEORDER_V5_C2_F9_P1_C50_S7003,/Users/nischithacn/paper3-exactly-once/results/phase6/runs/CREATEORDER_V5_C2_F9_P1_C50_S7003/CREATEORDER_V5_C2_F9_P1_C50_S7003_1788582420970,0.0,0.0,0.0,0.0,0.0,0.0,0.0,0.0,0.0,0.0,0.0,1221.456066967052,1068.7764085090248,0,PASS
CREATEORDER_V5_C2_F9_P1_C50_S7004,/Users/nischithacn/paper3-exactly-once/results/phase6/runs/CREATEORDER_V5_C2_F9_P1_C50_S7004/CREATEORDER_V5_C2_F9_P1_C50_S7004_1788583562413,0.0,0.0,0.0,0.0,0.0,0.0,0.0,0.0,0.0,0.0,0.0,902.3194857194734,800.9474861915796,0,PASS
CREATEORDER_V5_C2_F9_P1_C50_S7005,/Users/nischithacn/paper3-exactly-once/results/phase6/runs/CREATEORDER_V5_C2_F9_P1_C50_S7005/CREATEORDER_V5_C2_F9_P1_C50_S7005_1788584229337,0.0,0.0,0.0,0.0,0.0,0.0,0.0,0.0,0.0,0.0,0.0,1110.093378712059,986.0650240885467,0,PASS
CREATEORDER_V5_C2_F9_P1_C50_S7006,/Users/nischithacn/paper3-exactly-once/results/phase6/runs/CREATEORDER_V5_C2_F9_P1_C50_S7006/CREATEORDER_V5_C2_F9_P1_C50_S7006_1788584846852,0.0,0.0,0.0,0.0,0.0,0.0,0.0,0.0,0.0,0.0,0.0,1070.0211225840776,959.3309963247752,0,PASS
CREATEORDER_V5_C2_F9_P1_C50_S7007,/Users/nischithacn/paper3-exactly-once/results/phase6/runs/CREATEORDER_V5_C2_F9_P1_C50_S7007/CREATEORDER_V5_C2_F9_P1_C50_S7007_1788585500128,0.0,0.0,0.0,0.0,0.0,0.0,0.0,0.0,0.0,0.0,0.0,1146.9506763551542,1016.4326391493332,0,PASS
CREATEORDER_V5_C2_F9_P1_C50_S7008,/Users/nischithacn/paper3-exactly-once/results/phase6/runs/CREATEORDER_V5_C2_F9_P1_C50_S7008/CREATEORDER_V5_C2_F9_P1_C50_S7008_1788586165189,0.0,0.0,0.0,0.0,0.0,0.0,0.0,0.0,0.0,0.0,0.0,1202.3692123369735,1060.8143499518064,0,PASS
CREATEORDER_V5_C2_F9_P1_C50_S7009,/Users/nischithacn/paper3-exactly-once/results/phase6/runs/CREATEORDER_V5_C2_F9_P1_C50_S7009/CREATEORDER_V5_C2_F9_P1_C50_S7009_1788588889777,0.0,0.0,0.0,0.0,0.0,0.0,0.0,0.0,0.0,0.0,0.0,1317.74841708069,1149.24947858023,0,PASS
CREATEORDER_V5_C2_F9_P20_C10_S7000,/Users/nischithacn/paper3-exactly-once/results/phase6/runs/CREATEORDER_V5_C2_F9_P20_C10_S7000/CREATEORDER_V5_C2_F9_P20_C10_S7000_1788579237071,0.0,0.0,0.0,0.0,0.0,0.0,0.0,0.0,0.0,0.0,0.0,895.7711283990999,795.3398209067775,0,PASS
CREATEORDER_V5_C2_F9_P20_C10_S7001,/Users/nischithacn/paper3-exactly-once/results/phase6/runs/CREATEORDER_V5_C2_F9_P20_C10_S7001/CREATEORDER_V5_C2_F9_P20_C10_S7001_1788579867794,0.0,0.0,0.0,0.0,0.0,0.0,0.0,0.0,0.0,0.0,0.0,825.4986027077186,741.0507164393331,0,PASS
CREATEORDER_V5_C2_F9_P20_C10_S7002,/Users/nischithacn/paper3-exactly-once/results/phase6/runs/CREATEORDER_V5_C2_F9_P20_C10_S7002/CREATEORDER_V5_C2_F9_P20_C10_S7002_1788581839039,0.0,0.0,0.0,0.0,0.0,0.0,0.0,0.0,0.0,0.0,0.0,873.8684416619357,778.6598649574174,0,PASS
CREATEORDER_V5_C2_F9_P20_C10_S7003,/Users/nischithacn/paper3-exactly-once/results/phase6/runs/CREATEORDER_V5_C2_F9_P20_C10_S7003/CREATEORDER_V5_C2_F9_P20_C10_S7003_1788582507960,0.0,0.0,0.0,0.0,0.0,0.0,0.0,0.0,0.0,0.0,0.0,595.988585585431,503.38336958215007,0,PASS
CREATEORDER_V5_C2_F9_P20_C10_S7004,/Users/nischithacn/paper3-exactly-once/results/phase6/runs/CREATEORDER_V5_C2_F9_P20_C10_S7004/CREATEORDER_V5_C2_F9_P20_C10_S7004_1788583639001,0.0,0.0,0.0,0.0,0.0,0.0,0.0,0.0,0.0,0.0,0.0,708.5821236741635,634.3417118093207,0,PASS
CREATEORDER_V5_C2_F9_P20_C10_S7005,/Users/nischithacn/paper3-exactly-once/results/phase6/runs/CREATEORDER_V5_C2_F9_P20_C10_S7005/CREATEORDER_V5_C2_F9_P20_C10_S7005_1788584291991,0.0,0.0,0.0,0.0,0.0,0.0,0.0,0.0,0.0,0.0,0.0,869.0924412982936,777.4993536601373,0,PASS
CREATEORDER_V5_C2_F9_P20_C10_S7006,/Users/nischithacn/paper3-exactly-once/results/phase6/runs/CREATEORDER_V5_C2_F9_P20_C10_S7006/CREATEORDER_V5_C2_F9_P20_C10_S7006_1788584929810,0.0,0.0,0.0,0.0,0.0,0.0,0.0,0.0,0.0,0.0,0.0,831.0505042559521,740.9119314758777,0,PASS
CREATEORDER_V5_C2_F9_P20_C10_S7007,/Users/nischithacn/paper3-exactly-once/results/phase6/runs/CREATEORDER_V5_C2_F9_P20_C10_S7007/CREATEORDER_V5_C2_F9_P20_C10_S7007_1788585585429,0.0,0.0,0.0,0.0,0.0,0.0,0.0,0.0,0.0,0.0,0.0,846.6234736978663,754.7782738586628,0,PASS
CREATEORDER_V5_C2_F9_P20_C10_S7008,/Users/nischithacn/paper3-exactly-once/results/phase6/runs/CREATEORDER_V5_C2_F9_P20_C10_S7008/CREATEORDER_V5_C2_F9_P20_C10_S7008_1788586245283,0.0,0.0,0.0,0.0,0.0,0.0,0.0,0.0,0.0,0.0,0.0,651.4324020828981,539.873659927389,0,PASS
CREATEORDER_V5_C2_F9_P20_C10_S7009,/Users/nischithacn/paper3-exactly-once/results/phase6/runs/CREATEORDER_V5_C2_F9_P20_C10_S7009/CREATEORDER_V5_C2_F9_P20_C10_S7009_1788588947787,0.0,0.0,0.0,0.0,0.0,0.0,0.0,0.0,0.0,0.0,0.0,952.9061519765156,845.1164193453075,0,PASS
CREATEORDER_V5_C2_F9_P20_C50_S7000,/Users/nischithacn/paper3-exactly-once/results/phase6/runs/CREATEORDER_V5_C2_F9_P20_C50_S7000/CREATEORDER_V5_C2_F9_P20_C50_S7000_1788579250227,0.0,0.0,0.0,0.0,0.0,0.0,0.0,0.0,0.0,0.0,0.0,1089.6245541280216,961.7430124597457,0,PASS
CREATEORDER_V5_C2_F9_P20_C50_S7001,/Users/nischithacn/paper3-exactly-once/results/phase6/runs/CREATEORDER_V5_C2_F9_P20_C50_S7001/CREATEORDER_V5_C2_F9_P20_C50_S7001_1788579888913,0.0,0.0,0.0,0.0,0.0,0.0,0.0,0.0,0.0,0.0,0.0,1060.8198769376263,945.3859000120182,0,PASS
CREATEORDER_V5_C2_F9_P20_C50_S7002,/Users/nischithacn/paper3-exactly-once/results/phase6/runs/CREATEORDER_V5_C2_F9_P20_C50_S7002/CREATEORDER_V5_C2_F9_P20_C50_S7002_1788581852463,0.0,0.0,0.0,0.0,0.0,0.0,0.0,0.0,0.0,0.0,0.0,1062.4916120163196,941.2761226148381,0,PASS
CREATEORDER_V5_C2_F9_P20_C50_S7003,/Users/nischithacn/paper3-exactly-once/results/phase6/runs/CREATEORDER_V5_C2_F9_P20_C50_S7003/CREATEORDER_V5_C2_F9_P20_C50_S7003_1788582528469,0.0,0.0,0.0,0.0,0.0,0.0,0.0,0.0,0.0,0.0,0.0,780.3125887241246,689.3684862769074,0,PASS
CREATEORDER_V5_C2_F9_P20_C50_S7004,/Users/nischithacn/paper3-exactly-once/results/phase6/runs/CREATEORDER_V5_C2_F9_P20_C50_S7004/CREATEORDER_V5_C2_F9_P20_C50_S7004_1788583655409,0.0,0.0,0.0,0.0,0.0,0.0,0.0,0.0,0.0,0.0,0.0,820.0489428548258,728.1555791458858,0,PASS
CREATEORDER_V5_C2_F9_P20_C50_S7005,/Users/nischithacn/paper3-exactly-once/results/phase6/runs/CREATEORDER_V5_C2_F9_P20_C50_S7005/CREATEORDER_V5_C2_F9_P20_C50_S7005_1788584305422,0.0,0.0,0.0,0.0,0.0,0.0,0.0,0.0,0.0,0.0,0.0,999.5133147138023,892.7709715251606,0,PASS
CREATEORDER_V5_C2_F9_P20_C50_S7006,/Users/nischithacn/paper3-exactly-once/results/phase6/runs/CREATEORDER_V5_C2_F9_P20_C50_S7006/CREATEORDER_V5_C2_F9_P20_C50_S7006_1788584950594,0.0,0.0,0.0,0.0,0.0,0.0,0.0,0.0,0.0,0.0,0.0,1016.5696846911314,908.2358504988439,0,PASS
CREATEORDER_V5_C2_F9_P20_C50_S7007,/Users/nischithacn/paper3-exactly-once/results/phase6/runs/CREATEORDER_V5_C2_F9_P20_C50_S7007/CREATEORDER_V5_C2_F9_P20_C50_S7007_1788585599245,0.0,0.0,0.0,0.0,0.0,0.0,0.0,0.0,0.0,0.0,0.0,977.0787054165606,874.1613406053673,0,PASS
CREATEORDER_V5_C2_F9_P20_C50_S7008,/Users/nischithacn/paper3-exactly-once/results/phase6/runs/CREATEORDER_V5_C2_F9_P20_C50_S7008/CREATEORDER_V5_C2_F9_P20_C50_S7008_1788586264385,0.0,0.0,0.0,0.0,0.0,0.0,0.0,0.0,0.0,0.0,0.0,956.020674807768,845.5071456604649,0,PASS
CREATEORDER_V5_C2_F9_P20_C50_S7009,/Users/nischithacn/paper3-exactly-once/results/phase6/runs/CREATEORDER_V5_C2_F9_P20_C50_S7009/CREATEORDER_V5_C2_F9_P20_C50_S7009_1788588960239,0.0,0.0,0.0,0.0,0.0,0.0,0.0,0.0,0.0,0.0,0.0,1164.6690781584869,1026.960383797767,0,PASS
CREATEORDER_V5_C2_F9_P5_C10_S7000,/Users/nischithacn/paper3-exactly-once/results/phase6/runs/CREATEORDER_V5_C2_F9_P5_C10_S7000/CREATEORDER_V5_C2_F9_P5_C10_S7000_1788579185537,0.0,0.0,0.0,0.0,0.0,0.0,0.0,0.0,0.0,0.0,0.0,1002.0392433580054,887.1095530924715,0,PASS
CREATEORDER_V5_C2_F9_P5_C10_S7001,/Users/nischithacn/paper3-exactly-once/results/phase6/runs/CREATEORDER_V5_C2_F9_P5_C10_S7001/CREATEORDER_V5_C2_F9_P5_C10_S7001_1788579816547,0.0,0.0,0.0,0.0,0.0,0.0,0.0,0.0,0.0,0.0,0.0,739.7809465253866,610.9183352420598,0,PASS
CREATEORDER_V5_C2_F9_P5_C10_S7002,/Users/nischithacn/paper3-exactly-once/results/phase6/runs/CREATEORDER_V5_C2_F9_P5_C10_S7002/CREATEORDER_V5_C2_F9_P5_C10_S7002_1788581766567,0.0,0.0,0.0,0.0,0.0,0.0,0.0,0.0,0.0,0.0,0.0,919.2502854038961,821.5283750788294,0,PASS
CREATEORDER_V5_C2_F9_P5_C10_S7003,/Users/nischithacn/paper3-exactly-once/results/phase6/runs/CREATEORDER_V5_C2_F9_P5_C10_S7003/CREATEORDER_V5_C2_F9_P5_C10_S7003_1788582430959,0.0,0.0,0.0,0.0,0.0,0.0,0.0,0.0,0.0,0.0,0.0,785.3733853966565,702.1059861814331,0,PASS
CREATEORDER_V5_C2_F9_P5_C10_S7004,/Users/nischithacn/paper3-exactly-once/results/phase6/runs/CREATEORDER_V5_C2_F9_P5_C10_S7004/CREATEORDER_V5_C2_F9_P5_C10_S7004_1788583575563,0.0,0.0,0.0,0.0,0.0,0.0,0.0,0.0,0.0,0.0,0.0,738.6653640047793,661.439434532666,0,PASS
CREATEORDER_V5_C2_F9_P5_C10_S7005,/Users/nischithacn/paper3-exactly-once/results/phase6/runs/CREATEORDER_V5_C2_F9_P5_C10_S7005/CREATEORDER_V5_C2_F9_P5_C10_S7005_1788584240041,0.0,0.0,0.0,0.0,0.0,0.0,0.0,0.0,0.0,0.0,0.0,971.4212553614212,861.1575467370983,0,PASS
CREATEORDER_V5_C2_F9_P5_C10_S7006,/Users/nischithacn/paper3-exactly-once/results/phase6/runs/CREATEORDER_V5_C2_F9_P5_C10_S7006/CREATEORDER_V5_C2_F9_P5_C10_S7006_1788584878265,0.0,0.0,0.0,0.0,0.0,0.0,0.0,0.0,0.0,0.0,0.0,737.5417668257501,607.8111432023599,0,PASS
CREATEORDER_V5_C2_F9_P5_C10_S7007,/Users/nischithacn/paper3-exactly-once/results/phase6/runs/CREATEORDER_V5_C2_F9_P5_C10_S7007/CREATEORDER_V5_C2_F9_P5_C10_S7007_1788585510593,0.0,0.0,0.0,0.0,0.0,0.0,0.0,0.0,0.0,0.0,0.0,885.8261509493376,792.5963187948873,0,PASS
CREATEORDER_V5_C2_F9_P5_C10_S7008,/Users/nischithacn/paper3-exactly-once/results/phase6/runs/CREATEORDER_V5_C2_F9_P5_C10_S7008/CREATEORDER_V5_C2_F9_P5_C10_S7008_1788586175189,0.0,0.0,0.0,0.0,0.0,0.0,0.0,0.0,0.0,0.0,0.0,928.3026488172214,823.3628873797178,0,PASS
CREATEORDER_V5_C2_F9_P5_C10_S7009,/Users/nischithacn/paper3-exactly-once/results/phase6/runs/CREATEORDER_V5_C2_F9_P5_C10_S7009/CREATEORDER_V5_C2_F9_P5_C10_S7009_1788588899068,0.0,0.0,0.0,0.0,0.0,0.0,0.0,0.0,0.0,0.0,0.0,1016.6359173154361,901.2275875636857,0,PASS
CREATEORDER_V5_C2_F9_P5_C50_S7000,/Users/nischithacn/paper3-exactly-once/results/phase6/runs/CREATEORDER_V5_C2_F9_P5_C50_S7000/CREATEORDER_V5_C2_F9_P5_C50_S7000_1788579197378,0.0,0.0,0.0,0.0,0.0,0.0,0.0,0.0,0.0,0.0,0.0,1232.0473833286637,1086.4862767353004,0,PASS
CREATEORDER_V5_C2_F9_P5_C50_S7001,/Users/nischithacn/paper3-exactly-once/results/phase6/runs/CREATEORDER_V5_C2_F9_P5_C50_S7001/CREATEORDER_V5_C2_F9_P5_C50_S7001_1788579833459,0.0,0.0,0.0,0.0,0.0,0.0,0.0,0.0,0.0,0.0,0.0,1117.2062300855575,983.7982009760148,0,PASS
CREATEORDER_V5_C2_F9_P5_C50_S7002,/Users/nischithacn/paper3-exactly-once/results/phase6/runs/CREATEORDER_V5_C2_F9_P5_C50_S7002/CREATEORDER_V5_C2_F9_P5_C50_S7002_1788581779302,0.0,0.0,0.0,0.0,0.0,0.0,0.0,0.0,0.0,0.0,0.0,1099.9381624654031,981.6035459110025,0,PASS
CREATEORDER_V5_C2_F9_P5_C50_S7003,/Users/nischithacn/paper3-exactly-once/results/phase6/runs/CREATEORDER_V5_C2_F9_P5_C50_S7003/CREATEORDER_V5_C2_F9_P5_C50_S7003_1788582445811,0.0,0.0,0.0,0.0,0.0,0.0,0.0,0.0,0.0,0.0,0.0,890.596305286941,797.2244307134358,0,PASS
CREATEORDER_V5_C2_F9_P5_C50_S7004,/Users/nischithacn/paper3-exactly-once/results/phase6/runs/CREATEORDER_V5_C2_F9_P5_C50_S7004/CREATEORDER_V5_C2_F9_P5_C50_S7004_1788583597886,0.0,0.0,0.0,0.0,0.0,0.0,0.0,0.0,0.0,0.0,0.0,1036.0278892128265,922.3272266458395,0,PASS
CREATEORDER_V5_C2_F9_P5_C50_S7005,/Users/nischithacn/paper3-exactly-once/results/phase6/runs/CREATEORDER_V5_C2_F9_P5_C50_S7005/CREATEORDER_V5_C2_F9_P5_C50_S7005_1788584252198,0.0,0.0,0.0,0.0,0.0,0.0,0.0,0.0,0.0,0.0,0.0,1138.2046662791877,1011.394557027547,0,PASS
CREATEORDER_V5_C2_F9_P5_C50_S7006,/Users/nischithacn/paper3-exactly-once/results/phase6/runs/CREATEORDER_V5_C2_F9_P5_C50_S7006/CREATEORDER_V5_C2_F9_P5_C50_S7006_1788584895272,0.0,0.0,0.0,0.0,0.0,0.0,0.0,0.0,0.0,0.0,0.0,1083.3384345215356,956.0797099326724,0,PASS
CREATEORDER_V5_C2_F9_P5_C50_S7007,/Users/nischithacn/paper3-exactly-once/results/phase6/runs/CREATEORDER_V5_C2_F9_P5_C50_S7007/CREATEORDER_V5_C2_F9_P5_C50_S7007_1788585523782,0.0,0.0,0.0,0.0,0.0,0.0,0.0,0.0,0.0,0.0,0.0,1036.2150937679514,926.5334126609943,0,PASS
CREATEORDER_V5_C2_F9_P5_C50_S7008,/Users/nischithacn/paper3-exactly-once/results/phase6/runs/CREATEORDER_V5_C2_F9_P5_C50_S7008/CREATEORDER_V5_C2_F9_P5_C50_S7008_1788586187897,0.0,0.0,0.0,0.0,0.0,0.0,0.0,0.0,0.0,0.0,0.0,1054.5674193362167,940.92720061963,0,PASS
CREATEORDER_V5_C2_F9_P5_C50_S7009,/Users/nischithacn/paper3-exactly-once/results/phase6/runs/CREATEORDER_V5_C2_F9_P5_C50_S7009/CREATEORDER_V5_C2_F9_P5_C50_S7009_1788588917719,0.0,0.0,0.0,0.0,0.0,0.0,0.0,0.0,0.0,0.0,0.0,1348.3936118679871,1189.7296275837514,0,PASS
RESERVEINVENTORY_V0_C0_F3_P10_C50_S7000,/Users/nischithacn/paper3-exactly-once/results/phase6/runs/RESERVEINVENTORY_V0_C0_F3_P10_C50_S7000/RESERVEINVENTORY_V0_C0_F3_P10_C50_S7000_1788698785863,0.0,0.0,0.0,0.0,0.0,0.0,0.0,0.0,0.0,0.0,0.0,873.7871197197418,681.2790706324738,0,PASS
RESERVEINVENTORY_V0_C0_F3_P10_C50_S7001,/Users/nischithacn/paper3-exactly-once/results/phase6/runs/RESERVEINVENTORY_V0_C0_F3_P10_C50_S7001/RESERVEINVENTORY_V0_C0_F3_P10_C50_S7001_1788698899385,0.0,0.0,0.0,0.0,0.0,0.0,0.0,0.0,0.0,0.0,0.0,1028.0519452634617,897.9508508377527,0,PASS
RESERVEINVENTORY_V0_C0_F3_P10_C50_S7002,/Users/nischithacn/paper3-exactly-once/results/phase6/runs/RESERVEINVENTORY_V0_C0_F3_P10_C50_S7002/RESERVEINVENTORY_V0_C0_F3_P10_C50_S7002_1788699034330,0.0,0.0,0.0,0.0,0.0,0.0,0.0,0.0,0.0,0.0,0.0,1022.6971347853946,882.9468482418895,0,PASS
RESERVEINVENTORY_V0_C0_F3_P10_C50_S7003,/Users/nischithacn/paper3-exactly-once/results/phase6/runs/RESERVEINVENTORY_V0_C0_F3_P10_C50_S7003/RESERVEINVENTORY_V0_C0_F3_P10_C50_S7003_1788699167687,0.0,0.0,0.0,0.0,0.0,0.0,0.0,0.0,0.0,0.0,0.0,999.6556276282406,856.4399493703846,0,PASS
RESERVEINVENTORY_V0_C0_F3_P10_C50_S7004,/Users/nischithacn/paper3-exactly-once/results/phase6/runs/RESERVEINVENTORY_V0_C0_F3_P10_C50_S7004/RESERVEINVENTORY_V0_C0_F3_P10_C50_S7004_1788699304829,0.0,0.0,0.0,0.0,0.0,0.0,0.0,0.0,0.0,0.0,0.0,1039.0748296421064,893.3238424377003,0,PASS
RESERVEINVENTORY_V0_C0_F3_P10_C50_S7005,/Users/nischithacn/paper3-exactly-once/results/phase6/runs/RESERVEINVENTORY_V0_C0_F3_P10_C50_S7005/RESERVEINVENTORY_V0_C0_F3_P10_C50_S7005_1788699440383,0.0,0.0,0.0,0.0,0.0,0.0,0.0,0.0,0.0,0.0,0.0,835.8033311183692,671.0834753415737,0,PASS
RESERVEINVENTORY_V0_C0_F3_P10_C50_S7006,/Users/nischithacn/paper3-exactly-once/results/phase6/runs/RESERVEINVENTORY_V0_C0_F3_P10_C50_S7006/RESERVEINVENTORY_V0_C0_F3_P10_C50_S7006_1788699555915,0.0,0.0,0.0,0.0,0.0,0.0,0.0,0.0,0.0,0.0,0.0,1017.7596128969575,885.7368272562478,0,PASS
RESERVEINVENTORY_V0_C0_F3_P10_C50_S7007,/Users/nischithacn/paper3-exactly-once/results/phase6/runs/RESERVEINVENTORY_V0_C0_F3_P10_C50_S7007/RESERVEINVENTORY_V0_C0_F3_P10_C50_S7007_1788699693940,0.0,0.0,0.0,0.0,0.0,0.0,0.0,0.0,0.0,0.0,0.0,1042.2590243920138,892.753033134211,0,PASS
RESERVEINVENTORY_V0_C0_F3_P10_C50_S7008,/Users/nischithacn/paper3-exactly-once/results/phase6/runs/RESERVEINVENTORY_V0_C0_F3_P10_C50_S7008/RESERVEINVENTORY_V0_C0_F3_P10_C50_S7008_1788699826410,0.0,0.0,0.0,0.0,0.0,0.0,0.0,0.0,0.0,0.0,0.0,976.8087158930932,836.6116699188236,0,PASS
RESERVEINVENTORY_V0_C0_F3_P10_C50_S7009,/Users/nischithacn/paper3-exactly-once/results/phase6/runs/RESERVEINVENTORY_V0_C0_F3_P10_C50_S7009/RESERVEINVENTORY_V0_C0_F3_P10_C50_S7009_1788699963676,0.0,0.0,0.0,0.0,0.0,0.0,0.0,0.0,0.0,0.0,0.0,1008.1330781504171,868.9848731969689,0,PASS
RESERVEINVENTORY_V0_C0_F8_P10_C50_S7000,/Users/nischithacn/paper3-exactly-once/results/phase6/runs/RESERVEINVENTORY_V0_C0_F8_P10_C50_S7000/RESERVEINVENTORY_V0_C0_F8_P10_C50_S7000_1788698801103,0.0,0.0,0.0,0.0,0.0,0.0,0.0,0.0,0.0,0.0,0.0,1116.9557518918832,971.4218403251105,0,PASS
RESERVEINVENTORY_V0_C0_F8_P10_C50_S7001,/Users/nischithacn/paper3-exactly-once/results/phase6/runs/RESERVEINVENTORY_V0_C0_F8_P10_C50_S7001/RESERVEINVENTORY_V0_C0_F8_P10_C50_S7001_1788698911095,0.0,0.0,0.0,0.0,0.0,0.0,0.0,0.0,0.0,0.0,0.0,991.2557444471722,873.0977024394359,0,PASS
RESERVEINVENTORY_V0_C0_F8_P10_C50_S7002,/Users/nischithacn/paper3-exactly-once/results/phase6/runs/RESERVEINVENTORY_V0_C0_F8_P10_C50_S7002/RESERVEINVENTORY_V0_C0_F8_P10_C50_S7002_1788699046233,0.0,0.0,0.0,0.0,0.0,0.0,0.0,0.0,0.0,0.0,0.0,999.8047256395236,885.3866090569583,0,PASS
RESERVEINVENTORY_V0_C0_F8_P10_C50_S7003,/Users/nischithacn/paper3-exactly-once/results/phase6/runs/RESERVEINVENTORY_V0_C0_F8_P10_C50_S7003/RESERVEINVENTORY_V0_C0_F8_P10_C50_S7003_1788699186879,0.0,0.0,0.0,0.0,0.0,0.0,0.0,0.0,0.0,0.0,0.0,1043.184613281638,915.3344085950873,0,PASS
RESERVEINVENTORY_V0_C0_F8_P10_C50_S7004,/Users/nischithacn/paper3-exactly-once/results/phase6/runs/RESERVEINVENTORY_V0_C0_F8_P10_C50_S7004/RESERVEINVENTORY_V0_C0_F8_P10_C50_S7004_1788699316601,0.0,0.0,0.0,0.0,0.0,0.0,0.0,0.0,0.0,0.0,0.0,975.5310403503098,855.6840620707482,0,PASS
RESERVEINVENTORY_V0_C0_F8_P10_C50_S7005,/Users/nischithacn/paper3-exactly-once/results/phase6/runs/RESERVEINVENTORY_V0_C0_F8_P10_C50_S7005/RESERVEINVENTORY_V0_C0_F8_P10_C50_S7005_1788699455870,0.0,0.0,0.0,0.0,0.0,0.0,0.0,0.0,0.0,0.0,0.0,1086.245612891936,939.0158765687945,0,PASS
RESERVEINVENTORY_V0_C0_F8_P10_C50_S7006,/Users/nischithacn/paper3-exactly-once/results/phase6/runs/RESERVEINVENTORY_V0_C0_F8_P10_C50_S7006/RESERVEINVENTORY_V0_C0_F8_P10_C50_S7006_1788699567789,0.0,0.0,0.0,0.0,0.0,0.0,0.0,0.0,0.0,0.0,0.0,962.8812092727785,844.3391595424255,0,PASS
RESERVEINVENTORY_V0_C0_F8_P10_C50_S7007,/Users/nischithacn/paper3-exactly-once/results/phase6/runs/RESERVEINVENTORY_V0_C0_F8_P10_C50_S7007/RESERVEINVENTORY_V0_C0_F8_P10_C50_S7007_1788699705699,0.0,0.0,0.0,0.0,0.0,0.0,0.0,0.0,0.0,0.0,0.0,974.3576436684829,857.3644919061888,0,PASS
RESERVEINVENTORY_V0_C0_F8_P10_C50_S7008,/Users/nischithacn/paper3-exactly-once/results/phase6/runs/RESERVEINVENTORY_V0_C0_F8_P10_C50_S7008/RESERVEINVENTORY_V0_C0_F8_P10_C50_S7008_1788699845904,0.0,0.0,0.0,0.0,0.0,0.0,0.0,0.0,0.0,0.0,0.0,1055.6274594758663,931.2113997945844,0,PASS
RESERVEINVENTORY_V0_C0_F8_P10_C50_S7009,/Users/nischithacn/paper3-exactly-once/results/phase6/runs/RESERVEINVENTORY_V0_C0_F8_P10_C50_S7009/RESERVEINVENTORY_V0_C0_F8_P10_C50_S7009_1788699975745,0.0,0.0,0.0,0.0,0.0,0.0,0.0,0.0,0.0,0.0,0.0,968.3766888682986,848.9977653990434,0,PASS
RESERVEINVENTORY_V2_C1_F3_P10_C50_S7000,/Users/nischithacn/paper3-exactly-once/results/phase6/runs/RESERVEINVENTORY_V2_C1_F3_P10_C50_S7000/RESERVEINVENTORY_V2_C1_F3_P10_C50_S7000_1788698811963,0.0,0.0,0.0,0.0,0.0,0.0,0.0,0.0,0.0,0.0,0.0,971.1176193348516,822.6760634543646,0,PASS
RESERVEINVENTORY_V2_C1_F3_P10_C50_S7001,/Users/nischithacn/paper3-exactly-once/results/phase6/runs/RESERVEINVENTORY_V2_C1_F3_P10_C50_S7001/RESERVEINVENTORY_V2_C1_F3_P10_C50_S7001_1788698944261,0.0,0.0,0.0,0.0,0.0,0.0,0.0,0.0,0.0,0.0,0.0,794.2091391167804,635.478248780399,0,PASS
RESERVEINVENTORY_V2_C1_F3_P10_C50_S7002,/Users/nischithacn/paper3-exactly-once/results/phase6/runs/RESERVEINVENTORY_V2_C1_F3_P10_C50_S7002/RESERVEINVENTORY_V2_C1_F3_P10_C50_S7002_1788699058076,0.0,0.0,0.0,0.0,0.0,0.0,0.0,0.0,0.0,0.0,0.0,894.6595532806979,785.5962434364202,0,PASS
RESERVEINVENTORY_V2_C1_F3_P10_C50_S7003,/Users/nischithacn/paper3-exactly-once/results/phase6/runs/RESERVEINVENTORY_V2_C1_F3_P10_C50_S7003/RESERVEINVENTORY_V2_C1_F3_P10_C50_S7003_1788699198408,0.0,0.0,0.0,0.0,0.0,0.0,0.0,0.0,0.0,0.0,0.0,942.1516136434062,817.8229267546607,0,PASS
RESERVEINVENTORY_V2_C1_F3_P10_C50_S7004,/Users/nischithacn/paper3-exactly-once/results/phase6/runs/RESERVEINVENTORY_V2_C1_F3_P10_C50_S7004/RESERVEINVENTORY_V2_C1_F3_P10_C50_S7004_1788699328852,0.0,0.0,0.0,0.0,0.0,0.0,0.0,0.0,0.0,0.0,0.0,792.8275066026838,698.9081942312727,0,PASS
RESERVEINVENTORY_V2_C1_F3_P10_C50_S7005,/Users/nischithacn/paper3-exactly-once/results/phase6/runs/RESERVEINVENTORY_V2_C1_F3_P10_C50_S7005/RESERVEINVENTORY_V2_C1_F3_P10_C50_S7005_1788699467085,0.0,0.0,0.0,0.0,0.0,0.0,0.0,0.0,0.0,0.0,0.0,933.0478571030217,799.4085643996334,0,PASS
RESERVEINVENTORY_V2_C1_F3_P10_C50_S7006,/Users/nischithacn/paper3-exactly-once/results/phase6/runs/RESERVEINVENTORY_V2_C1_F3_P10_C50_S7006/RESERVEINVENTORY_V2_C1_F3_P10_C50_S7006_1788699601827,0.0,0.0,0.0,0.0,0.0,0.0,0.0,0.0,0.0,0.0,0.0,771.5595010362227,620.3371230216541,0,PASS
RESERVEINVENTORY_V2_C1_F3_P10_C50_S7007,/Users/nischithacn/paper3-exactly-once/results/phase6/runs/RESERVEINVENTORY_V2_C1_F3_P10_C50_S7007/RESERVEINVENTORY_V2_C1_F3_P10_C50_S7007_1788699717933,0.0,0.0,0.0,0.0,0.0,0.0,0.0,0.0,0.0,0.0,0.0,898.8711455308136,780.103860864109,0,PASS
RESERVEINVENTORY_V2_C1_F3_P10_C50_S7008,/Users/nischithacn/paper3-exactly-once/results/phase6/runs/RESERVEINVENTORY_V2_C1_F3_P10_C50_S7008/RESERVEINVENTORY_V2_C1_F3_P10_C50_S7008_1788699857228,0.0,0.0,0.0,0.0,0.0,0.0,0.0,0.0,0.0,0.0,0.0,917.7828970139732,794.1492746254297,0,PASS
RESERVEINVENTORY_V2_C1_F3_P10_C50_S7009,/Users/nischithacn/paper3-exactly-once/results/phase6/runs/RESERVEINVENTORY_V2_C1_F3_P10_C50_S7009/RESERVEINVENTORY_V2_C1_F3_P10_C50_S7009_1788699988106,0.0,0.0,0.0,0.0,0.0,0.0,0.0,0.0,0.0,0.0,0.0,886.5160181981742,775.3291508768422,0,PASS
RESERVEINVENTORY_V2_C1_F8_P10_C50_S7000,/Users/nischithacn/paper3-exactly-once/results/phase6/runs/RESERVEINVENTORY_V2_C1_F8_P10_C50_S7000/RESERVEINVENTORY_V2_C1_F8_P10_C50_S7000_1788698824738,0.0,0.0,0.0,0.0,0.0,0.0,0.0,0.0,0.0,0.0,0.0,681.4008736017774,605.7970984768803,0,PASS
RESERVEINVENTORY_V2_C1_F8_P10_C50_S7001,/Users/nischithacn/paper3-exactly-once/results/phase6/runs/RESERVEINVENTORY_V2_C1_F8_P10_C50_S7001/RESERVEINVENTORY_V2_C1_F8_P10_C50_S7001_1788698960637,0.0,0.0,0.0,0.0,0.0,0.0,0.0,0.0,0.0,0.0,0.0,705.3378484015948,622.4815090458306,0,PASS
RESERVEINVENTORY_V2_C1_F8_P10_C50_S7002,/Users/nischithacn/paper3-exactly-once/results/phase6/runs/RESERVEINVENTORY_V2_C1_F8_P10_C50_S7002/RESERVEINVENTORY_V2_C1_F8_P10_C50_S7002_1788699071437,0.0,0.0,0.0,0.0,0.0,0.0,0.0,0.0,0.0,0.0,0.0,602.784920299688,545.7976890747746,0,PASS
RESERVEINVENTORY_V2_C1_F8_P10_C50_S7003,/Users/nischithacn/paper3-exactly-once/results/phase6/runs/RESERVEINVENTORY_V2_C1_F8_P10_C50_S7003/RESERVEINVENTORY_V2_C1_F8_P10_C50_S7003_1788699211259,0.0,0.0,0.0,0.0,0.0,0.0,0.0,0.0,0.0,0.0,0.0,700.1199832544239,616.6205898449656,0,PASS
RESERVEINVENTORY_V2_C1_F8_P10_C50_S7004,/Users/nischithacn/paper3-exactly-once/results/phase6/runs/RESERVEINVENTORY_V2_C1_F8_P10_C50_S7004/RESERVEINVENTORY_V2_C1_F8_P10_C50_S7004_1788699350884,0.0,0.0,0.0,0.0,0.0,0.0,0.0,0.0,0.0,0.0,0.0,691.3177704379532,610.6763976833076,0,PASS
RESERVEINVENTORY_V2_C1_F8_P10_C50_S7005,/Users/nischithacn/paper3-exactly-once/results/phase6/runs/RESERVEINVENTORY_V2_C1_F8_P10_C50_S7005/RESERVEINVENTORY_V2_C1_F8_P10_C50_S7005_1788699480226,0.0,0.0,0.0,0.0,0.0,0.0,0.0,0.0,0.0,0.0,0.0,684.5534559879128,609.1092231578276,0,PASS
RESERVEINVENTORY_V2_C1_F8_P10_C50_S7006,/Users/nischithacn/paper3-exactly-once/results/phase6/runs/RESERVEINVENTORY_V2_C1_F8_P10_C50_S7006/RESERVEINVENTORY_V2_C1_F8_P10_C50_S7006_1788699618593,0.0,0.0,0.0,0.0,0.0,0.0,0.0,0.0,0.0,0.0,0.0,705.3952146019478,617.2646262717393,0,PASS
RESERVEINVENTORY_V2_C1_F8_P10_C50_S7007,/Users/nischithacn/paper3-exactly-once/results/phase6/runs/RESERVEINVENTORY_V2_C1_F8_P10_C50_S7007/RESERVEINVENTORY_V2_C1_F8_P10_C50_S7007_1788699731380,0.0,0.0,0.0,0.0,0.0,0.0,0.0,0.0,0.0,0.0,0.0,704.7379607379856,618.1314768214328,0,PASS
RESERVEINVENTORY_V2_C1_F8_P10_C50_S7008,/Users/nischithacn/paper3-exactly-once/results/phase6/runs/RESERVEINVENTORY_V2_C1_F8_P10_C50_S7008/RESERVEINVENTORY_V2_C1_F8_P10_C50_S7008_1788699870444,0.0,0.0,0.0,0.0,0.0,0.0,0.0,0.0,0.0,0.0,0.0,716.6134285741622,629.8133154808064,0,PASS
RESERVEINVENTORY_V2_C1_F8_P10_C50_S7009,/Users/nischithacn/paper3-exactly-once/results/phase6/runs/RESERVEINVENTORY_V2_C1_F8_P10_C50_S7009/RESERVEINVENTORY_V2_C1_F8_P10_C50_S7009_1788700008721,0.0,0.0,0.0,0.0,0.0,0.0,0.0,0.0,0.0,0.0,0.0,678.8439487778959,599.6886020212988,0,PASS
RESERVEINVENTORY_V4_C1_F3_P10_C50_S7000,/Users/nischithacn/paper3-exactly-once/results/phase6/runs/RESERVEINVENTORY_V4_C1_F3_P10_C50_S7000/RESERVEINVENTORY_V4_C1_F3_P10_C50_S7000_1788698841875,0.0,0.0,0.0,0.0,0.0,0.0,0.0,0.0,0.0,0.0,0.0,930.7478998166222,807.7250820188837,0,PASS
RESERVEINVENTORY_V4_C1_F3_P10_C50_S7001,/Users/nischithacn/paper3-exactly-once/results/phase6/runs/RESERVEINVENTORY_V4_C1_F3_P10_C50_S7001/RESERVEINVENTORY_V4_C1_F3_P10_C50_S7001_1788698977318,0.0,0.0,0.0,0.0,0.0,0.0,0.0,0.0,0.0,0.0,0.0,979.4654789947788,846.0519027526364,0,PASS
RESERVEINVENTORY_V4_C1_F3_P10_C50_S7002,/Users/nischithacn/paper3-exactly-once/results/phase6/runs/RESERVEINVENTORY_V4_C1_F3_P10_C50_S7002/RESERVEINVENTORY_V4_C1_F3_P10_C50_S7002_1788699111862,0.0,0.0,0.0,0.0,0.0,0.0,0.0,0.0,0.0,0.0,0.0,779.0148969207127,623.6366649834852,0,PASS
RESERVEINVENTORY_V4_C1_F3_P10_C50_S7003,/Users/nischithacn/paper3-exactly-once/results/phase6/runs/RESERVEINVENTORY_V4_C1_F3_P10_C50_S7003/RESERVEINVENTORY_V4_C1_F3_P10_C50_S7003_1788699228091,0.0,0.0,0.0,0.0,0.0,0.0,0.0,0.0,0.0,0.0,0.0,923.5512025894376,809.5420526325165,0,PASS
RESERVEINVENTORY_V4_C1_F3_P10_C50_S7004,/Users/nischithacn/paper3-exactly-once/results/phase6/runs/RESERVEINVENTORY_V4_C1_F3_P10_C50_S7004/RESERVEINVENTORY_V4_C1_F3_P10_C50_S7004_1788699367885,0.0,0.0,0.0,0.0,0.0,0.0,0.0,0.0,0.0,0.0,0.0,1007.2600075579851,875.3718417129363,0,PASS
RESERVEINVENTORY_V4_C1_F3_P10_C50_S7005,/Users/nischithacn/paper3-exactly-once/results/phase6/runs/RESERVEINVENTORY_V4_C1_F3_P10_C50_S7005/RESERVEINVENTORY_V4_C1_F3_P10_C50_S7005_1788699497267,0.0,0.0,0.0,0.0,0.0,0.0,0.0,0.0,0.0,0.0,0.0,921.3435263943372,797.5929271984311,0,PASS
RESERVEINVENTORY_V4_C1_F3_P10_C50_S7006,/Users/nischithacn/paper3-exactly-once/results/phase6/runs/RESERVEINVENTORY_V4_C1_F3_P10_C50_S7006/RESERVEINVENTORY_V4_C1_F3_P10_C50_S7006_1788699635418,0.0,0.0,0.0,0.0,0.0,0.0,0.0,0.0,0.0,0.0,0.0,975.0729304711105,843.8995045276635,0,PASS
RESERVEINVENTORY_V4_C1_F3_P10_C50_S7007,/Users/nischithacn/paper3-exactly-once/results/phase6/runs/RESERVEINVENTORY_V4_C1_F3_P10_C50_S7007/RESERVEINVENTORY_V4_C1_F3_P10_C50_S7007_1788699770162,0.0,0.0,0.0,0.0,0.0,0.0,0.0,0.0,0.0,0.0,0.0,764.8122165611054,612.1814996805035,0,PASS
RESERVEINVENTORY_V4_C1_F3_P10_C50_S7008,/Users/nischithacn/paper3-exactly-once/results/phase6/runs/RESERVEINVENTORY_V4_C1_F3_P10_C50_S7008/RESERVEINVENTORY_V4_C1_F3_P10_C50_S7008_1788699886953,0.0,0.0,0.0,0.0,0.0,0.0,0.0,0.0,0.0,0.0,0.0,917.7659476095592,801.9139461101265,0,PASS
RESERVEINVENTORY_V4_C1_F3_P10_C50_S7009,/Users/nischithacn/paper3-exactly-once/results/phase6/runs/RESERVEINVENTORY_V4_C1_F3_P10_C50_S7009/RESERVEINVENTORY_V4_C1_F3_P10_C50_S7009_1788700026032,0.0,0.0,0.0,0.0,0.0,0.0,0.0,0.0,0.0,0.0,0.0,993.7193151576274,856.7785760906405,0,PASS
RESERVEINVENTORY_V4_C1_F8_P10_C50_S7000,/Users/nischithacn/paper3-exactly-once/results/phase6/runs/RESERVEINVENTORY_V4_C1_F8_P10_C50_S7000/RESERVEINVENTORY_V4_C1_F8_P10_C50_S7000_1788698861624,0.0,0.0,0.0,0.0,0.0,0.0,0.0,0.0,0.0,0.0,0.0,710.2861505678871,632.0230714797175,0,PASS
RESERVEINVENTORY_V4_C1_F8_P10_C50_S7001,/Users/nischithacn/paper3-exactly-once/results/phase6/runs/RESERVEINVENTORY_V4_C1_F8_P10_C50_S7001/RESERVEINVENTORY_V4_C1_F8_P10_C50_S7001_1788698989766,0.0,0.0,0.0,0.0,0.0,0.0,0.0,0.0,0.0,0.0,0.0,695.5105988613656,611.3258280769414,0,PASS
RESERVEINVENTORY_V4_C1_F8_P10_C50_S7002,/Users/nischithacn/paper3-exactly-once/results/phase6/runs/RESERVEINVENTORY_V4_C1_F8_P10_C50_S7002/RESERVEINVENTORY_V4_C1_F8_P10_C50_S7002_1788699128532,0.0,0.0,0.0,0.0,0.0,0.0,0.0,0.0,0.0,0.0,0.0,702.1002037968481,622.0906780209416,0,PASS
RESERVEINVENTORY_V4_C1_F8_P10_C50_S7003,/Users/nischithacn/paper3-exactly-once/results/phase6/runs/RESERVEINVENTORY_V4_C1_F8_P10_C50_S7003/RESERVEINVENTORY_V4_C1_F8_P10_C50_S7003_1788699241070,0.0,0.0,0.0,0.0,0.0,0.0,0.0,0.0,0.0,0.0,0.0,709.3500630851302,624.6458232667875,0,PASS
RESERVEINVENTORY_V4_C1_F8_P10_C50_S7004,/Users/nischithacn/paper3-exactly-once/results/phase6/runs/RESERVEINVENTORY_V4_C1_F8_P10_C50_S7004/RESERVEINVENTORY_V4_C1_F8_P10_C50_S7004_1788699379946,0.0,0.0,0.0,0.0,0.0,0.0,0.0,0.0,0.0,0.0,0.0,687.889905181397,612.8269289305684,0,PASS
RESERVEINVENTORY_V4_C1_F8_P10_C50_S7005,/Users/nischithacn/paper3-exactly-once/results/phase6/runs/RESERVEINVENTORY_V4_C1_F8_P10_C50_S7005/RESERVEINVENTORY_V4_C1_F8_P10_C50_S7005_1788699517250,0.0,0.0,0.0,0.0,0.0,0.0,0.0,0.0,0.0,0.0,0.0,685.8034136080481,604.1478673361515,0,PASS
RESERVEINVENTORY_V4_C1_F8_P10_C50_S7006,/Users/nischithacn/paper3-exactly-once/results/phase6/runs/RESERVEINVENTORY_V4_C1_F8_P10_C50_S7006/RESERVEINVENTORY_V4_C1_F8_P10_C50_S7006_1788699647880,0.0,0.0,0.0,0.0,0.0,0.0,0.0,0.0,0.0,0.0,0.0,658.7512824811795,593.316705260578,0,PASS
RESERVEINVENTORY_V4_C1_F8_P10_C50_S7007,/Users/nischithacn/paper3-exactly-once/results/phase6/runs/RESERVEINVENTORY_V4_C1_F8_P10_C50_S7007/RESERVEINVENTORY_V4_C1_F8_P10_C50_S7007_1788699787129,0.0,0.0,0.0,0.0,0.0,0.0,0.0,0.0,0.0,0.0,0.0,693.8241471846039,618.0088578974983,0,PASS
RESERVEINVENTORY_V4_C1_F8_P10_C50_S7008,/Users/nischithacn/paper3-exactly-once/results/phase6/runs/RESERVEINVENTORY_V4_C1_F8_P10_C50_S7008/RESERVEINVENTORY_V4_C1_F8_P10_C50_S7008_1788699900059,0.0,0.0,0.0,0.0,0.0,0.0,0.0,0.0,0.0,0.0,0.0,705.0343164111923,613.0067864315798,0,PASS
RESERVEINVENTORY_V4_C1_F8_P10_C50_S7009,/Users/nischithacn/paper3-exactly-once/results/phase6/runs/RESERVEINVENTORY_V4_C1_F8_P10_C50_S7009/RESERVEINVENTORY_V4_C1_F8_P10_C50_S7009_1788700038323,0.0,0.0,0.0,0.0,0.0,0.0,0.0,0.0,0.0,0.0,0.0,703.8073840622204,634.9951018538409,0,PASS
RESERVEINVENTORY_V5_C2_F3_P10_C50_S7000,/Users/nischithacn/paper3-exactly-once/results/phase6/runs/RESERVEINVENTORY_V5_C2_F3_P10_C50_S7000/RESERVEINVENTORY_V5_C2_F3_P10_C50_S7000_1788698878043,0.0,0.0,0.0,0.0,0.0,0.0,0.0,0.0,0.0,0.0,0.0,1254.365512604443,1082.3413708085666,0,PASS
RESERVEINVENTORY_V5_C2_F3_P10_C50_S7001,/Users/nischithacn/paper3-exactly-once/results/phase6/runs/RESERVEINVENTORY_V5_C2_F3_P10_C50_S7001/RESERVEINVENTORY_V5_C2_F3_P10_C50_S7001_1788699006754,0.0,0.0,0.0,0.0,0.0,0.0,0.0,0.0,0.0,0.0,0.0,1211.246180331608,1051.5989262734656,0,PASS
RESERVEINVENTORY_V5_C2_F3_P10_C50_S7002,/Users/nischithacn/paper3-exactly-once/results/phase6/runs/RESERVEINVENTORY_V5_C2_F3_P10_C50_S7002/RESERVEINVENTORY_V5_C2_F3_P10_C50_S7002_1788699145238,0.0,0.0,0.0,0.0,0.0,0.0,0.0,0.0,0.0,0.0,0.0,1176.793705255305,1024.3070170226558,0,PASS
RESERVEINVENTORY_V5_C2_F3_P10_C50_S7003,/Users/nischithacn/paper3-exactly-once/results/phase6/runs/RESERVEINVENTORY_V5_C2_F3_P10_C50_S7003/RESERVEINVENTORY_V5_C2_F3_P10_C50_S7003_1788699278679,0.0,0.0,0.0,0.0,0.0,0.0,0.0,0.0,0.0,0.0,0.0,914.5679282835341,724.3717074908214,0,PASS
RESERVEINVENTORY_V5_C2_F3_P10_C50_S7004,/Users/nischithacn/paper3-exactly-once/results/phase6/runs/RESERVEINVENTORY_V5_C2_F3_P10_C50_S7004/RESERVEINVENTORY_V5_C2_F3_P10_C50_S7004_1788699396887,0.0,0.0,0.0,0.0,0.0,0.0,0.0,0.0,0.0,0.0,0.0,1201.251387539544,1055.9156964035938,0,PASS
RESERVEINVENTORY_V5_C2_F3_P10_C50_S7005,/Users/nischithacn/paper3-exactly-once/results/phase6/runs/RESERVEINVENTORY_V5_C2_F3_P10_C50_S7005/RESERVEINVENTORY_V5_C2_F3_P10_C50_S7005_1788699534421,0.0,0.0,0.0,0.0,0.0,0.0,0.0,0.0,0.0,0.0,0.0,1226.5251073482596,1066.648492063149,0,PASS
RESERVEINVENTORY_V5_C2_F3_P10_C50_S7006,/Users/nischithacn/paper3-exactly-once/results/phase6/runs/RESERVEINVENTORY_V5_C2_F3_P10_C50_S7006/RESERVEINVENTORY_V5_C2_F3_P10_C50_S7006_1788699665365,0.0,0.0,0.0,0.0,0.0,0.0,0.0,0.0,0.0,0.0,0.0,1194.7251778655632,1027.996764079171,0,PASS
RESERVEINVENTORY_V5_C2_F3_P10_C50_S7007,/Users/nischithacn/paper3-exactly-once/results/phase6/runs/RESERVEINVENTORY_V5_C2_F3_P10_C50_S7007/RESERVEINVENTORY_V5_C2_F3_P10_C50_S7007_1788699803937,0.0,0.0,0.0,0.0,0.0,0.0,0.0,0.0,0.0,0.0,0.0,1173.9391412930117,1013.9774909927781,0,PASS
RESERVEINVENTORY_V5_C2_F3_P10_C50_S7008,/Users/nischithacn/paper3-exactly-once/results/phase6/runs/RESERVEINVENTORY_V5_C2_F3_P10_C50_S7008/RESERVEINVENTORY_V5_C2_F3_P10_C50_S7008_1788699937701,0.0,0.0,0.0,0.0,0.0,0.0,0.0,0.0,0.0,0.0,0.0,909.2256454064119,721.5941829616883,0,PASS
RESERVEINVENTORY_V5_C2_F3_P10_C50_S7009,/Users/nischithacn/paper3-exactly-once/results/phase6/runs/RESERVEINVENTORY_V5_C2_F3_P10_C50_S7009/RESERVEINVENTORY_V5_C2_F3_P10_C50_S7009_1788700054731,0.0,0.0,0.0,0.0,0.0,0.0,0.0,0.0,0.0,0.0,0.0,1187.4707418252287,1042.1020711457659,0,PASS
RESERVEINVENTORY_V5_C2_F8_P10_C50_S7000,/Users/nischithacn/paper3-exactly-once/results/phase6/runs/RESERVEINVENTORY_V5_C2_F8_P10_C50_S7000/RESERVEINVENTORY_V5_C2_F8_P10_C50_S7000_1788698887878,0.0,0.0,0.0,0.0,0.0,0.0,0.0,0.0,0.0,0.0,0.0,1044.3027652995327,916.6517745225424,0,PASS
RESERVEINVENTORY_V5_C2_F8_P10_C50_S7001,/Users/nischithacn/paper3-exactly-once/results/phase6/runs/RESERVEINVENTORY_V5_C2_F8_P10_C50_S7001/RESERVEINVENTORY_V5_C2_F8_P10_C50_S7001_1788699023234,0.0,0.0,0.0,0.0,0.0,0.0,0.0,0.0,0.0,0.0,0.0,1075.5808504171139,952.8768183145553,0,PASS
RESERVEINVENTORY_V5_C2_F8_P10_C50_S7002,/Users/nischithacn/paper3-exactly-once/results/phase6/runs/RESERVEINVENTORY_V5_C2_F8_P10_C50_S7002/RESERVEINVENTORY_V5_C2_F8_P10_C50_S7002_1788699155622,0.0,0.0,0.0,0.0,0.0,0.0,0.0,0.0,0.0,0.0,0.0,988.3562912754353,873.5574537958256,0,PASS
RESERVEINVENTORY_V5_C2_F8_P10_C50_S7003,/Users/nischithacn/paper3-exactly-once/results/phase6/runs/RESERVEINVENTORY_V5_C2_F8_P10_C50_S7003/RESERVEINVENTORY_V5_C2_F8_P10_C50_S7003_1788699293088,0.0,0.0,0.0,0.0,0.0,0.0,0.0,0.0,0.0,0.0,0.0,1016.4247323820911,898.5836721184576,0,PASS
RESERVEINVENTORY_V5_C2_F8_P10_C50_S7004,/Users/nischithacn/paper3-exactly-once/results/phase6/runs/RESERVEINVENTORY_V5_C2_F8_P10_C50_S7004/RESERVEINVENTORY_V5_C2_F8_P10_C50_S7004_1788699406991,0.0,0.0,0.0,0.0,0.0,0.0,0.0,0.0,0.0,0.0,0.0,1006.2197578688707,887.7569808273842,0,PASS
RESERVEINVENTORY_V5_C2_F8_P10_C50_S7005,/Users/nischithacn/paper3-exactly-once/results/phase6/runs/RESERVEINVENTORY_V5_C2_F8_P10_C50_S7005/RESERVEINVENTORY_V5_C2_F8_P10_C50_S7005_1788699544402,0.0,0.0,0.0,0.0,0.0,0.0,0.0,0.0,0.0,0.0,0.0,1038.8622998660053,916.7739929238659,0,PASS
RESERVEINVENTORY_V5_C2_F8_P10_C50_S7006,/Users/nischithacn/paper3-exactly-once/results/phase6/runs/RESERVEINVENTORY_V5_C2_F8_P10_C50_S7006/RESERVEINVENTORY_V5_C2_F8_P10_C50_S7006_1788699682285,0.0,0.0,0.0,0.0,0.0,0.0,0.0,0.0,0.0,0.0,0.0,1030.102907042284,909.6943704844182,0,PASS
RESERVEINVENTORY_V5_C2_F8_P10_C50_S7007,/Users/nischithacn/paper3-exactly-once/results/phase6/runs/RESERVEINVENTORY_V5_C2_F8_P10_C50_S7007/RESERVEINVENTORY_V5_C2_F8_P10_C50_S7007_1788699814433,0.0,0.0,0.0,0.0,0.0,0.0,0.0,0.0,0.0,0.0,0.0,986.1625604774317,880.4716802976643,0,PASS
RESERVEINVENTORY_V5_C2_F8_P10_C50_S7008,/Users/nischithacn/paper3-exactly-once/results/phase6/runs/RESERVEINVENTORY_V5_C2_F8_P10_C50_S7008/RESERVEINVENTORY_V5_C2_F8_P10_C50_S7008_1788699952165,0.0,0.0,0.0,0.0,0.0,0.0,0.0,0.0,0.0,0.0,0.0,1042.3333094596496,917.1239381080234,0,PASS
RESERVEINVENTORY_V5_C2_F8_P10_C50_S7009,/Users/nischithacn/paper3-exactly-once/results/phase6/runs/RESERVEINVENTORY_V5_C2_F8_P10_C50_S7009/RESERVEINVENTORY_V5_C2_F8_P10_C50_S7009_1788700064939,0.0,0.0,0.0,0.0,0.0,0.0,0.0,0.0,0.0,0.0,0.0,989.6536776996717,877.4298799409801,0,PASS
SENDNOTIFICATION_V0_C0_F3_P10_C50_S7000,/Users/nischithacn/paper3-exactly-once/results/phase6/runs/SENDNOTIFICATION_V0_C0_F3_P10_C50_S7000/SENDNOTIFICATION_V0_C0_F3_P10_C50_S7000_1788701815826,0.0,0.0,0.0,0.0,0.0,0.0,0.0,0.0,0.0,0.0,0.0,868.4300800057246,680.6541063008585,0,PASS
SENDNOTIFICATION_V0_C0_F3_P10_C50_S7001,/Users/nischithacn/paper3-exactly-once/results/phase6/runs/SENDNOTIFICATION_V0_C0_F3_P10_C50_S7001/SENDNOTIFICATION_V0_C0_F3_P10_C50_S7001_1788701930343,0.0,0.0,0.0,0.0,0.0,0.0,0.0,0.0,0.0,0.0,0.0,1032.2847148936098,902.4029632128553,0,PASS
SENDNOTIFICATION_V0_C0_F3_P10_C50_S7002,/Users/nischithacn/paper3-exactly-once/results/phase6/runs/SENDNOTIFICATION_V0_C0_F3_P10_C50_S7002/SENDNOTIFICATION_V0_C0_F3_P10_C50_S7002_1788702068420,0.0,0.0,0.0,0.0,0.0,0.0,0.0,0.0,0.0,0.0,0.0,1018.0333453357416,876.8806985535695,0,PASS
SENDNOTIFICATION_V0_C0_F3_P10_C50_S7003,/Users/nischithacn/paper3-exactly-once/results/phase6/runs/SENDNOTIFICATION_V0_C0_F3_P10_C50_S7003/SENDNOTIFICATION_V0_C0_F3_P10_C50_S7003_1788702198978,0.0,0.0,0.0,0.0,0.0,0.0,0.0,0.0,0.0,0.0,0.0,1019.4730765955985,877.737570005432,0,PASS
SENDNOTIFICATION_V0_C0_F3_P10_C50_S7004,/Users/nischithacn/paper3-exactly-once/results/phase6/runs/SENDNOTIFICATION_V0_C0_F3_P10_C50_S7004/SENDNOTIFICATION_V0_C0_F3_P10_C50_S7004_1788702337497,0.0,0.0,0.0,0.0,0.0,0.0,0.0,0.0,0.0,0.0,0.0,988.9423556535875,846.0941263739006,0,PASS
SENDNOTIFICATION_V0_C0_F3_P10_C50_S7005,/Users/nischithacn/paper3-exactly-once/results/phase6/runs/SENDNOTIFICATION_V0_C0_F3_P10_C50_S7005/SENDNOTIFICATION_V0_C0_F3_P10_C50_S7005_1788702502680,0.0,0.0,0.0,0.0,0.0,0.0,0.0,0.0,0.0,0.0,0.0,813.6673480879291,640.0981888899676,0,PASS
SENDNOTIFICATION_V0_C0_F3_P10_C50_S7006,/Users/nischithacn/paper3-exactly-once/results/phase6/runs/SENDNOTIFICATION_V0_C0_F3_P10_C50_S7006/SENDNOTIFICATION_V0_C0_F3_P10_C50_S7006_1788702618836,0.0,0.0,0.0,0.0,0.0,0.0,0.0,0.0,0.0,0.0,0.0,1019.6795311934046,895.1305312613737,0,PASS
SENDNOTIFICATION_V0_C0_F3_P10_C50_S7007,/Users/nischithacn/paper3-exactly-once/results/phase6/runs/SENDNOTIFICATION_V0_C0_F3_P10_C50_S7007/SENDNOTIFICATION_V0_C0_F3_P10_C50_S7007_1788702753924,0.0,0.0,0.0,0.0,0.0,0.0,0.0,0.0,0.0,0.0,0.0,1023.5166282798475,879.9024784598954,0,PASS
SENDNOTIFICATION_V0_C0_F3_P10_C50_S7008,/Users/nischithacn/paper3-exactly-once/results/phase6/runs/SENDNOTIFICATION_V0_C0_F3_P10_C50_S7008/SENDNOTIFICATION_V0_C0_F3_P10_C50_S7008_1788702886353,0.0,0.0,0.0,0.0,0.0,0.0,0.0,0.0,0.0,0.0,0.0,974.2880465937025,836.4212602953721,0,PASS
SENDNOTIFICATION_V0_C0_F3_P10_C50_S7009,/Users/nischithacn/paper3-exactly-once/results/phase6/runs/SENDNOTIFICATION_V0_C0_F3_P10_C50_S7009/SENDNOTIFICATION_V0_C0_F3_P10_C50_S7009_1788703024493,0.0,0.0,0.0,0.0,0.0,0.0,0.0,0.0,0.0,0.0,0.0,994.1540677319225,869.3251344407976,0,PASS
SENDNOTIFICATION_V0_C0_F8_P10_C50_S7000,/Users/nischithacn/paper3-exactly-once/results/phase6/runs/SENDNOTIFICATION_V0_C0_F8_P10_C50_S7000/SENDNOTIFICATION_V0_C0_F8_P10_C50_S7000_1788701831088,0.0,0.0,0.0,0.0,0.0,0.0,0.0,0.0,0.0,0.0,0.0,1117.4816209044395,967.2562297198492,0,PASS
SENDNOTIFICATION_V0_C0_F8_P10_C50_S7001,/Users/nischithacn/paper3-exactly-once/results/phase6/runs/SENDNOTIFICATION_V0_C0_F8_P10_C50_S7001/SENDNOTIFICATION_V0_C0_F8_P10_C50_S7001_1788701941994,0.0,0.0,0.0,0.0,0.0,0.0,0.0,0.0,0.0,0.0,0.0,967.1541901904376,845.1768743965151,0,PASS
SENDNOTIFICATION_V0_C0_F8_P10_C50_S7002,/Users/nischithacn/paper3-exactly-once/results/phase6/runs/SENDNOTIFICATION_V0_C0_F8_P10_C50_S7002/SENDNOTIFICATION_V0_C0_F8_P10_C50_S7002_1788702080398,0.0,0.0,0.0,0.0,0.0,0.0,0.0,0.0,0.0,0.0,0.0,1003.5594107777005,891.6754881718274,0,PASS
SENDNOTIFICATION_V0_C0_F8_P10_C50_S7003,/Users/nischithacn/paper3-exactly-once/results/phase6/runs/SENDNOTIFICATION_V0_C0_F8_P10_C50_S7003/SENDNOTIFICATION_V0_C0_F8_P10_C50_S7003_1788702217927,0.0,0.0,0.0,0.0,0.0,0.0,0.0,0.0,0.0,0.0,0.0,1078.6768829217629,936.7274205982284,0,PASS
SENDNOTIFICATION_V0_C0_F8_P10_C50_S7004,/Users/nischithacn/paper3-exactly-once/results/phase6/runs/SENDNOTIFICATION_V0_C0_F8_P10_C50_S7004/SENDNOTIFICATION_V0_C0_F8_P10_C50_S7004_1788702349892,0.0,0.0,0.0,0.0,0.0,0.0,0.0,0.0,0.0,0.0,0.0,937.0372680565209,829.4093159051616,0,PASS
SENDNOTIFICATION_V0_C0_F8_P10_C50_S7005,/Users/nischithacn/paper3-exactly-once/results/phase6/runs/SENDNOTIFICATION_V0_C0_F8_P10_C50_S7005/SENDNOTIFICATION_V0_C0_F8_P10_C50_S7005_1788702518891,0.0,0.0,0.0,0.0,0.0,0.0,0.0,0.0,0.0,0.0,0.0,1082.381786811584,943.0460364673798,0,PASS
SENDNOTIFICATION_V0_C0_F8_P10_C50_S7006,/Users/nischithacn/paper3-exactly-once/results/phase6/runs/SENDNOTIFICATION_V0_C0_F8_P10_C50_S7006/SENDNOTIFICATION_V0_C0_F8_P10_C50_S7006_1788702630590,0.0,0.0,0.0,0.0,0.0,0.0,0.0,0.0,0.0,0.0,0.0,1005.7467281670345,890.1806396645251,0,PASS
SENDNOTIFICATION_V0_C0_F8_P10_C50_S7007,/Users/nischithacn/paper3-exactly-once/results/phase6/runs/SENDNOTIFICATION_V0_C0_F8_P10_C50_S7007/SENDNOTIFICATION_V0_C0_F8_P10_C50_S7007_1788702765838,0.0,0.0,0.0,0.0,0.0,0.0,0.0,0.0,0.0,0.0,0.0,955.970471268856,849.8900268520657,0,PASS
SENDNOTIFICATION_V0_C0_F8_P10_C50_S7008,/Users/nischithacn/paper3-exactly-once/results/phase6/runs/SENDNOTIFICATION_V0_C0_F8_P10_C50_S7008/SENDNOTIFICATION_V0_C0_F8_P10_C50_S7008_1788702905889,0.0,0.0,0.0,0.0,0.0,0.0,0.0,0.0,0.0,0.0,0.0,1062.8311699250614,936.7121699950852,0,PASS
SENDNOTIFICATION_V0_C0_F8_P10_C50_S7009,/Users/nischithacn/paper3-exactly-once/results/phase6/runs/SENDNOTIFICATION_V0_C0_F8_P10_C50_S7009/SENDNOTIFICATION_V0_C0_F8_P10_C50_S7009_1788703036546,0.0,0.0,0.0,0.0,0.0,0.0,0.0,0.0,0.0,0.0,0.0,939.8697906355374,831.1606781296039,0,PASS
SENDNOTIFICATION_V2_C1_F3_P10_C50_S7000,/Users/nischithacn/paper3-exactly-once/results/phase6/runs/SENDNOTIFICATION_V2_C1_F3_P10_C50_S7000/SENDNOTIFICATION_V2_C1_F3_P10_C50_S7000_1788701842003,0.0,0.0,0.0,0.0,0.0,0.0,0.0,0.0,0.0,0.0,0.0,950.4336294064695,808.0436008298087,0,PASS
SENDNOTIFICATION_V2_C1_F3_P10_C50_S7001,/Users/nischithacn/paper3-exactly-once/results/phase6/runs/SENDNOTIFICATION_V2_C1_F3_P10_C50_S7001/SENDNOTIFICATION_V2_C1_F3_P10_C50_S7001_1788701974738,0.0,0.0,0.0,0.0,0.0,0.0,0.0,0.0,0.0,0.0,0.0,712.9216868775401,578.9899500068614,0,PASS
SENDNOTIFICATION_V2_C1_F3_P10_C50_S7002,/Users/nischithacn/paper3-exactly-once/results/phase6/runs/SENDNOTIFICATION_V2_C1_F3_P10_C50_S7002/SENDNOTIFICATION_V2_C1_F3_P10_C50_S7002_1788702092187,0.0,0.0,0.0,0.0,0.0,0.0,0.0,0.0,0.0,0.0,0.0,934.7150216113225,808.6211973917398,0,PASS
SENDNOTIFICATION_V2_C1_F3_P10_C50_S7003,/Users/nischithacn/paper3-exactly-once/results/phase6/runs/SENDNOTIFICATION_V2_C1_F3_P10_C50_S7003/SENDNOTIFICATION_V2_C1_F3_P10_C50_S7003_1788702229174,0.0,0.0,0.0,0.0,0.0,0.0,0.0,0.0,0.0,0.0,0.0,966.2234470506347,840.4805741625261,0,PASS
SENDNOTIFICATION_V2_C1_F3_P10_C50_S7004,/Users/nischithacn/paper3-exactly-once/results/phase6/runs/SENDNOTIFICATION_V2_C1_F3_P10_C50_S7004/SENDNOTIFICATION_V2_C1_F3_P10_C50_S7004_1788702362533,0.0,0.0,0.0,0.0,0.0,0.0,0.0,0.0,0.0,0.0,0.0,772.350571952831,685.3310136815913,0,PASS
SENDNOTIFICATION_V2_C1_F3_P10_C50_S7005,/Users/nischithacn/paper3-exactly-once/results/phase6/runs/SENDNOTIFICATION_V2_C1_F3_P10_C50_S7005/SENDNOTIFICATION_V2_C1_F3_P10_C50_S7005_1788702530078,0.0,0.0,0.0,0.0,0.0,0.0,0.0,0.0,0.0,0.0,0.0,896.8449084796977,770.2563895564991,0,PASS
SENDNOTIFICATION_V2_C1_F3_P10_C50_S7006,/Users/nischithacn/paper3-exactly-once/results/phase6/runs/SENDNOTIFICATION_V2_C1_F3_P10_C50_S7006/SENDNOTIFICATION_V2_C1_F3_P10_C50_S7006_1788702663755,0.0,0.0,0.0,0.0,0.0,0.0,0.0,0.0,0.0,0.0,0.0,740.3937475967412,599.5250601965154,0,PASS
SENDNOTIFICATION_V2_C1_F3_P10_C50_S7007,/Users/nischithacn/paper3-exactly-once/results/phase6/runs/SENDNOTIFICATION_V2_C1_F3_P10_C50_S7007/SENDNOTIFICATION_V2_C1_F3_P10_C50_S7007_1788702778174,0.0,0.0,0.0,0.0,0.0,0.0,0.0,0.0,0.0,0.0,0.0,897.8418443991028,790.0894475039721,0,PASS
SENDNOTIFICATION_V2_C1_F3_P10_C50_S7008,/Users/nischithacn/paper3-exactly-once/results/phase6/runs/SENDNOTIFICATION_V2_C1_F3_P10_C50_S7008/SENDNOTIFICATION_V2_C1_F3_P10_C50_S7008_1788702917158,0.0,0.0,0.0,0.0,0.0,0.0,0.0,0.0,0.0,0.0,0.0,888.7249719104653,781.1825024077265,0,PASS
SENDNOTIFICATION_V2_C1_F3_P10_C50_S7009,/Users/nischithacn/paper3-exactly-once/results/phase6/runs/SENDNOTIFICATION_V2_C1_F3_P10_C50_S7009/SENDNOTIFICATION_V2_C1_F3_P10_C50_S7009_1788703049145,0.0,0.0,0.0,0.0,0.0,0.0,0.0,0.0,0.0,0.0,0.0,860.0048799791679,763.3336663803918,0,PASS
SENDNOTIFICATION_V2_C1_F8_P10_C50_S7000,/Users/nischithacn/paper3-exactly-once/results/phase6/runs/SENDNOTIFICATION_V2_C1_F8_P10_C50_S7000/SENDNOTIFICATION_V2_C1_F8_P10_C50_S7000_1788701855086,0.0,0.0,0.0,0.0,0.0,0.0,0.0,0.0,0.0,0.0,0.0,672.1418270945765,596.5017975460637,0,PASS
SENDNOTIFICATION_V2_C1_F8_P10_C50_S7001,/Users/nischithacn/paper3-exactly-once/results/phase6/runs/SENDNOTIFICATION_V2_C1_F8_P10_C50_S7001/SENDNOTIFICATION_V2_C1_F8_P10_C50_S7001_1788701992648,0.0,0.0,0.0,0.0,0.0,0.0,0.0,0.0,0.0,0.0,0.0,676.1594572803062,603.0597384141196,0,PASS
SENDNOTIFICATION_V2_C1_F8_P10_C50_S7002,/Users/nischithacn/paper3-exactly-once/results/phase6/runs/SENDNOTIFICATION_V2_C1_F8_P10_C50_S7002/SENDNOTIFICATION_V2_C1_F8_P10_C50_S7002_1788702105184,0.0,0.0,0.0,0.0,0.0,0.0,0.0,0.0,0.0,0.0,0.0,690.7152076362731,611.2327132520381,0,PASS
SENDNOTIFICATION_V2_C1_F8_P10_C50_S7003,/Users/nischithacn/paper3-exactly-once/results/phase6/runs/SENDNOTIFICATION_V2_C1_F8_P10_C50_S7003/SENDNOTIFICATION_V2_C1_F8_P10_C50_S7003_1788702241685,0.0,0.0,0.0,0.0,0.0,0.0,0.0,0.0,0.0,0.0,0.0,694.717275034668,618.76991143262,0,PASS
SENDNOTIFICATION_V2_C1_F8_P10_C50_S7004,/Users/nischithacn/paper3-exactly-once/results/phase6/runs/SENDNOTIFICATION_V2_C1_F8_P10_C50_S7004/SENDNOTIFICATION_V2_C1_F8_P10_C50_S7004_1788702384772,0.0,0.0,0.0,0.0,0.0,0.0,0.0,0.0,0.0,0.0,0.0,625.3897779114682,559.7783982732421,0,PASS
SENDNOTIFICATION_V2_C1_F8_P10_C50_S7005,/Users/nischithacn/paper3-exactly-once/results/phase6/runs/SENDNOTIFICATION_V2_C1_F8_P10_C50_S7005/SENDNOTIFICATION_V2_C1_F8_P10_C50_S7005_1788702543706,0.0,0.0,0.0,0.0,0.0,0.0,0.0,0.0,0.0,0.0,0.0,694.9597167977649,608.7674858471092,0,PASS
SENDNOTIFICATION_V2_C1_F8_P10_C50_S7006,/Users/nischithacn/paper3-exactly-once/results/phase6/runs/SENDNOTIFICATION_V2_C1_F8_P10_C50_S7006/SENDNOTIFICATION_V2_C1_F8_P10_C50_S7006_1788702681067,0.0,0.0,0.0,0.0,0.0,0.0,0.0,0.0,0.0,0.0,0.0,747.8645059026197,658.7677748194013,0,PASS
SENDNOTIFICATION_V2_C1_F8_P10_C50_S7007,/Users/nischithacn/paper3-exactly-once/results/phase6/runs/SENDNOTIFICATION_V2_C1_F8_P10_C50_S7007/SENDNOTIFICATION_V2_C1_F8_P10_C50_S7007_1788702791467,0.0,0.0,0.0,0.0,0.0,0.0,0.0,0.0,0.0,0.0,0.0,711.1086877976101,636.4759379304608,0,PASS
SENDNOTIFICATION_V2_C1_F8_P10_C50_S7008,/Users/nischithacn/paper3-exactly-once/results/phase6/runs/SENDNOTIFICATION_V2_C1_F8_P10_C50_S7008/SENDNOTIFICATION_V2_C1_F8_P10_C50_S7008_1788702930566,0.0,0.0,0.0,0.0,0.0,0.0,0.0,0.0,0.0,0.0,0.0,717.5538695231247,639.5769985134343,0,PASS
SENDNOTIFICATION_V2_C1_F8_P10_C50_S7009,/Users/nischithacn/paper3-exactly-once/results/phase6/runs/SENDNOTIFICATION_V2_C1_F8_P10_C50_S7009/SENDNOTIFICATION_V2_C1_F8_P10_C50_S7009_1788703069909,0.0,0.0,0.0,0.0,0.0,0.0,0.0,0.0,0.0,0.0,0.0,723.3970401476782,636.8755721727777,0,PASS
SENDNOTIFICATION_V4_C1_F3_P10_C50_S7000,/Users/nischithacn/paper3-exactly-once/results/phase6/runs/SENDNOTIFICATION_V4_C1_F3_P10_C50_S7000/SENDNOTIFICATION_V4_C1_F3_P10_C50_S7000_1788701872476,0.0,0.0,0.0,0.0,0.0,0.0,0.0,0.0,0.0,0.0,0.0,930.9121694316683,804.3888910400353,0,PASS
SENDNOTIFICATION_V4_C1_F3_P10_C50_S7001,/Users/nischithacn/paper3-exactly-once/results/phase6/runs/SENDNOTIFICATION_V4_C1_F3_P10_C50_S7001/SENDNOTIFICATION_V4_C1_F3_P10_C50_S7001_1788702009842,0.0,0.0,0.0,0.0,0.0,0.0,0.0,0.0,0.0,0.0,0.0,973.2867919077324,843.3823074916319,0,PASS
SENDNOTIFICATION_V4_C1_F3_P10_C50_S7002,/Users/nischithacn/paper3-exactly-once/results/phase6/runs/SENDNOTIFICATION_V4_C1_F3_P10_C50_S7002/SENDNOTIFICATION_V4_C1_F3_P10_C50_S7002_1788702143717,0.0,0.0,0.0,0.0,0.0,0.0,0.0,0.0,0.0,0.0,0.0,786.4435508896537,624.1511549411838,0,PASS
SENDNOTIFICATION_V4_C1_F3_P10_C50_S7003,/Users/nischithacn/paper3-exactly-once/results/phase6/runs/SENDNOTIFICATION_V4_C1_F3_P10_C50_S7003/SENDNOTIFICATION_V4_C1_F3_P10_C50_S7003_1788702258487,0.0,0.0,0.0,0.0,0.0,0.0,0.0,0.0,0.0,0.0,0.0,933.7961782897794,816.197429647042,0,PASS
SENDNOTIFICATION_V4_C1_F3_P10_C50_S7004,/Users/nischithacn/paper3-exactly-once/results/phase6/runs/SENDNOTIFICATION_V4_C1_F3_P10_C50_S7004/SENDNOTIFICATION_V4_C1_F3_P10_C50_S7004_1788702403372,0.0,0.0,0.0,0.0,0.0,0.0,0.0,0.0,0.0,0.0,0.0,705.4887571761752,616.4830927582244,0,PASS
SENDNOTIFICATION_V4_C1_F3_P10_C50_S7005,/Users/nischithacn/paper3-exactly-once/results/phase6/runs/SENDNOTIFICATION_V4_C1_F3_P10_C50_S7005/SENDNOTIFICATION_V4_C1_F3_P10_C50_S7005_1788702560769,0.0,0.0,0.0,0.0,0.0,0.0,0.0,0.0,0.0,0.0,0.0,903.2479639953641,784.9486579913482,0,PASS
SENDNOTIFICATION_V4_C1_F3_P10_C50_S7006,/Users/nischithacn/paper3-exactly-once/results/phase6/runs/SENDNOTIFICATION_V4_C1_F3_P10_C50_S7006/SENDNOTIFICATION_V4_C1_F3_P10_C50_S7006_1788702696888,0.0,0.0,0.0,0.0,0.0,0.0,0.0,0.0,0.0,0.0,0.0,988.0406512746556,861.1179609350554,0,PASS
SENDNOTIFICATION_V4_C1_F3_P10_C50_S7007,/Users/nischithacn/paper3-exactly-once/results/phase6/runs/SENDNOTIFICATION_V4_C1_F3_P10_C50_S7007/SENDNOTIFICATION_V4_C1_F3_P10_C50_S7007_1788702829222,0.0,0.0,0.0,0.0,0.0,0.0,0.0,0.0,0.0,0.0,0.0,736.8549483891953,598.6512625288028,0,PASS
SENDNOTIFICATION_V4_C1_F3_P10_C50_S7008,/Users/nischithacn/paper3-exactly-once/results/phase6/runs/SENDNOTIFICATION_V4_C1_F3_P10_C50_S7008/SENDNOTIFICATION_V4_C1_F3_P10_C50_S7008_1788702946821,0.0,0.0,0.0,0.0,0.0,0.0,0.0,0.0,0.0,0.0,0.0,933.031999632509,823.3234514852952,0,PASS
SENDNOTIFICATION_V4_C1_F3_P10_C50_S7009,/Users/nischithacn/paper3-exactly-once/results/phase6/runs/SENDNOTIFICATION_V4_C1_F3_P10_C50_S7009/SENDNOTIFICATION_V4_C1_F3_P10_C50_S7009_1788703086230,0.0,0.0,0.0,0.0,0.0,0.0,0.0,0.0,0.0,0.0,0.0,952.2591528254948,840.5177967845812,0,PASS
SENDNOTIFICATION_V4_C1_F8_P10_C50_S7000,/Users/nischithacn/paper3-exactly-once/results/phase6/runs/SENDNOTIFICATION_V4_C1_F8_P10_C50_S7000/SENDNOTIFICATION_V4_C1_F8_P10_C50_S7000_1788701892104,0.0,0.0,0.0,0.0,0.0,0.0,0.0,0.0,0.0,0.0,0.0,684.2851391251202,617.0053018744436,0,PASS
SENDNOTIFICATION_V4_C1_F8_P10_C50_S7001,/Users/nischithacn/paper3-exactly-once/results/phase6/runs/SENDNOTIFICATION_V4_C1_F8_P10_C50_S7001/SENDNOTIFICATION_V4_C1_F8_P10_C50_S7001_1788702022325,0.0,0.0,0.0,0.0,0.0,0.0,0.0,0.0,0.0,0.0,0.0,679.1677918514872,595.0721101631602,0,PASS
SENDNOTIFICATION_V4_C1_F8_P10_C50_S7002,/Users/nischithacn/paper3-exactly-once/results/phase6/runs/SENDNOTIFICATION_V4_C1_F8_P10_C50_S7002/SENDNOTIFICATION_V4_C1_F8_P10_C50_S7002_1788702160365,0.0,0.0,0.0,0.0,0.0,0.0,0.0,0.0,0.0,0.0,0.0,692.6790240301739,616.4587373988227,0,PASS
SENDNOTIFICATION_V4_C1_F8_P10_C50_S7003,/Users/nischithacn/paper3-exactly-once/results/phase6/runs/SENDNOTIFICATION_V4_C1_F8_P10_C50_S7003/SENDNOTIFICATION_V4_C1_F8_P10_C50_S7003_1788702271364,0.0,0.0,0.0,0.0,0.0,0.0,0.0,0.0,0.0,0.0,0.0,671.8073771532917,588.8654181893072,0,PASS
SENDNOTIFICATION_V4_C1_F8_P10_C50_S7004,/Users/nischithacn/paper3-exactly-once/results/phase6/runs/SENDNOTIFICATION_V4_C1_F8_P10_C50_S7004/SENDNOTIFICATION_V4_C1_F8_P10_C50_S7004_1788702420355,0.0,0.0,0.0,0.0,0.0,0.0,0.0,0.0,0.0,0.0,0.0,589.4916409285217,521.7731187890765,0,PASS
SENDNOTIFICATION_V4_C1_F8_P10_C50_S7005,/Users/nischithacn/paper3-exactly-once/results/phase6/runs/SENDNOTIFICATION_V4_C1_F8_P10_C50_S7005/SENDNOTIFICATION_V4_C1_F8_P10_C50_S7005_1788702581251,0.0,0.0,0.0,0.0,0.0,0.0,0.0,0.0,0.0,0.0,0.0,722.8192650770609,633.7593522403257,0,PASS
SENDNOTIFICATION_V4_C1_F8_P10_C50_S7006,/Users/nischithacn/paper3-exactly-once/results/phase6/runs/SENDNOTIFICATION_V4_C1_F8_P10_C50_S7006/SENDNOTIFICATION_V4_C1_F8_P10_C50_S7006_1788702709127,0.0,0.0,0.0,0.0,0.0,0.0,0.0,0.0,0.0,0.0,0.0,706.385193636143,631.0246715772695,0,PASS
SENDNOTIFICATION_V4_C1_F8_P10_C50_S7007,/Users/nischithacn/paper3-exactly-once/results/phase6/runs/SENDNOTIFICATION_V4_C1_F8_P10_C50_S7007/SENDNOTIFICATION_V4_C1_F8_P10_C50_S7007_1788702846545,0.0,0.0,0.0,0.0,0.0,0.0,0.0,0.0,0.0,0.0,0.0,696.1351251378165,618.4971996671269,0,PASS
SENDNOTIFICATION_V4_C1_F8_P10_C50_S7008,/Users/nischithacn/paper3-exactly-once/results/phase6/runs/SENDNOTIFICATION_V4_C1_F8_P10_C50_S7008/SENDNOTIFICATION_V4_C1_F8_P10_C50_S7008_1788702959572,0.0,0.0,0.0,0.0,0.0,0.0,0.0,0.0,0.0,0.0,0.0,705.6802503465726,616.2735619026315,0,PASS
SENDNOTIFICATION_V4_C1_F8_P10_C50_S7009,/Users/nischithacn/paper3-exactly-once/results/phase6/runs/SENDNOTIFICATION_V4_C1_F8_P10_C50_S7009/SENDNOTIFICATION_V4_C1_F8_P10_C50_S7009_1788703098761,0.0,0.0,0.0,0.0,0.0,0.0,0.0,0.0,0.0,0.0,0.0,724.932020512188,646.054264655693,0,PASS
SENDNOTIFICATION_V5_C2_F3_P10_C50_S7000,/Users/nischithacn/paper3-exactly-once/results/phase6/runs/SENDNOTIFICATION_V5_C2_F3_P10_C50_S7000/SENDNOTIFICATION_V5_C2_F3_P10_C50_S7000_1788701908953,0.0,0.0,0.0,0.0,0.0,0.0,0.0,0.0,0.0,0.0,0.0,1231.1112309976388,1060.8639607356015,0,PASS
SENDNOTIFICATION_V5_C2_F3_P10_C50_S7001,/Users/nischithacn/paper3-exactly-once/results/phase6/runs/SENDNOTIFICATION_V5_C2_F3_P10_C50_S7001/SENDNOTIFICATION_V5_C2_F3_P10_C50_S7001_1788702039741,0.0,0.0,0.0,0.0,0.0,0.0,0.0,0.0,0.0,0.0,0.0,1220.6488905457934,1060.083042412936,0,PASS
SENDNOTIFICATION_V5_C2_F3_P10_C50_S7002,/Users/nischithacn/paper3-exactly-once/results/phase6/runs/SENDNOTIFICATION_V5_C2_F3_P10_C50_S7002/SENDNOTIFICATION_V5_C2_F3_P10_C50_S7002_1788702177219,0.0,0.0,0.0,0.0,0.0,0.0,0.0,0.0,0.0,0.0,0.0,1219.9239571860412,1061.1760864982543,0,PASS
SENDNOTIFICATION_V5_C2_F3_P10_C50_S7003,/Users/nischithacn/paper3-exactly-once/results/phase6/runs/SENDNOTIFICATION_V5_C2_F3_P10_C50_S7003/SENDNOTIFICATION_V5_C2_F3_P10_C50_S7003_1788702310937,0.0,0.0,0.0,0.0,0.0,0.0,0.0,0.0,0.0,0.0,0.0,907.5035322782794,713.611505047304,0,PASS
SENDNOTIFICATION_V5_C2_F3_P10_C50_S7004,/Users/nischithacn/paper3-exactly-once/results/phase6/runs/SENDNOTIFICATION_V5_C2_F3_P10_C50_S7004/SENDNOTIFICATION_V5_C2_F3_P10_C50_S7004_1788702440296,0.0,0.0,0.0,0.0,0.0,0.0,0.0,0.0,0.0,0.0,0.0,810.0356333838961,710.3056731494212,0,PASS
SENDNOTIFICATION_V5_C2_F3_P10_C50_S7005,/Users/nischithacn/paper3-exactly-once/results/phase6/runs/SENDNOTIFICATION_V5_C2_F3_P10_C50_S7005/SENDNOTIFICATION_V5_C2_F3_P10_C50_S7005_1788702597653,0.0,0.0,0.0,0.0,0.0,0.0,0.0,0.0,0.0,0.0,0.0,1261.024672742116,1085.4165294575162,0,PASS
SENDNOTIFICATION_V5_C2_F3_P10_C50_S7006,/Users/nischithacn/paper3-exactly-once/results/phase6/runs/SENDNOTIFICATION_V5_C2_F3_P10_C50_S7006/SENDNOTIFICATION_V5_C2_F3_P10_C50_S7006_1788702725595,0.0,0.0,0.0,0.0,0.0,0.0,0.0,0.0,0.0,0.0,0.0,1220.9507058397123,1060.0182343281763,0,PASS
SENDNOTIFICATION_V5_C2_F3_P10_C50_S7007,/Users/nischithacn/paper3-exactly-once/results/phase6/runs/SENDNOTIFICATION_V5_C2_F3_P10_C50_S7007/SENDNOTIFICATION_V5_C2_F3_P10_C50_S7007_1788702863337,0.0,0.0,0.0,0.0,0.0,0.0,0.0,0.0,0.0,0.0,0.0,1096.1168341359878,965.6278884432066,0,PASS
SENDNOTIFICATION_V5_C2_F3_P10_C50_S7008,/Users/nischithacn/paper3-exactly-once/results/phase6/runs/SENDNOTIFICATION_V5_C2_F3_P10_C50_S7008/SENDNOTIFICATION_V5_C2_F3_P10_C50_S7008_1788702997314,0.0,0.0,0.0,0.0,0.0,0.0,0.0,0.0,0.0,0.0,0.0,835.4874858563555,677.9910225235441,0,PASS
SENDNOTIFICATION_V5_C2_F3_P10_C50_S7009,/Users/nischithacn/paper3-exactly-once/results/phase6/runs/SENDNOTIFICATION_V5_C2_F3_P10_C50_S7009/SENDNOTIFICATION_V5_C2_F3_P10_C50_S7009_1788703114844,0.0,0.0,0.0,0.0,0.0,0.0,0.0,0.0,0.0,0.0,0.0,1103.4212497794435,985.857843585457,0,PASS
SENDNOTIFICATION_V5_C2_F8_P10_C50_S7000,/Users/nischithacn/paper3-exactly-once/results/phase6/runs/SENDNOTIFICATION_V5_C2_F8_P10_C50_S7000/SENDNOTIFICATION_V5_C2_F8_P10_C50_S7000_1788701918974,0.0,0.0,0.0,0.0,0.0,0.0,0.0,0.0,0.0,0.0,0.0,1053.1638185554868,928.5054578505125,0,PASS
SENDNOTIFICATION_V5_C2_F8_P10_C50_S7001,/Users/nischithacn/paper3-exactly-once/results/phase6/runs/SENDNOTIFICATION_V5_C2_F8_P10_C50_S7001/SENDNOTIFICATION_V5_C2_F8_P10_C50_S7001_1788702056813,0.0,0.0,0.0,0.0,0.0,0.0,0.0,0.0,0.0,0.0,0.0,1019.2392618083518,908.9193589085368,0,PASS
SENDNOTIFICATION_V5_C2_F8_P10_C50_S7002,/Users/nischithacn/paper3-exactly-once/results/phase6/runs/SENDNOTIFICATION_V5_C2_F8_P10_C50_S7002/SENDNOTIFICATION_V5_C2_F8_P10_C50_S7002_1788702187260,0.0,0.0,0.0,0.0,0.0,0.0,0.0,0.0,0.0,0.0,0.0,1013.042202467533,900.1054896961487,0,PASS
SENDNOTIFICATION_V5_C2_F8_P10_C50_S7003,/Users/nischithacn/paper3-exactly-once/results/phase6/runs/SENDNOTIFICATION_V5_C2_F8_P10_C50_S7003/SENDNOTIFICATION_V5_C2_F8_P10_C50_S7003_1788702325538,0.0,0.0,0.0,0.0,0.0,0.0,0.0,0.0,0.0,0.0,0.0,1005.9697120971778,886.4960631352498,0,PASS
SENDNOTIFICATION_V5_C2_F8_P10_C50_S7004,/Users/nischithacn/paper3-exactly-once/results/phase6/runs/SENDNOTIFICATION_V5_C2_F8_P10_C50_S7004/SENDNOTIFICATION_V5_C2_F8_P10_C50_S7004_1788702455139,0.0,0.0,0.0,0.0,0.0,0.0,0.0,0.0,0.0,0.0,0.0,453.7911480787168,418.2216474301644,0,PASS
SENDNOTIFICATION_V5_C2_F8_P10_C50_S7005,/Users/nischithacn/paper3-exactly-once/results/phase6/runs/SENDNOTIFICATION_V5_C2_F8_P10_C50_S7005/SENDNOTIFICATION_V5_C2_F8_P10_C50_S7005_1788702607504,0.0,0.0,0.0,0.0,0.0,0.0,0.0,0.0,0.0,0.0,0.0,1055.1150756815364,935.2013946467637,0,PASS
SENDNOTIFICATION_V5_C2_F8_P10_C50_S7006,/Users/nischithacn/paper3-exactly-once/results/phase6/runs/SENDNOTIFICATION_V5_C2_F8_P10_C50_S7006/SENDNOTIFICATION_V5_C2_F8_P10_C50_S7006_1788702742635,0.0,0.0,0.0,0.0,0.0,0.0,0.0,0.0,0.0,0.0,0.0,1056.2902461108847,937.1216818600155,0,PASS
SENDNOTIFICATION_V5_C2_F8_P10_C50_S7007,/Users/nischithacn/paper3-exactly-once/results/phase6/runs/SENDNOTIFICATION_V5_C2_F8_P10_C50_S7007/SENDNOTIFICATION_V5_C2_F8_P10_C50_S7007_1788702874295,0.0,0.0,0.0,0.0,0.0,0.0,0.0,0.0,0.0,0.0,0.0,973.1052191084339,874.4475081709779,0,PASS
SENDNOTIFICATION_V5_C2_F8_P10_C50_S7008,/Users/nischithacn/paper3-exactly-once/results/phase6/runs/SENDNOTIFICATION_V5_C2_F8_P10_C50_S7008/SENDNOTIFICATION_V5_C2_F8_P10_C50_S7008_1788703012655,0.0,0.0,0.0,0.0,0.0,0.0,0.0,0.0,0.0,0.0,0.0,1006.7102189690446,891.8218359273495,0,PASS
SENDNOTIFICATION_V5_C2_F8_P10_C50_S7009,/Users/nischithacn/paper3-exactly-once/results/phase6/runs/SENDNOTIFICATION_V5_C2_F8_P10_C50_S7009/SENDNOTIFICATION_V5_C2_F8_P10_C50_S7009_1788703125603,0.0,0.0,0.0,0.0,0.0,0.0,0.0,0.0,0.0,0.0,0.0,922.3590501560266,826.051906962337,0,PASS
