experiment_id,status,missing_files,malformed_files,usable_for_analysis
CHARGEPAYMENT_V0_C0_F3_P10_C50_S7000,COMPLETE,,,True
CHARGEPAYMENT_V0_C0_F3_P10_C50_S7001,COMPLETE,,,True
CHARGEPAYMENT_V0_C0_F3_P10_C50_S7002,COMPLETE,,,True
CHARGEPAYMENT_V0_C0_F3_P10_C50_S7003,COMPLETE,,,True
CHARGEPAYMENT_V0_C0_F3_P10_C50_S7004,COMPLETE,,,True
CHARGEPAYMENT_V0_C0_F3_P10_C50_S7005,COMPLETE,,,True
CHARGEPAYMENT_V0_C0_F3_P10_C50_S7006,COMPLETE,,,True
CHARGEPAYMENT_V0_C0_F3_P10_C50_S7007,COMPLETE,,,True
CHARGEPAYMENT_V0_C0_F3_P10_C50_S7008,COMPLETE,,,True
CHARGEPAYMENT_V0_C0_F3_P10_C50_S7009,COMPLETE,,,True
CHARGEPAYMENT_V0_C0_F8_P10_C50_S7000,COMPLETE,,,True
CHARGEPAYMENT_V0_C0_F8_P10_C50_S7001,COMPLETE,,,True
CHARGEPAYMENT_V0_C0_F8_P10_C50_S7002,COMPLETE,,,True
CHARGEPAYMENT_V0_C0_F8_P10_C50_S7003,COMPLETE,,,True
CHARGEPAYMENT_V0_C0_F8_P10_C50_S7004,COMPLETE,,,True
CHARGEPAYMENT_V0_C0_F8_P10_C50_S7005,COMPLETE,,,True
CHARGEPAYMENT_V0_C0_F8_P10_C50_S7006,COMPLETE,,,True
CHARGEPAYMENT_V0_C0_F8_P10_C50_S7007,COMPLETE,,,True
CHARGEPAYMENT_V0_C0_F8_P10_C50_S7008,COMPLETE,,,True
CHARGEPAYMENT_V0_C0_F8_P10_C50_S7009,COMPLETE,,,True
CHARGEPAYMENT_V2_C1_F3_P10_C50_S7000,COMPLETE,,,True
CHARGEPAYMENT_V2_C1_F3_P10_C50_S7001,COMPLETE,,,True
CHARGEPAYMENT_V2_C1_F3_P10_C50_S7002,COMPLETE,,,True
CHARGEPAYMENT_V2_C1_F3_P10_C50_S7003,COMPLETE,,,True
CHARGEPAYMENT_V2_C1_F3_P10_C50_S7004,COMPLETE,,,True
CHARGEPAYMENT_V2_C1_F3_P10_C50_S7005,COMPLETE,,,True
CHARGEPAYMENT_V2_C1_F3_P10_C50_S7006,COMPLETE,,,True
CHARGEPAYMENT_V2_C1_F3_P10_C50_S7007,COMPLETE,,,True
CHARGEPAYMENT_V2_C1_F3_P10_C50_S7008,COMPLETE,,,True
CHARGEPAYMENT_V2_C1_F3_P10_C50_S7009,COMPLETE,,,True
CHARGEPAYMENT_V2_C1_F8_P10_C50_S7000,COMPLETE,,,True
CHARGEPAYMENT_V2_C1_F8_P10_C50_S7001,COMPLETE,,,True
CHARGEPAYMENT_V2_C1_F8_P10_C50_S7002,COMPLETE,,,True
CHARGEPAYMENT_V2_C1_F8_P10_C50_S7003,COMPLETE,,,True
CHARGEPAYMENT_V2_C1_F8_P10_C50_S7004,COMPLETE,,,True
CHARGEPAYMENT_V2_C1_F8_P10_C50_S7005,COMPLETE,,,True
CHARGEPAYMENT_V2_C1_F8_P10_C50_S7006,COMPLETE,,,True
CHARGEPAYMENT_V2_C1_F8_P10_C50_S7007,COMPLETE,,,True
CHARGEPAYMENT_V2_C1_F8_P10_C50_S7008,COMPLETE,,,True
CHARGEPAYMENT_V2_C1_F8_P10_C50_S7009,COMPLETE,,,True
CHARGEPAYMENT_V4_C1_F3_P10_C50_S7000,COMPLETE,,,True
CHARGEPAYMENT_V4_C1_F3_P10_C50_S7001,COMPLETE,,,True
CHARGEPAYMENT_V4_C1_F3_P10_C50_S7002,COMPLETE,,,True
CHARGEPAYMENT_V4_C1_F3_P10_C50_S7003,COMPLETE,,,True
CHARGEPAYMENT_V4_C1_F3_P10_C50_S7004,COMPLETE,,,True
CHARGEPAYMENT_V4_C1_F3_P10_C50_S7005,COMPLETE,,,True
CHARGEPAYMENT_V4_C1_F3_P10_C50_S7006,COMPLETE,,,True
CHARGEPAYMENT_V4_C1_F3_P10_C50_S7007,COMPLETE,,,True
CHARGEPAYMENT_V4_C1_F3_P10_C50_S7008,COMPLETE,,,True
CHARGEPAYMENT_V4_C1_F3_P10_C50_S7009,COMPLETE,,,True
CHARGEPAYMENT_V4_C1_F8_P10_C50_S7000,COMPLETE,,,True
CHARGEPAYMENT_V4_C1_F8_P10_C50_S7001,COMPLETE,,,True
CHARGEPAYMENT_V4_C1_F8_P10_C50_S7002,COMPLETE,,,True
CHARGEPAYMENT_V4_C1_F8_P10_C50_S7003,COMPLETE,,,True
CHARGEPAYMENT_V4_C1_F8_P10_C50_S7004,COMPLETE,,,True
CHARGEPAYMENT_V4_C1_F8_P10_C50_S7005,COMPLETE,,,True
CHARGEPAYMENT_V4_C1_F8_P10_C50_S7006,COMPLETE,,,True
CHARGEPAYMENT_V4_C1_F8_P10_C50_S7007,COMPLETE,,,True
CHARGEPAYMENT_V4_C1_F8_P10_C50_S7008,COMPLETE,,,True
CHARGEPAYMENT_V4_C1_F8_P10_C50_S7009,COMPLETE,,,True
CHARGEPAYMENT_V5_C2_F3_P10_C50_S7000,COMPLETE,,,True
CHARGEPAYMENT_V5_C2_F3_P10_C50_S7001,COMPLETE,,,True
CHARGEPAYMENT_V5_C2_F3_P10_C50_S7002,COMPLETE,,,True
CHARGEPAYMENT_V5_C2_F3_P10_C50_S7003,COMPLETE,,,True
CHARGEPAYMENT_V5_C2_F3_P10_C50_S7004,COMPLETE,,,True
CHARGEPAYMENT_V5_C2_F3_P10_C50_S7005,COMPLETE,,,True
CHARGEPAYMENT_V5_C2_F3_P10_C50_S7006,COMPLETE,,,True
CHARGEPAYMENT_V5_C2_F3_P10_C50_S7007,COMPLETE,,,True
CHARGEPAYMENT_V5_C2_F3_P10_C50_S7008,COMPLETE,,,True
CHARGEPAYMENT_V5_C2_F3_P10_C50_S7009,COMPLETE,,,True
CHARGEPAYMENT_V5_C2_F8_P10_C50_S7000,COMPLETE,,,True
CHARGEPAYMENT_V5_C2_F8_P10_C50_S7001,COMPLETE,,,True
CHARGEPAYMENT_V5_C2_F8_P10_C50_S7002,COMPLETE,,,True
CHARGEPAYMENT_V5_C2_F8_P10_C50_S7003,COMPLETE,,,True
CHARGEPAYMENT_V5_C2_F8_P10_C50_S7004,COMPLETE,,,True
CHARGEPAYMENT_V5_C2_F8_P10_C50_S7005,COMPLETE,,,True
CHARGEPAYMENT_V5_C2_F8_P10_C50_S7006,COMPLETE,,,True
CHARGEPAYMENT_V5_C2_F8_P10_C50_S7007,COMPLETE,,,True
CHARGEPAYMENT_V5_C2_F8_P10_C50_S7008,COMPLETE,,,True
CHARGEPAYMENT_V5_C2_F8_P10_C50_S7009,COMPLETE,,,True
CREATEORDER_V0_C0_F0_P0_C100_S7000,COMPLETE,,,True
CREATEORDER_V0_C0_F0_P0_C100_S7001,COMPLETE,,,True
CREATEORDER_V0_C0_F0_P0_C100_S7002,COMPLETE,,,True
CREATEORDER_V0_C0_F0_P0_C100_S7003,COMPLETE,,,True
CREATEORDER_V0_C0_F0_P0_C100_S7004,COMPLETE,,,True
CREATEORDER_V0_C0_F0_P0_C100_S7005,COMPLETE,,,True
CREATEORDER_V0_C0_F0_P0_C100_S7006,COMPLETE,,,True
CREATEORDER_V0_C0_F0_P0_C100_S7007,COMPLETE,,,True
CREATEORDER_V0_C0_F0_P0_C100_S7008,COMPLETE,,,True
CREATEORDER_V0_C0_F0_P0_C100_S7009,COMPLETE,,,True
CREATEORDER_V0_C0_F0_P0_C10_S7000,COMPLETE,,,True
CREATEORDER_V0_C0_F0_P0_C10_S7001,COMPLETE,,,True
CREATEORDER_V0_C0_F0_P0_C10_S7002,COMPLETE,,,True
CREATEORDER_V0_C0_F0_P0_C10_S7003,COMPLETE,,,True
CREATEORDER_V0_C0_F0_P0_C10_S7004,COMPLETE,,,True
CREATEORDER_V0_C0_F0_P0_C10_S7005,COMPLETE,,,True
CREATEORDER_V0_C0_F0_P0_C10_S7006,COMPLETE,,,True
CREATEORDER_V0_C0_F0_P0_C10_S7007,COMPLETE,,,True
CREATEORDER_V0_C0_F0_P0_C10_S7008,COMPLETE,,,True
CREATEORDER_V0_C0_F0_P0_C10_S7009,COMPLETE,,,True
CREATEORDER_V0_C0_F0_P0_C1_S7000,COMPLETE,,,True
CREATEORDER_V0_C0_F0_P0_C1_S7001,COMPLETE,,,True
CREATEORDER_V0_C0_F0_P0_C1_S7002,COMPLETE,,,True
CREATEORDER_V0_C0_F0_P0_C1_S7003,COMPLETE,,,True
CREATEORDER_V0_C0_F0_P0_C1_S7004,COMPLETE,,,True
CREATEORDER_V0_C0_F0_P0_C1_S7005,COMPLETE,,,True
CREATEORDER_V0_C0_F0_P0_C1_S7006,COMPLETE,,,True
CREATEORDER_V0_C0_F0_P0_C1_S7007,COMPLETE,,,True
CREATEORDER_V0_C0_F0_P0_C1_S7008,COMPLETE,,,True
CREATEORDER_V0_C0_F0_P0_C1_S7009,COMPLETE,,,True
CREATEORDER_V0_C0_F0_P0_C50_S7000,COMPLETE,,,True
CREATEORDER_V0_C0_F0_P0_C50_S7001,COMPLETE,,,True
CREATEORDER_V0_C0_F0_P0_C50_S7002,COMPLETE,,,True
CREATEORDER_V0_C0_F0_P0_C50_S7003,COMPLETE,,,True
CREATEORDER_V0_C0_F0_P0_C50_S7004,COMPLETE,,,True
CREATEORDER_V0_C0_F0_P0_C50_S7005,COMPLETE,,,True
CREATEORDER_V0_C0_F0_P0_C50_S7006,COMPLETE,,,True
CREATEORDER_V0_C0_F0_P0_C50_S7007,COMPLETE,,,True
CREATEORDER_V0_C0_F0_P0_C50_S7008,COMPLETE,,,True
CREATEORDER_V0_C0_F0_P0_C50_S7009,COMPLETE,,,True
CREATEORDER_V0_C0_F11_P0_C50_FAN10_S7000,COMPLETE,,,True
CREATEORDER_V0_C0_F11_P0_C50_FAN10_S7001,COMPLETE,,,True
CREATEORDER_V0_C0_F11_P0_C50_FAN10_S7002,COMPLETE,,,True
CREATEORDER_V0_C0_F11_P0_C50_FAN10_S7003,COMPLETE,,,True
CREATEORDER_V0_C0_F11_P0_C50_FAN10_S7004,COMPLETE,,,True
CREATEORDER_V0_C0_F11_P0_C50_FAN10_S7005,COMPLETE,,,True
CREATEORDER_V0_C0_F11_P0_C50_FAN10_S7006,COMPLETE,,,True
CREATEORDER_V0_C0_F11_P0_C50_FAN10_S7007,COMPLETE,,,True
CREATEORDER_V0_C0_F11_P0_C50_FAN10_S7008,COMPLETE,,,True
CREATEORDER_V0_C0_F11_P0_C50_FAN10_S7009,COMPLETE,,,True
CREATEORDER_V0_C0_F11_P0_C50_FAN2_S7000,COMPLETE,,,True
CREATEORDER_V0_C0_F11_P0_C50_FAN2_S7001,COMPLETE,,,True
CREATEORDER_V0_C0_F11_P0_C50_FAN2_S7002,COMPLETE,,,True
CREATEORDER_V0_C0_F11_P0_C50_FAN2_S7003,COMPLETE,,,True
CREATEORDER_V0_C0_F11_P0_C50_FAN2_S7004,COMPLETE,,,True
CREATEORDER_V0_C0_F11_P0_C50_FAN2_S7005,COMPLETE,,,True
CREATEORDER_V0_C0_F11_P0_C50_FAN2_S7006,COMPLETE,,,True
CREATEORDER_V0_C0_F11_P0_C50_FAN2_S7007,COMPLETE,,,True
CREATEORDER_V0_C0_F11_P0_C50_FAN2_S7008,COMPLETE,,,True
CREATEORDER_V0_C0_F11_P0_C50_FAN2_S7009,COMPLETE,,,True
CREATEORDER_V0_C0_F11_P0_C50_FAN5_S7000,COMPLETE,,,True
CREATEORDER_V0_C0_F11_P0_C50_FAN5_S7001,COMPLETE,,,True
CREATEORDER_V0_C0_F11_P0_C50_FAN5_S7002,COMPLETE,,,True
CREATEORDER_V0_C0_F11_P0_C50_FAN5_S7003,COMPLETE,,,True
CREATEORDER_V0_C0_F11_P0_C50_FAN5_S7004,COMPLETE,,,True
CREATEORDER_V0_C0_F11_P0_C50_FAN5_S7005,COMPLETE,,,True
CREATEORDER_V0_C0_F11_P0_C50_FAN5_S7006,COMPLETE,,,True
CREATEORDER_V0_C0_F11_P0_C50_FAN5_S7007,COMPLETE,,,True
CREATEORDER_V0_C0_F11_P0_C50_FAN5_S7008,COMPLETE,,,True
CREATEORDER_V0_C0_F11_P0_C50_FAN5_S7009,COMPLETE,,,True
CREATEORDER_V0_C0_F1_P10_C50_S7000,COMPLETE,,,True
CREATEORDER_V0_C0_F1_P10_C50_S7001,COMPLETE,,,True
CREATEORDER_V0_C0_F1_P10_C50_S7002,COMPLETE,,,True
CREATEORDER_V0_C0_F1_P10_C50_S7003,COMPLETE,,,True
CREATEORDER_V0_C0_F1_P10_C50_S7004,COMPLETE,,,True
CREATEORDER_V0_C0_F1_P10_C50_S7005,COMPLETE,,,True
CREATEORDER_V0_C0_F1_P10_C50_S7006,COMPLETE,,,True
CREATEORDER_V0_C0_F1_P10_C50_S7007,COMPLETE,,,True
CREATEORDER_V0_C0_F1_P10_C50_S7008,COMPLETE,,,True
CREATEORDER_V0_C0_F1_P10_C50_S7009,COMPLETE,,,True
CREATEORDER_V0_C0_F2_P10_C50_S7000,COMPLETE,,,True
CREATEORDER_V0_C0_F2_P10_C50_S7001,COMPLETE,,,True
CREATEORDER_V0_C0_F2_P10_C50_S7002,COMPLETE,,,True
CREATEORDER_V0_C0_F2_P10_C50_S7003,COMPLETE,,,True
CREATEORDER_V0_C0_F2_P10_C50_S7004,COMPLETE,,,True
CREATEORDER_V0_C0_F2_P10_C50_S7005,COMPLETE,,,True
CREATEORDER_V0_C0_F2_P10_C50_S7006,COMPLETE,,,True
CREATEORDER_V0_C0_F2_P10_C50_S7007,COMPLETE,,,True
CREATEORDER_V0_C0_F2_P10_C50_S7008,COMPLETE,,,True
CREATEORDER_V0_C0_F2_P10_C50_S7009,COMPLETE,,,True
CREATEORDER_V0_C0_F3_P10_C10_S7000,COMPLETE,,,True
CREATEORDER_V0_C0_F3_P10_C10_S7001,COMPLETE,,,True
CREATEORDER_V0_C0_F3_P10_C10_S7002,COMPLETE,,,True
CREATEORDER_V0_C0_F3_P10_C10_S7003,COMPLETE,,,True
CREATEORDER_V0_C0_F3_P10_C10_S7004,COMPLETE,,,True
CREATEORDER_V0_C0_F3_P10_C10_S7005,COMPLETE,,,True
CREATEORDER_V0_C0_F3_P10_C10_S7006,COMPLETE,,,True
CREATEORDER_V0_C0_F3_P10_C10_S7007,COMPLETE,,,True
CREATEORDER_V0_C0_F3_P10_C10_S7008,COMPLETE,,,True
CREATEORDER_V0_C0_F3_P10_C10_S7009,COMPLETE,,,True
CREATEORDER_V0_C0_F3_P10_C50_S7000,COMPLETE,,,True
CREATEORDER_V0_C0_F3_P10_C50_S7001,COMPLETE,,,True
CREATEORDER_V0_C0_F3_P10_C50_S7002,COMPLETE,,,True
CREATEORDER_V0_C0_F3_P10_C50_S7003,COMPLETE,,,True
CREATEORDER_V0_C0_F3_P10_C50_S7004,COMPLETE,,,True
CREATEORDER_V0_C0_F3_P10_C50_S7005,COMPLETE,,,True
CREATEORDER_V0_C0_F3_P10_C50_S7006,COMPLETE,,,True
CREATEORDER_V0_C0_F3_P10_C50_S7007,COMPLETE,,,True
CREATEORDER_V0_C0_F3_P10_C50_S7008,COMPLETE,,,True
CREATEORDER_V0_C0_F3_P10_C50_S7009,COMPLETE,,,True
CREATEORDER_V0_C0_F3_P1_C10_S7000,COMPLETE,,,True
CREATEORDER_V0_C0_F3_P1_C10_S7001,COMPLETE,,,True
CREATEORDER_V0_C0_F3_P1_C10_S7002,COMPLETE,,,True
CREATEORDER_V0_C0_F3_P1_C10_S7003,COMPLETE,,,True
CREATEORDER_V0_C0_F3_P1_C10_S7004,COMPLETE,,,True
CREATEORDER_V0_C0_F3_P1_C10_S7005,COMPLETE,,,True
CREATEORDER_V0_C0_F3_P1_C10_S7006,COMPLETE,,,True
CREATEORDER_V0_C0_F3_P1_C10_S7007,COMPLETE,,,True
CREATEORDER_V0_C0_F3_P1_C10_S7008,COMPLETE,,,True
CREATEORDER_V0_C0_F3_P1_C10_S7009,COMPLETE,,,True
CREATEORDER_V0_C0_F3_P1_C50_S7000,COMPLETE,,,True
CREATEORDER_V0_C0_F3_P1_C50_S7001,COMPLETE,,,True
CREATEORDER_V0_C0_F3_P1_C50_S7002,COMPLETE,,,True
CREATEORDER_V0_C0_F3_P1_C50_S7003,COMPLETE,,,True
CREATEORDER_V0_C0_F3_P1_C50_S7004,COMPLETE,,,True
CREATEORDER_V0_C0_F3_P1_C50_S7005,COMPLETE,,,True
CREATEORDER_V0_C0_F3_P1_C50_S7006,COMPLETE,,,True
CREATEORDER_V0_C0_F3_P1_C50_S7007,COMPLETE,,,True
CREATEORDER_V0_C0_F3_P1_C50_S7008,COMPLETE,,,True
CREATEORDER_V0_C0_F3_P1_C50_S7009,COMPLETE,,,True
CREATEORDER_V0_C0_F3_P20_C10_S7000,COMPLETE,,,True
CREATEORDER_V0_C0_F3_P20_C10_S7001,COMPLETE,,,True
CREATEORDER_V0_C0_F3_P20_C10_S7002,COMPLETE,,,True
CREATEORDER_V0_C0_F3_P20_C10_S7003,COMPLETE,,,True
CREATEORDER_V0_C0_F3_P20_C10_S7004,COMPLETE,,,True
CREATEORDER_V0_C0_F3_P20_C10_S7005,COMPLETE,,,True
CREATEORDER_V0_C0_F3_P20_C10_S7006,COMPLETE,,,True
CREATEORDER_V0_C0_F3_P20_C10_S7007,COMPLETE,,,True
CREATEORDER_V0_C0_F3_P20_C10_S7008,COMPLETE,,,True
CREATEORDER_V0_C0_F3_P20_C10_S7009,COMPLETE,,,True
CREATEORDER_V0_C0_F3_P20_C50_S7000,COMPLETE,,,True
CREATEORDER_V0_C0_F3_P20_C50_S7001,COMPLETE,,,True
CREATEORDER_V0_C0_F3_P20_C50_S7002,COMPLETE,,,True
CREATEORDER_V0_C0_F3_P20_C50_S7003,COMPLETE,,,True
CREATEORDER_V0_C0_F3_P20_C50_S7004,COMPLETE,,,True
CREATEORDER_V0_C0_F3_P20_C50_S7005,COMPLETE,,,True
CREATEORDER_V0_C0_F3_P20_C50_S7006,COMPLETE,,,True
CREATEORDER_V0_C0_F3_P20_C50_S7007,COMPLETE,,,True
CREATEORDER_V0_C0_F3_P20_C50_S7008,COMPLETE,,,True
CREATEORDER_V0_C0_F3_P20_C50_S7009,COMPLETE,,,True
CREATEORDER_V0_C0_F3_P5_C10_S7000,COMPLETE,,,True
CREATEORDER_V0_C0_F3_P5_C10_S7001,COMPLETE,,,True
CREATEORDER_V0_C0_F3_P5_C10_S7002,COMPLETE,,,True
CREATEORDER_V0_C0_F3_P5_C10_S7003,COMPLETE,,,True
CREATEORDER_V0_C0_F3_P5_C10_S7004,COMPLETE,,,True
CREATEORDER_V0_C0_F3_P5_C10_S7005,COMPLETE,,,True
CREATEORDER_V0_C0_F3_P5_C10_S7006,COMPLETE,,,True
CREATEORDER_V0_C0_F3_P5_C10_S7007,COMPLETE,,,True
CREATEORDER_V0_C0_F3_P5_C10_S7008,COMPLETE,,,True
CREATEORDER_V0_C0_F3_P5_C10_S7009,COMPLETE,,,True
CREATEORDER_V0_C0_F3_P5_C50_S7000,COMPLETE,,,True
CREATEORDER_V0_C0_F3_P5_C50_S7001,COMPLETE,,,True
CREATEORDER_V0_C0_F3_P5_C50_S7002,COMPLETE,,,True
CREATEORDER_V0_C0_F3_P5_C50_S7003,COMPLETE,,,True
CREATEORDER_V0_C0_F3_P5_C50_S7004,COMPLETE,,,True
CREATEORDER_V0_C0_F3_P5_C50_S7005,COMPLETE,,,True
CREATEORDER_V0_C0_F3_P5_C50_S7006,COMPLETE,,,True
CREATEORDER_V0_C0_F3_P5_C50_S7007,COMPLETE,,,True
CREATEORDER_V0_C0_F3_P5_C50_S7008,COMPLETE,,,True
CREATEORDER_V0_C0_F3_P5_C50_S7009,COMPLETE,,,True
CREATEORDER_V0_C0_F4_P10_C10_S7000,COMPLETE,,,True
CREATEORDER_V0_C0_F4_P10_C10_S7001,COMPLETE,,,True
CREATEORDER_V0_C0_F4_P10_C10_S7002,COMPLETE,,,True
CREATEORDER_V0_C0_F4_P10_C10_S7003,COMPLETE,,,True
CREATEORDER_V0_C0_F4_P10_C10_S7004,COMPLETE,,,True
CREATEORDER_V0_C0_F4_P10_C10_S7005,COMPLETE,,,True
CREATEORDER_V0_C0_F4_P10_C10_S7006,COMPLETE,,,True
CREATEORDER_V0_C0_F4_P10_C10_S7007,COMPLETE,,,True
CREATEORDER_V0_C0_F4_P10_C10_S7008,COMPLETE,,,True
CREATEORDER_V0_C0_F4_P10_C10_S7009,COMPLETE,,,True
CREATEORDER_V0_C0_F4_P10_C50_S7000,COMPLETE,,,True
CREATEORDER_V0_C0_F4_P10_C50_S7001,COMPLETE,,,True
CREATEORDER_V0_C0_F4_P10_C50_S7002,COMPLETE,,,True
CREATEORDER_V0_C0_F4_P10_C50_S7003,COMPLETE,,,True
CREATEORDER_V0_C0_F4_P10_C50_S7004,COMPLETE,,,True
CREATEORDER_V0_C0_F4_P10_C50_S7005,COMPLETE,,,True
CREATEORDER_V0_C0_F4_P10_C50_S7006,COMPLETE,,,True
CREATEORDER_V0_C0_F4_P10_C50_S7007,COMPLETE,,,True
CREATEORDER_V0_C0_F4_P10_C50_S7008,COMPLETE,,,True
CREATEORDER_V0_C0_F4_P10_C50_S7009,COMPLETE,,,True
CREATEORDER_V0_C0_F4_P1_C10_S7000,COMPLETE,,,True
CREATEORDER_V0_C0_F4_P1_C10_S7001,COMPLETE,,,True
CREATEORDER_V0_C0_F4_P1_C10_S7002,COMPLETE,,,True
CREATEORDER_V0_C0_F4_P1_C10_S7003,COMPLETE,,,True
CREATEORDER_V0_C0_F4_P1_C10_S7004,COMPLETE,,,True
CREATEORDER_V0_C0_F4_P1_C10_S7005,COMPLETE,,,True
CREATEORDER_V0_C0_F4_P1_C10_S7006,COMPLETE,,,True
CREATEORDER_V0_C0_F4_P1_C10_S7007,COMPLETE,,,True
CREATEORDER_V0_C0_F4_P1_C10_S7008,COMPLETE,,,True
CREATEORDER_V0_C0_F4_P1_C10_S7009,COMPLETE,,,True
CREATEORDER_V0_C0_F4_P1_C50_S7000,COMPLETE,,,True
CREATEORDER_V0_C0_F4_P1_C50_S7001,COMPLETE,,,True
CREATEORDER_V0_C0_F4_P1_C50_S7002,COMPLETE,,,True
CREATEORDER_V0_C0_F4_P1_C50_S7003,COMPLETE,,,True
CREATEORDER_V0_C0_F4_P1_C50_S7004,COMPLETE,,,True
CREATEORDER_V0_C0_F4_P1_C50_S7005,COMPLETE,,,True
CREATEORDER_V0_C0_F4_P1_C50_S7006,COMPLETE,,,True
CREATEORDER_V0_C0_F4_P1_C50_S7007,COMPLETE,,,True
CREATEORDER_V0_C0_F4_P1_C50_S7008,COMPLETE,,,True
CREATEORDER_V0_C0_F4_P1_C50_S7009,COMPLETE,,,True
CREATEORDER_V0_C0_F4_P20_C10_S7000,COMPLETE,,,True
CREATEORDER_V0_C0_F4_P20_C10_S7001,COMPLETE,,,True
CREATEORDER_V0_C0_F4_P20_C10_S7002,COMPLETE,,,True
CREATEORDER_V0_C0_F4_P20_C10_S7003,COMPLETE,,,True
CREATEORDER_V0_C0_F4_P20_C10_S7004,COMPLETE,,,True
CREATEORDER_V0_C0_F4_P20_C10_S7005,COMPLETE,,,True
CREATEORDER_V0_C0_F4_P20_C10_S7006,COMPLETE,,,True
CREATEORDER_V0_C0_F4_P20_C10_S7007,COMPLETE,,,True
CREATEORDER_V0_C0_F4_P20_C10_S7008,COMPLETE,,,True
CREATEORDER_V0_C0_F4_P20_C10_S7009,COMPLETE,,,True
CREATEORDER_V0_C0_F4_P20_C50_S7000,COMPLETE,,,True
CREATEORDER_V0_C0_F4_P20_C50_S7001,COMPLETE,,,True
CREATEORDER_V0_C0_F4_P20_C50_S7002,COMPLETE,,,True
CREATEORDER_V0_C0_F4_P20_C50_S7003,COMPLETE,,,True
CREATEORDER_V0_C0_F4_P20_C50_S7004,COMPLETE,,,True
CREATEORDER_V0_C0_F4_P20_C50_S7005,COMPLETE,,,True
CREATEORDER_V0_C0_F4_P20_C50_S7006,COMPLETE,,,True
CREATEORDER_V0_C0_F4_P20_C50_S7007,COMPLETE,,,True
CREATEORDER_V0_C0_F4_P20_C50_S7008,COMPLETE,,,True
CREATEORDER_V0_C0_F4_P20_C50_S7009,COMPLETE,,,True
CREATEORDER_V0_C0_F4_P5_C10_S7000,COMPLETE,,,True
CREATEORDER_V0_C0_F4_P5_C10_S7001,COMPLETE,,,True
CREATEORDER_V0_C0_F4_P5_C10_S7002,COMPLETE,,,True
CREATEORDER_V0_C0_F4_P5_C10_S7003,COMPLETE,,,True
CREATEORDER_V0_C0_F4_P5_C10_S7004,COMPLETE,,,True
CREATEORDER_V0_C0_F4_P5_C10_S7005,COMPLETE,,,True
CREATEORDER_V0_C0_F4_P5_C10_S7006,COMPLETE,,,True
CREATEORDER_V0_C0_F4_P5_C10_S7007,COMPLETE,,,True
CREATEORDER_V0_C0_F4_P5_C10_S7008,COMPLETE,,,True
CREATEORDER_V0_C0_F4_P5_C10_S7009,COMPLETE,,,True
CREATEORDER_V0_C0_F4_P5_C50_S7000,COMPLETE,,,True
CREATEORDER_V0_C0_F4_P5_C50_S7001,COMPLETE,,,True
CREATEORDER_V0_C0_F4_P5_C50_S7002,COMPLETE,,,True
CREATEORDER_V0_C0_F4_P5_C50_S7003,COMPLETE,,,True
CREATEORDER_V0_C0_F4_P5_C50_S7004,COMPLETE,,,True
CREATEORDER_V0_C0_F4_P5_C50_S7005,COMPLETE,,,True
CREATEORDER_V0_C0_F4_P5_C50_S7006,COMPLETE,,,True
CREATEORDER_V0_C0_F4_P5_C50_S7007,COMPLETE,,,True
CREATEORDER_V0_C0_F4_P5_C50_S7008,COMPLETE,,,True
CREATEORDER_V0_C0_F4_P5_C50_S7009,COMPLETE,,,True
CREATEORDER_V0_C0_F5_P0_C50_FAN10_S7000,COMPLETE,,,True
CREATEORDER_V0_C0_F5_P0_C50_FAN10_S7001,COMPLETE,,,True
CREATEORDER_V0_C0_F5_P0_C50_FAN10_S7002,COMPLETE,,,True
CREATEORDER_V0_C0_F5_P0_C50_FAN10_S7003,COMPLETE,,,True
CREATEORDER_V0_C0_F5_P0_C50_FAN10_S7004,COMPLETE,,,True
CREATEORDER_V0_C0_F5_P0_C50_FAN10_S7005,COMPLETE,,,True
CREATEORDER_V0_C0_F5_P0_C50_FAN10_S7006,COMPLETE,,,True
CREATEORDER_V0_C0_F5_P0_C50_FAN10_S7007,COMPLETE,,,True
CREATEORDER_V0_C0_F5_P0_C50_FAN10_S7008,COMPLETE,,,True
CREATEORDER_V0_C0_F5_P0_C50_FAN10_S7009,COMPLETE,,,True
CREATEORDER_V0_C0_F5_P0_C50_FAN2_S7000,COMPLETE,,,True
CREATEORDER_V0_C0_F5_P0_C50_FAN2_S7001,COMPLETE,,,True
CREATEORDER_V0_C0_F5_P0_C50_FAN2_S7002,COMPLETE,,,True
CREATEORDER_V0_C0_F5_P0_C50_FAN2_S7003,COMPLETE,,,True
CREATEORDER_V0_C0_F5_P0_C50_FAN2_S7004,COMPLETE,,,True
CREATEORDER_V0_C0_F5_P0_C50_FAN2_S7005,COMPLETE,,,True
CREATEORDER_V0_C0_F5_P0_C50_FAN2_S7006,COMPLETE,,,True
CREATEORDER_V0_C0_F5_P0_C50_FAN2_S7007,COMPLETE,,,True
CREATEORDER_V0_C0_F5_P0_C50_FAN2_S7008,COMPLETE,,,True
CREATEORDER_V0_C0_F5_P0_C50_FAN2_S7009,COMPLETE,,,True
CREATEORDER_V0_C0_F5_P0_C50_FAN5_S7000,COMPLETE,,,True
CREATEORDER_V0_C0_F5_P0_C50_FAN5_S7001,COMPLETE,,,True
CREATEORDER_V0_C0_F5_P0_C50_FAN5_S7002,COMPLETE,,,True
CREATEORDER_V0_C0_F5_P0_C50_FAN5_S7003,COMPLETE,,,True
CREATEORDER_V0_C0_F5_P0_C50_FAN5_S7004,COMPLETE,,,True
CREATEORDER_V0_C0_F5_P0_C50_FAN5_S7005,COMPLETE,,,True
CREATEORDER_V0_C0_F5_P0_C50_FAN5_S7006,COMPLETE,,,True
CREATEORDER_V0_C0_F5_P0_C50_FAN5_S7007,COMPLETE,,,True
CREATEORDER_V0_C0_F5_P0_C50_FAN5_S7008,COMPLETE,,,True
CREATEORDER_V0_C0_F5_P0_C50_FAN5_S7009,COMPLETE,,,True
CREATEORDER_V0_C0_F6_P0_C50_FAN10_S7000,COMPLETE,,,True
CREATEORDER_V0_C0_F6_P0_C50_FAN10_S7001,COMPLETE,,,True
CREATEORDER_V0_C0_F6_P0_C50_FAN10_S7002,COMPLETE,,,True
CREATEORDER_V0_C0_F6_P0_C50_FAN10_S7003,COMPLETE,,,True
CREATEORDER_V0_C0_F6_P0_C50_FAN10_S7004,COMPLETE,,,True
CREATEORDER_V0_C0_F6_P0_C50_FAN10_S7005,COMPLETE,,,True
CREATEORDER_V0_C0_F6_P0_C50_FAN10_S7006,COMPLETE,,,True
CREATEORDER_V0_C0_F6_P0_C50_FAN10_S7007,COMPLETE,,,True
CREATEORDER_V0_C0_F6_P0_C50_FAN10_S7008,COMPLETE,,,True
CREATEORDER_V0_C0_F6_P0_C50_FAN10_S7009,COMPLETE,,,True
CREATEORDER_V0_C0_F6_P0_C50_FAN2_S7000,COMPLETE,,,True
CREATEORDER_V0_C0_F6_P0_C50_FAN2_S7001,COMPLETE,,,True
CREATEORDER_V0_C0_F6_P0_C50_FAN2_S7002,COMPLETE,,,True
CREATEORDER_V0_C0_F6_P0_C50_FAN2_S7003,COMPLETE,,,True
CREATEORDER_V0_C0_F6_P0_C50_FAN2_S7004,COMPLETE,,,True
CREATEORDER_V0_C0_F6_P0_C50_FAN2_S7005,COMPLETE,,,True
CREATEORDER_V0_C0_F6_P0_C50_FAN2_S7006,COMPLETE,,,True
CREATEORDER_V0_C0_F6_P0_C50_FAN2_S7007,COMPLETE,,,True
CREATEORDER_V0_C0_F6_P0_C50_FAN2_S7008,COMPLETE,,,True
CREATEORDER_V0_C0_F6_P0_C50_FAN2_S7009,COMPLETE,,,True
CREATEORDER_V0_C0_F6_P0_C50_FAN5_S7000,COMPLETE,,,True
CREATEORDER_V0_C0_F6_P0_C50_FAN5_S7001,COMPLETE,,,True
CREATEORDER_V0_C0_F6_P0_C50_FAN5_S7002,COMPLETE,,,True
CREATEORDER_V0_C0_F6_P0_C50_FAN5_S7003,COMPLETE,,,True
CREATEORDER_V0_C0_F6_P0_C50_FAN5_S7004,COMPLETE,,,True
CREATEORDER_V0_C0_F6_P0_C50_FAN5_S7005,COMPLETE,,,True
CREATEORDER_V0_C0_F6_P0_C50_FAN5_S7006,COMPLETE,,,True
CREATEORDER_V0_C0_F6_P0_C50_FAN5_S7007,COMPLETE,,,True
CREATEORDER_V0_C0_F6_P0_C50_FAN5_S7008,COMPLETE,,,True
CREATEORDER_V0_C0_F6_P0_C50_FAN5_S7009,COMPLETE,,,True
CREATEORDER_V0_C0_F7_P10_C50_S7000,COMPLETE,,,True
CREATEORDER_V0_C0_F7_P10_C50_S7001,COMPLETE,,,True
CREATEORDER_V0_C0_F7_P10_C50_S7002,COMPLETE,,,True
CREATEORDER_V0_C0_F7_P10_C50_S7003,COMPLETE,,,True
CREATEORDER_V0_C0_F7_P10_C50_S7004,COMPLETE,,,True
CREATEORDER_V0_C0_F7_P10_C50_S7005,COMPLETE,,,True
CREATEORDER_V0_C0_F7_P10_C50_S7006,COMPLETE,,,True
CREATEORDER_V0_C0_F7_P10_C50_S7007,COMPLETE,,,True
CREATEORDER_V0_C0_F7_P10_C50_S7008,COMPLETE,,,True
CREATEORDER_V0_C0_F7_P10_C50_S7009,COMPLETE,,,True
CREATEORDER_V0_C0_F8_P10_C10_S7000,COMPLETE,,,True
CREATEORDER_V0_C0_F8_P10_C10_S7001,COMPLETE,,,True
CREATEORDER_V0_C0_F8_P10_C10_S7002,COMPLETE,,,True
CREATEORDER_V0_C0_F8_P10_C10_S7003,COMPLETE,,,True
CREATEORDER_V0_C0_F8_P10_C10_S7004,COMPLETE,,,True
CREATEORDER_V0_C0_F8_P10_C10_S7005,COMPLETE,,,True
CREATEORDER_V0_C0_F8_P10_C10_S7006,COMPLETE,,,True
CREATEORDER_V0_C0_F8_P10_C10_S7007,COMPLETE,,,True
CREATEORDER_V0_C0_F8_P10_C10_S7008,COMPLETE,,,True
CREATEORDER_V0_C0_F8_P10_C10_S7009,COMPLETE,,,True
CREATEORDER_V0_C0_F8_P10_C50_S7000,COMPLETE,,,True
CREATEORDER_V0_C0_F8_P10_C50_S7001,COMPLETE,,,True
CREATEORDER_V0_C0_F8_P10_C50_S7002,COMPLETE,,,True
CREATEORDER_V0_C0_F8_P10_C50_S7003,COMPLETE,,,True
CREATEORDER_V0_C0_F8_P10_C50_S7004,COMPLETE,,,True
CREATEORDER_V0_C0_F8_P10_C50_S7005,COMPLETE,,,True
CREATEORDER_V0_C0_F8_P10_C50_S7006,COMPLETE,,,True
CREATEORDER_V0_C0_F8_P10_C50_S7007,COMPLETE,,,True
CREATEORDER_V0_C0_F8_P10_C50_S7008,COMPLETE,,,True
CREATEORDER_V0_C0_F8_P10_C50_S7009,COMPLETE,,,True
CREATEORDER_V0_C0_F8_P1_C10_S7000,COMPLETE,,,True
CREATEORDER_V0_C0_F8_P1_C10_S7001,COMPLETE,,,True
CREATEORDER_V0_C0_F8_P1_C10_S7002,COMPLETE,,,True
CREATEORDER_V0_C0_F8_P1_C10_S7003,COMPLETE,,,True
CREATEORDER_V0_C0_F8_P1_C10_S7004,COMPLETE,,,True
CREATEORDER_V0_C0_F8_P1_C10_S7005,COMPLETE,,,True
CREATEORDER_V0_C0_F8_P1_C10_S7006,COMPLETE,,,True
CREATEORDER_V0_C0_F8_P1_C10_S7007,COMPLETE,,,True
CREATEORDER_V0_C0_F8_P1_C10_S7008,COMPLETE,,,True
CREATEORDER_V0_C0_F8_P1_C10_S7009,COMPLETE,,,True
CREATEORDER_V0_C0_F8_P1_C50_S7000,COMPLETE,,,True
CREATEORDER_V0_C0_F8_P1_C50_S7001,COMPLETE,,,True
CREATEORDER_V0_C0_F8_P1_C50_S7002,COMPLETE,,,True
CREATEORDER_V0_C0_F8_P1_C50_S7003,COMPLETE,,,True
CREATEORDER_V0_C0_F8_P1_C50_S7004,COMPLETE,,,True
CREATEORDER_V0_C0_F8_P1_C50_S7005,COMPLETE,,,True
CREATEORDER_V0_C0_F8_P1_C50_S7006,COMPLETE,,,True
CREATEORDER_V0_C0_F8_P1_C50_S7007,COMPLETE,,,True
CREATEORDER_V0_C0_F8_P1_C50_S7008,COMPLETE,,,True
CREATEORDER_V0_C0_F8_P1_C50_S7009,COMPLETE,,,True
CREATEORDER_V0_C0_F8_P20_C10_S7000,COMPLETE,,,True
CREATEORDER_V0_C0_F8_P20_C10_S7001,COMPLETE,,,True
CREATEORDER_V0_C0_F8_P20_C10_S7002,COMPLETE,,,True
CREATEORDER_V0_C0_F8_P20_C10_S7003,COMPLETE,,,True
CREATEORDER_V0_C0_F8_P20_C10_S7004,COMPLETE,,,True
CREATEORDER_V0_C0_F8_P20_C10_S7005,COMPLETE,,,True
CREATEORDER_V0_C0_F8_P20_C10_S7006,COMPLETE,,,True
CREATEORDER_V0_C0_F8_P20_C10_S7007,COMPLETE,,,True
CREATEORDER_V0_C0_F8_P20_C10_S7008,COMPLETE,,,True
CREATEORDER_V0_C0_F8_P20_C10_S7009,COMPLETE,,,True
CREATEORDER_V0_C0_F8_P20_C50_S7000,COMPLETE,,,True
CREATEORDER_V0_C0_F8_P20_C50_S7001,COMPLETE,,,True
CREATEORDER_V0_C0_F8_P20_C50_S7002,COMPLETE,,,True
CREATEORDER_V0_C0_F8_P20_C50_S7003,COMPLETE,,,True
CREATEORDER_V0_C0_F8_P20_C50_S7004,COMPLETE,,,True
CREATEORDER_V0_C0_F8_P20_C50_S7005,COMPLETE,,,True
CREATEORDER_V0_C0_F8_P20_C50_S7006,COMPLETE,,,True
CREATEORDER_V0_C0_F8_P20_C50_S7007,COMPLETE,,,True
CREATEORDER_V0_C0_F8_P20_C50_S7008,COMPLETE,,,True
CREATEORDER_V0_C0_F8_P20_C50_S7009,COMPLETE,,,True
CREATEORDER_V0_C0_F8_P5_C10_S7000,COMPLETE,,,True
CREATEORDER_V0_C0_F8_P5_C10_S7001,COMPLETE,,,True
CREATEORDER_V0_C0_F8_P5_C10_S7002,COMPLETE,,,True
CREATEORDER_V0_C0_F8_P5_C10_S7003,COMPLETE,,,True
CREATEORDER_V0_C0_F8_P5_C10_S7004,COMPLETE,,,True
CREATEORDER_V0_C0_F8_P5_C10_S7005,COMPLETE,,,True
CREATEORDER_V0_C0_F8_P5_C10_S7006,COMPLETE,,,True
CREATEORDER_V0_C0_F8_P5_C10_S7007,COMPLETE,,,True
CREATEORDER_V0_C0_F8_P5_C10_S7008,COMPLETE,,,True
CREATEORDER_V0_C0_F8_P5_C10_S7009,COMPLETE,,,True
CREATEORDER_V0_C0_F8_P5_C50_S7000,COMPLETE,,,True
CREATEORDER_V0_C0_F8_P5_C50_S7001,COMPLETE,,,True
CREATEORDER_V0_C0_F8_P5_C50_S7002,COMPLETE,,,True
CREATEORDER_V0_C0_F8_P5_C50_S7003,COMPLETE,,,True
CREATEORDER_V0_C0_F8_P5_C50_S7004,COMPLETE,,,True
CREATEORDER_V0_C0_F8_P5_C50_S7005,COMPLETE,,,True
CREATEORDER_V0_C0_F8_P5_C50_S7006,COMPLETE,,,True
CREATEORDER_V0_C0_F8_P5_C50_S7007,COMPLETE,,,True
CREATEORDER_V0_C0_F8_P5_C50_S7008,COMPLETE,,,True
CREATEORDER_V0_C0_F8_P5_C50_S7009,COMPLETE,,,True
CREATEORDER_V0_C0_F9_P10_C10_S7000,COMPLETE,,,True
CREATEORDER_V0_C0_F9_P10_C10_S7001,COMPLETE,,,True
CREATEORDER_V0_C0_F9_P10_C10_S7002,COMPLETE,,,True
CREATEORDER_V0_C0_F9_P10_C10_S7003,COMPLETE,,,True
CREATEORDER_V0_C0_F9_P10_C10_S7004,COMPLETE,,,True
CREATEORDER_V0_C0_F9_P10_C10_S7005,COMPLETE,,,True
CREATEORDER_V0_C0_F9_P10_C10_S7006,COMPLETE,,,True
CREATEORDER_V0_C0_F9_P10_C10_S7007,COMPLETE,,,True
CREATEORDER_V0_C0_F9_P10_C10_S7008,COMPLETE,,,True
CREATEORDER_V0_C0_F9_P10_C10_S7009,COMPLETE,,,True
CREATEORDER_V0_C0_F9_P10_C50_S7000,COMPLETE,,,True
CREATEORDER_V0_C0_F9_P10_C50_S7001,COMPLETE,,,True
CREATEORDER_V0_C0_F9_P10_C50_S7002,COMPLETE,,,True
CREATEORDER_V0_C0_F9_P10_C50_S7003,COMPLETE,,,True
CREATEORDER_V0_C0_F9_P10_C50_S7004,COMPLETE,,,True
CREATEORDER_V0_C0_F9_P10_C50_S7005,COMPLETE,,,True
CREATEORDER_V0_C0_F9_P10_C50_S7006,COMPLETE,,,True
CREATEORDER_V0_C0_F9_P10_C50_S7007,COMPLETE,,,True
CREATEORDER_V0_C0_F9_P10_C50_S7008,COMPLETE,,,True
CREATEORDER_V0_C0_F9_P10_C50_S7009,COMPLETE,,,True
CREATEORDER_V0_C0_F9_P1_C10_S7000,COMPLETE,,,True
CREATEORDER_V0_C0_F9_P1_C10_S7001,COMPLETE,,,True
CREATEORDER_V0_C0_F9_P1_C10_S7002,COMPLETE,,,True
CREATEORDER_V0_C0_F9_P1_C10_S7003,COMPLETE,,,True
CREATEORDER_V0_C0_F9_P1_C10_S7004,COMPLETE,,,True
CREATEORDER_V0_C0_F9_P1_C10_S7005,COMPLETE,,,True
CREATEORDER_V0_C0_F9_P1_C10_S7006,COMPLETE,,,True
CREATEORDER_V0_C0_F9_P1_C10_S7007,COMPLETE,,,True
CREATEORDER_V0_C0_F9_P1_C10_S7008,COMPLETE,,,True
CREATEORDER_V0_C0_F9_P1_C10_S7009,COMPLETE,,,True
CREATEORDER_V0_C0_F9_P1_C50_S7000,COMPLETE,,,True
CREATEORDER_V0_C0_F9_P1_C50_S7001,COMPLETE,,,True
CREATEORDER_V0_C0_F9_P1_C50_S7002,COMPLETE,,,True
CREATEORDER_V0_C0_F9_P1_C50_S7003,COMPLETE,,,True
CREATEORDER_V0_C0_F9_P1_C50_S7004,COMPLETE,,,True
CREATEORDER_V0_C0_F9_P1_C50_S7005,COMPLETE,,,True
CREATEORDER_V0_C0_F9_P1_C50_S7006,COMPLETE,,,True
CREATEORDER_V0_C0_F9_P1_C50_S7007,COMPLETE,,,True
CREATEORDER_V0_C0_F9_P1_C50_S7008,COMPLETE,,,True
CREATEORDER_V0_C0_F9_P1_C50_S7009,COMPLETE,,,True
CREATEORDER_V0_C0_F9_P20_C10_S7000,COMPLETE,,,True
CREATEORDER_V0_C0_F9_P20_C10_S7001,COMPLETE,,,True
CREATEORDER_V0_C0_F9_P20_C10_S7002,COMPLETE,,,True
CREATEORDER_V0_C0_F9_P20_C10_S7003,COMPLETE,,,True
CREATEORDER_V0_C0_F9_P20_C10_S7004,COMPLETE,,,True
CREATEORDER_V0_C0_F9_P20_C10_S7005,COMPLETE,,,True
CREATEORDER_V0_C0_F9_P20_C10_S7006,COMPLETE,,,True
CREATEORDER_V0_C0_F9_P20_C10_S7007,COMPLETE,,,True
CREATEORDER_V0_C0_F9_P20_C10_S7008,COMPLETE,,,True
CREATEORDER_V0_C0_F9_P20_C10_S7009,COMPLETE,,,True
CREATEORDER_V0_C0_F9_P20_C50_S7000,COMPLETE,,,True
CREATEORDER_V0_C0_F9_P20_C50_S7001,COMPLETE,,,True
CREATEORDER_V0_C0_F9_P20_C50_S7002,COMPLETE,,,True
CREATEORDER_V0_C0_F9_P20_C50_S7003,COMPLETE,,,True
CREATEORDER_V0_C0_F9_P20_C50_S7004,COMPLETE,,,True
CREATEORDER_V0_C0_F9_P20_C50_S7005,COMPLETE,,,True
CREATEORDER_V0_C0_F9_P20_C50_S7006,COMPLETE,,,True
CREATEORDER_V0_C0_F9_P20_C50_S7007,COMPLETE,,,True
CREATEORDER_V0_C0_F9_P20_C50_S7008,COMPLETE,,,True
CREATEORDER_V0_C0_F9_P20_C50_S7009,COMPLETE,,,True
CREATEORDER_V0_C0_F9_P5_C10_S7000,COMPLETE,,,True
CREATEORDER_V0_C0_F9_P5_C10_S7001,COMPLETE,,,True
CREATEORDER_V0_C0_F9_P5_C10_S7002,COMPLETE,,,True
CREATEORDER_V0_C0_F9_P5_C10_S7003,COMPLETE,,,True
CREATEORDER_V0_C0_F9_P5_C10_S7004,COMPLETE,,,True
CREATEORDER_V0_C0_F9_P5_C10_S7005,COMPLETE,,,True
CREATEORDER_V0_C0_F9_P5_C10_S7006,COMPLETE,,,True
CREATEORDER_V0_C0_F9_P5_C10_S7007,COMPLETE,,,True
CREATEORDER_V0_C0_F9_P5_C10_S7008,COMPLETE,,,True
CREATEORDER_V0_C0_F9_P5_C10_S7009,COMPLETE,,,True
CREATEORDER_V0_C0_F9_P5_C50_S7000,COMPLETE,,,True
CREATEORDER_V0_C0_F9_P5_C50_S7001,COMPLETE,,,True
CREATEORDER_V0_C0_F9_P5_C50_S7002,COMPLETE,,,True
CREATEORDER_V0_C0_F9_P5_C50_S7003,COMPLETE,,,True
CREATEORDER_V0_C0_F9_P5_C50_S7004,COMPLETE,,,True
CREATEORDER_V0_C0_F9_P5_C50_S7005,COMPLETE,,,True
CREATEORDER_V0_C0_F9_P5_C50_S7006,COMPLETE,,,True
CREATEORDER_V0_C0_F9_P5_C50_S7007,COMPLETE,,,True
CREATEORDER_V0_C0_F9_P5_C50_S7008,COMPLETE,,,True
CREATEORDER_V0_C0_F9_P5_C50_S7009,COMPLETE,,,True
CREATEORDER_V1_C1_F0_P0_C100_S7000,COMPLETE,,,True
CREATEORDER_V1_C1_F0_P0_C100_S7001,COMPLETE,,,True
CREATEORDER_V1_C1_F0_P0_C100_S7002,COMPLETE,,,True
CREATEORDER_V1_C1_F0_P0_C100_S7003,COMPLETE,,,True
CREATEORDER_V1_C1_F0_P0_C100_S7004,COMPLETE,,,True
CREATEORDER_V1_C1_F0_P0_C100_S7005,COMPLETE,,,True
CREATEORDER_V1_C1_F0_P0_C100_S7006,COMPLETE,,,True
CREATEORDER_V1_C1_F0_P0_C100_S7007,COMPLETE,,,True
CREATEORDER_V1_C1_F0_P0_C100_S7008,COMPLETE,,,True
CREATEORDER_V1_C1_F0_P0_C100_S7009,COMPLETE,,,True
CREATEORDER_V1_C1_F0_P0_C10_S7000,COMPLETE,,,True
CREATEORDER_V1_C1_F0_P0_C10_S7001,COMPLETE,,,True
CREATEORDER_V1_C1_F0_P0_C10_S7002,COMPLETE,,,True
CREATEORDER_V1_C1_F0_P0_C10_S7003,COMPLETE,,,True
CREATEORDER_V1_C1_F0_P0_C10_S7004,COMPLETE,,,True
CREATEORDER_V1_C1_F0_P0_C10_S7005,COMPLETE,,,True
CREATEORDER_V1_C1_F0_P0_C10_S7006,COMPLETE,,,True
CREATEORDER_V1_C1_F0_P0_C10_S7007,COMPLETE,,,True
CREATEORDER_V1_C1_F0_P0_C10_S7008,COMPLETE,,,True
CREATEORDER_V1_C1_F0_P0_C10_S7009,COMPLETE,,,True
CREATEORDER_V1_C1_F0_P0_C1_S7000,COMPLETE,,,True
CREATEORDER_V1_C1_F0_P0_C1_S7001,COMPLETE,,,True
CREATEORDER_V1_C1_F0_P0_C1_S7002,COMPLETE,,,True
CREATEORDER_V1_C1_F0_P0_C1_S7003,COMPLETE,,,True
CREATEORDER_V1_C1_F0_P0_C1_S7004,COMPLETE,,,True
CREATEORDER_V1_C1_F0_P0_C1_S7005,COMPLETE,,,True
CREATEORDER_V1_C1_F0_P0_C1_S7006,COMPLETE,,,True
CREATEORDER_V1_C1_F0_P0_C1_S7007,COMPLETE,,,True
CREATEORDER_V1_C1_F0_P0_C1_S7008,COMPLETE,,,True
CREATEORDER_V1_C1_F0_P0_C1_S7009,COMPLETE,,,True
CREATEORDER_V1_C1_F0_P0_C50_S7000,COMPLETE,,,True
CREATEORDER_V1_C1_F0_P0_C50_S7001,COMPLETE,,,True
CREATEORDER_V1_C1_F0_P0_C50_S7002,COMPLETE,,,True
CREATEORDER_V1_C1_F0_P0_C50_S7003,COMPLETE,,,True
CREATEORDER_V1_C1_F0_P0_C50_S7004,COMPLETE,,,True
CREATEORDER_V1_C1_F0_P0_C50_S7005,COMPLETE,,,True
CREATEORDER_V1_C1_F0_P0_C50_S7006,COMPLETE,,,True
CREATEORDER_V1_C1_F0_P0_C50_S7007,COMPLETE,,,True
CREATEORDER_V1_C1_F0_P0_C50_S7008,COMPLETE,,,True
CREATEORDER_V1_C1_F0_P0_C50_S7009,COMPLETE,,,True
CREATEORDER_V1_C1_F11_P0_C50_FAN10_S7000,COMPLETE,,,True
CREATEORDER_V1_C1_F11_P0_C50_FAN10_S7001,COMPLETE,,,True
CREATEORDER_V1_C1_F11_P0_C50_FAN10_S7002,COMPLETE,,,True
CREATEORDER_V1_C1_F11_P0_C50_FAN10_S7003,COMPLETE,,,True
CREATEORDER_V1_C1_F11_P0_C50_FAN10_S7004,COMPLETE,,,True
CREATEORDER_V1_C1_F11_P0_C50_FAN10_S7005,COMPLETE,,,True
CREATEORDER_V1_C1_F11_P0_C50_FAN10_S7006,COMPLETE,,,True
CREATEORDER_V1_C1_F11_P0_C50_FAN10_S7007,COMPLETE,,,True
CREATEORDER_V1_C1_F11_P0_C50_FAN10_S7008,COMPLETE,,,True
CREATEORDER_V1_C1_F11_P0_C50_FAN10_S7009,COMPLETE,,,True
CREATEORDER_V1_C1_F11_P0_C50_FAN2_S7000,COMPLETE,,,True
CREATEORDER_V1_C1_F11_P0_C50_FAN2_S7001,COMPLETE,,,True
CREATEORDER_V1_C1_F11_P0_C50_FAN2_S7002,COMPLETE,,,True
CREATEORDER_V1_C1_F11_P0_C50_FAN2_S7003,COMPLETE,,,True
CREATEORDER_V1_C1_F11_P0_C50_FAN2_S7004,COMPLETE,,,True
CREATEORDER_V1_C1_F11_P0_C50_FAN2_S7005,COMPLETE,,,True
CREATEORDER_V1_C1_F11_P0_C50_FAN2_S7006,COMPLETE,,,True
CREATEORDER_V1_C1_F11_P0_C50_FAN2_S7007,COMPLETE,,,True
CREATEORDER_V1_C1_F11_P0_C50_FAN2_S7008,COMPLETE,,,True
CREATEORDER_V1_C1_F11_P0_C50_FAN2_S7009,COMPLETE,,,True
CREATEORDER_V1_C1_F11_P0_C50_FAN5_S7000,COMPLETE,,,True
CREATEORDER_V1_C1_F11_P0_C50_FAN5_S7001,COMPLETE,,,True
CREATEORDER_V1_C1_F11_P0_C50_FAN5_S7002,COMPLETE,,,True
CREATEORDER_V1_C1_F11_P0_C50_FAN5_S7003,COMPLETE,,,True
CREATEORDER_V1_C1_F11_P0_C50_FAN5_S7004,COMPLETE,,,True
CREATEORDER_V1_C1_F11_P0_C50_FAN5_S7005,COMPLETE,,,True
CREATEORDER_V1_C1_F11_P0_C50_FAN5_S7006,COMPLETE,,,True
CREATEORDER_V1_C1_F11_P0_C50_FAN5_S7007,COMPLETE,,,True
CREATEORDER_V1_C1_F11_P0_C50_FAN5_S7008,COMPLETE,,,True
CREATEORDER_V1_C1_F11_P0_C50_FAN5_S7009,COMPLETE,,,True
CREATEORDER_V1_C1_F1_P10_C50_S7000,COMPLETE,,,True
CREATEORDER_V1_C1_F1_P10_C50_S7001,COMPLETE,,,True
CREATEORDER_V1_C1_F1_P10_C50_S7002,COMPLETE,,,True
CREATEORDER_V1_C1_F1_P10_C50_S7003,COMPLETE,,,True
CREATEORDER_V1_C1_F1_P10_C50_S7004,COMPLETE,,,True
CREATEORDER_V1_C1_F1_P10_C50_S7005,COMPLETE,,,True
CREATEORDER_V1_C1_F1_P10_C50_S7006,COMPLETE,,,True
CREATEORDER_V1_C1_F1_P10_C50_S7007,COMPLETE,,,True
CREATEORDER_V1_C1_F1_P10_C50_S7008,COMPLETE,,,True
CREATEORDER_V1_C1_F1_P10_C50_S7009,COMPLETE,,,True
CREATEORDER_V1_C1_F2_P10_C50_S7000,COMPLETE,,,True
CREATEORDER_V1_C1_F2_P10_C50_S7001,COMPLETE,,,True
CREATEORDER_V1_C1_F2_P10_C50_S7002,COMPLETE,,,True
CREATEORDER_V1_C1_F2_P10_C50_S7003,COMPLETE,,,True
CREATEORDER_V1_C1_F2_P10_C50_S7004,COMPLETE,,,True
CREATEORDER_V1_C1_F2_P10_C50_S7005,COMPLETE,,,True
CREATEORDER_V1_C1_F2_P10_C50_S7006,COMPLETE,,,True
CREATEORDER_V1_C1_F2_P10_C50_S7007,COMPLETE,,,True
CREATEORDER_V1_C1_F2_P10_C50_S7008,COMPLETE,,,True
CREATEORDER_V1_C1_F2_P10_C50_S7009,COMPLETE,,,True
CREATEORDER_V1_C1_F3_P10_C10_S7000,COMPLETE,,,True
CREATEORDER_V1_C1_F3_P10_C10_S7001,COMPLETE,,,True
CREATEORDER_V1_C1_F3_P10_C10_S7002,COMPLETE,,,True
CREATEORDER_V1_C1_F3_P10_C10_S7003,COMPLETE,,,True
CREATEORDER_V1_C1_F3_P10_C10_S7004,COMPLETE,,,True
CREATEORDER_V1_C1_F3_P10_C10_S7005,COMPLETE,,,True
CREATEORDER_V1_C1_F3_P10_C10_S7006,COMPLETE,,,True
CREATEORDER_V1_C1_F3_P10_C10_S7007,COMPLETE,,,True
CREATEORDER_V1_C1_F3_P10_C10_S7008,COMPLETE,,,True
CREATEORDER_V1_C1_F3_P10_C10_S7009,COMPLETE,,,True
CREATEORDER_V1_C1_F3_P10_C50_S7000,COMPLETE,,,True
CREATEORDER_V1_C1_F3_P10_C50_S7001,COMPLETE,,,True
CREATEORDER_V1_C1_F3_P10_C50_S7002,COMPLETE,,,True
CREATEORDER_V1_C1_F3_P10_C50_S7003,COMPLETE,,,True
CREATEORDER_V1_C1_F3_P10_C50_S7004,COMPLETE,,,True
CREATEORDER_V1_C1_F3_P10_C50_S7005,COMPLETE,,,True
CREATEORDER_V1_C1_F3_P10_C50_S7006,COMPLETE,,,True
CREATEORDER_V1_C1_F3_P10_C50_S7007,COMPLETE,,,True
CREATEORDER_V1_C1_F3_P10_C50_S7008,COMPLETE,,,True
CREATEORDER_V1_C1_F3_P10_C50_S7009,COMPLETE,,,True
CREATEORDER_V1_C1_F3_P1_C10_S7000,COMPLETE,,,True
CREATEORDER_V1_C1_F3_P1_C10_S7001,COMPLETE,,,True
CREATEORDER_V1_C1_F3_P1_C10_S7002,COMPLETE,,,True
CREATEORDER_V1_C1_F3_P1_C10_S7003,COMPLETE,,,True
CREATEORDER_V1_C1_F3_P1_C10_S7004,COMPLETE,,,True
CREATEORDER_V1_C1_F3_P1_C10_S7005,COMPLETE,,,True
CREATEORDER_V1_C1_F3_P1_C10_S7006,COMPLETE,,,True
CREATEORDER_V1_C1_F3_P1_C10_S7007,COMPLETE,,,True
CREATEORDER_V1_C1_F3_P1_C10_S7008,COMPLETE,,,True
CREATEORDER_V1_C1_F3_P1_C10_S7009,COMPLETE,,,True
CREATEORDER_V1_C1_F3_P1_C50_S7000,COMPLETE,,,True
CREATEORDER_V1_C1_F3_P1_C50_S7001,COMPLETE,,,True
CREATEORDER_V1_C1_F3_P1_C50_S7002,COMPLETE,,,True
CREATEORDER_V1_C1_F3_P1_C50_S7003,COMPLETE,,,True
CREATEORDER_V1_C1_F3_P1_C50_S7004,COMPLETE,,,True
CREATEORDER_V1_C1_F3_P1_C50_S7005,COMPLETE,,,True
CREATEORDER_V1_C1_F3_P1_C50_S7006,COMPLETE,,,True
CREATEORDER_V1_C1_F3_P1_C50_S7007,COMPLETE,,,True
CREATEORDER_V1_C1_F3_P1_C50_S7008,COMPLETE,,,True
CREATEORDER_V1_C1_F3_P1_C50_S7009,COMPLETE,,,True
CREATEORDER_V1_C1_F3_P20_C10_S7000,COMPLETE,,,True
CREATEORDER_V1_C1_F3_P20_C10_S7001,COMPLETE,,,True
CREATEORDER_V1_C1_F3_P20_C10_S7002,COMPLETE,,,True
CREATEORDER_V1_C1_F3_P20_C10_S7003,COMPLETE,,,True
CREATEORDER_V1_C1_F3_P20_C10_S7004,COMPLETE,,,True
CREATEORDER_V1_C1_F3_P20_C10_S7005,COMPLETE,,,True
CREATEORDER_V1_C1_F3_P20_C10_S7006,COMPLETE,,,True
CREATEORDER_V1_C1_F3_P20_C10_S7007,COMPLETE,,,True
CREATEORDER_V1_C1_F3_P20_C10_S7008,COMPLETE,,,True
CREATEORDER_V1_C1_F3_P20_C10_S7009,COMPLETE,,,True
CREATEORDER_V1_C1_F3_P20_C50_S7000,COMPLETE,,,True
CREATEORDER_V1_C1_F3_P20_C50_S7001,COMPLETE,,,True
CREATEORDER_V1_C1_F3_P20_C50_S7002,COMPLETE,,,True
CREATEORDER_V1_C1_F3_P20_C50_S7003,COMPLETE,,,True
CREATEORDER_V1_C1_F3_P20_C50_S7004,COMPLETE,,,True
CREATEORDER_V1_C1_F3_P20_C50_S7005,COMPLETE,,,True
CREATEORDER_V1_C1_F3_P20_C50_S7006,COMPLETE,,,True
CREATEORDER_V1_C1_F3_P20_C50_S7007,COMPLETE,,,True
CREATEORDER_V1_C1_F3_P20_C50_S7008,COMPLETE,,,True
CREATEORDER_V1_C1_F3_P20_C50_S7009,COMPLETE,,,True
CREATEORDER_V1_C1_F3_P5_C10_S7000,COMPLETE,,,True
CREATEORDER_V1_C1_F3_P5_C10_S7001,COMPLETE,,,True
CREATEORDER_V1_C1_F3_P5_C10_S7002,COMPLETE,,,True
CREATEORDER_V1_C1_F3_P5_C10_S7003,COMPLETE,,,True
CREATEORDER_V1_C1_F3_P5_C10_S7004,COMPLETE,,,True
CREATEORDER_V1_C1_F3_P5_C10_S7005,COMPLETE,,,True
CREATEORDER_V1_C1_F3_P5_C10_S7006,COMPLETE,,,True
CREATEORDER_V1_C1_F3_P5_C10_S7007,COMPLETE,,,True
CREATEORDER_V1_C1_F3_P5_C10_S7008,COMPLETE,,,True
CREATEORDER_V1_C1_F3_P5_C10_S7009,COMPLETE,,,True
CREATEORDER_V1_C1_F3_P5_C50_S7000,COMPLETE,,,True
CREATEORDER_V1_C1_F3_P5_C50_S7001,COMPLETE,,,True
CREATEORDER_V1_C1_F3_P5_C50_S7002,COMPLETE,,,True
CREATEORDER_V1_C1_F3_P5_C50_S7003,COMPLETE,,,True
CREATEORDER_V1_C1_F3_P5_C50_S7004,COMPLETE,,,True
CREATEORDER_V1_C1_F3_P5_C50_S7005,COMPLETE,,,True
CREATEORDER_V1_C1_F3_P5_C50_S7006,COMPLETE,,,True
CREATEORDER_V1_C1_F3_P5_C50_S7007,COMPLETE,,,True
CREATEORDER_V1_C1_F3_P5_C50_S7008,COMPLETE,,,True
CREATEORDER_V1_C1_F3_P5_C50_S7009,COMPLETE,,,True
CREATEORDER_V1_C1_F4_P10_C10_S7000,COMPLETE,,,True
CREATEORDER_V1_C1_F4_P10_C10_S7001,COMPLETE,,,True
CREATEORDER_V1_C1_F4_P10_C10_S7002,COMPLETE,,,True
CREATEORDER_V1_C1_F4_P10_C10_S7003,COMPLETE,,,True
CREATEORDER_V1_C1_F4_P10_C10_S7004,COMPLETE,,,True
CREATEORDER_V1_C1_F4_P10_C10_S7005,COMPLETE,,,True
CREATEORDER_V1_C1_F4_P10_C10_S7006,COMPLETE,,,True
CREATEORDER_V1_C1_F4_P10_C10_S7007,COMPLETE,,,True
CREATEORDER_V1_C1_F4_P10_C10_S7008,COMPLETE,,,True
CREATEORDER_V1_C1_F4_P10_C10_S7009,COMPLETE,,,True
CREATEORDER_V1_C1_F4_P10_C50_S7000,COMPLETE,,,True
CREATEORDER_V1_C1_F4_P10_C50_S7001,COMPLETE,,,True
CREATEORDER_V1_C1_F4_P10_C50_S7002,COMPLETE,,,True
CREATEORDER_V1_C1_F4_P10_C50_S7003,COMPLETE,,,True
CREATEORDER_V1_C1_F4_P10_C50_S7004,COMPLETE,,,True
CREATEORDER_V1_C1_F4_P10_C50_S7005,COMPLETE,,,True
CREATEORDER_V1_C1_F4_P10_C50_S7006,COMPLETE,,,True
CREATEORDER_V1_C1_F4_P10_C50_S7007,COMPLETE,,,True
CREATEORDER_V1_C1_F4_P10_C50_S7008,COMPLETE,,,True
CREATEORDER_V1_C1_F4_P10_C50_S7009,COMPLETE,,,True
CREATEORDER_V1_C1_F4_P1_C10_S7000,COMPLETE,,,True
CREATEORDER_V1_C1_F4_P1_C10_S7001,COMPLETE,,,True
CREATEORDER_V1_C1_F4_P1_C10_S7002,COMPLETE,,,True
CREATEORDER_V1_C1_F4_P1_C10_S7003,COMPLETE,,,True
CREATEORDER_V1_C1_F4_P1_C10_S7004,COMPLETE,,,True
CREATEORDER_V1_C1_F4_P1_C10_S7005,COMPLETE,,,True
CREATEORDER_V1_C1_F4_P1_C10_S7006,COMPLETE,,,True
CREATEORDER_V1_C1_F4_P1_C10_S7007,COMPLETE,,,True
CREATEORDER_V1_C1_F4_P1_C10_S7008,COMPLETE,,,True
CREATEORDER_V1_C1_F4_P1_C10_S7009,COMPLETE,,,True
CREATEORDER_V1_C1_F4_P1_C50_S7000,COMPLETE,,,True
CREATEORDER_V1_C1_F4_P1_C50_S7001,COMPLETE,,,True
CREATEORDER_V1_C1_F4_P1_C50_S7002,COMPLETE,,,True
CREATEORDER_V1_C1_F4_P1_C50_S7003,COMPLETE,,,True
CREATEORDER_V1_C1_F4_P1_C50_S7004,COMPLETE,,,True
CREATEORDER_V1_C1_F4_P1_C50_S7005,COMPLETE,,,True
CREATEORDER_V1_C1_F4_P1_C50_S7006,COMPLETE,,,True
CREATEORDER_V1_C1_F4_P1_C50_S7007,COMPLETE,,,True
CREATEORDER_V1_C1_F4_P1_C50_S7008,COMPLETE,,,True
CREATEORDER_V1_C1_F4_P1_C50_S7009,COMPLETE,,,True
CREATEORDER_V1_C1_F4_P20_C10_S7000,COMPLETE,,,True
CREATEORDER_V1_C1_F4_P20_C10_S7001,COMPLETE,,,True
CREATEORDER_V1_C1_F4_P20_C10_S7002,COMPLETE,,,True
CREATEORDER_V1_C1_F4_P20_C10_S7003,COMPLETE,,,True
CREATEORDER_V1_C1_F4_P20_C10_S7004,COMPLETE,,,True
CREATEORDER_V1_C1_F4_P20_C10_S7005,COMPLETE,,,True
CREATEORDER_V1_C1_F4_P20_C10_S7006,COMPLETE,,,True
CREATEORDER_V1_C1_F4_P20_C10_S7007,COMPLETE,,,True
CREATEORDER_V1_C1_F4_P20_C10_S7008,COMPLETE,,,True
CREATEORDER_V1_C1_F4_P20_C10_S7009,COMPLETE,,,True
CREATEORDER_V1_C1_F4_P20_C50_S7000,COMPLETE,,,True
CREATEORDER_V1_C1_F4_P20_C50_S7001,COMPLETE,,,True
CREATEORDER_V1_C1_F4_P20_C50_S7002,COMPLETE,,,True
CREATEORDER_V1_C1_F4_P20_C50_S7003,COMPLETE,,,True
CREATEORDER_V1_C1_F4_P20_C50_S7004,COMPLETE,,,True
CREATEORDER_V1_C1_F4_P20_C50_S7005,COMPLETE,,,True
CREATEORDER_V1_C1_F4_P20_C50_S7006,COMPLETE,,,True
CREATEORDER_V1_C1_F4_P20_C50_S7007,COMPLETE,,,True
CREATEORDER_V1_C1_F4_P20_C50_S7008,COMPLETE,,,True
CREATEORDER_V1_C1_F4_P20_C50_S7009,COMPLETE,,,True
CREATEORDER_V1_C1_F4_P5_C10_S7000,COMPLETE,,,True
CREATEORDER_V1_C1_F4_P5_C10_S7001,COMPLETE,,,True
CREATEORDER_V1_C1_F4_P5_C10_S7002,COMPLETE,,,True
CREATEORDER_V1_C1_F4_P5_C10_S7003,COMPLETE,,,True
CREATEORDER_V1_C1_F4_P5_C10_S7004,COMPLETE,,,True
CREATEORDER_V1_C1_F4_P5_C10_S7005,COMPLETE,,,True
CREATEORDER_V1_C1_F4_P5_C10_S7006,COMPLETE,,,True
CREATEORDER_V1_C1_F4_P5_C10_S7007,COMPLETE,,,True
CREATEORDER_V1_C1_F4_P5_C10_S7008,COMPLETE,,,True
CREATEORDER_V1_C1_F4_P5_C10_S7009,COMPLETE,,,True
CREATEORDER_V1_C1_F4_P5_C50_S7000,COMPLETE,,,True
CREATEORDER_V1_C1_F4_P5_C50_S7001,COMPLETE,,,True
CREATEORDER_V1_C1_F4_P5_C50_S7002,COMPLETE,,,True
CREATEORDER_V1_C1_F4_P5_C50_S7003,COMPLETE,,,True
CREATEORDER_V1_C1_F4_P5_C50_S7004,COMPLETE,,,True
CREATEORDER_V1_C1_F4_P5_C50_S7005,COMPLETE,,,True
CREATEORDER_V1_C1_F4_P5_C50_S7006,COMPLETE,,,True
CREATEORDER_V1_C1_F4_P5_C50_S7007,COMPLETE,,,True
CREATEORDER_V1_C1_F4_P5_C50_S7008,COMPLETE,,,True
CREATEORDER_V1_C1_F4_P5_C50_S7009,COMPLETE,,,True
CREATEORDER_V1_C1_F5_P0_C50_FAN10_S7000,COMPLETE,,,True
CREATEORDER_V1_C1_F5_P0_C50_FAN10_S7001,COMPLETE,,,True
CREATEORDER_V1_C1_F5_P0_C50_FAN10_S7002,COMPLETE,,,True
CREATEORDER_V1_C1_F5_P0_C50_FAN10_S7003,COMPLETE,,,True
CREATEORDER_V1_C1_F5_P0_C50_FAN10_S7004,COMPLETE,,,True
CREATEORDER_V1_C1_F5_P0_C50_FAN10_S7005,COMPLETE,,,True
CREATEORDER_V1_C1_F5_P0_C50_FAN10_S7006,COMPLETE,,,True
CREATEORDER_V1_C1_F5_P0_C50_FAN10_S7007,COMPLETE,,,True
CREATEORDER_V1_C1_F5_P0_C50_FAN10_S7008,COMPLETE,,,True
CREATEORDER_V1_C1_F5_P0_C50_FAN10_S7009,COMPLETE,,,True
CREATEORDER_V1_C1_F5_P0_C50_FAN2_S7000,COMPLETE,,,True
CREATEORDER_V1_C1_F5_P0_C50_FAN2_S7001,COMPLETE,,,True
CREATEORDER_V1_C1_F5_P0_C50_FAN2_S7002,COMPLETE,,,True
CREATEORDER_V1_C1_F5_P0_C50_FAN2_S7003,COMPLETE,,,True
CREATEORDER_V1_C1_F5_P0_C50_FAN2_S7004,COMPLETE,,,True
CREATEORDER_V1_C1_F5_P0_C50_FAN2_S7005,COMPLETE,,,True
CREATEORDER_V1_C1_F5_P0_C50_FAN2_S7006,COMPLETE,,,True
CREATEORDER_V1_C1_F5_P0_C50_FAN2_S7007,COMPLETE,,,True
CREATEORDER_V1_C1_F5_P0_C50_FAN2_S7008,COMPLETE,,,True
CREATEORDER_V1_C1_F5_P0_C50_FAN2_S7009,COMPLETE,,,True
CREATEORDER_V1_C1_F5_P0_C50_FAN5_S7000,COMPLETE,,,True
CREATEORDER_V1_C1_F5_P0_C50_FAN5_S7001,COMPLETE,,,True
CREATEORDER_V1_C1_F5_P0_C50_FAN5_S7002,COMPLETE,,,True
CREATEORDER_V1_C1_F5_P0_C50_FAN5_S7003,COMPLETE,,,True
CREATEORDER_V1_C1_F5_P0_C50_FAN5_S7004,COMPLETE,,,True
CREATEORDER_V1_C1_F5_P0_C50_FAN5_S7005,COMPLETE,,,True
CREATEORDER_V1_C1_F5_P0_C50_FAN5_S7006,COMPLETE,,,True
CREATEORDER_V1_C1_F5_P0_C50_FAN5_S7007,COMPLETE,,,True
CREATEORDER_V1_C1_F5_P0_C50_FAN5_S7008,COMPLETE,,,True
CREATEORDER_V1_C1_F5_P0_C50_FAN5_S7009,COMPLETE,,,True
CREATEORDER_V1_C1_F6_P0_C50_FAN10_S7000,COMPLETE,,,True
CREATEORDER_V1_C1_F6_P0_C50_FAN10_S7001,COMPLETE,,,True
CREATEORDER_V1_C1_F6_P0_C50_FAN10_S7002,COMPLETE,,,True
CREATEORDER_V1_C1_F6_P0_C50_FAN10_S7003,COMPLETE,,,True
CREATEORDER_V1_C1_F6_P0_C50_FAN10_S7004,COMPLETE,,,True
CREATEORDER_V1_C1_F6_P0_C50_FAN10_S7005,COMPLETE,,,True
CREATEORDER_V1_C1_F6_P0_C50_FAN10_S7006,COMPLETE,,,True
CREATEORDER_V1_C1_F6_P0_C50_FAN10_S7007,COMPLETE,,,True
CREATEORDER_V1_C1_F6_P0_C50_FAN10_S7008,COMPLETE,,,True
CREATEORDER_V1_C1_F6_P0_C50_FAN10_S7009,COMPLETE,,,True
CREATEORDER_V1_C1_F6_P0_C50_FAN2_S7000,COMPLETE,,,True
CREATEORDER_V1_C1_F6_P0_C50_FAN2_S7001,COMPLETE,,,True
CREATEORDER_V1_C1_F6_P0_C50_FAN2_S7002,COMPLETE,,,True
CREATEORDER_V1_C1_F6_P0_C50_FAN2_S7003,COMPLETE,,,True
CREATEORDER_V1_C1_F6_P0_C50_FAN2_S7004,COMPLETE,,,True
CREATEORDER_V1_C1_F6_P0_C50_FAN2_S7005,COMPLETE,,,True
CREATEORDER_V1_C1_F6_P0_C50_FAN2_S7006,COMPLETE,,,True
CREATEORDER_V1_C1_F6_P0_C50_FAN2_S7007,COMPLETE,,,True
CREATEORDER_V1_C1_F6_P0_C50_FAN2_S7008,COMPLETE,,,True
CREATEORDER_V1_C1_F6_P0_C50_FAN2_S7009,COMPLETE,,,True
CREATEORDER_V1_C1_F6_P0_C50_FAN5_S7000,COMPLETE,,,True
CREATEORDER_V1_C1_F6_P0_C50_FAN5_S7001,COMPLETE,,,True
CREATEORDER_V1_C1_F6_P0_C50_FAN5_S7002,COMPLETE,,,True
CREATEORDER_V1_C1_F6_P0_C50_FAN5_S7003,COMPLETE,,,True
CREATEORDER_V1_C1_F6_P0_C50_FAN5_S7004,COMPLETE,,,True
CREATEORDER_V1_C1_F6_P0_C50_FAN5_S7005,COMPLETE,,,True
CREATEORDER_V1_C1_F6_P0_C50_FAN5_S7006,COMPLETE,,,True
CREATEORDER_V1_C1_F6_P0_C50_FAN5_S7007,COMPLETE,,,True
CREATEORDER_V1_C1_F6_P0_C50_FAN5_S7008,COMPLETE,,,True
CREATEORDER_V1_C1_F6_P0_C50_FAN5_S7009,COMPLETE,,,True
CREATEORDER_V1_C1_F7_P10_C50_S7000,COMPLETE,,,True
CREATEORDER_V1_C1_F7_P10_C50_S7001,COMPLETE,,,True
CREATEORDER_V1_C1_F7_P10_C50_S7002,COMPLETE,,,True
CREATEORDER_V1_C1_F7_P10_C50_S7003,COMPLETE,,,True
CREATEORDER_V1_C1_F7_P10_C50_S7004,COMPLETE,,,True
CREATEORDER_V1_C1_F7_P10_C50_S7005,COMPLETE,,,True
CREATEORDER_V1_C1_F7_P10_C50_S7006,COMPLETE,,,True
CREATEORDER_V1_C1_F7_P10_C50_S7007,COMPLETE,,,True
CREATEORDER_V1_C1_F7_P10_C50_S7008,COMPLETE,,,True
CREATEORDER_V1_C1_F7_P10_C50_S7009,COMPLETE,,,True
CREATEORDER_V1_C1_F8_P10_C10_S7000,COMPLETE,,,True
CREATEORDER_V1_C1_F8_P10_C10_S7001,COMPLETE,,,True
CREATEORDER_V1_C1_F8_P10_C10_S7002,COMPLETE,,,True
CREATEORDER_V1_C1_F8_P10_C10_S7003,COMPLETE,,,True
CREATEORDER_V1_C1_F8_P10_C10_S7004,COMPLETE,,,True
CREATEORDER_V1_C1_F8_P10_C10_S7005,COMPLETE,,,True
CREATEORDER_V1_C1_F8_P10_C10_S7006,COMPLETE,,,True
CREATEORDER_V1_C1_F8_P10_C10_S7007,COMPLETE,,,True
CREATEORDER_V1_C1_F8_P10_C10_S7008,COMPLETE,,,True
CREATEORDER_V1_C1_F8_P10_C10_S7009,COMPLETE,,,True
CREATEORDER_V1_C1_F8_P10_C50_S7000,COMPLETE,,,True
CREATEORDER_V1_C1_F8_P10_C50_S7001,COMPLETE,,,True
CREATEORDER_V1_C1_F8_P10_C50_S7002,COMPLETE,,,True
CREATEORDER_V1_C1_F8_P10_C50_S7003,COMPLETE,,,True
CREATEORDER_V1_C1_F8_P10_C50_S7004,COMPLETE,,,True
CREATEORDER_V1_C1_F8_P10_C50_S7005,COMPLETE,,,True
CREATEORDER_V1_C1_F8_P10_C50_S7006,COMPLETE,,,True
CREATEORDER_V1_C1_F8_P10_C50_S7007,COMPLETE,,,True
CREATEORDER_V1_C1_F8_P10_C50_S7008,COMPLETE,,,True
CREATEORDER_V1_C1_F8_P10_C50_S7009,COMPLETE,,,True
CREATEORDER_V1_C1_F8_P1_C10_S7000,COMPLETE,,,True
CREATEORDER_V1_C1_F8_P1_C10_S7001,COMPLETE,,,True
CREATEORDER_V1_C1_F8_P1_C10_S7002,COMPLETE,,,True
CREATEORDER_V1_C1_F8_P1_C10_S7003,COMPLETE,,,True
CREATEORDER_V1_C1_F8_P1_C10_S7004,COMPLETE,,,True
CREATEORDER_V1_C1_F8_P1_C10_S7005,COMPLETE,,,True
CREATEORDER_V1_C1_F8_P1_C10_S7006,COMPLETE,,,True
CREATEORDER_V1_C1_F8_P1_C10_S7007,COMPLETE,,,True
CREATEORDER_V1_C1_F8_P1_C10_S7008,COMPLETE,,,True
CREATEORDER_V1_C1_F8_P1_C10_S7009,COMPLETE,,,True
CREATEORDER_V1_C1_F8_P1_C50_S7000,COMPLETE,,,True
CREATEORDER_V1_C1_F8_P1_C50_S7001,COMPLETE,,,True
CREATEORDER_V1_C1_F8_P1_C50_S7002,COMPLETE,,,True
CREATEORDER_V1_C1_F8_P1_C50_S7003,COMPLETE,,,True
CREATEORDER_V1_C1_F8_P1_C50_S7004,COMPLETE,,,True
CREATEORDER_V1_C1_F8_P1_C50_S7005,COMPLETE,,,True
CREATEORDER_V1_C1_F8_P1_C50_S7006,COMPLETE,,,True
CREATEORDER_V1_C1_F8_P1_C50_S7007,COMPLETE,,,True
CREATEORDER_V1_C1_F8_P1_C50_S7008,COMPLETE,,,True
CREATEORDER_V1_C1_F8_P1_C50_S7009,COMPLETE,,,True
CREATEORDER_V1_C1_F8_P20_C10_S7000,COMPLETE,,,True
CREATEORDER_V1_C1_F8_P20_C10_S7001,COMPLETE,,,True
CREATEORDER_V1_C1_F8_P20_C10_S7002,COMPLETE,,,True
CREATEORDER_V1_C1_F8_P20_C10_S7003,COMPLETE,,,True
CREATEORDER_V1_C1_F8_P20_C10_S7004,COMPLETE,,,True
CREATEORDER_V1_C1_F8_P20_C10_S7005,COMPLETE,,,True
CREATEORDER_V1_C1_F8_P20_C10_S7006,COMPLETE,,,True
CREATEORDER_V1_C1_F8_P20_C10_S7007,COMPLETE,,,True
CREATEORDER_V1_C1_F8_P20_C10_S7008,COMPLETE,,,True
CREATEORDER_V1_C1_F8_P20_C10_S7009,COMPLETE,,,True
CREATEORDER_V1_C1_F8_P20_C50_S7000,COMPLETE,,,True
CREATEORDER_V1_C1_F8_P20_C50_S7001,COMPLETE,,,True
CREATEORDER_V1_C1_F8_P20_C50_S7002,COMPLETE,,,True
CREATEORDER_V1_C1_F8_P20_C50_S7003,COMPLETE,,,True
CREATEORDER_V1_C1_F8_P20_C50_S7004,COMPLETE,,,True
CREATEORDER_V1_C1_F8_P20_C50_S7005,COMPLETE,,,True
CREATEORDER_V1_C1_F8_P20_C50_S7006,COMPLETE,,,True
CREATEORDER_V1_C1_F8_P20_C50_S7007,COMPLETE,,,True
CREATEORDER_V1_C1_F8_P20_C50_S7008,COMPLETE,,,True
CREATEORDER_V1_C1_F8_P20_C50_S7009,COMPLETE,,,True
CREATEORDER_V1_C1_F8_P5_C10_S7000,COMPLETE,,,True
CREATEORDER_V1_C1_F8_P5_C10_S7001,COMPLETE,,,True
CREATEORDER_V1_C1_F8_P5_C10_S7002,COMPLETE,,,True
CREATEORDER_V1_C1_F8_P5_C10_S7003,COMPLETE,,,True
CREATEORDER_V1_C1_F8_P5_C10_S7004,COMPLETE,,,True
CREATEORDER_V1_C1_F8_P5_C10_S7005,COMPLETE,,,True
CREATEORDER_V1_C1_F8_P5_C10_S7006,COMPLETE,,,True
CREATEORDER_V1_C1_F8_P5_C10_S7007,COMPLETE,,,True
CREATEORDER_V1_C1_F8_P5_C10_S7008,COMPLETE,,,True
CREATEORDER_V1_C1_F8_P5_C10_S7009,COMPLETE,,,True
CREATEORDER_V1_C1_F8_P5_C50_S7000,COMPLETE,,,True
CREATEORDER_V1_C1_F8_P5_C50_S7001,COMPLETE,,,True
CREATEORDER_V1_C1_F8_P5_C50_S7002,COMPLETE,,,True
CREATEORDER_V1_C1_F8_P5_C50_S7003,COMPLETE,,,True
CREATEORDER_V1_C1_F8_P5_C50_S7004,COMPLETE,,,True
CREATEORDER_V1_C1_F8_P5_C50_S7005,COMPLETE,,,True
CREATEORDER_V1_C1_F8_P5_C50_S7006,COMPLETE,,,True
CREATEORDER_V1_C1_F8_P5_C50_S7007,COMPLETE,,,True
CREATEORDER_V1_C1_F8_P5_C50_S7008,COMPLETE,,,True
CREATEORDER_V1_C1_F8_P5_C50_S7009,COMPLETE,,,True
CREATEORDER_V1_C1_F9_P10_C10_S7000,COMPLETE,,,True
CREATEORDER_V1_C1_F9_P10_C10_S7001,COMPLETE,,,True
CREATEORDER_V1_C1_F9_P10_C10_S7002,COMPLETE,,,True
CREATEORDER_V1_C1_F9_P10_C10_S7003,COMPLETE,,,True
CREATEORDER_V1_C1_F9_P10_C10_S7004,COMPLETE,,,True
CREATEORDER_V1_C1_F9_P10_C10_S7005,COMPLETE,,,True
CREATEORDER_V1_C1_F9_P10_C10_S7006,COMPLETE,,,True
CREATEORDER_V1_C1_F9_P10_C10_S7007,COMPLETE,,,True
CREATEORDER_V1_C1_F9_P10_C10_S7008,COMPLETE,,,True
CREATEORDER_V1_C1_F9_P10_C10_S7009,COMPLETE,,,True
CREATEORDER_V1_C1_F9_P10_C50_S7000,COMPLETE,,,True
CREATEORDER_V1_C1_F9_P10_C50_S7001,COMPLETE,,,True
CREATEORDER_V1_C1_F9_P10_C50_S7002,COMPLETE,,,True
CREATEORDER_V1_C1_F9_P10_C50_S7003,COMPLETE,,,True
CREATEORDER_V1_C1_F9_P10_C50_S7004,COMPLETE,,,True
CREATEORDER_V1_C1_F9_P10_C50_S7005,COMPLETE,,,True
CREATEORDER_V1_C1_F9_P10_C50_S7006,COMPLETE,,,True
CREATEORDER_V1_C1_F9_P10_C50_S7007,COMPLETE,,,True
CREATEORDER_V1_C1_F9_P10_C50_S7008,COMPLETE,,,True
CREATEORDER_V1_C1_F9_P10_C50_S7009,COMPLETE,,,True
CREATEORDER_V1_C1_F9_P1_C10_S7000,COMPLETE,,,True
CREATEORDER_V1_C1_F9_P1_C10_S7001,COMPLETE,,,True
CREATEORDER_V1_C1_F9_P1_C10_S7002,COMPLETE,,,True
CREATEORDER_V1_C1_F9_P1_C10_S7003,COMPLETE,,,True
CREATEORDER_V1_C1_F9_P1_C10_S7004,COMPLETE,,,True
CREATEORDER_V1_C1_F9_P1_C10_S7005,COMPLETE,,,True
CREATEORDER_V1_C1_F9_P1_C10_S7006,COMPLETE,,,True
CREATEORDER_V1_C1_F9_P1_C10_S7007,COMPLETE,,,True
CREATEORDER_V1_C1_F9_P1_C10_S7008,COMPLETE,,,True
CREATEORDER_V1_C1_F9_P1_C10_S7009,COMPLETE,,,True
CREATEORDER_V1_C1_F9_P1_C50_S7000,COMPLETE,,,True
CREATEORDER_V1_C1_F9_P1_C50_S7001,COMPLETE,,,True
CREATEORDER_V1_C1_F9_P1_C50_S7002,COMPLETE,,,True
CREATEORDER_V1_C1_F9_P1_C50_S7003,COMPLETE,,,True
CREATEORDER_V1_C1_F9_P1_C50_S7004,COMPLETE,,,True
CREATEORDER_V1_C1_F9_P1_C50_S7005,COMPLETE,,,True
CREATEORDER_V1_C1_F9_P1_C50_S7006,COMPLETE,,,True
CREATEORDER_V1_C1_F9_P1_C50_S7007,COMPLETE,,,True
CREATEORDER_V1_C1_F9_P1_C50_S7008,COMPLETE,,,True
CREATEORDER_V1_C1_F9_P1_C50_S7009,COMPLETE,,,True
CREATEORDER_V1_C1_F9_P20_C10_S7000,COMPLETE,,,True
CREATEORDER_V1_C1_F9_P20_C10_S7001,COMPLETE,,,True
CREATEORDER_V1_C1_F9_P20_C10_S7002,COMPLETE,,,True
CREATEORDER_V1_C1_F9_P20_C10_S7003,COMPLETE,,,True
CREATEORDER_V1_C1_F9_P20_C10_S7004,COMPLETE,,,True
CREATEORDER_V1_C1_F9_P20_C10_S7005,COMPLETE,,,True
CREATEORDER_V1_C1_F9_P20_C10_S7006,COMPLETE,,,True
CREATEORDER_V1_C1_F9_P20_C10_S7007,COMPLETE,,,True
CREATEORDER_V1_C1_F9_P20_C10_S7008,COMPLETE,,,True
CREATEORDER_V1_C1_F9_P20_C10_S7009,COMPLETE,,,True
CREATEORDER_V1_C1_F9_P20_C50_S7000,COMPLETE,,,True
CREATEORDER_V1_C1_F9_P20_C50_S7001,COMPLETE,,,True
CREATEORDER_V1_C1_F9_P20_C50_S7002,COMPLETE,,,True
CREATEORDER_V1_C1_F9_P20_C50_S7003,COMPLETE,,,True
CREATEORDER_V1_C1_F9_P20_C50_S7004,COMPLETE,,,True
CREATEORDER_V1_C1_F9_P20_C50_S7005,COMPLETE,,,True
CREATEORDER_V1_C1_F9_P20_C50_S7006,COMPLETE,,,True
CREATEORDER_V1_C1_F9_P20_C50_S7007,COMPLETE,,,True
CREATEORDER_V1_C1_F9_P20_C50_S7008,COMPLETE,,,True
CREATEORDER_V1_C1_F9_P20_C50_S7009,COMPLETE,,,True
CREATEORDER_V1_C1_F9_P5_C10_S7000,COMPLETE,,,True
CREATEORDER_V1_C1_F9_P5_C10_S7001,COMPLETE,,,True
CREATEORDER_V1_C1_F9_P5_C10_S7002,COMPLETE,,,True
CREATEORDER_V1_C1_F9_P5_C10_S7003,COMPLETE,,,True
CREATEORDER_V1_C1_F9_P5_C10_S7004,COMPLETE,,,True
CREATEORDER_V1_C1_F9_P5_C10_S7005,COMPLETE,,,True
CREATEORDER_V1_C1_F9_P5_C10_S7006,COMPLETE,,,True
CREATEORDER_V1_C1_F9_P5_C10_S7007,COMPLETE,,,True
CREATEORDER_V1_C1_F9_P5_C10_S7008,COMPLETE,,,True
CREATEORDER_V1_C1_F9_P5_C10_S7009,COMPLETE,,,True
CREATEORDER_V1_C1_F9_P5_C50_S7000,COMPLETE,,,True
CREATEORDER_V1_C1_F9_P5_C50_S7001,COMPLETE,,,True
CREATEORDER_V1_C1_F9_P5_C50_S7002,COMPLETE,,,True
CREATEORDER_V1_C1_F9_P5_C50_S7003,COMPLETE,,,True
CREATEORDER_V1_C1_F9_P5_C50_S7004,COMPLETE,,,True
CREATEORDER_V1_C1_F9_P5_C50_S7005,COMPLETE,,,True
CREATEORDER_V1_C1_F9_P5_C50_S7006,COMPLETE,,,True
CREATEORDER_V1_C1_F9_P5_C50_S7007,COMPLETE,,,True
CREATEORDER_V1_C1_F9_P5_C50_S7008,COMPLETE,,,True
CREATEORDER_V1_C1_F9_P5_C50_S7009,COMPLETE,,,True
CREATEORDER_V2_C0_F3_P10_C50_CAP_S7000,COMPLETE,,,True
CREATEORDER_V2_C0_F3_P10_C50_CAP_S7001,COMPLETE,,,True
CREATEORDER_V2_C0_F3_P10_C50_CAP_S7002,COMPLETE,,,True
CREATEORDER_V2_C0_F3_P10_C50_CAP_S7003,COMPLETE,,,True
CREATEORDER_V2_C0_F3_P10_C50_CAP_S7004,COMPLETE,,,True
CREATEORDER_V2_C0_F3_P10_C50_CAP_S7005,COMPLETE,,,True
CREATEORDER_V2_C0_F3_P10_C50_CAP_S7006,COMPLETE,,,True
CREATEORDER_V2_C0_F3_P10_C50_CAP_S7007,COMPLETE,,,True
CREATEORDER_V2_C0_F3_P10_C50_CAP_S7008,COMPLETE,,,True
CREATEORDER_V2_C0_F3_P10_C50_CAP_S7009,COMPLETE,,,True
CREATEORDER_V2_C0_F8_P10_C50_CAP_S7000,COMPLETE,,,True
CREATEORDER_V2_C0_F8_P10_C50_CAP_S7001,COMPLETE,,,True
CREATEORDER_V2_C0_F8_P10_C50_CAP_S7002,COMPLETE,,,True
CREATEORDER_V2_C0_F8_P10_C50_CAP_S7003,COMPLETE,,,True
CREATEORDER_V2_C0_F8_P10_C50_CAP_S7004,COMPLETE,,,True
CREATEORDER_V2_C0_F8_P10_C50_CAP_S7005,COMPLETE,,,True
CREATEORDER_V2_C0_F8_P10_C50_CAP_S7006,COMPLETE,,,True
CREATEORDER_V2_C0_F8_P10_C50_CAP_S7007,COMPLETE,,,True
CREATEORDER_V2_C0_F8_P10_C50_CAP_S7008,COMPLETE,,,True
CREATEORDER_V2_C0_F8_P10_C50_CAP_S7009,COMPLETE,,,True
CREATEORDER_V2_C1_F0_P0_C100_S7000,COMPLETE,,,True
CREATEORDER_V2_C1_F0_P0_C100_S7001,COMPLETE,,,True
CREATEORDER_V2_C1_F0_P0_C100_S7002,COMPLETE,,,True
CREATEORDER_V2_C1_F0_P0_C100_S7003,COMPLETE,,,True
CREATEORDER_V2_C1_F0_P0_C100_S7004,COMPLETE,,,True
CREATEORDER_V2_C1_F0_P0_C100_S7005,COMPLETE,,,True
CREATEORDER_V2_C1_F0_P0_C100_S7006,COMPLETE,,,True
CREATEORDER_V2_C1_F0_P0_C100_S7007,COMPLETE,,,True
CREATEORDER_V2_C1_F0_P0_C100_S7008,COMPLETE,,,True
CREATEORDER_V2_C1_F0_P0_C100_S7009,COMPLETE,,,True
CREATEORDER_V2_C1_F0_P0_C10_S7000,COMPLETE,,,True
CREATEORDER_V2_C1_F0_P0_C10_S7001,COMPLETE,,,True
CREATEORDER_V2_C1_F0_P0_C10_S7002,COMPLETE,,,True
CREATEORDER_V2_C1_F0_P0_C10_S7003,COMPLETE,,,True
CREATEORDER_V2_C1_F0_P0_C10_S7004,COMPLETE,,,True
CREATEORDER_V2_C1_F0_P0_C10_S7005,COMPLETE,,,True
CREATEORDER_V2_C1_F0_P0_C10_S7006,COMPLETE,,,True
CREATEORDER_V2_C1_F0_P0_C10_S7007,COMPLETE,,,True
CREATEORDER_V2_C1_F0_P0_C10_S7008,COMPLETE,,,True
CREATEORDER_V2_C1_F0_P0_C10_S7009,COMPLETE,,,True
CREATEORDER_V2_C1_F0_P0_C1_S7000,COMPLETE,,,True
CREATEORDER_V2_C1_F0_P0_C1_S7001,COMPLETE,,,True
CREATEORDER_V2_C1_F0_P0_C1_S7002,COMPLETE,,,True
CREATEORDER_V2_C1_F0_P0_C1_S7003,COMPLETE,,,True
CREATEORDER_V2_C1_F0_P0_C1_S7004,COMPLETE,,,True
CREATEORDER_V2_C1_F0_P0_C1_S7005,COMPLETE,,,True
CREATEORDER_V2_C1_F0_P0_C1_S7006,COMPLETE,,,True
CREATEORDER_V2_C1_F0_P0_C1_S7007,COMPLETE,,,True
CREATEORDER_V2_C1_F0_P0_C1_S7008,COMPLETE,,,True
CREATEORDER_V2_C1_F0_P0_C1_S7009,COMPLETE,,,True
CREATEORDER_V2_C1_F0_P0_C50_S7000,COMPLETE,,,True
CREATEORDER_V2_C1_F0_P0_C50_S7001,COMPLETE,,,True
CREATEORDER_V2_C1_F0_P0_C50_S7002,COMPLETE,,,True
CREATEORDER_V2_C1_F0_P0_C50_S7003,COMPLETE,,,True
CREATEORDER_V2_C1_F0_P0_C50_S7004,COMPLETE,,,True
CREATEORDER_V2_C1_F0_P0_C50_S7005,COMPLETE,,,True
CREATEORDER_V2_C1_F0_P0_C50_S7006,COMPLETE,,,True
CREATEORDER_V2_C1_F0_P0_C50_S7007,COMPLETE,,,True
CREATEORDER_V2_C1_F0_P0_C50_S7008,COMPLETE,,,True
CREATEORDER_V2_C1_F0_P0_C50_S7009,COMPLETE,,,True
CREATEORDER_V2_C1_F11_P0_C50_FAN10_S7000,COMPLETE,,,True
CREATEORDER_V2_C1_F11_P0_C50_FAN10_S7001,COMPLETE,,,True
CREATEORDER_V2_C1_F11_P0_C50_FAN10_S7002,COMPLETE,,,True
CREATEORDER_V2_C1_F11_P0_C50_FAN10_S7003,COMPLETE,,,True
CREATEORDER_V2_C1_F11_P0_C50_FAN10_S7004,COMPLETE,,,True
CREATEORDER_V2_C1_F11_P0_C50_FAN10_S7005,COMPLETE,,,True
CREATEORDER_V2_C1_F11_P0_C50_FAN10_S7006,COMPLETE,,,True
CREATEORDER_V2_C1_F11_P0_C50_FAN10_S7007,COMPLETE,,,True
CREATEORDER_V2_C1_F11_P0_C50_FAN10_S7008,COMPLETE,,,True
CREATEORDER_V2_C1_F11_P0_C50_FAN10_S7009,COMPLETE,,,True
CREATEORDER_V2_C1_F11_P0_C50_FAN2_S7000,COMPLETE,,,True
CREATEORDER_V2_C1_F11_P0_C50_FAN2_S7001,COMPLETE,,,True
CREATEORDER_V2_C1_F11_P0_C50_FAN2_S7002,COMPLETE,,,True
CREATEORDER_V2_C1_F11_P0_C50_FAN2_S7003,COMPLETE,,,True
CREATEORDER_V2_C1_F11_P0_C50_FAN2_S7004,COMPLETE,,,True
CREATEORDER_V2_C1_F11_P0_C50_FAN2_S7005,COMPLETE,,,True
CREATEORDER_V2_C1_F11_P0_C50_FAN2_S7006,COMPLETE,,,True
CREATEORDER_V2_C1_F11_P0_C50_FAN2_S7007,COMPLETE,,,True
CREATEORDER_V2_C1_F11_P0_C50_FAN2_S7008,COMPLETE,,,True
CREATEORDER_V2_C1_F11_P0_C50_FAN2_S7009,COMPLETE,,,True
CREATEORDER_V2_C1_F11_P0_C50_FAN5_S7000,COMPLETE,,,True
CREATEORDER_V2_C1_F11_P0_C50_FAN5_S7001,COMPLETE,,,True
CREATEORDER_V2_C1_F11_P0_C50_FAN5_S7002,COMPLETE,,,True
CREATEORDER_V2_C1_F11_P0_C50_FAN5_S7003,COMPLETE,,,True
CREATEORDER_V2_C1_F11_P0_C50_FAN5_S7004,COMPLETE,,,True
CREATEORDER_V2_C1_F11_P0_C50_FAN5_S7005,COMPLETE,,,True
CREATEORDER_V2_C1_F11_P0_C50_FAN5_S7006,COMPLETE,,,True
CREATEORDER_V2_C1_F11_P0_C50_FAN5_S7007,COMPLETE,,,True
CREATEORDER_V2_C1_F11_P0_C50_FAN5_S7008,COMPLETE,,,True
CREATEORDER_V2_C1_F11_P0_C50_FAN5_S7009,COMPLETE,,,True
CREATEORDER_V2_C1_F1_P10_C50_S7000,COMPLETE,,,True
CREATEORDER_V2_C1_F1_P10_C50_S7001,COMPLETE,,,True
CREATEORDER_V2_C1_F1_P10_C50_S7002,COMPLETE,,,True
CREATEORDER_V2_C1_F1_P10_C50_S7003,COMPLETE,,,True
CREATEORDER_V2_C1_F1_P10_C50_S7004,COMPLETE,,,True
CREATEORDER_V2_C1_F1_P10_C50_S7005,COMPLETE,,,True
CREATEORDER_V2_C1_F1_P10_C50_S7006,COMPLETE,,,True
CREATEORDER_V2_C1_F1_P10_C50_S7007,COMPLETE,,,True
CREATEORDER_V2_C1_F1_P10_C50_S7008,COMPLETE,,,True
CREATEORDER_V2_C1_F1_P10_C50_S7009,COMPLETE,,,True
CREATEORDER_V2_C1_F2_P10_C50_S7000,COMPLETE,,,True
CREATEORDER_V2_C1_F2_P10_C50_S7001,COMPLETE,,,True
CREATEORDER_V2_C1_F2_P10_C50_S7002,COMPLETE,,,True
CREATEORDER_V2_C1_F2_P10_C50_S7003,COMPLETE,,,True
CREATEORDER_V2_C1_F2_P10_C50_S7004,COMPLETE,,,True
CREATEORDER_V2_C1_F2_P10_C50_S7005,COMPLETE,,,True
CREATEORDER_V2_C1_F2_P10_C50_S7006,COMPLETE,,,True
CREATEORDER_V2_C1_F2_P10_C50_S7007,COMPLETE,,,True
CREATEORDER_V2_C1_F2_P10_C50_S7008,COMPLETE,,,True
CREATEORDER_V2_C1_F2_P10_C50_S7009,COMPLETE,,,True
CREATEORDER_V2_C1_F3_P10_C10_S7000,COMPLETE,,,True
CREATEORDER_V2_C1_F3_P10_C10_S7001,COMPLETE,,,True
CREATEORDER_V2_C1_F3_P10_C10_S7002,COMPLETE,,,True
CREATEORDER_V2_C1_F3_P10_C10_S7003,COMPLETE,,,True
CREATEORDER_V2_C1_F3_P10_C10_S7004,COMPLETE,,,True
CREATEORDER_V2_C1_F3_P10_C10_S7005,COMPLETE,,,True
CREATEORDER_V2_C1_F3_P10_C10_S7006,COMPLETE,,,True
CREATEORDER_V2_C1_F3_P10_C10_S7007,COMPLETE,,,True
CREATEORDER_V2_C1_F3_P10_C10_S7008,COMPLETE,,,True
CREATEORDER_V2_C1_F3_P10_C10_S7009,COMPLETE,,,True
CREATEORDER_V2_C1_F3_P10_C50_CAP_S7000,COMPLETE,,,True
CREATEORDER_V2_C1_F3_P10_C50_CAP_S7001,COMPLETE,,,True
CREATEORDER_V2_C1_F3_P10_C50_CAP_S7002,COMPLETE,,,True
CREATEORDER_V2_C1_F3_P10_C50_CAP_S7003,COMPLETE,,,True
CREATEORDER_V2_C1_F3_P10_C50_CAP_S7004,COMPLETE,,,True
CREATEORDER_V2_C1_F3_P10_C50_CAP_S7005,COMPLETE,,,True
CREATEORDER_V2_C1_F3_P10_C50_CAP_S7006,COMPLETE,,,True
CREATEORDER_V2_C1_F3_P10_C50_CAP_S7007,COMPLETE,,,True
CREATEORDER_V2_C1_F3_P10_C50_CAP_S7008,COMPLETE,,,True
CREATEORDER_V2_C1_F3_P10_C50_CAP_S7009,COMPLETE,,,True
CREATEORDER_V2_C1_F3_P10_C50_S7000,COMPLETE,,,True
CREATEORDER_V2_C1_F3_P10_C50_S7001,COMPLETE,,,True
CREATEORDER_V2_C1_F3_P10_C50_S7002,COMPLETE,,,True
CREATEORDER_V2_C1_F3_P10_C50_S7003,COMPLETE,,,True
CREATEORDER_V2_C1_F3_P10_C50_S7004,COMPLETE,,,True
CREATEORDER_V2_C1_F3_P10_C50_S7005,COMPLETE,,,True
CREATEORDER_V2_C1_F3_P10_C50_S7006,COMPLETE,,,True
CREATEORDER_V2_C1_F3_P10_C50_S7007,COMPLETE,,,True
CREATEORDER_V2_C1_F3_P10_C50_S7008,COMPLETE,,,True
CREATEORDER_V2_C1_F3_P10_C50_S7009,COMPLETE,,,True
CREATEORDER_V2_C1_F3_P1_C10_S7000,COMPLETE,,,True
CREATEORDER_V2_C1_F3_P1_C10_S7001,COMPLETE,,,True
CREATEORDER_V2_C1_F3_P1_C10_S7002,COMPLETE,,,True
CREATEORDER_V2_C1_F3_P1_C10_S7003,COMPLETE,,,True
CREATEORDER_V2_C1_F3_P1_C10_S7004,COMPLETE,,,True
CREATEORDER_V2_C1_F3_P1_C10_S7005,COMPLETE,,,True
CREATEORDER_V2_C1_F3_P1_C10_S7006,COMPLETE,,,True
CREATEORDER_V2_C1_F3_P1_C10_S7007,COMPLETE,,,True
CREATEORDER_V2_C1_F3_P1_C10_S7008,COMPLETE,,,True
CREATEORDER_V2_C1_F3_P1_C10_S7009,COMPLETE,,,True
CREATEORDER_V2_C1_F3_P1_C50_S7000,COMPLETE,,,True
CREATEORDER_V2_C1_F3_P1_C50_S7001,COMPLETE,,,True
CREATEORDER_V2_C1_F3_P1_C50_S7002,COMPLETE,,,True
CREATEORDER_V2_C1_F3_P1_C50_S7003,COMPLETE,,,True
CREATEORDER_V2_C1_F3_P1_C50_S7004,COMPLETE,,,True
CREATEORDER_V2_C1_F3_P1_C50_S7005,COMPLETE,,,True
CREATEORDER_V2_C1_F3_P1_C50_S7006,COMPLETE,,,True
CREATEORDER_V2_C1_F3_P1_C50_S7007,COMPLETE,,,True
CREATEORDER_V2_C1_F3_P1_C50_S7008,COMPLETE,,,True
CREATEORDER_V2_C1_F3_P1_C50_S7009,COMPLETE,,,True
CREATEORDER_V2_C1_F3_P20_C10_S7000,COMPLETE,,,True
CREATEORDER_V2_C1_F3_P20_C10_S7001,COMPLETE,,,True
CREATEORDER_V2_C1_F3_P20_C10_S7002,COMPLETE,,,True
CREATEORDER_V2_C1_F3_P20_C10_S7003,COMPLETE,,,True
CREATEORDER_V2_C1_F3_P20_C10_S7004,COMPLETE,,,True
CREATEORDER_V2_C1_F3_P20_C10_S7005,COMPLETE,,,True
CREATEORDER_V2_C1_F3_P20_C10_S7006,COMPLETE,,,True
CREATEORDER_V2_C1_F3_P20_C10_S7007,COMPLETE,,,True
CREATEORDER_V2_C1_F3_P20_C10_S7008,COMPLETE,,,True
CREATEORDER_V2_C1_F3_P20_C10_S7009,COMPLETE,,,True
CREATEORDER_V2_C1_F3_P20_C50_S7000,COMPLETE,,,True
CREATEORDER_V2_C1_F3_P20_C50_S7001,COMPLETE,,,True
CREATEORDER_V2_C1_F3_P20_C50_S7002,COMPLETE,,,True
CREATEORDER_V2_C1_F3_P20_C50_S7003,COMPLETE,,,True
CREATEORDER_V2_C1_F3_P20_C50_S7004,COMPLETE,,,True
CREATEORDER_V2_C1_F3_P20_C50_S7005,COMPLETE,,,True
CREATEORDER_V2_C1_F3_P20_C50_S7006,COMPLETE,,,True
CREATEORDER_V2_C1_F3_P20_C50_S7007,COMPLETE,,,True
CREATEORDER_V2_C1_F3_P20_C50_S7008,COMPLETE,,,True
CREATEORDER_V2_C1_F3_P20_C50_S7009,COMPLETE,,,True
CREATEORDER_V2_C1_F3_P5_C10_S7000,COMPLETE,,,True
CREATEORDER_V2_C1_F3_P5_C10_S7001,COMPLETE,,,True
CREATEORDER_V2_C1_F3_P5_C10_S7002,COMPLETE,,,True
CREATEORDER_V2_C1_F3_P5_C10_S7003,COMPLETE,,,True
CREATEORDER_V2_C1_F3_P5_C10_S7004,COMPLETE,,,True
CREATEORDER_V2_C1_F3_P5_C10_S7005,COMPLETE,,,True
CREATEORDER_V2_C1_F3_P5_C10_S7006,COMPLETE,,,True
CREATEORDER_V2_C1_F3_P5_C10_S7007,COMPLETE,,,True
CREATEORDER_V2_C1_F3_P5_C10_S7008,COMPLETE,,,True
CREATEORDER_V2_C1_F3_P5_C10_S7009,COMPLETE,,,True
CREATEORDER_V2_C1_F3_P5_C50_S7000,COMPLETE,,,True
CREATEORDER_V2_C1_F3_P5_C50_S7001,COMPLETE,,,True
CREATEORDER_V2_C1_F3_P5_C50_S7002,COMPLETE,,,True
CREATEORDER_V2_C1_F3_P5_C50_S7003,COMPLETE,,,True
CREATEORDER_V2_C1_F3_P5_C50_S7004,COMPLETE,,,True
CREATEORDER_V2_C1_F3_P5_C50_S7005,COMPLETE,,,True
CREATEORDER_V2_C1_F3_P5_C50_S7006,COMPLETE,,,True
CREATEORDER_V2_C1_F3_P5_C50_S7007,COMPLETE,,,True
CREATEORDER_V2_C1_F3_P5_C50_S7008,COMPLETE,,,True
CREATEORDER_V2_C1_F3_P5_C50_S7009,COMPLETE,,,True
CREATEORDER_V2_C1_F4_P10_C10_S7000,COMPLETE,,,True
CREATEORDER_V2_C1_F4_P10_C10_S7001,COMPLETE,,,True
CREATEORDER_V2_C1_F4_P10_C10_S7002,COMPLETE,,,True
CREATEORDER_V2_C1_F4_P10_C10_S7003,COMPLETE,,,True
CREATEORDER_V2_C1_F4_P10_C10_S7004,COMPLETE,,,True
CREATEORDER_V2_C1_F4_P10_C10_S7005,COMPLETE,,,True
CREATEORDER_V2_C1_F4_P10_C10_S7006,COMPLETE,,,True
CREATEORDER_V2_C1_F4_P10_C10_S7007,COMPLETE,,,True
CREATEORDER_V2_C1_F4_P10_C10_S7008,COMPLETE,,,True
CREATEORDER_V2_C1_F4_P10_C10_S7009,COMPLETE,,,True
CREATEORDER_V2_C1_F4_P10_C50_S7000,COMPLETE,,,True
CREATEORDER_V2_C1_F4_P10_C50_S7001,COMPLETE,,,True
CREATEORDER_V2_C1_F4_P10_C50_S7002,COMPLETE,,,True
CREATEORDER_V2_C1_F4_P10_C50_S7003,COMPLETE,,,True
CREATEORDER_V2_C1_F4_P10_C50_S7004,COMPLETE,,,True
CREATEORDER_V2_C1_F4_P10_C50_S7005,COMPLETE,,,True
CREATEORDER_V2_C1_F4_P10_C50_S7006,COMPLETE,,,True
CREATEORDER_V2_C1_F4_P10_C50_S7007,COMPLETE,,,True
CREATEORDER_V2_C1_F4_P10_C50_S7008,COMPLETE,,,True
CREATEORDER_V2_C1_F4_P10_C50_S7009,COMPLETE,,,True
CREATEORDER_V2_C1_F4_P1_C10_S7000,COMPLETE,,,True
CREATEORDER_V2_C1_F4_P1_C10_S7001,COMPLETE,,,True
CREATEORDER_V2_C1_F4_P1_C10_S7002,COMPLETE,,,True
CREATEORDER_V2_C1_F4_P1_C10_S7003,COMPLETE,,,True
CREATEORDER_V2_C1_F4_P1_C10_S7004,COMPLETE,,,True
CREATEORDER_V2_C1_F4_P1_C10_S7005,COMPLETE,,,True
CREATEORDER_V2_C1_F4_P1_C10_S7006,COMPLETE,,,True
CREATEORDER_V2_C1_F4_P1_C10_S7007,COMPLETE,,,True
CREATEORDER_V2_C1_F4_P1_C10_S7008,COMPLETE,,,True
CREATEORDER_V2_C1_F4_P1_C10_S7009,COMPLETE,,,True
CREATEORDER_V2_C1_F4_P1_C50_S7000,COMPLETE,,,True
CREATEORDER_V2_C1_F4_P1_C50_S7001,COMPLETE,,,True
CREATEORDER_V2_C1_F4_P1_C50_S7002,COMPLETE,,,True
CREATEORDER_V2_C1_F4_P1_C50_S7003,COMPLETE,,,True
CREATEORDER_V2_C1_F4_P1_C50_S7004,COMPLETE,,,True
CREATEORDER_V2_C1_F4_P1_C50_S7005,COMPLETE,,,True
CREATEORDER_V2_C1_F4_P1_C50_S7006,COMPLETE,,,True
CREATEORDER_V2_C1_F4_P1_C50_S7007,COMPLETE,,,True
CREATEORDER_V2_C1_F4_P1_C50_S7008,COMPLETE,,,True
CREATEORDER_V2_C1_F4_P1_C50_S7009,COMPLETE,,,True
CREATEORDER_V2_C1_F4_P20_C10_S7000,COMPLETE,,,True
CREATEORDER_V2_C1_F4_P20_C10_S7001,COMPLETE,,,True
CREATEORDER_V2_C1_F4_P20_C10_S7002,COMPLETE,,,True
CREATEORDER_V2_C1_F4_P20_C10_S7003,COMPLETE,,,True
CREATEORDER_V2_C1_F4_P20_C10_S7004,COMPLETE,,,True
CREATEORDER_V2_C1_F4_P20_C10_S7005,COMPLETE,,,True
CREATEORDER_V2_C1_F4_P20_C10_S7006,COMPLETE,,,True
CREATEORDER_V2_C1_F4_P20_C10_S7007,COMPLETE,,,True
CREATEORDER_V2_C1_F4_P20_C10_S7008,COMPLETE,,,True
CREATEORDER_V2_C1_F4_P20_C10_S7009,COMPLETE,,,True
CREATEORDER_V2_C1_F4_P20_C50_S7000,COMPLETE,,,True
CREATEORDER_V2_C1_F4_P20_C50_S7001,COMPLETE,,,True
CREATEORDER_V2_C1_F4_P20_C50_S7002,COMPLETE,,,True
CREATEORDER_V2_C1_F4_P20_C50_S7003,COMPLETE,,,True
CREATEORDER_V2_C1_F4_P20_C50_S7004,COMPLETE,,,True
CREATEORDER_V2_C1_F4_P20_C50_S7005,COMPLETE,,,True
CREATEORDER_V2_C1_F4_P20_C50_S7006,COMPLETE,,,True
CREATEORDER_V2_C1_F4_P20_C50_S7007,COMPLETE,,,True
CREATEORDER_V2_C1_F4_P20_C50_S7008,COMPLETE,,,True
CREATEORDER_V2_C1_F4_P20_C50_S7009,COMPLETE,,,True
CREATEORDER_V2_C1_F4_P5_C10_S7000,COMPLETE,,,True
CREATEORDER_V2_C1_F4_P5_C10_S7001,COMPLETE,,,True
CREATEORDER_V2_C1_F4_P5_C10_S7002,COMPLETE,,,True
CREATEORDER_V2_C1_F4_P5_C10_S7003,COMPLETE,,,True
CREATEORDER_V2_C1_F4_P5_C10_S7004,COMPLETE,,,True
CREATEORDER_V2_C1_F4_P5_C10_S7005,COMPLETE,,,True
CREATEORDER_V2_C1_F4_P5_C10_S7006,COMPLETE,,,True
CREATEORDER_V2_C1_F4_P5_C10_S7007,COMPLETE,,,True
CREATEORDER_V2_C1_F4_P5_C10_S7008,COMPLETE,,,True
CREATEORDER_V2_C1_F4_P5_C10_S7009,COMPLETE,,,True
CREATEORDER_V2_C1_F4_P5_C50_S7000,COMPLETE,,,True
CREATEORDER_V2_C1_F4_P5_C50_S7001,COMPLETE,,,True
CREATEORDER_V2_C1_F4_P5_C50_S7002,COMPLETE,,,True
CREATEORDER_V2_C1_F4_P5_C50_S7003,COMPLETE,,,True
CREATEORDER_V2_C1_F4_P5_C50_S7004,COMPLETE,,,True
CREATEORDER_V2_C1_F4_P5_C50_S7005,COMPLETE,,,True
CREATEORDER_V2_C1_F4_P5_C50_S7006,COMPLETE,,,True
CREATEORDER_V2_C1_F4_P5_C50_S7007,COMPLETE,,,True
CREATEORDER_V2_C1_F4_P5_C50_S7008,COMPLETE,,,True
CREATEORDER_V2_C1_F4_P5_C50_S7009,COMPLETE,,,True
CREATEORDER_V2_C1_F5_P0_C50_FAN10_S7000,COMPLETE,,,True
CREATEORDER_V2_C1_F5_P0_C50_FAN10_S7001,COMPLETE,,,True
CREATEORDER_V2_C1_F5_P0_C50_FAN10_S7002,COMPLETE,,,True
CREATEORDER_V2_C1_F5_P0_C50_FAN10_S7003,COMPLETE,,,True
CREATEORDER_V2_C1_F5_P0_C50_FAN10_S7004,COMPLETE,,,True
CREATEORDER_V2_C1_F5_P0_C50_FAN10_S7005,COMPLETE,,,True
CREATEORDER_V2_C1_F5_P0_C50_FAN10_S7006,COMPLETE,,,True
CREATEORDER_V2_C1_F5_P0_C50_FAN10_S7007,COMPLETE,,,True
CREATEORDER_V2_C1_F5_P0_C50_FAN10_S7008,COMPLETE,,,True
CREATEORDER_V2_C1_F5_P0_C50_FAN10_S7009,COMPLETE,,,True
CREATEORDER_V2_C1_F5_P0_C50_FAN2_S7000,COMPLETE,,,True
CREATEORDER_V2_C1_F5_P0_C50_FAN2_S7001,COMPLETE,,,True
CREATEORDER_V2_C1_F5_P0_C50_FAN2_S7002,COMPLETE,,,True
CREATEORDER_V2_C1_F5_P0_C50_FAN2_S7003,COMPLETE,,,True
CREATEORDER_V2_C1_F5_P0_C50_FAN2_S7004,COMPLETE,,,True
CREATEORDER_V2_C1_F5_P0_C50_FAN2_S7005,COMPLETE,,,True
CREATEORDER_V2_C1_F5_P0_C50_FAN2_S7006,COMPLETE,,,True
CREATEORDER_V2_C1_F5_P0_C50_FAN2_S7007,COMPLETE,,,True
CREATEORDER_V2_C1_F5_P0_C50_FAN2_S7008,COMPLETE,,,True
CREATEORDER_V2_C1_F5_P0_C50_FAN2_S7009,COMPLETE,,,True
CREATEORDER_V2_C1_F5_P0_C50_FAN5_S7000,COMPLETE,,,True
CREATEORDER_V2_C1_F5_P0_C50_FAN5_S7001,COMPLETE,,,True
CREATEORDER_V2_C1_F5_P0_C50_FAN5_S7002,COMPLETE,,,True
CREATEORDER_V2_C1_F5_P0_C50_FAN5_S7003,COMPLETE,,,True
CREATEORDER_V2_C1_F5_P0_C50_FAN5_S7004,COMPLETE,,,True
CREATEORDER_V2_C1_F5_P0_C50_FAN5_S7005,COMPLETE,,,True
CREATEORDER_V2_C1_F5_P0_C50_FAN5_S7006,COMPLETE,,,True
CREATEORDER_V2_C1_F5_P0_C50_FAN5_S7007,COMPLETE,,,True
CREATEORDER_V2_C1_F5_P0_C50_FAN5_S7008,COMPLETE,,,True
CREATEORDER_V2_C1_F5_P0_C50_FAN5_S7009,COMPLETE,,,True
CREATEORDER_V2_C1_F6_P0_C50_FAN10_S7000,COMPLETE,,,True
CREATEORDER_V2_C1_F6_P0_C50_FAN10_S7001,COMPLETE,,,True
CREATEORDER_V2_C1_F6_P0_C50_FAN10_S7002,COMPLETE,,,True
CREATEORDER_V2_C1_F6_P0_C50_FAN10_S7003,COMPLETE,,,True
CREATEORDER_V2_C1_F6_P0_C50_FAN10_S7004,COMPLETE,,,True
CREATEORDER_V2_C1_F6_P0_C50_FAN10_S7005,COMPLETE,,,True
CREATEORDER_V2_C1_F6_P0_C50_FAN10_S7006,COMPLETE,,,True
CREATEORDER_V2_C1_F6_P0_C50_FAN10_S7007,COMPLETE,,,True
CREATEORDER_V2_C1_F6_P0_C50_FAN10_S7008,COMPLETE,,,True
CREATEORDER_V2_C1_F6_P0_C50_FAN10_S7009,COMPLETE,,,True
CREATEORDER_V2_C1_F6_P0_C50_FAN2_S7000,COMPLETE,,,True
CREATEORDER_V2_C1_F6_P0_C50_FAN2_S7001,COMPLETE,,,True
CREATEORDER_V2_C1_F6_P0_C50_FAN2_S7002,COMPLETE,,,True
CREATEORDER_V2_C1_F6_P0_C50_FAN2_S7003,COMPLETE,,,True
CREATEORDER_V2_C1_F6_P0_C50_FAN2_S7004,COMPLETE,,,True
CREATEORDER_V2_C1_F6_P0_C50_FAN2_S7005,COMPLETE,,,True
CREATEORDER_V2_C1_F6_P0_C50_FAN2_S7006,COMPLETE,,,True
CREATEORDER_V2_C1_F6_P0_C50_FAN2_S7007,COMPLETE,,,True
CREATEORDER_V2_C1_F6_P0_C50_FAN2_S7008,COMPLETE,,,True
CREATEORDER_V2_C1_F6_P0_C50_FAN2_S7009,COMPLETE,,,True
CREATEORDER_V2_C1_F6_P0_C50_FAN5_S7000,COMPLETE,,,True
CREATEORDER_V2_C1_F6_P0_C50_FAN5_S7001,COMPLETE,,,True
CREATEORDER_V2_C1_F6_P0_C50_FAN5_S7002,COMPLETE,,,True
CREATEORDER_V2_C1_F6_P0_C50_FAN5_S7003,COMPLETE,,,True
CREATEORDER_V2_C1_F6_P0_C50_FAN5_S7004,COMPLETE,,,True
CREATEORDER_V2_C1_F6_P0_C50_FAN5_S7005,COMPLETE,,,True
CREATEORDER_V2_C1_F6_P0_C50_FAN5_S7006,COMPLETE,,,True
CREATEORDER_V2_C1_F6_P0_C50_FAN5_S7007,COMPLETE,,,True
CREATEORDER_V2_C1_F6_P0_C50_FAN5_S7008,COMPLETE,,,True
CREATEORDER_V2_C1_F6_P0_C50_FAN5_S7009,COMPLETE,,,True
CREATEORDER_V2_C1_F7_P10_C50_S7000,COMPLETE,,,True
CREATEORDER_V2_C1_F7_P10_C50_S7001,COMPLETE,,,True
CREATEORDER_V2_C1_F7_P10_C50_S7002,COMPLETE,,,True
CREATEORDER_V2_C1_F7_P10_C50_S7003,COMPLETE,,,True
CREATEORDER_V2_C1_F7_P10_C50_S7004,COMPLETE,,,True
CREATEORDER_V2_C1_F7_P10_C50_S7005,COMPLETE,,,True
CREATEORDER_V2_C1_F7_P10_C50_S7006,COMPLETE,,,True
CREATEORDER_V2_C1_F7_P10_C50_S7007,COMPLETE,,,True
CREATEORDER_V2_C1_F7_P10_C50_S7008,COMPLETE,,,True
CREATEORDER_V2_C1_F7_P10_C50_S7009,COMPLETE,,,True
CREATEORDER_V2_C1_F8_P10_C10_S7000,COMPLETE,,,True
CREATEORDER_V2_C1_F8_P10_C10_S7001,COMPLETE,,,True
CREATEORDER_V2_C1_F8_P10_C10_S7002,COMPLETE,,,True
CREATEORDER_V2_C1_F8_P10_C10_S7003,COMPLETE,,,True
CREATEORDER_V2_C1_F8_P10_C10_S7004,COMPLETE,,,True
CREATEORDER_V2_C1_F8_P10_C10_S7005,COMPLETE,,,True
CREATEORDER_V2_C1_F8_P10_C10_S7006,COMPLETE,,,True
CREATEORDER_V2_C1_F8_P10_C10_S7007,COMPLETE,,,True
CREATEORDER_V2_C1_F8_P10_C10_S7008,COMPLETE,,,True
CREATEORDER_V2_C1_F8_P10_C10_S7009,COMPLETE,,,True
CREATEORDER_V2_C1_F8_P10_C50_CAP_S7000,COMPLETE,,,True
CREATEORDER_V2_C1_F8_P10_C50_CAP_S7001,COMPLETE,,,True
CREATEORDER_V2_C1_F8_P10_C50_CAP_S7002,COMPLETE,,,True
CREATEORDER_V2_C1_F8_P10_C50_CAP_S7003,COMPLETE,,,True
CREATEORDER_V2_C1_F8_P10_C50_CAP_S7004,COMPLETE,,,True
CREATEORDER_V2_C1_F8_P10_C50_CAP_S7005,COMPLETE,,,True
CREATEORDER_V2_C1_F8_P10_C50_CAP_S7006,COMPLETE,,,True
CREATEORDER_V2_C1_F8_P10_C50_CAP_S7007,COMPLETE,,,True
CREATEORDER_V2_C1_F8_P10_C50_CAP_S7008,COMPLETE,,,True
CREATEORDER_V2_C1_F8_P10_C50_CAP_S7009,COMPLETE,,,True
CREATEORDER_V2_C1_F8_P10_C50_S7000,COMPLETE,,,True
CREATEORDER_V2_C1_F8_P10_C50_S7001,COMPLETE,,,True
CREATEORDER_V2_C1_F8_P10_C50_S7002,COMPLETE,,,True
CREATEORDER_V2_C1_F8_P10_C50_S7003,COMPLETE,,,True
CREATEORDER_V2_C1_F8_P10_C50_S7004,COMPLETE,,,True
CREATEORDER_V2_C1_F8_P10_C50_S7005,COMPLETE,,,True
CREATEORDER_V2_C1_F8_P10_C50_S7006,COMPLETE,,,True
CREATEORDER_V2_C1_F8_P10_C50_S7007,COMPLETE,,,True
CREATEORDER_V2_C1_F8_P10_C50_S7008,COMPLETE,,,True
CREATEORDER_V2_C1_F8_P10_C50_S7009,COMPLETE,,,True
CREATEORDER_V2_C1_F8_P1_C10_S7000,COMPLETE,,,True
CREATEORDER_V2_C1_F8_P1_C10_S7001,COMPLETE,,,True
CREATEORDER_V2_C1_F8_P1_C10_S7002,COMPLETE,,,True
CREATEORDER_V2_C1_F8_P1_C10_S7003,COMPLETE,,,True
CREATEORDER_V2_C1_F8_P1_C10_S7004,COMPLETE,,,True
CREATEORDER_V2_C1_F8_P1_C10_S7005,COMPLETE,,,True
CREATEORDER_V2_C1_F8_P1_C10_S7006,COMPLETE,,,True
CREATEORDER_V2_C1_F8_P1_C10_S7007,COMPLETE,,,True
CREATEORDER_V2_C1_F8_P1_C10_S7008,COMPLETE,,,True
CREATEORDER_V2_C1_F8_P1_C10_S7009,COMPLETE,,,True
CREATEORDER_V2_C1_F8_P1_C50_S7000,COMPLETE,,,True
CREATEORDER_V2_C1_F8_P1_C50_S7001,COMPLETE,,,True
CREATEORDER_V2_C1_F8_P1_C50_S7002,COMPLETE,,,True
CREATEORDER_V2_C1_F8_P1_C50_S7003,COMPLETE,,,True
CREATEORDER_V2_C1_F8_P1_C50_S7004,COMPLETE,,,True
CREATEORDER_V2_C1_F8_P1_C50_S7005,COMPLETE,,,True
CREATEORDER_V2_C1_F8_P1_C50_S7006,COMPLETE,,,True
CREATEORDER_V2_C1_F8_P1_C50_S7007,COMPLETE,,,True
CREATEORDER_V2_C1_F8_P1_C50_S7008,COMPLETE,,,True
CREATEORDER_V2_C1_F8_P1_C50_S7009,COMPLETE,,,True
CREATEORDER_V2_C1_F8_P20_C10_S7000,COMPLETE,,,True
CREATEORDER_V2_C1_F8_P20_C10_S7001,COMPLETE,,,True
CREATEORDER_V2_C1_F8_P20_C10_S7002,COMPLETE,,,True
CREATEORDER_V2_C1_F8_P20_C10_S7003,COMPLETE,,,True
CREATEORDER_V2_C1_F8_P20_C10_S7004,COMPLETE,,,True
CREATEORDER_V2_C1_F8_P20_C10_S7005,COMPLETE,,,True
CREATEORDER_V2_C1_F8_P20_C10_S7006,COMPLETE,,,True
CREATEORDER_V2_C1_F8_P20_C10_S7007,COMPLETE,,,True
CREATEORDER_V2_C1_F8_P20_C10_S7008,COMPLETE,,,True
CREATEORDER_V2_C1_F8_P20_C10_S7009,COMPLETE,,,True
CREATEORDER_V2_C1_F8_P20_C50_S7000,COMPLETE,,,True
CREATEORDER_V2_C1_F8_P20_C50_S7001,COMPLETE,,,True
CREATEORDER_V2_C1_F8_P20_C50_S7002,COMPLETE,,,True
CREATEORDER_V2_C1_F8_P20_C50_S7003,COMPLETE,,,True
CREATEORDER_V2_C1_F8_P20_C50_S7004,COMPLETE,,,True
CREATEORDER_V2_C1_F8_P20_C50_S7005,COMPLETE,,,True
CREATEORDER_V2_C1_F8_P20_C50_S7006,COMPLETE,,,True
CREATEORDER_V2_C1_F8_P20_C50_S7007,COMPLETE,,,True
CREATEORDER_V2_C1_F8_P20_C50_S7008,COMPLETE,,,True
CREATEORDER_V2_C1_F8_P20_C50_S7009,COMPLETE,,,True
CREATEORDER_V2_C1_F8_P5_C10_S7000,COMPLETE,,,True
CREATEORDER_V2_C1_F8_P5_C10_S7001,COMPLETE,,,True
CREATEORDER_V2_C1_F8_P5_C10_S7002,COMPLETE,,,True
CREATEORDER_V2_C1_F8_P5_C10_S7003,COMPLETE,,,True
CREATEORDER_V2_C1_F8_P5_C10_S7004,COMPLETE,,,True
CREATEORDER_V2_C1_F8_P5_C10_S7005,COMPLETE,,,True
CREATEORDER_V2_C1_F8_P5_C10_S7006,COMPLETE,,,True
CREATEORDER_V2_C1_F8_P5_C10_S7007,COMPLETE,,,True
CREATEORDER_V2_C1_F8_P5_C10_S7008,COMPLETE,,,True
CREATEORDER_V2_C1_F8_P5_C10_S7009,COMPLETE,,,True
CREATEORDER_V2_C1_F8_P5_C50_S7000,COMPLETE,,,True
CREATEORDER_V2_C1_F8_P5_C50_S7001,COMPLETE,,,True
CREATEORDER_V2_C1_F8_P5_C50_S7002,COMPLETE,,,True
CREATEORDER_V2_C1_F8_P5_C50_S7003,COMPLETE,,,True
CREATEORDER_V2_C1_F8_P5_C50_S7004,COMPLETE,,,True
CREATEORDER_V2_C1_F8_P5_C50_S7005,COMPLETE,,,True
CREATEORDER_V2_C1_F8_P5_C50_S7006,COMPLETE,,,True
CREATEORDER_V2_C1_F8_P5_C50_S7007,COMPLETE,,,True
CREATEORDER_V2_C1_F8_P5_C50_S7008,COMPLETE,,,True
CREATEORDER_V2_C1_F8_P5_C50_S7009,COMPLETE,,,True
CREATEORDER_V2_C1_F9_P10_C10_S7000,COMPLETE,,,True
CREATEORDER_V2_C1_F9_P10_C10_S7001,COMPLETE,,,True
CREATEORDER_V2_C1_F9_P10_C10_S7002,COMPLETE,,,True
CREATEORDER_V2_C1_F9_P10_C10_S7003,COMPLETE,,,True
CREATEORDER_V2_C1_F9_P10_C10_S7004,COMPLETE,,,True
CREATEORDER_V2_C1_F9_P10_C10_S7005,COMPLETE,,,True
CREATEORDER_V2_C1_F9_P10_C10_S7006,COMPLETE,,,True
CREATEORDER_V2_C1_F9_P10_C10_S7007,COMPLETE,,,True
CREATEORDER_V2_C1_F9_P10_C10_S7008,COMPLETE,,,True
CREATEORDER_V2_C1_F9_P10_C10_S7009,COMPLETE,,,True
CREATEORDER_V2_C1_F9_P10_C50_S7000,COMPLETE,,,True
CREATEORDER_V2_C1_F9_P10_C50_S7001,COMPLETE,,,True
CREATEORDER_V2_C1_F9_P10_C50_S7002,COMPLETE,,,True
CREATEORDER_V2_C1_F9_P10_C50_S7003,COMPLETE,,,True
CREATEORDER_V2_C1_F9_P10_C50_S7004,COMPLETE,,,True
CREATEORDER_V2_C1_F9_P10_C50_S7005,COMPLETE,,,True
CREATEORDER_V2_C1_F9_P10_C50_S7006,COMPLETE,,,True
CREATEORDER_V2_C1_F9_P10_C50_S7007,COMPLETE,,,True
CREATEORDER_V2_C1_F9_P10_C50_S7008,COMPLETE,,,True
CREATEORDER_V2_C1_F9_P10_C50_S7009,COMPLETE,,,True
CREATEORDER_V2_C1_F9_P1_C10_S7000,COMPLETE,,,True
CREATEORDER_V2_C1_F9_P1_C10_S7001,COMPLETE,,,True
CREATEORDER_V2_C1_F9_P1_C10_S7002,COMPLETE,,,True
CREATEORDER_V2_C1_F9_P1_C10_S7003,COMPLETE,,,True
CREATEORDER_V2_C1_F9_P1_C10_S7004,COMPLETE,,,True
CREATEORDER_V2_C1_F9_P1_C10_S7005,COMPLETE,,,True
CREATEORDER_V2_C1_F9_P1_C10_S7006,COMPLETE,,,True
CREATEORDER_V2_C1_F9_P1_C10_S7007,COMPLETE,,,True
CREATEORDER_V2_C1_F9_P1_C10_S7008,COMPLETE,,,True
CREATEORDER_V2_C1_F9_P1_C10_S7009,COMPLETE,,,True
CREATEORDER_V2_C1_F9_P1_C50_S7000,COMPLETE,,,True
CREATEORDER_V2_C1_F9_P1_C50_S7001,COMPLETE,,,True
CREATEORDER_V2_C1_F9_P1_C50_S7002,COMPLETE,,,True
CREATEORDER_V2_C1_F9_P1_C50_S7003,COMPLETE,,,True
CREATEORDER_V2_C1_F9_P1_C50_S7004,COMPLETE,,,True
CREATEORDER_V2_C1_F9_P1_C50_S7005,COMPLETE,,,True
CREATEORDER_V2_C1_F9_P1_C50_S7006,COMPLETE,,,True
CREATEORDER_V2_C1_F9_P1_C50_S7007,COMPLETE,,,True
CREATEORDER_V2_C1_F9_P1_C50_S7008,COMPLETE,,,True
CREATEORDER_V2_C1_F9_P1_C50_S7009,COMPLETE,,,True
CREATEORDER_V2_C1_F9_P20_C10_S7000,COMPLETE,,,True
CREATEORDER_V2_C1_F9_P20_C10_S7001,COMPLETE,,,True
CREATEORDER_V2_C1_F9_P20_C10_S7002,COMPLETE,,,True
CREATEORDER_V2_C1_F9_P20_C10_S7003,COMPLETE,,,True
CREATEORDER_V2_C1_F9_P20_C10_S7004,COMPLETE,,,True
CREATEORDER_V2_C1_F9_P20_C10_S7005,COMPLETE,,,True
CREATEORDER_V2_C1_F9_P20_C10_S7006,COMPLETE,,,True
CREATEORDER_V2_C1_F9_P20_C10_S7007,COMPLETE,,,True
CREATEORDER_V2_C1_F9_P20_C10_S7008,COMPLETE,,,True
CREATEORDER_V2_C1_F9_P20_C10_S7009,COMPLETE,,,True
CREATEORDER_V2_C1_F9_P20_C50_S7000,COMPLETE,,,True
CREATEORDER_V2_C1_F9_P20_C50_S7001,COMPLETE,,,True
CREATEORDER_V2_C1_F9_P20_C50_S7002,COMPLETE,,,True
CREATEORDER_V2_C1_F9_P20_C50_S7003,COMPLETE,,,True
CREATEORDER_V2_C1_F9_P20_C50_S7004,COMPLETE,,,True
CREATEORDER_V2_C1_F9_P20_C50_S7005,COMPLETE,,,True
CREATEORDER_V2_C1_F9_P20_C50_S7006,COMPLETE,,,True
CREATEORDER_V2_C1_F9_P20_C50_S7007,COMPLETE,,,True
CREATEORDER_V2_C1_F9_P20_C50_S7008,COMPLETE,,,True
CREATEORDER_V2_C1_F9_P20_C50_S7009,COMPLETE,,,True
CREATEORDER_V2_C1_F9_P5_C10_S7000,COMPLETE,,,True
CREATEORDER_V2_C1_F9_P5_C10_S7001,COMPLETE,,,True
CREATEORDER_V2_C1_F9_P5_C10_S7002,COMPLETE,,,True
CREATEORDER_V2_C1_F9_P5_C10_S7003,COMPLETE,,,True
CREATEORDER_V2_C1_F9_P5_C10_S7004,COMPLETE,,,True
CREATEORDER_V2_C1_F9_P5_C10_S7005,COMPLETE,,,True
CREATEORDER_V2_C1_F9_P5_C10_S7006,COMPLETE,,,True
CREATEORDER_V2_C1_F9_P5_C10_S7007,COMPLETE,,,True
CREATEORDER_V2_C1_F9_P5_C10_S7008,COMPLETE,,,True
CREATEORDER_V2_C1_F9_P5_C10_S7009,COMPLETE,,,True
CREATEORDER_V2_C1_F9_P5_C50_S7000,COMPLETE,,,True
CREATEORDER_V2_C1_F9_P5_C50_S7001,COMPLETE,,,True
CREATEORDER_V2_C1_F9_P5_C50_S7002,COMPLETE,,,True
CREATEORDER_V2_C1_F9_P5_C50_S7003,COMPLETE,,,True
CREATEORDER_V2_C1_F9_P5_C50_S7004,COMPLETE,,,True
CREATEORDER_V2_C1_F9_P5_C50_S7005,COMPLETE,,,True
CREATEORDER_V2_C1_F9_P5_C50_S7006,COMPLETE,,,True
CREATEORDER_V2_C1_F9_P5_C50_S7007,COMPLETE,,,True
CREATEORDER_V2_C1_F9_P5_C50_S7008,COMPLETE,,,True
CREATEORDER_V2_C1_F9_P5_C50_S7009,COMPLETE,,,True
CREATEORDER_V2_C2_F3_P10_C50_CAP_S7000,COMPLETE,,,True
CREATEORDER_V2_C2_F3_P10_C50_CAP_S7001,COMPLETE,,,True
CREATEORDER_V2_C2_F3_P10_C50_CAP_S7002,COMPLETE,,,True
CREATEORDER_V2_C2_F3_P10_C50_CAP_S7003,COMPLETE,,,True
CREATEORDER_V2_C2_F3_P10_C50_CAP_S7004,COMPLETE,,,True
CREATEORDER_V2_C2_F3_P10_C50_CAP_S7005,COMPLETE,,,True
CREATEORDER_V2_C2_F3_P10_C50_CAP_S7006,COMPLETE,,,True
CREATEORDER_V2_C2_F3_P10_C50_CAP_S7007,COMPLETE,,,True
CREATEORDER_V2_C2_F3_P10_C50_CAP_S7008,COMPLETE,,,True
CREATEORDER_V2_C2_F3_P10_C50_CAP_S7009,COMPLETE,,,True
CREATEORDER_V2_C2_F8_P10_C50_CAP_S7000,COMPLETE,,,True
CREATEORDER_V2_C2_F8_P10_C50_CAP_S7001,COMPLETE,,,True
CREATEORDER_V2_C2_F8_P10_C50_CAP_S7002,COMPLETE,,,True
CREATEORDER_V2_C2_F8_P10_C50_CAP_S7003,COMPLETE,,,True
CREATEORDER_V2_C2_F8_P10_C50_CAP_S7004,COMPLETE,,,True
CREATEORDER_V2_C2_F8_P10_C50_CAP_S7005,COMPLETE,,,True
CREATEORDER_V2_C2_F8_P10_C50_CAP_S7006,COMPLETE,,,True
CREATEORDER_V2_C2_F8_P10_C50_CAP_S7007,COMPLETE,,,True
CREATEORDER_V2_C2_F8_P10_C50_CAP_S7008,COMPLETE,,,True
CREATEORDER_V2_C2_F8_P10_C50_CAP_S7009,COMPLETE,,,True
CREATEORDER_V3_C1_F0_P0_C100_S7000,COMPLETE,,,True
CREATEORDER_V3_C1_F0_P0_C100_S7001,COMPLETE,,,True
CREATEORDER_V3_C1_F0_P0_C100_S7002,COMPLETE,,,True
CREATEORDER_V3_C1_F0_P0_C100_S7003,COMPLETE,,,True
CREATEORDER_V3_C1_F0_P0_C100_S7004,COMPLETE,,,True
CREATEORDER_V3_C1_F0_P0_C100_S7005,COMPLETE,,,True
CREATEORDER_V3_C1_F0_P0_C100_S7006,COMPLETE,,,True
CREATEORDER_V3_C1_F0_P0_C100_S7007,COMPLETE,,,True
CREATEORDER_V3_C1_F0_P0_C100_S7008,COMPLETE,,,True
CREATEORDER_V3_C1_F0_P0_C100_S7009,COMPLETE,,,True
CREATEORDER_V3_C1_F0_P0_C10_S7000,COMPLETE,,,True
CREATEORDER_V3_C1_F0_P0_C10_S7001,COMPLETE,,,True
CREATEORDER_V3_C1_F0_P0_C10_S7002,COMPLETE,,,True
CREATEORDER_V3_C1_F0_P0_C10_S7003,COMPLETE,,,True
CREATEORDER_V3_C1_F0_P0_C10_S7004,COMPLETE,,,True
CREATEORDER_V3_C1_F0_P0_C10_S7005,COMPLETE,,,True
CREATEORDER_V3_C1_F0_P0_C10_S7006,COMPLETE,,,True
CREATEORDER_V3_C1_F0_P0_C10_S7007,COMPLETE,,,True
CREATEORDER_V3_C1_F0_P0_C10_S7008,COMPLETE,,,True
CREATEORDER_V3_C1_F0_P0_C10_S7009,COMPLETE,,,True
CREATEORDER_V3_C1_F0_P0_C1_S7000,COMPLETE,,,True
CREATEORDER_V3_C1_F0_P0_C1_S7001,COMPLETE,,,True
CREATEORDER_V3_C1_F0_P0_C1_S7002,COMPLETE,,,True
CREATEORDER_V3_C1_F0_P0_C1_S7003,COMPLETE,,,True
CREATEORDER_V3_C1_F0_P0_C1_S7004,COMPLETE,,,True
CREATEORDER_V3_C1_F0_P0_C1_S7005,COMPLETE,,,True
CREATEORDER_V3_C1_F0_P0_C1_S7006,COMPLETE,,,True
CREATEORDER_V3_C1_F0_P0_C1_S7007,COMPLETE,,,True
CREATEORDER_V3_C1_F0_P0_C1_S7008,COMPLETE,,,True
CREATEORDER_V3_C1_F0_P0_C1_S7009,COMPLETE,,,True
CREATEORDER_V3_C1_F0_P0_C50_S7000,COMPLETE,,,True
CREATEORDER_V3_C1_F0_P0_C50_S7001,COMPLETE,,,True
CREATEORDER_V3_C1_F0_P0_C50_S7002,COMPLETE,,,True
CREATEORDER_V3_C1_F0_P0_C50_S7003,COMPLETE,,,True
CREATEORDER_V3_C1_F0_P0_C50_S7004,COMPLETE,,,True
CREATEORDER_V3_C1_F0_P0_C50_S7005,COMPLETE,,,True
CREATEORDER_V3_C1_F0_P0_C50_S7006,COMPLETE,,,True
CREATEORDER_V3_C1_F0_P0_C50_S7007,COMPLETE,,,True
CREATEORDER_V3_C1_F0_P0_C50_S7008,COMPLETE,,,True
CREATEORDER_V3_C1_F0_P0_C50_S7009,COMPLETE,,,True
CREATEORDER_V3_C1_F11_P0_C50_FAN10_S7000,COMPLETE,,,True
CREATEORDER_V3_C1_F11_P0_C50_FAN10_S7001,COMPLETE,,,True
CREATEORDER_V3_C1_F11_P0_C50_FAN10_S7002,COMPLETE,,,True
CREATEORDER_V3_C1_F11_P0_C50_FAN10_S7003,COMPLETE,,,True
CREATEORDER_V3_C1_F11_P0_C50_FAN10_S7004,COMPLETE,,,True
CREATEORDER_V3_C1_F11_P0_C50_FAN10_S7005,COMPLETE,,,True
CREATEORDER_V3_C1_F11_P0_C50_FAN10_S7006,COMPLETE,,,True
CREATEORDER_V3_C1_F11_P0_C50_FAN10_S7007,COMPLETE,,,True
CREATEORDER_V3_C1_F11_P0_C50_FAN10_S7008,COMPLETE,,,True
CREATEORDER_V3_C1_F11_P0_C50_FAN10_S7009,COMPLETE,,,True
CREATEORDER_V3_C1_F11_P0_C50_FAN2_S7000,COMPLETE,,,True
CREATEORDER_V3_C1_F11_P0_C50_FAN2_S7001,COMPLETE,,,True
CREATEORDER_V3_C1_F11_P0_C50_FAN2_S7002,COMPLETE,,,True
CREATEORDER_V3_C1_F11_P0_C50_FAN2_S7003,COMPLETE,,,True
CREATEORDER_V3_C1_F11_P0_C50_FAN2_S7004,COMPLETE,,,True
CREATEORDER_V3_C1_F11_P0_C50_FAN2_S7005,COMPLETE,,,True
CREATEORDER_V3_C1_F11_P0_C50_FAN2_S7006,COMPLETE,,,True
CREATEORDER_V3_C1_F11_P0_C50_FAN2_S7007,COMPLETE,,,True
CREATEORDER_V3_C1_F11_P0_C50_FAN2_S7008,COMPLETE,,,True
CREATEORDER_V3_C1_F11_P0_C50_FAN2_S7009,COMPLETE,,,True
CREATEORDER_V3_C1_F11_P0_C50_FAN5_S7000,COMPLETE,,,True
CREATEORDER_V3_C1_F11_P0_C50_FAN5_S7001,COMPLETE,,,True
CREATEORDER_V3_C1_F11_P0_C50_FAN5_S7002,COMPLETE,,,True
CREATEORDER_V3_C1_F11_P0_C50_FAN5_S7003,COMPLETE,,,True
CREATEORDER_V3_C1_F11_P0_C50_FAN5_S7004,COMPLETE,,,True
CREATEORDER_V3_C1_F11_P0_C50_FAN5_S7005,COMPLETE,,,True
CREATEORDER_V3_C1_F11_P0_C50_FAN5_S7006,COMPLETE,,,True
CREATEORDER_V3_C1_F11_P0_C50_FAN5_S7007,COMPLETE,,,True
CREATEORDER_V3_C1_F11_P0_C50_FAN5_S7008,COMPLETE,,,True
CREATEORDER_V3_C1_F11_P0_C50_FAN5_S7009,COMPLETE,,,True
CREATEORDER_V3_C1_F1_P10_C50_S7000,COMPLETE,,,True
CREATEORDER_V3_C1_F1_P10_C50_S7001,COMPLETE,,,True
CREATEORDER_V3_C1_F1_P10_C50_S7002,COMPLETE,,,True
CREATEORDER_V3_C1_F1_P10_C50_S7003,COMPLETE,,,True
CREATEORDER_V3_C1_F1_P10_C50_S7004,COMPLETE,,,True
CREATEORDER_V3_C1_F1_P10_C50_S7005,COMPLETE,,,True
CREATEORDER_V3_C1_F1_P10_C50_S7006,COMPLETE,,,True
CREATEORDER_V3_C1_F1_P10_C50_S7007,COMPLETE,,,True
CREATEORDER_V3_C1_F1_P10_C50_S7008,COMPLETE,,,True
CREATEORDER_V3_C1_F1_P10_C50_S7009,COMPLETE,,,True
CREATEORDER_V3_C1_F2_P10_C50_S7000,COMPLETE,,,True
CREATEORDER_V3_C1_F2_P10_C50_S7001,COMPLETE,,,True
CREATEORDER_V3_C1_F2_P10_C50_S7002,COMPLETE,,,True
CREATEORDER_V3_C1_F2_P10_C50_S7003,COMPLETE,,,True
CREATEORDER_V3_C1_F2_P10_C50_S7004,COMPLETE,,,True
CREATEORDER_V3_C1_F2_P10_C50_S7005,COMPLETE,,,True
CREATEORDER_V3_C1_F2_P10_C50_S7006,COMPLETE,,,True
CREATEORDER_V3_C1_F2_P10_C50_S7007,COMPLETE,,,True
CREATEORDER_V3_C1_F2_P10_C50_S7008,COMPLETE,,,True
CREATEORDER_V3_C1_F2_P10_C50_S7009,COMPLETE,,,True
CREATEORDER_V3_C1_F3_P10_C10_S7000,COMPLETE,,,True
CREATEORDER_V3_C1_F3_P10_C10_S7001,COMPLETE,,,True
CREATEORDER_V3_C1_F3_P10_C10_S7002,COMPLETE,,,True
CREATEORDER_V3_C1_F3_P10_C10_S7003,COMPLETE,,,True
CREATEORDER_V3_C1_F3_P10_C10_S7004,COMPLETE,,,True
CREATEORDER_V3_C1_F3_P10_C10_S7005,COMPLETE,,,True
CREATEORDER_V3_C1_F3_P10_C10_S7006,COMPLETE,,,True
CREATEORDER_V3_C1_F3_P10_C10_S7007,COMPLETE,,,True
CREATEORDER_V3_C1_F3_P10_C10_S7008,COMPLETE,,,True
CREATEORDER_V3_C1_F3_P10_C10_S7009,COMPLETE,,,True
CREATEORDER_V3_C1_F3_P10_C50_CAP_S7000,COMPLETE,,,True
CREATEORDER_V3_C1_F3_P10_C50_CAP_S7001,COMPLETE,,,True
CREATEORDER_V3_C1_F3_P10_C50_CAP_S7002,COMPLETE,,,True
CREATEORDER_V3_C1_F3_P10_C50_CAP_S7003,COMPLETE,,,True
CREATEORDER_V3_C1_F3_P10_C50_CAP_S7004,COMPLETE,,,True
CREATEORDER_V3_C1_F3_P10_C50_CAP_S7005,COMPLETE,,,True
CREATEORDER_V3_C1_F3_P10_C50_CAP_S7006,COMPLETE,,,True
CREATEORDER_V3_C1_F3_P10_C50_CAP_S7007,COMPLETE,,,True
CREATEORDER_V3_C1_F3_P10_C50_CAP_S7008,COMPLETE,,,True
CREATEORDER_V3_C1_F3_P10_C50_CAP_S7009,COMPLETE,,,True
CREATEORDER_V3_C1_F3_P10_C50_S7000,COMPLETE,,,True
CREATEORDER_V3_C1_F3_P10_C50_S7001,COMPLETE,,,True
CREATEORDER_V3_C1_F3_P10_C50_S7002,COMPLETE,,,True
CREATEORDER_V3_C1_F3_P10_C50_S7003,COMPLETE,,,True
CREATEORDER_V3_C1_F3_P10_C50_S7004,COMPLETE,,,True
CREATEORDER_V3_C1_F3_P10_C50_S7005,COMPLETE,,,True
CREATEORDER_V3_C1_F3_P10_C50_S7006,COMPLETE,,,True
CREATEORDER_V3_C1_F3_P10_C50_S7007,COMPLETE,,,True
CREATEORDER_V3_C1_F3_P10_C50_S7008,COMPLETE,,,True
CREATEORDER_V3_C1_F3_P10_C50_S7009,COMPLETE,,,True
CREATEORDER_V3_C1_F3_P1_C10_S7000,COMPLETE,,,True
CREATEORDER_V3_C1_F3_P1_C10_S7001,COMPLETE,,,True
CREATEORDER_V3_C1_F3_P1_C10_S7002,COMPLETE,,,True
CREATEORDER_V3_C1_F3_P1_C10_S7003,COMPLETE,,,True
CREATEORDER_V3_C1_F3_P1_C10_S7004,COMPLETE,,,True
CREATEORDER_V3_C1_F3_P1_C10_S7005,COMPLETE,,,True
CREATEORDER_V3_C1_F3_P1_C10_S7006,COMPLETE,,,True
CREATEORDER_V3_C1_F3_P1_C10_S7007,COMPLETE,,,True
CREATEORDER_V3_C1_F3_P1_C10_S7008,COMPLETE,,,True
CREATEORDER_V3_C1_F3_P1_C10_S7009,COMPLETE,,,True
CREATEORDER_V3_C1_F3_P1_C50_S7000,COMPLETE,,,True
CREATEORDER_V3_C1_F3_P1_C50_S7001,COMPLETE,,,True
CREATEORDER_V3_C1_F3_P1_C50_S7002,COMPLETE,,,True
CREATEORDER_V3_C1_F3_P1_C50_S7003,COMPLETE,,,True
CREATEORDER_V3_C1_F3_P1_C50_S7004,COMPLETE,,,True
CREATEORDER_V3_C1_F3_P1_C50_S7005,COMPLETE,,,True
CREATEORDER_V3_C1_F3_P1_C50_S7006,COMPLETE,,,True
CREATEORDER_V3_C1_F3_P1_C50_S7007,COMPLETE,,,True
CREATEORDER_V3_C1_F3_P1_C50_S7008,COMPLETE,,,True
CREATEORDER_V3_C1_F3_P1_C50_S7009,COMPLETE,,,True
CREATEORDER_V3_C1_F3_P20_C10_S7000,COMPLETE,,,True
CREATEORDER_V3_C1_F3_P20_C10_S7001,COMPLETE,,,True
CREATEORDER_V3_C1_F3_P20_C10_S7002,COMPLETE,,,True
CREATEORDER_V3_C1_F3_P20_C10_S7003,COMPLETE,,,True
CREATEORDER_V3_C1_F3_P20_C10_S7004,COMPLETE,,,True
CREATEORDER_V3_C1_F3_P20_C10_S7005,COMPLETE,,,True
CREATEORDER_V3_C1_F3_P20_C10_S7006,COMPLETE,,,True
CREATEORDER_V3_C1_F3_P20_C10_S7007,COMPLETE,,,True
CREATEORDER_V3_C1_F3_P20_C10_S7008,COMPLETE,,,True
CREATEORDER_V3_C1_F3_P20_C10_S7009,COMPLETE,,,True
CREATEORDER_V3_C1_F3_P20_C50_S7000,COMPLETE,,,True
CREATEORDER_V3_C1_F3_P20_C50_S7001,COMPLETE,,,True
CREATEORDER_V3_C1_F3_P20_C50_S7002,COMPLETE,,,True
CREATEORDER_V3_C1_F3_P20_C50_S7003,COMPLETE,,,True
CREATEORDER_V3_C1_F3_P20_C50_S7004,COMPLETE,,,True
CREATEORDER_V3_C1_F3_P20_C50_S7005,COMPLETE,,,True
CREATEORDER_V3_C1_F3_P20_C50_S7006,COMPLETE,,,True
CREATEORDER_V3_C1_F3_P20_C50_S7007,COMPLETE,,,True
CREATEORDER_V3_C1_F3_P20_C50_S7008,COMPLETE,,,True
CREATEORDER_V3_C1_F3_P20_C50_S7009,COMPLETE,,,True
CREATEORDER_V3_C1_F3_P5_C10_S7000,COMPLETE,,,True
CREATEORDER_V3_C1_F3_P5_C10_S7001,COMPLETE,,,True
CREATEORDER_V3_C1_F3_P5_C10_S7002,COMPLETE,,,True
CREATEORDER_V3_C1_F3_P5_C10_S7003,COMPLETE,,,True
CREATEORDER_V3_C1_F3_P5_C10_S7004,COMPLETE,,,True
CREATEORDER_V3_C1_F3_P5_C10_S7005,COMPLETE,,,True
CREATEORDER_V3_C1_F3_P5_C10_S7006,COMPLETE,,,True
CREATEORDER_V3_C1_F3_P5_C10_S7007,COMPLETE,,,True
CREATEORDER_V3_C1_F3_P5_C10_S7008,COMPLETE,,,True
CREATEORDER_V3_C1_F3_P5_C10_S7009,COMPLETE,,,True
CREATEORDER_V3_C1_F3_P5_C50_S7000,COMPLETE,,,True
CREATEORDER_V3_C1_F3_P5_C50_S7001,COMPLETE,,,True
CREATEORDER_V3_C1_F3_P5_C50_S7002,COMPLETE,,,True
CREATEORDER_V3_C1_F3_P5_C50_S7003,COMPLETE,,,True
CREATEORDER_V3_C1_F3_P5_C50_S7004,COMPLETE,,,True
CREATEORDER_V3_C1_F3_P5_C50_S7005,COMPLETE,,,True
CREATEORDER_V3_C1_F3_P5_C50_S7006,COMPLETE,,,True
CREATEORDER_V3_C1_F3_P5_C50_S7007,COMPLETE,,,True
CREATEORDER_V3_C1_F3_P5_C50_S7008,COMPLETE,,,True
CREATEORDER_V3_C1_F3_P5_C50_S7009,COMPLETE,,,True
CREATEORDER_V3_C1_F4_P10_C10_S7000,COMPLETE,,,True
CREATEORDER_V3_C1_F4_P10_C10_S7001,COMPLETE,,,True
CREATEORDER_V3_C1_F4_P10_C10_S7002,COMPLETE,,,True
CREATEORDER_V3_C1_F4_P10_C10_S7003,COMPLETE,,,True
CREATEORDER_V3_C1_F4_P10_C10_S7004,COMPLETE,,,True
CREATEORDER_V3_C1_F4_P10_C10_S7005,COMPLETE,,,True
CREATEORDER_V3_C1_F4_P10_C10_S7006,COMPLETE,,,True
CREATEORDER_V3_C1_F4_P10_C10_S7007,COMPLETE,,,True
CREATEORDER_V3_C1_F4_P10_C10_S7008,COMPLETE,,,True
CREATEORDER_V3_C1_F4_P10_C10_S7009,COMPLETE,,,True
CREATEORDER_V3_C1_F4_P10_C50_S7000,COMPLETE,,,True
CREATEORDER_V3_C1_F4_P10_C50_S7001,COMPLETE,,,True
CREATEORDER_V3_C1_F4_P10_C50_S7002,COMPLETE,,,True
CREATEORDER_V3_C1_F4_P10_C50_S7003,COMPLETE,,,True
CREATEORDER_V3_C1_F4_P10_C50_S7004,COMPLETE,,,True
CREATEORDER_V3_C1_F4_P10_C50_S7005,COMPLETE,,,True
CREATEORDER_V3_C1_F4_P10_C50_S7006,COMPLETE,,,True
CREATEORDER_V3_C1_F4_P10_C50_S7007,COMPLETE,,,True
CREATEORDER_V3_C1_F4_P10_C50_S7008,COMPLETE,,,True
CREATEORDER_V3_C1_F4_P10_C50_S7009,COMPLETE,,,True
CREATEORDER_V3_C1_F4_P1_C10_S7000,COMPLETE,,,True
CREATEORDER_V3_C1_F4_P1_C10_S7001,COMPLETE,,,True
CREATEORDER_V3_C1_F4_P1_C10_S7002,COMPLETE,,,True
CREATEORDER_V3_C1_F4_P1_C10_S7003,COMPLETE,,,True
CREATEORDER_V3_C1_F4_P1_C10_S7004,COMPLETE,,,True
CREATEORDER_V3_C1_F4_P1_C10_S7005,COMPLETE,,,True
CREATEORDER_V3_C1_F4_P1_C10_S7006,COMPLETE,,,True
CREATEORDER_V3_C1_F4_P1_C10_S7007,COMPLETE,,,True
CREATEORDER_V3_C1_F4_P1_C10_S7008,COMPLETE,,,True
CREATEORDER_V3_C1_F4_P1_C10_S7009,COMPLETE,,,True
CREATEORDER_V3_C1_F4_P1_C50_S7000,COMPLETE,,,True
CREATEORDER_V3_C1_F4_P1_C50_S7001,COMPLETE,,,True
CREATEORDER_V3_C1_F4_P1_C50_S7002,COMPLETE,,,True
CREATEORDER_V3_C1_F4_P1_C50_S7003,COMPLETE,,,True
CREATEORDER_V3_C1_F4_P1_C50_S7004,COMPLETE,,,True
CREATEORDER_V3_C1_F4_P1_C50_S7005,COMPLETE,,,True
CREATEORDER_V3_C1_F4_P1_C50_S7006,COMPLETE,,,True
CREATEORDER_V3_C1_F4_P1_C50_S7007,COMPLETE,,,True
CREATEORDER_V3_C1_F4_P1_C50_S7008,COMPLETE,,,True
CREATEORDER_V3_C1_F4_P1_C50_S7009,COMPLETE,,,True
CREATEORDER_V3_C1_F4_P20_C10_S7000,COMPLETE,,,True
CREATEORDER_V3_C1_F4_P20_C10_S7001,COMPLETE,,,True
CREATEORDER_V3_C1_F4_P20_C10_S7002,COMPLETE,,,True
CREATEORDER_V3_C1_F4_P20_C10_S7003,COMPLETE,,,True
CREATEORDER_V3_C1_F4_P20_C10_S7004,COMPLETE,,,True
CREATEORDER_V3_C1_F4_P20_C10_S7005,COMPLETE,,,True
CREATEORDER_V3_C1_F4_P20_C10_S7006,COMPLETE,,,True
CREATEORDER_V3_C1_F4_P20_C10_S7007,COMPLETE,,,True
CREATEORDER_V3_C1_F4_P20_C10_S7008,COMPLETE,,,True
CREATEORDER_V3_C1_F4_P20_C10_S7009,COMPLETE,,,True
CREATEORDER_V3_C1_F4_P20_C50_S7000,COMPLETE,,,True
CREATEORDER_V3_C1_F4_P20_C50_S7001,COMPLETE,,,True
CREATEORDER_V3_C1_F4_P20_C50_S7002,COMPLETE,,,True
CREATEORDER_V3_C1_F4_P20_C50_S7003,COMPLETE,,,True
CREATEORDER_V3_C1_F4_P20_C50_S7004,COMPLETE,,,True
CREATEORDER_V3_C1_F4_P20_C50_S7005,COMPLETE,,,True
CREATEORDER_V3_C1_F4_P20_C50_S7006,COMPLETE,,,True
CREATEORDER_V3_C1_F4_P20_C50_S7007,COMPLETE,,,True
CREATEORDER_V3_C1_F4_P20_C50_S7008,COMPLETE,,,True
CREATEORDER_V3_C1_F4_P20_C50_S7009,COMPLETE,,,True
CREATEORDER_V3_C1_F4_P5_C10_S7000,COMPLETE,,,True
CREATEORDER_V3_C1_F4_P5_C10_S7001,COMPLETE,,,True
CREATEORDER_V3_C1_F4_P5_C10_S7002,COMPLETE,,,True
CREATEORDER_V3_C1_F4_P5_C10_S7003,COMPLETE,,,True
CREATEORDER_V3_C1_F4_P5_C10_S7004,COMPLETE,,,True
CREATEORDER_V3_C1_F4_P5_C10_S7005,COMPLETE,,,True
CREATEORDER_V3_C1_F4_P5_C10_S7006,COMPLETE,,,True
CREATEORDER_V3_C1_F4_P5_C10_S7007,COMPLETE,,,True
CREATEORDER_V3_C1_F4_P5_C10_S7008,COMPLETE,,,True
CREATEORDER_V3_C1_F4_P5_C10_S7009,COMPLETE,,,True
CREATEORDER_V3_C1_F4_P5_C50_S7000,COMPLETE,,,True
CREATEORDER_V3_C1_F4_P5_C50_S7001,COMPLETE,,,True
CREATEORDER_V3_C1_F4_P5_C50_S7002,COMPLETE,,,True
CREATEORDER_V3_C1_F4_P5_C50_S7003,COMPLETE,,,True
CREATEORDER_V3_C1_F4_P5_C50_S7004,COMPLETE,,,True
CREATEORDER_V3_C1_F4_P5_C50_S7005,COMPLETE,,,True
CREATEORDER_V3_C1_F4_P5_C50_S7006,COMPLETE,,,True
CREATEORDER_V3_C1_F4_P5_C50_S7007,COMPLETE,,,True
CREATEORDER_V3_C1_F4_P5_C50_S7008,COMPLETE,,,True
CREATEORDER_V3_C1_F4_P5_C50_S7009,COMPLETE,,,True
CREATEORDER_V3_C1_F5_P0_C50_FAN10_S7000,COMPLETE,,,True
CREATEORDER_V3_C1_F5_P0_C50_FAN10_S7001,COMPLETE,,,True
CREATEORDER_V3_C1_F5_P0_C50_FAN10_S7002,COMPLETE,,,True
CREATEORDER_V3_C1_F5_P0_C50_FAN10_S7003,COMPLETE,,,True
CREATEORDER_V3_C1_F5_P0_C50_FAN10_S7004,COMPLETE,,,True
CREATEORDER_V3_C1_F5_P0_C50_FAN10_S7005,COMPLETE,,,True
CREATEORDER_V3_C1_F5_P0_C50_FAN10_S7006,COMPLETE,,,True
CREATEORDER_V3_C1_F5_P0_C50_FAN10_S7007,COMPLETE,,,True
CREATEORDER_V3_C1_F5_P0_C50_FAN10_S7008,COMPLETE,,,True
CREATEORDER_V3_C1_F5_P0_C50_FAN10_S7009,COMPLETE,,,True
CREATEORDER_V3_C1_F5_P0_C50_FAN2_S7000,COMPLETE,,,True
CREATEORDER_V3_C1_F5_P0_C50_FAN2_S7001,COMPLETE,,,True
CREATEORDER_V3_C1_F5_P0_C50_FAN2_S7002,COMPLETE,,,True
CREATEORDER_V3_C1_F5_P0_C50_FAN2_S7003,COMPLETE,,,True
CREATEORDER_V3_C1_F5_P0_C50_FAN2_S7004,COMPLETE,,,True
CREATEORDER_V3_C1_F5_P0_C50_FAN2_S7005,COMPLETE,,,True
CREATEORDER_V3_C1_F5_P0_C50_FAN2_S7006,COMPLETE,,,True
CREATEORDER_V3_C1_F5_P0_C50_FAN2_S7007,COMPLETE,,,True
CREATEORDER_V3_C1_F5_P0_C50_FAN2_S7008,COMPLETE,,,True
CREATEORDER_V3_C1_F5_P0_C50_FAN2_S7009,COMPLETE,,,True
CREATEORDER_V3_C1_F5_P0_C50_FAN5_S7000,COMPLETE,,,True
CREATEORDER_V3_C1_F5_P0_C50_FAN5_S7001,COMPLETE,,,True
CREATEORDER_V3_C1_F5_P0_C50_FAN5_S7002,COMPLETE,,,True
CREATEORDER_V3_C1_F5_P0_C50_FAN5_S7003,COMPLETE,,,True
CREATEORDER_V3_C1_F5_P0_C50_FAN5_S7004,COMPLETE,,,True
CREATEORDER_V3_C1_F5_P0_C50_FAN5_S7005,COMPLETE,,,True
CREATEORDER_V3_C1_F5_P0_C50_FAN5_S7006,COMPLETE,,,True
CREATEORDER_V3_C1_F5_P0_C50_FAN5_S7007,COMPLETE,,,True
CREATEORDER_V3_C1_F5_P0_C50_FAN5_S7008,COMPLETE,,,True
CREATEORDER_V3_C1_F5_P0_C50_FAN5_S7009,COMPLETE,,,True
CREATEORDER_V3_C1_F6_P0_C50_FAN10_S7000,COMPLETE,,,True
CREATEORDER_V3_C1_F6_P0_C50_FAN10_S7001,COMPLETE,,,True
CREATEORDER_V3_C1_F6_P0_C50_FAN10_S7002,COMPLETE,,,True
CREATEORDER_V3_C1_F6_P0_C50_FAN10_S7003,COMPLETE,,,True
CREATEORDER_V3_C1_F6_P0_C50_FAN10_S7004,COMPLETE,,,True
CREATEORDER_V3_C1_F6_P0_C50_FAN10_S7005,COMPLETE,,,True
CREATEORDER_V3_C1_F6_P0_C50_FAN10_S7006,COMPLETE,,,True
CREATEORDER_V3_C1_F6_P0_C50_FAN10_S7007,COMPLETE,,,True
CREATEORDER_V3_C1_F6_P0_C50_FAN10_S7008,COMPLETE,,,True
CREATEORDER_V3_C1_F6_P0_C50_FAN10_S7009,COMPLETE,,,True
CREATEORDER_V3_C1_F6_P0_C50_FAN2_S7000,COMPLETE,,,True
CREATEORDER_V3_C1_F6_P0_C50_FAN2_S7001,COMPLETE,,,True
CREATEORDER_V3_C1_F6_P0_C50_FAN2_S7002,COMPLETE,,,True
CREATEORDER_V3_C1_F6_P0_C50_FAN2_S7003,COMPLETE,,,True
CREATEORDER_V3_C1_F6_P0_C50_FAN2_S7004,COMPLETE,,,True
CREATEORDER_V3_C1_F6_P0_C50_FAN2_S7005,COMPLETE,,,True
CREATEORDER_V3_C1_F6_P0_C50_FAN2_S7006,COMPLETE,,,True
CREATEORDER_V3_C1_F6_P0_C50_FAN2_S7007,COMPLETE,,,True
CREATEORDER_V3_C1_F6_P0_C50_FAN2_S7008,COMPLETE,,,True
CREATEORDER_V3_C1_F6_P0_C50_FAN2_S7009,COMPLETE,,,True
CREATEORDER_V3_C1_F6_P0_C50_FAN5_S7000,COMPLETE,,,True
CREATEORDER_V3_C1_F6_P0_C50_FAN5_S7001,COMPLETE,,,True
CREATEORDER_V3_C1_F6_P0_C50_FAN5_S7002,COMPLETE,,,True
CREATEORDER_V3_C1_F6_P0_C50_FAN5_S7003,COMPLETE,,,True
CREATEORDER_V3_C1_F6_P0_C50_FAN5_S7004,COMPLETE,,,True
CREATEORDER_V3_C1_F6_P0_C50_FAN5_S7005,COMPLETE,,,True
CREATEORDER_V3_C1_F6_P0_C50_FAN5_S7006,COMPLETE,,,True
CREATEORDER_V3_C1_F6_P0_C50_FAN5_S7007,COMPLETE,,,True
CREATEORDER_V3_C1_F6_P0_C50_FAN5_S7008,COMPLETE,,,True
CREATEORDER_V3_C1_F6_P0_C50_FAN5_S7009,COMPLETE,,,True
CREATEORDER_V3_C1_F7_P10_C50_S7000,COMPLETE,,,True
CREATEORDER_V3_C1_F7_P10_C50_S7001,COMPLETE,,,True
CREATEORDER_V3_C1_F7_P10_C50_S7002,COMPLETE,,,True
CREATEORDER_V3_C1_F7_P10_C50_S7003,COMPLETE,,,True
CREATEORDER_V3_C1_F7_P10_C50_S7004,COMPLETE,,,True
CREATEORDER_V3_C1_F7_P10_C50_S7005,COMPLETE,,,True
CREATEORDER_V3_C1_F7_P10_C50_S7006,COMPLETE,,,True
CREATEORDER_V3_C1_F7_P10_C50_S7007,COMPLETE,,,True
CREATEORDER_V3_C1_F7_P10_C50_S7008,COMPLETE,,,True
CREATEORDER_V3_C1_F7_P10_C50_S7009,COMPLETE,,,True
CREATEORDER_V3_C1_F8_P10_C10_S7000,COMPLETE,,,True
CREATEORDER_V3_C1_F8_P10_C10_S7001,COMPLETE,,,True
CREATEORDER_V3_C1_F8_P10_C10_S7002,COMPLETE,,,True
CREATEORDER_V3_C1_F8_P10_C10_S7003,COMPLETE,,,True
CREATEORDER_V3_C1_F8_P10_C10_S7004,COMPLETE,,,True
CREATEORDER_V3_C1_F8_P10_C10_S7005,COMPLETE,,,True
CREATEORDER_V3_C1_F8_P10_C10_S7006,COMPLETE,,,True
CREATEORDER_V3_C1_F8_P10_C10_S7007,COMPLETE,,,True
CREATEORDER_V3_C1_F8_P10_C10_S7008,COMPLETE,,,True
CREATEORDER_V3_C1_F8_P10_C10_S7009,COMPLETE,,,True
CREATEORDER_V3_C1_F8_P10_C50_CAP_S7000,COMPLETE,,,True
CREATEORDER_V3_C1_F8_P10_C50_CAP_S7001,COMPLETE,,,True
CREATEORDER_V3_C1_F8_P10_C50_CAP_S7002,COMPLETE,,,True
CREATEORDER_V3_C1_F8_P10_C50_CAP_S7003,COMPLETE,,,True
CREATEORDER_V3_C1_F8_P10_C50_CAP_S7004,COMPLETE,,,True
CREATEORDER_V3_C1_F8_P10_C50_CAP_S7005,COMPLETE,,,True
CREATEORDER_V3_C1_F8_P10_C50_CAP_S7006,COMPLETE,,,True
CREATEORDER_V3_C1_F8_P10_C50_CAP_S7007,COMPLETE,,,True
CREATEORDER_V3_C1_F8_P10_C50_CAP_S7008,COMPLETE,,,True
CREATEORDER_V3_C1_F8_P10_C50_CAP_S7009,COMPLETE,,,True
CREATEORDER_V3_C1_F8_P10_C50_S7000,COMPLETE,,,True
CREATEORDER_V3_C1_F8_P10_C50_S7001,COMPLETE,,,True
CREATEORDER_V3_C1_F8_P10_C50_S7002,COMPLETE,,,True
CREATEORDER_V3_C1_F8_P10_C50_S7003,COMPLETE,,,True
CREATEORDER_V3_C1_F8_P10_C50_S7004,COMPLETE,,,True
CREATEORDER_V3_C1_F8_P10_C50_S7005,COMPLETE,,,True
CREATEORDER_V3_C1_F8_P10_C50_S7006,COMPLETE,,,True
CREATEORDER_V3_C1_F8_P10_C50_S7007,COMPLETE,,,True
CREATEORDER_V3_C1_F8_P10_C50_S7008,COMPLETE,,,True
CREATEORDER_V3_C1_F8_P10_C50_S7009,COMPLETE,,,True
CREATEORDER_V3_C1_F8_P1_C10_S7000,COMPLETE,,,True
CREATEORDER_V3_C1_F8_P1_C10_S7001,COMPLETE,,,True
CREATEORDER_V3_C1_F8_P1_C10_S7002,COMPLETE,,,True
CREATEORDER_V3_C1_F8_P1_C10_S7003,COMPLETE,,,True
CREATEORDER_V3_C1_F8_P1_C10_S7004,COMPLETE,,,True
CREATEORDER_V3_C1_F8_P1_C10_S7005,COMPLETE,,,True
CREATEORDER_V3_C1_F8_P1_C10_S7006,COMPLETE,,,True
CREATEORDER_V3_C1_F8_P1_C10_S7007,COMPLETE,,,True
CREATEORDER_V3_C1_F8_P1_C10_S7008,COMPLETE,,,True
CREATEORDER_V3_C1_F8_P1_C10_S7009,COMPLETE,,,True
CREATEORDER_V3_C1_F8_P1_C50_S7000,COMPLETE,,,True
CREATEORDER_V3_C1_F8_P1_C50_S7001,COMPLETE,,,True
CREATEORDER_V3_C1_F8_P1_C50_S7002,COMPLETE,,,True
CREATEORDER_V3_C1_F8_P1_C50_S7003,COMPLETE,,,True
CREATEORDER_V3_C1_F8_P1_C50_S7004,COMPLETE,,,True
CREATEORDER_V3_C1_F8_P1_C50_S7005,COMPLETE,,,True
CREATEORDER_V3_C1_F8_P1_C50_S7006,COMPLETE,,,True
CREATEORDER_V3_C1_F8_P1_C50_S7007,COMPLETE,,,True
CREATEORDER_V3_C1_F8_P1_C50_S7008,COMPLETE,,,True
CREATEORDER_V3_C1_F8_P1_C50_S7009,COMPLETE,,,True
CREATEORDER_V3_C1_F8_P20_C10_S7000,COMPLETE,,,True
CREATEORDER_V3_C1_F8_P20_C10_S7001,COMPLETE,,,True
CREATEORDER_V3_C1_F8_P20_C10_S7002,COMPLETE,,,True
CREATEORDER_V3_C1_F8_P20_C10_S7003,COMPLETE,,,True
CREATEORDER_V3_C1_F8_P20_C10_S7004,COMPLETE,,,True
CREATEORDER_V3_C1_F8_P20_C10_S7005,COMPLETE,,,True
CREATEORDER_V3_C1_F8_P20_C10_S7006,COMPLETE,,,True
CREATEORDER_V3_C1_F8_P20_C10_S7007,COMPLETE,,,True
CREATEORDER_V3_C1_F8_P20_C10_S7008,COMPLETE,,,True
CREATEORDER_V3_C1_F8_P20_C10_S7009,COMPLETE,,,True
CREATEORDER_V3_C1_F8_P20_C50_S7000,COMPLETE,,,True
CREATEORDER_V3_C1_F8_P20_C50_S7001,COMPLETE,,,True
CREATEORDER_V3_C1_F8_P20_C50_S7002,COMPLETE,,,True
CREATEORDER_V3_C1_F8_P20_C50_S7003,COMPLETE,,,True
CREATEORDER_V3_C1_F8_P20_C50_S7004,COMPLETE,,,True
CREATEORDER_V3_C1_F8_P20_C50_S7005,COMPLETE,,,True
CREATEORDER_V3_C1_F8_P20_C50_S7006,COMPLETE,,,True
CREATEORDER_V3_C1_F8_P20_C50_S7007,COMPLETE,,,True
CREATEORDER_V3_C1_F8_P20_C50_S7008,COMPLETE,,,True
CREATEORDER_V3_C1_F8_P20_C50_S7009,COMPLETE,,,True
CREATEORDER_V3_C1_F8_P5_C10_S7000,COMPLETE,,,True
CREATEORDER_V3_C1_F8_P5_C10_S7001,COMPLETE,,,True
CREATEORDER_V3_C1_F8_P5_C10_S7002,COMPLETE,,,True
CREATEORDER_V3_C1_F8_P5_C10_S7003,COMPLETE,,,True
CREATEORDER_V3_C1_F8_P5_C10_S7004,COMPLETE,,,True
CREATEORDER_V3_C1_F8_P5_C10_S7005,COMPLETE,,,True
CREATEORDER_V3_C1_F8_P5_C10_S7006,COMPLETE,,,True
CREATEORDER_V3_C1_F8_P5_C10_S7007,COMPLETE,,,True
CREATEORDER_V3_C1_F8_P5_C10_S7008,COMPLETE,,,True
CREATEORDER_V3_C1_F8_P5_C10_S7009,COMPLETE,,,True
CREATEORDER_V3_C1_F8_P5_C50_S7000,COMPLETE,,,True
CREATEORDER_V3_C1_F8_P5_C50_S7001,COMPLETE,,,True
CREATEORDER_V3_C1_F8_P5_C50_S7002,COMPLETE,,,True
CREATEORDER_V3_C1_F8_P5_C50_S7003,COMPLETE,,,True
CREATEORDER_V3_C1_F8_P5_C50_S7004,COMPLETE,,,True
CREATEORDER_V3_C1_F8_P5_C50_S7005,COMPLETE,,,True
CREATEORDER_V3_C1_F8_P5_C50_S7006,COMPLETE,,,True
CREATEORDER_V3_C1_F8_P5_C50_S7007,COMPLETE,,,True
CREATEORDER_V3_C1_F8_P5_C50_S7008,COMPLETE,,,True
CREATEORDER_V3_C1_F8_P5_C50_S7009,COMPLETE,,,True
CREATEORDER_V3_C1_F9_P10_C10_S7000,COMPLETE,,,True
CREATEORDER_V3_C1_F9_P10_C10_S7001,COMPLETE,,,True
CREATEORDER_V3_C1_F9_P10_C10_S7002,COMPLETE,,,True
CREATEORDER_V3_C1_F9_P10_C10_S7003,COMPLETE,,,True
CREATEORDER_V3_C1_F9_P10_C10_S7004,COMPLETE,,,True
CREATEORDER_V3_C1_F9_P10_C10_S7005,COMPLETE,,,True
CREATEORDER_V3_C1_F9_P10_C10_S7006,COMPLETE,,,True
CREATEORDER_V3_C1_F9_P10_C10_S7007,COMPLETE,,,True
CREATEORDER_V3_C1_F9_P10_C10_S7008,COMPLETE,,,True
CREATEORDER_V3_C1_F9_P10_C10_S7009,COMPLETE,,,True
CREATEORDER_V3_C1_F9_P10_C50_S7000,COMPLETE,,,True
CREATEORDER_V3_C1_F9_P10_C50_S7001,COMPLETE,,,True
CREATEORDER_V3_C1_F9_P10_C50_S7002,COMPLETE,,,True
CREATEORDER_V3_C1_F9_P10_C50_S7003,COMPLETE,,,True
CREATEORDER_V3_C1_F9_P10_C50_S7004,COMPLETE,,,True
CREATEORDER_V3_C1_F9_P10_C50_S7005,COMPLETE,,,True
CREATEORDER_V3_C1_F9_P10_C50_S7006,COMPLETE,,,True
CREATEORDER_V3_C1_F9_P10_C50_S7007,COMPLETE,,,True
CREATEORDER_V3_C1_F9_P10_C50_S7008,COMPLETE,,,True
CREATEORDER_V3_C1_F9_P10_C50_S7009,COMPLETE,,,True
CREATEORDER_V3_C1_F9_P1_C10_S7000,COMPLETE,,,True
CREATEORDER_V3_C1_F9_P1_C10_S7001,COMPLETE,,,True
CREATEORDER_V3_C1_F9_P1_C10_S7002,COMPLETE,,,True
CREATEORDER_V3_C1_F9_P1_C10_S7003,COMPLETE,,,True
CREATEORDER_V3_C1_F9_P1_C10_S7004,COMPLETE,,,True
CREATEORDER_V3_C1_F9_P1_C10_S7005,COMPLETE,,,True
CREATEORDER_V3_C1_F9_P1_C10_S7006,COMPLETE,,,True
CREATEORDER_V3_C1_F9_P1_C10_S7007,COMPLETE,,,True
CREATEORDER_V3_C1_F9_P1_C10_S7008,COMPLETE,,,True
CREATEORDER_V3_C1_F9_P1_C10_S7009,COMPLETE,,,True
CREATEORDER_V3_C1_F9_P1_C50_S7000,COMPLETE,,,True
CREATEORDER_V3_C1_F9_P1_C50_S7001,COMPLETE,,,True
CREATEORDER_V3_C1_F9_P1_C50_S7002,COMPLETE,,,True
CREATEORDER_V3_C1_F9_P1_C50_S7003,COMPLETE,,,True
CREATEORDER_V3_C1_F9_P1_C50_S7004,COMPLETE,,,True
CREATEORDER_V3_C1_F9_P1_C50_S7005,COMPLETE,,,True
CREATEORDER_V3_C1_F9_P1_C50_S7006,COMPLETE,,,True
CREATEORDER_V3_C1_F9_P1_C50_S7007,COMPLETE,,,True
CREATEORDER_V3_C1_F9_P1_C50_S7008,COMPLETE,,,True
CREATEORDER_V3_C1_F9_P1_C50_S7009,COMPLETE,,,True
CREATEORDER_V3_C1_F9_P20_C10_S7000,COMPLETE,,,True
CREATEORDER_V3_C1_F9_P20_C10_S7001,COMPLETE,,,True
CREATEORDER_V3_C1_F9_P20_C10_S7002,COMPLETE,,,True
CREATEORDER_V3_C1_F9_P20_C10_S7003,COMPLETE,,,True
CREATEORDER_V3_C1_F9_P20_C10_S7004,COMPLETE,,,True
CREATEORDER_V3_C1_F9_P20_C10_S7005,COMPLETE,,,True
CREATEORDER_V3_C1_F9_P20_C10_S7006,COMPLETE,,,True
CREATEORDER_V3_C1_F9_P20_C10_S7007,COMPLETE,,,True
CREATEORDER_V3_C1_F9_P20_C10_S7008,COMPLETE,,,True
CREATEORDER_V3_C1_F9_P20_C10_S7009,COMPLETE,,,True
CREATEORDER_V3_C1_F9_P20_C50_S7000,COMPLETE,,,True
CREATEORDER_V3_C1_F9_P20_C50_S7001,COMPLETE,,,True
CREATEORDER_V3_C1_F9_P20_C50_S7002,COMPLETE,,,True
CREATEORDER_V3_C1_F9_P20_C50_S7003,COMPLETE,,,True
CREATEORDER_V3_C1_F9_P20_C50_S7004,COMPLETE,,,True
CREATEORDER_V3_C1_F9_P20_C50_S7005,COMPLETE,,,True
CREATEORDER_V3_C1_F9_P20_C50_S7006,COMPLETE,,,True
CREATEORDER_V3_C1_F9_P20_C50_S7007,COMPLETE,,,True
CREATEORDER_V3_C1_F9_P20_C50_S7008,COMPLETE,,,True
CREATEORDER_V3_C1_F9_P20_C50_S7009,COMPLETE,,,True
CREATEORDER_V3_C1_F9_P5_C10_S7000,COMPLETE,,,True
CREATEORDER_V3_C1_F9_P5_C10_S7001,COMPLETE,,,True
CREATEORDER_V3_C1_F9_P5_C10_S7002,COMPLETE,,,True
CREATEORDER_V3_C1_F9_P5_C10_S7003,COMPLETE,,,True
CREATEORDER_V3_C1_F9_P5_C10_S7004,COMPLETE,,,True
CREATEORDER_V3_C1_F9_P5_C10_S7005,COMPLETE,,,True
CREATEORDER_V3_C1_F9_P5_C10_S7006,COMPLETE,,,True
CREATEORDER_V3_C1_F9_P5_C10_S7007,COMPLETE,,,True
CREATEORDER_V3_C1_F9_P5_C10_S7008,COMPLETE,,,True
CREATEORDER_V3_C1_F9_P5_C10_S7009,COMPLETE,,,True
CREATEORDER_V3_C1_F9_P5_C50_S7000,COMPLETE,,,True
CREATEORDER_V3_C1_F9_P5_C50_S7001,COMPLETE,,,True
CREATEORDER_V3_C1_F9_P5_C50_S7002,COMPLETE,,,True
CREATEORDER_V3_C1_F9_P5_C50_S7003,COMPLETE,,,True
CREATEORDER_V3_C1_F9_P5_C50_S7004,COMPLETE,,,True
CREATEORDER_V3_C1_F9_P5_C50_S7005,COMPLETE,,,True
CREATEORDER_V3_C1_F9_P5_C50_S7006,COMPLETE,,,True
CREATEORDER_V3_C1_F9_P5_C50_S7007,COMPLETE,,,True
CREATEORDER_V3_C1_F9_P5_C50_S7008,COMPLETE,,,True
CREATEORDER_V3_C1_F9_P5_C50_S7009,COMPLETE,,,True
CREATEORDER_V3_C2_F3_P10_C50_CAP_S7000,COMPLETE,,,True
CREATEORDER_V3_C2_F3_P10_C50_CAP_S7001,COMPLETE,,,True
CREATEORDER_V3_C2_F3_P10_C50_CAP_S7002,COMPLETE,,,True
CREATEORDER_V3_C2_F3_P10_C50_CAP_S7003,COMPLETE,,,True
CREATEORDER_V3_C2_F3_P10_C50_CAP_S7004,COMPLETE,,,True
CREATEORDER_V3_C2_F3_P10_C50_CAP_S7005,COMPLETE,,,True
CREATEORDER_V3_C2_F3_P10_C50_CAP_S7006,COMPLETE,,,True
CREATEORDER_V3_C2_F3_P10_C50_CAP_S7007,COMPLETE,,,True
CREATEORDER_V3_C2_F3_P10_C50_CAP_S7008,COMPLETE,,,True
CREATEORDER_V3_C2_F3_P10_C50_CAP_S7009,COMPLETE,,,True
CREATEORDER_V3_C2_F8_P10_C50_CAP_S7000,COMPLETE,,,True
CREATEORDER_V3_C2_F8_P10_C50_CAP_S7001,COMPLETE,,,True
CREATEORDER_V3_C2_F8_P10_C50_CAP_S7002,COMPLETE,,,True
CREATEORDER_V3_C2_F8_P10_C50_CAP_S7003,COMPLETE,,,True
CREATEORDER_V3_C2_F8_P10_C50_CAP_S7004,COMPLETE,,,True
CREATEORDER_V3_C2_F8_P10_C50_CAP_S7005,COMPLETE,,,True
CREATEORDER_V3_C2_F8_P10_C50_CAP_S7006,COMPLETE,,,True
CREATEORDER_V3_C2_F8_P10_C50_CAP_S7007,COMPLETE,,,True
CREATEORDER_V3_C2_F8_P10_C50_CAP_S7008,COMPLETE,,,True
CREATEORDER_V3_C2_F8_P10_C50_CAP_S7009,COMPLETE,,,True
CREATEORDER_V4_C0_F3_P10_C50_CAP_S7000,COMPLETE,,,True
CREATEORDER_V4_C0_F3_P10_C50_CAP_S7001,COMPLETE,,,True
CREATEORDER_V4_C0_F3_P10_C50_CAP_S7002,COMPLETE,,,True
CREATEORDER_V4_C0_F3_P10_C50_CAP_S7003,COMPLETE,,,True
CREATEORDER_V4_C0_F3_P10_C50_CAP_S7004,COMPLETE,,,True
CREATEORDER_V4_C0_F3_P10_C50_CAP_S7005,COMPLETE,,,True
CREATEORDER_V4_C0_F3_P10_C50_CAP_S7006,COMPLETE,,,True
CREATEORDER_V4_C0_F3_P10_C50_CAP_S7007,COMPLETE,,,True
CREATEORDER_V4_C0_F3_P10_C50_CAP_S7008,COMPLETE,,,True
CREATEORDER_V4_C0_F3_P10_C50_CAP_S7009,COMPLETE,,,True
CREATEORDER_V4_C0_F8_P10_C50_CAP_S7000,COMPLETE,,,True
CREATEORDER_V4_C0_F8_P10_C50_CAP_S7001,COMPLETE,,,True
CREATEORDER_V4_C0_F8_P10_C50_CAP_S7002,COMPLETE,,,True
CREATEORDER_V4_C0_F8_P10_C50_CAP_S7003,COMPLETE,,,True
CREATEORDER_V4_C0_F8_P10_C50_CAP_S7004,COMPLETE,,,True
CREATEORDER_V4_C0_F8_P10_C50_CAP_S7005,COMPLETE,,,True
CREATEORDER_V4_C0_F8_P10_C50_CAP_S7006,COMPLETE,,,True
CREATEORDER_V4_C0_F8_P10_C50_CAP_S7007,COMPLETE,,,True
CREATEORDER_V4_C0_F8_P10_C50_CAP_S7008,COMPLETE,,,True
CREATEORDER_V4_C0_F8_P10_C50_CAP_S7009,COMPLETE,,,True
CREATEORDER_V4_C1_F0_P0_C100_S7000,COMPLETE,,,True
CREATEORDER_V4_C1_F0_P0_C100_S7001,COMPLETE,,,True
CREATEORDER_V4_C1_F0_P0_C100_S7002,COMPLETE,,,True
CREATEORDER_V4_C1_F0_P0_C100_S7003,COMPLETE,,,True
CREATEORDER_V4_C1_F0_P0_C100_S7004,COMPLETE,,,True
CREATEORDER_V4_C1_F0_P0_C100_S7005,COMPLETE,,,True
CREATEORDER_V4_C1_F0_P0_C100_S7006,COMPLETE,,,True
CREATEORDER_V4_C1_F0_P0_C100_S7007,COMPLETE,,,True
CREATEORDER_V4_C1_F0_P0_C100_S7008,COMPLETE,,,True
CREATEORDER_V4_C1_F0_P0_C100_S7009,COMPLETE,,,True
CREATEORDER_V4_C1_F0_P0_C10_S7000,COMPLETE,,,True
CREATEORDER_V4_C1_F0_P0_C10_S7001,COMPLETE,,,True
CREATEORDER_V4_C1_F0_P0_C10_S7002,COMPLETE,,,True
CREATEORDER_V4_C1_F0_P0_C10_S7003,COMPLETE,,,True
CREATEORDER_V4_C1_F0_P0_C10_S7004,COMPLETE,,,True
CREATEORDER_V4_C1_F0_P0_C10_S7005,COMPLETE,,,True
CREATEORDER_V4_C1_F0_P0_C10_S7006,COMPLETE,,,True
CREATEORDER_V4_C1_F0_P0_C10_S7007,COMPLETE,,,True
CREATEORDER_V4_C1_F0_P0_C10_S7008,COMPLETE,,,True
CREATEORDER_V4_C1_F0_P0_C10_S7009,COMPLETE,,,True
CREATEORDER_V4_C1_F0_P0_C1_S7000,COMPLETE,,,True
CREATEORDER_V4_C1_F0_P0_C1_S7001,COMPLETE,,,True
CREATEORDER_V4_C1_F0_P0_C1_S7002,COMPLETE,,,True
CREATEORDER_V4_C1_F0_P0_C1_S7003,COMPLETE,,,True
CREATEORDER_V4_C1_F0_P0_C1_S7004,COMPLETE,,,True
CREATEORDER_V4_C1_F0_P0_C1_S7005,COMPLETE,,,True
CREATEORDER_V4_C1_F0_P0_C1_S7006,COMPLETE,,,True
CREATEORDER_V4_C1_F0_P0_C1_S7007,COMPLETE,,,True
CREATEORDER_V4_C1_F0_P0_C1_S7008,COMPLETE,,,True
CREATEORDER_V4_C1_F0_P0_C1_S7009,COMPLETE,,,True
CREATEORDER_V4_C1_F0_P0_C50_S7000,COMPLETE,,,True
CREATEORDER_V4_C1_F0_P0_C50_S7001,COMPLETE,,,True
CREATEORDER_V4_C1_F0_P0_C50_S7002,COMPLETE,,,True
CREATEORDER_V4_C1_F0_P0_C50_S7003,COMPLETE,,,True
CREATEORDER_V4_C1_F0_P0_C50_S7004,COMPLETE,,,True
CREATEORDER_V4_C1_F0_P0_C50_S7005,COMPLETE,,,True
CREATEORDER_V4_C1_F0_P0_C50_S7006,COMPLETE,,,True
CREATEORDER_V4_C1_F0_P0_C50_S7007,COMPLETE,,,True
CREATEORDER_V4_C1_F0_P0_C50_S7008,COMPLETE,,,True
CREATEORDER_V4_C1_F0_P0_C50_S7009,COMPLETE,,,True
CREATEORDER_V4_C1_F11_P0_C50_FAN10_S7000,COMPLETE,,,True
CREATEORDER_V4_C1_F11_P0_C50_FAN10_S7001,COMPLETE,,,True
CREATEORDER_V4_C1_F11_P0_C50_FAN10_S7002,COMPLETE,,,True
CREATEORDER_V4_C1_F11_P0_C50_FAN10_S7003,COMPLETE,,,True
CREATEORDER_V4_C1_F11_P0_C50_FAN10_S7004,COMPLETE,,,True
CREATEORDER_V4_C1_F11_P0_C50_FAN10_S7005,COMPLETE,,,True
CREATEORDER_V4_C1_F11_P0_C50_FAN10_S7006,COMPLETE,,,True
CREATEORDER_V4_C1_F11_P0_C50_FAN10_S7007,COMPLETE,,,True
CREATEORDER_V4_C1_F11_P0_C50_FAN10_S7008,COMPLETE,,,True
CREATEORDER_V4_C1_F11_P0_C50_FAN10_S7009,COMPLETE,,,True
CREATEORDER_V4_C1_F11_P0_C50_FAN2_S7000,COMPLETE,,,True
CREATEORDER_V4_C1_F11_P0_C50_FAN2_S7001,COMPLETE,,,True
CREATEORDER_V4_C1_F11_P0_C50_FAN2_S7002,COMPLETE,,,True
CREATEORDER_V4_C1_F11_P0_C50_FAN2_S7003,COMPLETE,,,True
CREATEORDER_V4_C1_F11_P0_C50_FAN2_S7004,COMPLETE,,,True
CREATEORDER_V4_C1_F11_P0_C50_FAN2_S7005,COMPLETE,,,True
CREATEORDER_V4_C1_F11_P0_C50_FAN2_S7006,COMPLETE,,,True
CREATEORDER_V4_C1_F11_P0_C50_FAN2_S7007,COMPLETE,,,True
CREATEORDER_V4_C1_F11_P0_C50_FAN2_S7008,COMPLETE,,,True
CREATEORDER_V4_C1_F11_P0_C50_FAN2_S7009,COMPLETE,,,True
CREATEORDER_V4_C1_F11_P0_C50_FAN5_S7000,COMPLETE,,,True
CREATEORDER_V4_C1_F11_P0_C50_FAN5_S7001,COMPLETE,,,True
CREATEORDER_V4_C1_F11_P0_C50_FAN5_S7002,COMPLETE,,,True
CREATEORDER_V4_C1_F11_P0_C50_FAN5_S7003,COMPLETE,,,True
CREATEORDER_V4_C1_F11_P0_C50_FAN5_S7004,COMPLETE,,,True
CREATEORDER_V4_C1_F11_P0_C50_FAN5_S7005,COMPLETE,,,True
CREATEORDER_V4_C1_F11_P0_C50_FAN5_S7006,COMPLETE,,,True
CREATEORDER_V4_C1_F11_P0_C50_FAN5_S7007,COMPLETE,,,True
CREATEORDER_V4_C1_F11_P0_C50_FAN5_S7008,COMPLETE,,,True
CREATEORDER_V4_C1_F11_P0_C50_FAN5_S7009,COMPLETE,,,True
CREATEORDER_V4_C1_F1_P10_C50_S7000,COMPLETE,,,True
CREATEORDER_V4_C1_F1_P10_C50_S7001,COMPLETE,,,True
CREATEORDER_V4_C1_F1_P10_C50_S7002,COMPLETE,,,True
CREATEORDER_V4_C1_F1_P10_C50_S7003,COMPLETE,,,True
CREATEORDER_V4_C1_F1_P10_C50_S7004,COMPLETE,,,True
CREATEORDER_V4_C1_F1_P10_C50_S7005,COMPLETE,,,True
CREATEORDER_V4_C1_F1_P10_C50_S7006,COMPLETE,,,True
CREATEORDER_V4_C1_F1_P10_C50_S7007,COMPLETE,,,True
CREATEORDER_V4_C1_F1_P10_C50_S7008,COMPLETE,,,True
CREATEORDER_V4_C1_F1_P10_C50_S7009,COMPLETE,,,True
CREATEORDER_V4_C1_F2_P10_C50_S7000,COMPLETE,,,True
CREATEORDER_V4_C1_F2_P10_C50_S7001,COMPLETE,,,True
CREATEORDER_V4_C1_F2_P10_C50_S7002,COMPLETE,,,True
CREATEORDER_V4_C1_F2_P10_C50_S7003,COMPLETE,,,True
CREATEORDER_V4_C1_F2_P10_C50_S7004,COMPLETE,,,True
CREATEORDER_V4_C1_F2_P10_C50_S7005,COMPLETE,,,True
CREATEORDER_V4_C1_F2_P10_C50_S7006,COMPLETE,,,True
CREATEORDER_V4_C1_F2_P10_C50_S7007,COMPLETE,,,True
CREATEORDER_V4_C1_F2_P10_C50_S7008,COMPLETE,,,True
CREATEORDER_V4_C1_F2_P10_C50_S7009,COMPLETE,,,True
CREATEORDER_V4_C1_F3_P10_C10_S7000,COMPLETE,,,True
CREATEORDER_V4_C1_F3_P10_C10_S7001,COMPLETE,,,True
CREATEORDER_V4_C1_F3_P10_C10_S7002,COMPLETE,,,True
CREATEORDER_V4_C1_F3_P10_C10_S7003,COMPLETE,,,True
CREATEORDER_V4_C1_F3_P10_C10_S7004,COMPLETE,,,True
CREATEORDER_V4_C1_F3_P10_C10_S7005,COMPLETE,,,True
CREATEORDER_V4_C1_F3_P10_C10_S7006,COMPLETE,,,True
CREATEORDER_V4_C1_F3_P10_C10_S7007,COMPLETE,,,True
CREATEORDER_V4_C1_F3_P10_C10_S7008,COMPLETE,,,True
CREATEORDER_V4_C1_F3_P10_C10_S7009,COMPLETE,,,True
CREATEORDER_V4_C1_F3_P10_C50_CAP_S7000,COMPLETE,,,True
CREATEORDER_V4_C1_F3_P10_C50_CAP_S7001,COMPLETE,,,True
CREATEORDER_V4_C1_F3_P10_C50_CAP_S7002,COMPLETE,,,True
CREATEORDER_V4_C1_F3_P10_C50_CAP_S7003,COMPLETE,,,True
CREATEORDER_V4_C1_F3_P10_C50_CAP_S7004,COMPLETE,,,True
CREATEORDER_V4_C1_F3_P10_C50_CAP_S7005,COMPLETE,,,True
CREATEORDER_V4_C1_F3_P10_C50_CAP_S7006,COMPLETE,,,True
CREATEORDER_V4_C1_F3_P10_C50_CAP_S7007,COMPLETE,,,True
CREATEORDER_V4_C1_F3_P10_C50_CAP_S7008,COMPLETE,,,True
CREATEORDER_V4_C1_F3_P10_C50_CAP_S7009,COMPLETE,,,True
CREATEORDER_V4_C1_F3_P10_C50_S7000,COMPLETE,,,True
CREATEORDER_V4_C1_F3_P10_C50_S7001,COMPLETE,,,True
CREATEORDER_V4_C1_F3_P10_C50_S7002,COMPLETE,,,True
CREATEORDER_V4_C1_F3_P10_C50_S7003,COMPLETE,,,True
CREATEORDER_V4_C1_F3_P10_C50_S7004,COMPLETE,,,True
CREATEORDER_V4_C1_F3_P10_C50_S7005,COMPLETE,,,True
CREATEORDER_V4_C1_F3_P10_C50_S7006,COMPLETE,,,True
CREATEORDER_V4_C1_F3_P10_C50_S7007,COMPLETE,,,True
CREATEORDER_V4_C1_F3_P10_C50_S7008,COMPLETE,,,True
CREATEORDER_V4_C1_F3_P10_C50_S7009,COMPLETE,,,True
CREATEORDER_V4_C1_F3_P1_C10_S7000,COMPLETE,,,True
CREATEORDER_V4_C1_F3_P1_C10_S7001,COMPLETE,,,True
CREATEORDER_V4_C1_F3_P1_C10_S7002,COMPLETE,,,True
CREATEORDER_V4_C1_F3_P1_C10_S7003,COMPLETE,,,True
CREATEORDER_V4_C1_F3_P1_C10_S7004,COMPLETE,,,True
CREATEORDER_V4_C1_F3_P1_C10_S7005,COMPLETE,,,True
CREATEORDER_V4_C1_F3_P1_C10_S7006,COMPLETE,,,True
CREATEORDER_V4_C1_F3_P1_C10_S7007,COMPLETE,,,True
CREATEORDER_V4_C1_F3_P1_C10_S7008,COMPLETE,,,True
CREATEORDER_V4_C1_F3_P1_C10_S7009,COMPLETE,,,True
CREATEORDER_V4_C1_F3_P1_C50_S7000,COMPLETE,,,True
CREATEORDER_V4_C1_F3_P1_C50_S7001,COMPLETE,,,True
CREATEORDER_V4_C1_F3_P1_C50_S7002,COMPLETE,,,True
CREATEORDER_V4_C1_F3_P1_C50_S7003,COMPLETE,,,True
CREATEORDER_V4_C1_F3_P1_C50_S7004,COMPLETE,,,True
CREATEORDER_V4_C1_F3_P1_C50_S7005,COMPLETE,,,True
CREATEORDER_V4_C1_F3_P1_C50_S7006,COMPLETE,,,True
CREATEORDER_V4_C1_F3_P1_C50_S7007,COMPLETE,,,True
CREATEORDER_V4_C1_F3_P1_C50_S7008,COMPLETE,,,True
CREATEORDER_V4_C1_F3_P1_C50_S7009,COMPLETE,,,True
CREATEORDER_V4_C1_F3_P20_C10_S7000,COMPLETE,,,True
CREATEORDER_V4_C1_F3_P20_C10_S7001,COMPLETE,,,True
CREATEORDER_V4_C1_F3_P20_C10_S7002,COMPLETE,,,True
CREATEORDER_V4_C1_F3_P20_C10_S7003,COMPLETE,,,True
CREATEORDER_V4_C1_F3_P20_C10_S7004,COMPLETE,,,True
CREATEORDER_V4_C1_F3_P20_C10_S7005,COMPLETE,,,True
CREATEORDER_V4_C1_F3_P20_C10_S7006,COMPLETE,,,True
CREATEORDER_V4_C1_F3_P20_C10_S7007,COMPLETE,,,True
CREATEORDER_V4_C1_F3_P20_C10_S7008,COMPLETE,,,True
CREATEORDER_V4_C1_F3_P20_C10_S7009,COMPLETE,,,True
CREATEORDER_V4_C1_F3_P20_C50_S7000,COMPLETE,,,True
CREATEORDER_V4_C1_F3_P20_C50_S7001,COMPLETE,,,True
CREATEORDER_V4_C1_F3_P20_C50_S7002,COMPLETE,,,True
CREATEORDER_V4_C1_F3_P20_C50_S7003,COMPLETE,,,True
CREATEORDER_V4_C1_F3_P20_C50_S7004,COMPLETE,,,True
CREATEORDER_V4_C1_F3_P20_C50_S7005,COMPLETE,,,True
CREATEORDER_V4_C1_F3_P20_C50_S7006,COMPLETE,,,True
CREATEORDER_V4_C1_F3_P20_C50_S7007,COMPLETE,,,True
CREATEORDER_V4_C1_F3_P20_C50_S7008,COMPLETE,,,True
CREATEORDER_V4_C1_F3_P20_C50_S7009,COMPLETE,,,True
CREATEORDER_V4_C1_F3_P5_C10_S7000,COMPLETE,,,True
CREATEORDER_V4_C1_F3_P5_C10_S7001,COMPLETE,,,True
CREATEORDER_V4_C1_F3_P5_C10_S7002,COMPLETE,,,True
CREATEORDER_V4_C1_F3_P5_C10_S7003,COMPLETE,,,True
CREATEORDER_V4_C1_F3_P5_C10_S7004,COMPLETE,,,True
CREATEORDER_V4_C1_F3_P5_C10_S7005,COMPLETE,,,True
CREATEORDER_V4_C1_F3_P5_C10_S7006,COMPLETE,,,True
CREATEORDER_V4_C1_F3_P5_C10_S7007,COMPLETE,,,True
CREATEORDER_V4_C1_F3_P5_C10_S7008,COMPLETE,,,True
CREATEORDER_V4_C1_F3_P5_C10_S7009,COMPLETE,,,True
CREATEORDER_V4_C1_F3_P5_C50_S7000,COMPLETE,,,True
CREATEORDER_V4_C1_F3_P5_C50_S7001,COMPLETE,,,True
CREATEORDER_V4_C1_F3_P5_C50_S7002,COMPLETE,,,True
CREATEORDER_V4_C1_F3_P5_C50_S7003,COMPLETE,,,True
CREATEORDER_V4_C1_F3_P5_C50_S7004,COMPLETE,,,True
CREATEORDER_V4_C1_F3_P5_C50_S7005,COMPLETE,,,True
CREATEORDER_V4_C1_F3_P5_C50_S7006,COMPLETE,,,True
CREATEORDER_V4_C1_F3_P5_C50_S7007,COMPLETE,,,True
CREATEORDER_V4_C1_F3_P5_C50_S7008,COMPLETE,,,True
CREATEORDER_V4_C1_F3_P5_C50_S7009,COMPLETE,,,True
CREATEORDER_V4_C1_F4_P10_C10_S7000,COMPLETE,,,True
CREATEORDER_V4_C1_F4_P10_C10_S7001,COMPLETE,,,True
CREATEORDER_V4_C1_F4_P10_C10_S7002,COMPLETE,,,True
CREATEORDER_V4_C1_F4_P10_C10_S7003,COMPLETE,,,True
CREATEORDER_V4_C1_F4_P10_C10_S7004,COMPLETE,,,True
CREATEORDER_V4_C1_F4_P10_C10_S7005,COMPLETE,,,True
CREATEORDER_V4_C1_F4_P10_C10_S7006,COMPLETE,,,True
CREATEORDER_V4_C1_F4_P10_C10_S7007,COMPLETE,,,True
CREATEORDER_V4_C1_F4_P10_C10_S7008,COMPLETE,,,True
CREATEORDER_V4_C1_F4_P10_C10_S7009,COMPLETE,,,True
CREATEORDER_V4_C1_F4_P10_C50_S7000,COMPLETE,,,True
CREATEORDER_V4_C1_F4_P10_C50_S7001,COMPLETE,,,True
CREATEORDER_V4_C1_F4_P10_C50_S7002,COMPLETE,,,True
CREATEORDER_V4_C1_F4_P10_C50_S7003,COMPLETE,,,True
CREATEORDER_V4_C1_F4_P10_C50_S7004,COMPLETE,,,True
CREATEORDER_V4_C1_F4_P10_C50_S7005,COMPLETE,,,True
CREATEORDER_V4_C1_F4_P10_C50_S7006,COMPLETE,,,True
CREATEORDER_V4_C1_F4_P10_C50_S7007,COMPLETE,,,True
CREATEORDER_V4_C1_F4_P10_C50_S7008,COMPLETE,,,True
CREATEORDER_V4_C1_F4_P10_C50_S7009,COMPLETE,,,True
CREATEORDER_V4_C1_F4_P1_C10_S7000,COMPLETE,,,True
CREATEORDER_V4_C1_F4_P1_C10_S7001,COMPLETE,,,True
CREATEORDER_V4_C1_F4_P1_C10_S7002,COMPLETE,,,True
CREATEORDER_V4_C1_F4_P1_C10_S7003,COMPLETE,,,True
CREATEORDER_V4_C1_F4_P1_C10_S7004,COMPLETE,,,True
CREATEORDER_V4_C1_F4_P1_C10_S7005,COMPLETE,,,True
CREATEORDER_V4_C1_F4_P1_C10_S7006,COMPLETE,,,True
CREATEORDER_V4_C1_F4_P1_C10_S7007,COMPLETE,,,True
CREATEORDER_V4_C1_F4_P1_C10_S7008,COMPLETE,,,True
CREATEORDER_V4_C1_F4_P1_C10_S7009,COMPLETE,,,True
CREATEORDER_V4_C1_F4_P1_C50_S7000,COMPLETE,,,True
CREATEORDER_V4_C1_F4_P1_C50_S7001,COMPLETE,,,True
CREATEORDER_V4_C1_F4_P1_C50_S7002,COMPLETE,,,True
CREATEORDER_V4_C1_F4_P1_C50_S7003,COMPLETE,,,True
CREATEORDER_V4_C1_F4_P1_C50_S7004,COMPLETE,,,True
CREATEORDER_V4_C1_F4_P1_C50_S7005,COMPLETE,,,True
CREATEORDER_V4_C1_F4_P1_C50_S7006,COMPLETE,,,True
CREATEORDER_V4_C1_F4_P1_C50_S7007,COMPLETE,,,True
CREATEORDER_V4_C1_F4_P1_C50_S7008,COMPLETE,,,True
CREATEORDER_V4_C1_F4_P1_C50_S7009,COMPLETE,,,True
CREATEORDER_V4_C1_F4_P20_C10_S7000,COMPLETE,,,True
CREATEORDER_V4_C1_F4_P20_C10_S7001,COMPLETE,,,True
CREATEORDER_V4_C1_F4_P20_C10_S7002,COMPLETE,,,True
CREATEORDER_V4_C1_F4_P20_C10_S7003,COMPLETE,,,True
CREATEORDER_V4_C1_F4_P20_C10_S7004,COMPLETE,,,True
CREATEORDER_V4_C1_F4_P20_C10_S7005,COMPLETE,,,True
CREATEORDER_V4_C1_F4_P20_C10_S7006,COMPLETE,,,True
CREATEORDER_V4_C1_F4_P20_C10_S7007,COMPLETE,,,True
CREATEORDER_V4_C1_F4_P20_C10_S7008,COMPLETE,,,True
CREATEORDER_V4_C1_F4_P20_C10_S7009,COMPLETE,,,True
CREATEORDER_V4_C1_F4_P20_C50_S7000,COMPLETE,,,True
CREATEORDER_V4_C1_F4_P20_C50_S7001,COMPLETE,,,True
CREATEORDER_V4_C1_F4_P20_C50_S7002,COMPLETE,,,True
CREATEORDER_V4_C1_F4_P20_C50_S7003,COMPLETE,,,True
CREATEORDER_V4_C1_F4_P20_C50_S7004,COMPLETE,,,True
CREATEORDER_V4_C1_F4_P20_C50_S7005,COMPLETE,,,True
CREATEORDER_V4_C1_F4_P20_C50_S7006,COMPLETE,,,True
CREATEORDER_V4_C1_F4_P20_C50_S7007,COMPLETE,,,True
CREATEORDER_V4_C1_F4_P20_C50_S7008,COMPLETE,,,True
CREATEORDER_V4_C1_F4_P20_C50_S7009,COMPLETE,,,True
CREATEORDER_V4_C1_F4_P5_C10_S7000,COMPLETE,,,True
CREATEORDER_V4_C1_F4_P5_C10_S7001,COMPLETE,,,True
CREATEORDER_V4_C1_F4_P5_C10_S7002,COMPLETE,,,True
CREATEORDER_V4_C1_F4_P5_C10_S7003,COMPLETE,,,True
CREATEORDER_V4_C1_F4_P5_C10_S7004,COMPLETE,,,True
CREATEORDER_V4_C1_F4_P5_C10_S7005,COMPLETE,,,True
CREATEORDER_V4_C1_F4_P5_C10_S7006,COMPLETE,,,True
CREATEORDER_V4_C1_F4_P5_C10_S7007,COMPLETE,,,True
CREATEORDER_V4_C1_F4_P5_C10_S7008,COMPLETE,,,True
CREATEORDER_V4_C1_F4_P5_C10_S7009,COMPLETE,,,True
CREATEORDER_V4_C1_F4_P5_C50_S7000,COMPLETE,,,True
CREATEORDER_V4_C1_F4_P5_C50_S7001,COMPLETE,,,True
CREATEORDER_V4_C1_F4_P5_C50_S7002,COMPLETE,,,True
CREATEORDER_V4_C1_F4_P5_C50_S7003,COMPLETE,,,True
CREATEORDER_V4_C1_F4_P5_C50_S7004,COMPLETE,,,True
CREATEORDER_V4_C1_F4_P5_C50_S7005,COMPLETE,,,True
CREATEORDER_V4_C1_F4_P5_C50_S7006,COMPLETE,,,True
CREATEORDER_V4_C1_F4_P5_C50_S7007,COMPLETE,,,True
CREATEORDER_V4_C1_F4_P5_C50_S7008,COMPLETE,,,True
CREATEORDER_V4_C1_F4_P5_C50_S7009,COMPLETE,,,True
CREATEORDER_V4_C1_F5_P0_C50_FAN10_S7000,COMPLETE,,,True
CREATEORDER_V4_C1_F5_P0_C50_FAN10_S7001,COMPLETE,,,True
CREATEORDER_V4_C1_F5_P0_C50_FAN10_S7002,COMPLETE,,,True
CREATEORDER_V4_C1_F5_P0_C50_FAN10_S7003,COMPLETE,,,True
CREATEORDER_V4_C1_F5_P0_C50_FAN10_S7004,COMPLETE,,,True
CREATEORDER_V4_C1_F5_P0_C50_FAN10_S7005,COMPLETE,,,True
CREATEORDER_V4_C1_F5_P0_C50_FAN10_S7006,COMPLETE,,,True
CREATEORDER_V4_C1_F5_P0_C50_FAN10_S7007,COMPLETE,,,True
CREATEORDER_V4_C1_F5_P0_C50_FAN10_S7008,COMPLETE,,,True
CREATEORDER_V4_C1_F5_P0_C50_FAN10_S7009,COMPLETE,,,True
CREATEORDER_V4_C1_F5_P0_C50_FAN2_S7000,COMPLETE,,,True
CREATEORDER_V4_C1_F5_P0_C50_FAN2_S7001,COMPLETE,,,True
CREATEORDER_V4_C1_F5_P0_C50_FAN2_S7002,COMPLETE,,,True
CREATEORDER_V4_C1_F5_P0_C50_FAN2_S7003,COMPLETE,,,True
CREATEORDER_V4_C1_F5_P0_C50_FAN2_S7004,COMPLETE,,,True
CREATEORDER_V4_C1_F5_P0_C50_FAN2_S7005,COMPLETE,,,True
CREATEORDER_V4_C1_F5_P0_C50_FAN2_S7006,COMPLETE,,,True
CREATEORDER_V4_C1_F5_P0_C50_FAN2_S7007,COMPLETE,,,True
CREATEORDER_V4_C1_F5_P0_C50_FAN2_S7008,COMPLETE,,,True
CREATEORDER_V4_C1_F5_P0_C50_FAN2_S7009,COMPLETE,,,True
CREATEORDER_V4_C1_F5_P0_C50_FAN5_S7000,COMPLETE,,,True
CREATEORDER_V4_C1_F5_P0_C50_FAN5_S7001,COMPLETE,,,True
CREATEORDER_V4_C1_F5_P0_C50_FAN5_S7002,COMPLETE,,,True
CREATEORDER_V4_C1_F5_P0_C50_FAN5_S7003,COMPLETE,,,True
CREATEORDER_V4_C1_F5_P0_C50_FAN5_S7004,COMPLETE,,,True
CREATEORDER_V4_C1_F5_P0_C50_FAN5_S7005,COMPLETE,,,True
CREATEORDER_V4_C1_F5_P0_C50_FAN5_S7006,COMPLETE,,,True
CREATEORDER_V4_C1_F5_P0_C50_FAN5_S7007,COMPLETE,,,True
CREATEORDER_V4_C1_F5_P0_C50_FAN5_S7008,COMPLETE,,,True
CREATEORDER_V4_C1_F5_P0_C50_FAN5_S7009,COMPLETE,,,True
CREATEORDER_V4_C1_F6_P0_C50_FAN10_S7000,COMPLETE,,,True
CREATEORDER_V4_C1_F6_P0_C50_FAN10_S7001,COMPLETE,,,True
CREATEORDER_V4_C1_F6_P0_C50_FAN10_S7002,COMPLETE,,,True
CREATEORDER_V4_C1_F6_P0_C50_FAN10_S7003,COMPLETE,,,True
CREATEORDER_V4_C1_F6_P0_C50_FAN10_S7004,COMPLETE,,,True
CREATEORDER_V4_C1_F6_P0_C50_FAN10_S7005,COMPLETE,,,True
CREATEORDER_V4_C1_F6_P0_C50_FAN10_S7006,COMPLETE,,,True
CREATEORDER_V4_C1_F6_P0_C50_FAN10_S7007,COMPLETE,,,True
CREATEORDER_V4_C1_F6_P0_C50_FAN10_S7008,COMPLETE,,,True
CREATEORDER_V4_C1_F6_P0_C50_FAN10_S7009,COMPLETE,,,True
CREATEORDER_V4_C1_F6_P0_C50_FAN2_S7000,COMPLETE,,,True
CREATEORDER_V4_C1_F6_P0_C50_FAN2_S7001,COMPLETE,,,True
CREATEORDER_V4_C1_F6_P0_C50_FAN2_S7002,COMPLETE,,,True
CREATEORDER_V4_C1_F6_P0_C50_FAN2_S7003,COMPLETE,,,True
CREATEORDER_V4_C1_F6_P0_C50_FAN2_S7004,COMPLETE,,,True
CREATEORDER_V4_C1_F6_P0_C50_FAN2_S7005,COMPLETE,,,True
CREATEORDER_V4_C1_F6_P0_C50_FAN2_S7006,COMPLETE,,,True
CREATEORDER_V4_C1_F6_P0_C50_FAN2_S7007,COMPLETE,,,True
CREATEORDER_V4_C1_F6_P0_C50_FAN2_S7008,COMPLETE,,,True
CREATEORDER_V4_C1_F6_P0_C50_FAN2_S7009,COMPLETE,,,True
CREATEORDER_V4_C1_F6_P0_C50_FAN5_S7000,COMPLETE,,,True
CREATEORDER_V4_C1_F6_P0_C50_FAN5_S7001,COMPLETE,,,True
CREATEORDER_V4_C1_F6_P0_C50_FAN5_S7002,COMPLETE,,,True
CREATEORDER_V4_C1_F6_P0_C50_FAN5_S7003,COMPLETE,,,True
CREATEORDER_V4_C1_F6_P0_C50_FAN5_S7004,COMPLETE,,,True
CREATEORDER_V4_C1_F6_P0_C50_FAN5_S7005,COMPLETE,,,True
CREATEORDER_V4_C1_F6_P0_C50_FAN5_S7006,COMPLETE,,,True
CREATEORDER_V4_C1_F6_P0_C50_FAN5_S7007,COMPLETE,,,True
CREATEORDER_V4_C1_F6_P0_C50_FAN5_S7008,COMPLETE,,,True
CREATEORDER_V4_C1_F6_P0_C50_FAN5_S7009,COMPLETE,,,True
CREATEORDER_V4_C1_F7_P10_C50_S7000,COMPLETE,,,True
CREATEORDER_V4_C1_F7_P10_C50_S7001,COMPLETE,,,True
CREATEORDER_V4_C1_F7_P10_C50_S7002,COMPLETE,,,True
CREATEORDER_V4_C1_F7_P10_C50_S7003,COMPLETE,,,True
CREATEORDER_V4_C1_F7_P10_C50_S7004,COMPLETE,,,True
CREATEORDER_V4_C1_F7_P10_C50_S7005,COMPLETE,,,True
CREATEORDER_V4_C1_F7_P10_C50_S7006,COMPLETE,,,True
CREATEORDER_V4_C1_F7_P10_C50_S7007,COMPLETE,,,True
CREATEORDER_V4_C1_F7_P10_C50_S7008,COMPLETE,,,True
CREATEORDER_V4_C1_F7_P10_C50_S7009,COMPLETE,,,True
CREATEORDER_V4_C1_F8_P10_C10_S7000,COMPLETE,,,True
CREATEORDER_V4_C1_F8_P10_C10_S7001,COMPLETE,,,True
CREATEORDER_V4_C1_F8_P10_C10_S7002,COMPLETE,,,True
CREATEORDER_V4_C1_F8_P10_C10_S7003,COMPLETE,,,True
CREATEORDER_V4_C1_F8_P10_C10_S7004,COMPLETE,,,True
CREATEORDER_V4_C1_F8_P10_C10_S7005,COMPLETE,,,True
CREATEORDER_V4_C1_F8_P10_C10_S7006,COMPLETE,,,True
CREATEORDER_V4_C1_F8_P10_C10_S7007,COMPLETE,,,True
CREATEORDER_V4_C1_F8_P10_C10_S7008,COMPLETE,,,True
CREATEORDER_V4_C1_F8_P10_C10_S7009,COMPLETE,,,True
CREATEORDER_V4_C1_F8_P10_C50_CAP_S7000,COMPLETE,,,True
CREATEORDER_V4_C1_F8_P10_C50_CAP_S7001,COMPLETE,,,True
CREATEORDER_V4_C1_F8_P10_C50_CAP_S7002,COMPLETE,,,True
CREATEORDER_V4_C1_F8_P10_C50_CAP_S7003,COMPLETE,,,True
CREATEORDER_V4_C1_F8_P10_C50_CAP_S7004,COMPLETE,,,True
CREATEORDER_V4_C1_F8_P10_C50_CAP_S7005,COMPLETE,,,True
CREATEORDER_V4_C1_F8_P10_C50_CAP_S7006,COMPLETE,,,True
CREATEORDER_V4_C1_F8_P10_C50_CAP_S7007,COMPLETE,,,True
CREATEORDER_V4_C1_F8_P10_C50_CAP_S7008,COMPLETE,,,True
CREATEORDER_V4_C1_F8_P10_C50_CAP_S7009,COMPLETE,,,True
CREATEORDER_V4_C1_F8_P10_C50_S7000,COMPLETE,,,True
CREATEORDER_V4_C1_F8_P10_C50_S7001,COMPLETE,,,True
CREATEORDER_V4_C1_F8_P10_C50_S7002,COMPLETE,,,True
CREATEORDER_V4_C1_F8_P10_C50_S7003,COMPLETE,,,True
CREATEORDER_V4_C1_F8_P10_C50_S7004,COMPLETE,,,True
CREATEORDER_V4_C1_F8_P10_C50_S7005,COMPLETE,,,True
CREATEORDER_V4_C1_F8_P10_C50_S7006,COMPLETE,,,True
CREATEORDER_V4_C1_F8_P10_C50_S7007,COMPLETE,,,True
CREATEORDER_V4_C1_F8_P10_C50_S7008,COMPLETE,,,True
CREATEORDER_V4_C1_F8_P10_C50_S7009,COMPLETE,,,True
CREATEORDER_V4_C1_F8_P1_C10_S7000,COMPLETE,,,True
CREATEORDER_V4_C1_F8_P1_C10_S7001,COMPLETE,,,True
CREATEORDER_V4_C1_F8_P1_C10_S7002,COMPLETE,,,True
CREATEORDER_V4_C1_F8_P1_C10_S7003,COMPLETE,,,True
CREATEORDER_V4_C1_F8_P1_C10_S7004,COMPLETE,,,True
CREATEORDER_V4_C1_F8_P1_C10_S7005,COMPLETE,,,True
CREATEORDER_V4_C1_F8_P1_C10_S7006,COMPLETE,,,True
CREATEORDER_V4_C1_F8_P1_C10_S7007,COMPLETE,,,True
CREATEORDER_V4_C1_F8_P1_C10_S7008,COMPLETE,,,True
CREATEORDER_V4_C1_F8_P1_C10_S7009,COMPLETE,,,True
CREATEORDER_V4_C1_F8_P1_C50_S7000,COMPLETE,,,True
CREATEORDER_V4_C1_F8_P1_C50_S7001,COMPLETE,,,True
CREATEORDER_V4_C1_F8_P1_C50_S7002,COMPLETE,,,True
CREATEORDER_V4_C1_F8_P1_C50_S7003,COMPLETE,,,True
CREATEORDER_V4_C1_F8_P1_C50_S7004,COMPLETE,,,True
CREATEORDER_V4_C1_F8_P1_C50_S7005,COMPLETE,,,True
CREATEORDER_V4_C1_F8_P1_C50_S7006,COMPLETE,,,True
CREATEORDER_V4_C1_F8_P1_C50_S7007,COMPLETE,,,True
CREATEORDER_V4_C1_F8_P1_C50_S7008,COMPLETE,,,True
CREATEORDER_V4_C1_F8_P1_C50_S7009,COMPLETE,,,True
CREATEORDER_V4_C1_F8_P20_C10_S7000,COMPLETE,,,True
CREATEORDER_V4_C1_F8_P20_C10_S7001,COMPLETE,,,True
CREATEORDER_V4_C1_F8_P20_C10_S7002,COMPLETE,,,True
CREATEORDER_V4_C1_F8_P20_C10_S7003,COMPLETE,,,True
CREATEORDER_V4_C1_F8_P20_C10_S7004,COMPLETE,,,True
CREATEORDER_V4_C1_F8_P20_C10_S7005,COMPLETE,,,True
CREATEORDER_V4_C1_F8_P20_C10_S7006,COMPLETE,,,True
CREATEORDER_V4_C1_F8_P20_C10_S7007,COMPLETE,,,True
CREATEORDER_V4_C1_F8_P20_C10_S7008,COMPLETE,,,True
CREATEORDER_V4_C1_F8_P20_C10_S7009,COMPLETE,,,True
CREATEORDER_V4_C1_F8_P20_C50_S7000,COMPLETE,,,True
CREATEORDER_V4_C1_F8_P20_C50_S7001,COMPLETE,,,True
CREATEORDER_V4_C1_F8_P20_C50_S7002,COMPLETE,,,True
CREATEORDER_V4_C1_F8_P20_C50_S7003,COMPLETE,,,True
CREATEORDER_V4_C1_F8_P20_C50_S7004,COMPLETE,,,True
CREATEORDER_V4_C1_F8_P20_C50_S7005,COMPLETE,,,True
CREATEORDER_V4_C1_F8_P20_C50_S7006,COMPLETE,,,True
CREATEORDER_V4_C1_F8_P20_C50_S7007,COMPLETE,,,True
CREATEORDER_V4_C1_F8_P20_C50_S7008,COMPLETE,,,True
CREATEORDER_V4_C1_F8_P20_C50_S7009,COMPLETE,,,True
CREATEORDER_V4_C1_F8_P5_C10_S7000,COMPLETE,,,True
CREATEORDER_V4_C1_F8_P5_C10_S7001,COMPLETE,,,True
CREATEORDER_V4_C1_F8_P5_C10_S7002,COMPLETE,,,True
CREATEORDER_V4_C1_F8_P5_C10_S7003,COMPLETE,,,True
CREATEORDER_V4_C1_F8_P5_C10_S7004,COMPLETE,,,True
CREATEORDER_V4_C1_F8_P5_C10_S7005,COMPLETE,,,True
CREATEORDER_V4_C1_F8_P5_C10_S7006,COMPLETE,,,True
CREATEORDER_V4_C1_F8_P5_C10_S7007,COMPLETE,,,True
CREATEORDER_V4_C1_F8_P5_C10_S7008,COMPLETE,,,True
CREATEORDER_V4_C1_F8_P5_C10_S7009,COMPLETE,,,True
CREATEORDER_V4_C1_F8_P5_C50_S7000,COMPLETE,,,True
CREATEORDER_V4_C1_F8_P5_C50_S7001,COMPLETE,,,True
CREATEORDER_V4_C1_F8_P5_C50_S7002,COMPLETE,,,True
CREATEORDER_V4_C1_F8_P5_C50_S7003,COMPLETE,,,True
CREATEORDER_V4_C1_F8_P5_C50_S7004,COMPLETE,,,True
CREATEORDER_V4_C1_F8_P5_C50_S7005,COMPLETE,,,True
CREATEORDER_V4_C1_F8_P5_C50_S7006,COMPLETE,,,True
CREATEORDER_V4_C1_F8_P5_C50_S7007,COMPLETE,,,True
CREATEORDER_V4_C1_F8_P5_C50_S7008,COMPLETE,,,True
CREATEORDER_V4_C1_F8_P5_C50_S7009,COMPLETE,,,True
CREATEORDER_V4_C1_F9_P10_C10_S7000,COMPLETE,,,True
CREATEORDER_V4_C1_F9_P10_C10_S7001,COMPLETE,,,True
CREATEORDER_V4_C1_F9_P10_C10_S7002,COMPLETE,,,True
CREATEORDER_V4_C1_F9_P10_C10_S7003,COMPLETE,,,True
CREATEORDER_V4_C1_F9_P10_C10_S7004,COMPLETE,,,True
CREATEORDER_V4_C1_F9_P10_C10_S7005,COMPLETE,,,True
CREATEORDER_V4_C1_F9_P10_C10_S7006,COMPLETE,,,True
CREATEORDER_V4_C1_F9_P10_C10_S7007,COMPLETE,,,True
CREATEORDER_V4_C1_F9_P10_C10_S7008,COMPLETE,,,True
CREATEORDER_V4_C1_F9_P10_C10_S7009,COMPLETE,,,True
CREATEORDER_V4_C1_F9_P10_C50_S7000,COMPLETE,,,True
CREATEORDER_V4_C1_F9_P10_C50_S7001,COMPLETE,,,True
CREATEORDER_V4_C1_F9_P10_C50_S7002,COMPLETE,,,True
CREATEORDER_V4_C1_F9_P10_C50_S7003,COMPLETE,,,True
CREATEORDER_V4_C1_F9_P10_C50_S7004,COMPLETE,,,True
CREATEORDER_V4_C1_F9_P10_C50_S7005,COMPLETE,,,True
CREATEORDER_V4_C1_F9_P10_C50_S7006,COMPLETE,,,True
CREATEORDER_V4_C1_F9_P10_C50_S7007,COMPLETE,,,True
CREATEORDER_V4_C1_F9_P10_C50_S7008,COMPLETE,,,True
CREATEORDER_V4_C1_F9_P10_C50_S7009,COMPLETE,,,True
CREATEORDER_V4_C1_F9_P1_C10_S7000,COMPLETE,,,True
CREATEORDER_V4_C1_F9_P1_C10_S7001,COMPLETE,,,True
CREATEORDER_V4_C1_F9_P1_C10_S7002,COMPLETE,,,True
CREATEORDER_V4_C1_F9_P1_C10_S7003,COMPLETE,,,True
CREATEORDER_V4_C1_F9_P1_C10_S7004,COMPLETE,,,True
CREATEORDER_V4_C1_F9_P1_C10_S7005,COMPLETE,,,True
CREATEORDER_V4_C1_F9_P1_C10_S7006,COMPLETE,,,True
CREATEORDER_V4_C1_F9_P1_C10_S7007,COMPLETE,,,True
CREATEORDER_V4_C1_F9_P1_C10_S7008,COMPLETE,,,True
CREATEORDER_V4_C1_F9_P1_C10_S7009,COMPLETE,,,True
CREATEORDER_V4_C1_F9_P1_C50_S7000,COMPLETE,,,True
CREATEORDER_V4_C1_F9_P1_C50_S7001,COMPLETE,,,True
CREATEORDER_V4_C1_F9_P1_C50_S7002,COMPLETE,,,True
CREATEORDER_V4_C1_F9_P1_C50_S7003,COMPLETE,,,True
CREATEORDER_V4_C1_F9_P1_C50_S7004,COMPLETE,,,True
CREATEORDER_V4_C1_F9_P1_C50_S7005,COMPLETE,,,True
CREATEORDER_V4_C1_F9_P1_C50_S7006,COMPLETE,,,True
CREATEORDER_V4_C1_F9_P1_C50_S7007,COMPLETE,,,True
CREATEORDER_V4_C1_F9_P1_C50_S7008,COMPLETE,,,True
CREATEORDER_V4_C1_F9_P1_C50_S7009,COMPLETE,,,True
CREATEORDER_V4_C1_F9_P20_C10_S7000,COMPLETE,,,True
CREATEORDER_V4_C1_F9_P20_C10_S7001,COMPLETE,,,True
CREATEORDER_V4_C1_F9_P20_C10_S7002,COMPLETE,,,True
CREATEORDER_V4_C1_F9_P20_C10_S7003,COMPLETE,,,True
CREATEORDER_V4_C1_F9_P20_C10_S7004,COMPLETE,,,True
CREATEORDER_V4_C1_F9_P20_C10_S7005,COMPLETE,,,True
CREATEORDER_V4_C1_F9_P20_C10_S7006,COMPLETE,,,True
CREATEORDER_V4_C1_F9_P20_C10_S7007,COMPLETE,,,True
CREATEORDER_V4_C1_F9_P20_C10_S7008,COMPLETE,,,True
CREATEORDER_V4_C1_F9_P20_C10_S7009,COMPLETE,,,True
CREATEORDER_V4_C1_F9_P20_C50_S7000,COMPLETE,,,True
CREATEORDER_V4_C1_F9_P20_C50_S7001,COMPLETE,,,True
CREATEORDER_V4_C1_F9_P20_C50_S7002,COMPLETE,,,True
CREATEORDER_V4_C1_F9_P20_C50_S7003,COMPLETE,,,True
CREATEORDER_V4_C1_F9_P20_C50_S7004,COMPLETE,,,True
CREATEORDER_V4_C1_F9_P20_C50_S7005,COMPLETE,,,True
CREATEORDER_V4_C1_F9_P20_C50_S7006,COMPLETE,,,True
CREATEORDER_V4_C1_F9_P20_C50_S7007,COMPLETE,,,True
CREATEORDER_V4_C1_F9_P20_C50_S7008,COMPLETE,,,True
CREATEORDER_V4_C1_F9_P20_C50_S7009,COMPLETE,,,True
CREATEORDER_V4_C1_F9_P5_C10_S7000,COMPLETE,,,True
CREATEORDER_V4_C1_F9_P5_C10_S7001,COMPLETE,,,True
CREATEORDER_V4_C1_F9_P5_C10_S7002,COMPLETE,,,True
CREATEORDER_V4_C1_F9_P5_C10_S7003,COMPLETE,,,True
CREATEORDER_V4_C1_F9_P5_C10_S7004,COMPLETE,,,True
CREATEORDER_V4_C1_F9_P5_C10_S7005,COMPLETE,,,True
CREATEORDER_V4_C1_F9_P5_C10_S7006,COMPLETE,,,True
CREATEORDER_V4_C1_F9_P5_C10_S7007,COMPLETE,,,True
CREATEORDER_V4_C1_F9_P5_C10_S7008,COMPLETE,,,True
CREATEORDER_V4_C1_F9_P5_C10_S7009,COMPLETE,,,True
CREATEORDER_V4_C1_F9_P5_C50_S7000,COMPLETE,,,True
CREATEORDER_V4_C1_F9_P5_C50_S7001,COMPLETE,,,True
CREATEORDER_V4_C1_F9_P5_C50_S7002,COMPLETE,,,True
CREATEORDER_V4_C1_F9_P5_C50_S7003,COMPLETE,,,True
CREATEORDER_V4_C1_F9_P5_C50_S7004,COMPLETE,,,True
CREATEORDER_V4_C1_F9_P5_C50_S7005,COMPLETE,,,True
CREATEORDER_V4_C1_F9_P5_C50_S7006,COMPLETE,,,True
CREATEORDER_V4_C1_F9_P5_C50_S7007,COMPLETE,,,True
CREATEORDER_V4_C1_F9_P5_C50_S7008,COMPLETE,,,True
CREATEORDER_V4_C1_F9_P5_C50_S7009,COMPLETE,,,True
CREATEORDER_V4_C2_F3_P10_C50_CAP_S7000,COMPLETE,,,True
CREATEORDER_V4_C2_F3_P10_C50_CAP_S7001,COMPLETE,,,True
CREATEORDER_V4_C2_F3_P10_C50_CAP_S7002,COMPLETE,,,True
CREATEORDER_V4_C2_F3_P10_C50_CAP_S7003,COMPLETE,,,True
CREATEORDER_V4_C2_F3_P10_C50_CAP_S7004,COMPLETE,,,True
CREATEORDER_V4_C2_F3_P10_C50_CAP_S7005,COMPLETE,,,True
CREATEORDER_V4_C2_F3_P10_C50_CAP_S7006,COMPLETE,,,True
CREATEORDER_V4_C2_F3_P10_C50_CAP_S7007,COMPLETE,,,True
CREATEORDER_V4_C2_F3_P10_C50_CAP_S7008,COMPLETE,,,True
CREATEORDER_V4_C2_F3_P10_C50_CAP_S7009,COMPLETE,,,True
CREATEORDER_V4_C2_F8_P10_C50_CAP_S7000,COMPLETE,,,True
CREATEORDER_V4_C2_F8_P10_C50_CAP_S7001,COMPLETE,,,True
CREATEORDER_V4_C2_F8_P10_C50_CAP_S7002,COMPLETE,,,True
CREATEORDER_V4_C2_F8_P10_C50_CAP_S7003,COMPLETE,,,True
CREATEORDER_V4_C2_F8_P10_C50_CAP_S7004,COMPLETE,,,True
CREATEORDER_V4_C2_F8_P10_C50_CAP_S7005,COMPLETE,,,True
CREATEORDER_V4_C2_F8_P10_C50_CAP_S7006,COMPLETE,,,True
CREATEORDER_V4_C2_F8_P10_C50_CAP_S7007,COMPLETE,,,True
CREATEORDER_V4_C2_F8_P10_C50_CAP_S7008,COMPLETE,,,True
CREATEORDER_V4_C2_F8_P10_C50_CAP_S7009,COMPLETE,,,True
CREATEORDER_V5_C0_F3_P10_C50_CAP_S7000,COMPLETE,,,True
CREATEORDER_V5_C0_F3_P10_C50_CAP_S7001,COMPLETE,,,True
CREATEORDER_V5_C0_F3_P10_C50_CAP_S7002,COMPLETE,,,True
CREATEORDER_V5_C0_F3_P10_C50_CAP_S7003,COMPLETE,,,True
CREATEORDER_V5_C0_F3_P10_C50_CAP_S7004,COMPLETE,,,True
CREATEORDER_V5_C0_F3_P10_C50_CAP_S7005,COMPLETE,,,True
CREATEORDER_V5_C0_F3_P10_C50_CAP_S7006,COMPLETE,,,True
CREATEORDER_V5_C0_F3_P10_C50_CAP_S7007,COMPLETE,,,True
CREATEORDER_V5_C0_F3_P10_C50_CAP_S7008,COMPLETE,,,True
CREATEORDER_V5_C0_F3_P10_C50_CAP_S7009,COMPLETE,,,True
CREATEORDER_V5_C0_F8_P10_C50_CAP_S7000,COMPLETE,,,True
CREATEORDER_V5_C0_F8_P10_C50_CAP_S7001,COMPLETE,,,True
CREATEORDER_V5_C0_F8_P10_C50_CAP_S7002,COMPLETE,,,True
CREATEORDER_V5_C0_F8_P10_C50_CAP_S7003,COMPLETE,,,True
CREATEORDER_V5_C0_F8_P10_C50_CAP_S7004,COMPLETE,,,True
CREATEORDER_V5_C0_F8_P10_C50_CAP_S7005,COMPLETE,,,True
CREATEORDER_V5_C0_F8_P10_C50_CAP_S7006,COMPLETE,,,True
CREATEORDER_V5_C0_F8_P10_C50_CAP_S7007,COMPLETE,,,True
CREATEORDER_V5_C0_F8_P10_C50_CAP_S7008,COMPLETE,,,True
CREATEORDER_V5_C0_F8_P10_C50_CAP_S7009,COMPLETE,,,True
CREATEORDER_V5_C1_F3_P10_C50_CAP_S7000,COMPLETE,,,True
CREATEORDER_V5_C1_F3_P10_C50_CAP_S7001,COMPLETE,,,True
CREATEORDER_V5_C1_F3_P10_C50_CAP_S7002,COMPLETE,,,True
CREATEORDER_V5_C1_F3_P10_C50_CAP_S7003,COMPLETE,,,True
CREATEORDER_V5_C1_F3_P10_C50_CAP_S7004,COMPLETE,,,True
CREATEORDER_V5_C1_F3_P10_C50_CAP_S7005,COMPLETE,,,True
CREATEORDER_V5_C1_F3_P10_C50_CAP_S7006,COMPLETE,,,True
CREATEORDER_V5_C1_F3_P10_C50_CAP_S7007,COMPLETE,,,True
CREATEORDER_V5_C1_F3_P10_C50_CAP_S7008,COMPLETE,,,True
CREATEORDER_V5_C1_F3_P10_C50_CAP_S7009,COMPLETE,,,True
CREATEORDER_V5_C1_F8_P10_C50_CAP_S7000,COMPLETE,,,True
CREATEORDER_V5_C1_F8_P10_C50_CAP_S7001,COMPLETE,,,True
CREATEORDER_V5_C1_F8_P10_C50_CAP_S7002,COMPLETE,,,True
CREATEORDER_V5_C1_F8_P10_C50_CAP_S7003,COMPLETE,,,True
CREATEORDER_V5_C1_F8_P10_C50_CAP_S7004,COMPLETE,,,True
CREATEORDER_V5_C1_F8_P10_C50_CAP_S7005,COMPLETE,,,True
CREATEORDER_V5_C1_F8_P10_C50_CAP_S7006,COMPLETE,,,True
CREATEORDER_V5_C1_F8_P10_C50_CAP_S7007,COMPLETE,,,True
CREATEORDER_V5_C1_F8_P10_C50_CAP_S7008,COMPLETE,,,True
CREATEORDER_V5_C1_F8_P10_C50_CAP_S7009,COMPLETE,,,True
CREATEORDER_V5_C2_F0_P0_C100_S7000,COMPLETE,,,True
CREATEORDER_V5_C2_F0_P0_C100_S7001,COMPLETE,,,True
CREATEORDER_V5_C2_F0_P0_C100_S7002,COMPLETE,,,True
CREATEORDER_V5_C2_F0_P0_C100_S7003,COMPLETE,,,True
CREATEORDER_V5_C2_F0_P0_C100_S7004,COMPLETE,,,True
CREATEORDER_V5_C2_F0_P0_C100_S7005,COMPLETE,,,True
CREATEORDER_V5_C2_F0_P0_C100_S7006,COMPLETE,,,True
CREATEORDER_V5_C2_F0_P0_C100_S7007,COMPLETE,,,True
CREATEORDER_V5_C2_F0_P0_C100_S7008,COMPLETE,,,True
CREATEORDER_V5_C2_F0_P0_C100_S7009,COMPLETE,,,True
CREATEORDER_V5_C2_F0_P0_C10_S7000,COMPLETE,,,True
CREATEORDER_V5_C2_F0_P0_C10_S7001,COMPLETE,,,True
CREATEORDER_V5_C2_F0_P0_C10_S7002,COMPLETE,,,True
CREATEORDER_V5_C2_F0_P0_C10_S7003,COMPLETE,,,True
CREATEORDER_V5_C2_F0_P0_C10_S7004,COMPLETE,,,True
CREATEORDER_V5_C2_F0_P0_C10_S7005,COMPLETE,,,True
CREATEORDER_V5_C2_F0_P0_C10_S7006,COMPLETE,,,True
CREATEORDER_V5_C2_F0_P0_C10_S7007,COMPLETE,,,True
CREATEORDER_V5_C2_F0_P0_C10_S7008,COMPLETE,,,True
CREATEORDER_V5_C2_F0_P0_C10_S7009,COMPLETE,,,True
CREATEORDER_V5_C2_F0_P0_C1_S7000,COMPLETE,,,True
CREATEORDER_V5_C2_F0_P0_C1_S7001,COMPLETE,,,True
CREATEORDER_V5_C2_F0_P0_C1_S7002,COMPLETE,,,True
CREATEORDER_V5_C2_F0_P0_C1_S7003,COMPLETE,,,True
CREATEORDER_V5_C2_F0_P0_C1_S7004,COMPLETE,,,True
CREATEORDER_V5_C2_F0_P0_C1_S7005,COMPLETE,,,True
CREATEORDER_V5_C2_F0_P0_C1_S7006,COMPLETE,,,True
CREATEORDER_V5_C2_F0_P0_C1_S7007,COMPLETE,,,True
CREATEORDER_V5_C2_F0_P0_C1_S7008,COMPLETE,,,True
CREATEORDER_V5_C2_F0_P0_C1_S7009,COMPLETE,,,True
CREATEORDER_V5_C2_F0_P0_C50_S7000,COMPLETE,,,True
CREATEORDER_V5_C2_F0_P0_C50_S7001,COMPLETE,,,True
CREATEORDER_V5_C2_F0_P0_C50_S7002,COMPLETE,,,True
CREATEORDER_V5_C2_F0_P0_C50_S7003,COMPLETE,,,True
CREATEORDER_V5_C2_F0_P0_C50_S7004,COMPLETE,,,True
CREATEORDER_V5_C2_F0_P0_C50_S7005,COMPLETE,,,True
CREATEORDER_V5_C2_F0_P0_C50_S7006,COMPLETE,,,True
CREATEORDER_V5_C2_F0_P0_C50_S7007,COMPLETE,,,True
CREATEORDER_V5_C2_F0_P0_C50_S7008,COMPLETE,,,True
CREATEORDER_V5_C2_F0_P0_C50_S7009,COMPLETE,,,True
CREATEORDER_V5_C2_F11_P0_C50_FAN10_S7000,COMPLETE,,,True
CREATEORDER_V5_C2_F11_P0_C50_FAN10_S7001,COMPLETE,,,True
CREATEORDER_V5_C2_F11_P0_C50_FAN10_S7002,COMPLETE,,,True
CREATEORDER_V5_C2_F11_P0_C50_FAN10_S7003,COMPLETE,,,True
CREATEORDER_V5_C2_F11_P0_C50_FAN10_S7004,COMPLETE,,,True
CREATEORDER_V5_C2_F11_P0_C50_FAN10_S7005,COMPLETE,,,True
CREATEORDER_V5_C2_F11_P0_C50_FAN10_S7006,COMPLETE,,,True
CREATEORDER_V5_C2_F11_P0_C50_FAN10_S7007,COMPLETE,,,True
CREATEORDER_V5_C2_F11_P0_C50_FAN10_S7008,COMPLETE,,,True
CREATEORDER_V5_C2_F11_P0_C50_FAN10_S7009,COMPLETE,,,True
CREATEORDER_V5_C2_F11_P0_C50_FAN2_S7000,COMPLETE,,,True
CREATEORDER_V5_C2_F11_P0_C50_FAN2_S7001,COMPLETE,,,True
CREATEORDER_V5_C2_F11_P0_C50_FAN2_S7002,COMPLETE,,,True
CREATEORDER_V5_C2_F11_P0_C50_FAN2_S7003,COMPLETE,,,True
CREATEORDER_V5_C2_F11_P0_C50_FAN2_S7004,COMPLETE,,,True
CREATEORDER_V5_C2_F11_P0_C50_FAN2_S7005,COMPLETE,,,True
CREATEORDER_V5_C2_F11_P0_C50_FAN2_S7006,COMPLETE,,,True
CREATEORDER_V5_C2_F11_P0_C50_FAN2_S7007,COMPLETE,,,True
CREATEORDER_V5_C2_F11_P0_C50_FAN2_S7008,COMPLETE,,,True
CREATEORDER_V5_C2_F11_P0_C50_FAN2_S7009,COMPLETE,,,True
CREATEORDER_V5_C2_F11_P0_C50_FAN5_S7000,COMPLETE,,,True
CREATEORDER_V5_C2_F11_P0_C50_FAN5_S7001,COMPLETE,,,True
CREATEORDER_V5_C2_F11_P0_C50_FAN5_S7002,COMPLETE,,,True
CREATEORDER_V5_C2_F11_P0_C50_FAN5_S7003,COMPLETE,,,True
CREATEORDER_V5_C2_F11_P0_C50_FAN5_S7004,COMPLETE,,,True
CREATEORDER_V5_C2_F11_P0_C50_FAN5_S7005,COMPLETE,,,True
CREATEORDER_V5_C2_F11_P0_C50_FAN5_S7006,COMPLETE,,,True
CREATEORDER_V5_C2_F11_P0_C50_FAN5_S7007,COMPLETE,,,True
CREATEORDER_V5_C2_F11_P0_C50_FAN5_S7008,COMPLETE,,,True
CREATEORDER_V5_C2_F11_P0_C50_FAN5_S7009,COMPLETE,,,True
CREATEORDER_V5_C2_F1_P10_C50_S7000,COMPLETE,,,True
CREATEORDER_V5_C2_F1_P10_C50_S7001,COMPLETE,,,True
CREATEORDER_V5_C2_F1_P10_C50_S7002,COMPLETE,,,True
CREATEORDER_V5_C2_F1_P10_C50_S7003,COMPLETE,,,True
CREATEORDER_V5_C2_F1_P10_C50_S7004,COMPLETE,,,True
CREATEORDER_V5_C2_F1_P10_C50_S7005,COMPLETE,,,True
CREATEORDER_V5_C2_F1_P10_C50_S7006,COMPLETE,,,True
CREATEORDER_V5_C2_F1_P10_C50_S7007,COMPLETE,,,True
CREATEORDER_V5_C2_F1_P10_C50_S7008,COMPLETE,,,True
CREATEORDER_V5_C2_F1_P10_C50_S7009,COMPLETE,,,True
CREATEORDER_V5_C2_F2_P10_C50_S7000,COMPLETE,,,True
CREATEORDER_V5_C2_F2_P10_C50_S7001,COMPLETE,,,True
CREATEORDER_V5_C2_F2_P10_C50_S7002,COMPLETE,,,True
CREATEORDER_V5_C2_F2_P10_C50_S7003,COMPLETE,,,True
CREATEORDER_V5_C2_F2_P10_C50_S7004,COMPLETE,,,True
CREATEORDER_V5_C2_F2_P10_C50_S7005,COMPLETE,,,True
CREATEORDER_V5_C2_F2_P10_C50_S7006,COMPLETE,,,True
CREATEORDER_V5_C2_F2_P10_C50_S7007,COMPLETE,,,True
CREATEORDER_V5_C2_F2_P10_C50_S7008,COMPLETE,,,True
CREATEORDER_V5_C2_F2_P10_C50_S7009,COMPLETE,,,True
CREATEORDER_V5_C2_F3_P10_C10_S7000,COMPLETE,,,True
CREATEORDER_V5_C2_F3_P10_C10_S7001,COMPLETE,,,True
CREATEORDER_V5_C2_F3_P10_C10_S7002,COMPLETE,,,True
CREATEORDER_V5_C2_F3_P10_C10_S7003,COMPLETE,,,True
CREATEORDER_V5_C2_F3_P10_C10_S7004,COMPLETE,,,True
CREATEORDER_V5_C2_F3_P10_C10_S7005,COMPLETE,,,True
CREATEORDER_V5_C2_F3_P10_C10_S7006,COMPLETE,,,True
CREATEORDER_V5_C2_F3_P10_C10_S7007,COMPLETE,,,True
CREATEORDER_V5_C2_F3_P10_C10_S7008,COMPLETE,,,True
CREATEORDER_V5_C2_F3_P10_C10_S7009,COMPLETE,,,True
CREATEORDER_V5_C2_F3_P10_C50_CAP_S7000,COMPLETE,,,True
CREATEORDER_V5_C2_F3_P10_C50_CAP_S7001,COMPLETE,,,True
CREATEORDER_V5_C2_F3_P10_C50_CAP_S7002,COMPLETE,,,True
CREATEORDER_V5_C2_F3_P10_C50_CAP_S7003,COMPLETE,,,True
CREATEORDER_V5_C2_F3_P10_C50_CAP_S7004,COMPLETE,,,True
CREATEORDER_V5_C2_F3_P10_C50_CAP_S7005,COMPLETE,,,True
CREATEORDER_V5_C2_F3_P10_C50_CAP_S7006,COMPLETE,,,True
CREATEORDER_V5_C2_F3_P10_C50_CAP_S7007,COMPLETE,,,True
CREATEORDER_V5_C2_F3_P10_C50_CAP_S7008,COMPLETE,,,True
CREATEORDER_V5_C2_F3_P10_C50_CAP_S7009,COMPLETE,,,True
CREATEORDER_V5_C2_F3_P10_C50_S7000,COMPLETE,,,True
CREATEORDER_V5_C2_F3_P10_C50_S7001,COMPLETE,,,True
CREATEORDER_V5_C2_F3_P10_C50_S7002,COMPLETE,,,True
CREATEORDER_V5_C2_F3_P10_C50_S7003,COMPLETE,,,True
CREATEORDER_V5_C2_F3_P10_C50_S7004,COMPLETE,,,True
CREATEORDER_V5_C2_F3_P10_C50_S7005,COMPLETE,,,True
CREATEORDER_V5_C2_F3_P10_C50_S7006,COMPLETE,,,True
CREATEORDER_V5_C2_F3_P10_C50_S7007,COMPLETE,,,True
CREATEORDER_V5_C2_F3_P10_C50_S7008,COMPLETE,,,True
CREATEORDER_V5_C2_F3_P10_C50_S7009,COMPLETE,,,True
CREATEORDER_V5_C2_F3_P1_C10_S7000,COMPLETE,,,True
CREATEORDER_V5_C2_F3_P1_C10_S7001,COMPLETE,,,True
CREATEORDER_V5_C2_F3_P1_C10_S7002,COMPLETE,,,True
CREATEORDER_V5_C2_F3_P1_C10_S7003,COMPLETE,,,True
CREATEORDER_V5_C2_F3_P1_C10_S7004,COMPLETE,,,True
CREATEORDER_V5_C2_F3_P1_C10_S7005,COMPLETE,,,True
CREATEORDER_V5_C2_F3_P1_C10_S7006,COMPLETE,,,True
CREATEORDER_V5_C2_F3_P1_C10_S7007,COMPLETE,,,True
CREATEORDER_V5_C2_F3_P1_C10_S7008,COMPLETE,,,True
CREATEORDER_V5_C2_F3_P1_C10_S7009,COMPLETE,,,True
CREATEORDER_V5_C2_F3_P1_C50_S7000,COMPLETE,,,True
CREATEORDER_V5_C2_F3_P1_C50_S7001,COMPLETE,,,True
CREATEORDER_V5_C2_F3_P1_C50_S7002,COMPLETE,,,True
CREATEORDER_V5_C2_F3_P1_C50_S7003,COMPLETE,,,True
CREATEORDER_V5_C2_F3_P1_C50_S7004,COMPLETE,,,True
CREATEORDER_V5_C2_F3_P1_C50_S7005,COMPLETE,,,True
CREATEORDER_V5_C2_F3_P1_C50_S7006,COMPLETE,,,True
CREATEORDER_V5_C2_F3_P1_C50_S7007,COMPLETE,,,True
CREATEORDER_V5_C2_F3_P1_C50_S7008,COMPLETE,,,True
CREATEORDER_V5_C2_F3_P1_C50_S7009,COMPLETE,,,True
CREATEORDER_V5_C2_F3_P20_C10_S7000,COMPLETE,,,True
CREATEORDER_V5_C2_F3_P20_C10_S7001,COMPLETE,,,True
CREATEORDER_V5_C2_F3_P20_C10_S7002,COMPLETE,,,True
CREATEORDER_V5_C2_F3_P20_C10_S7003,COMPLETE,,,True
CREATEORDER_V5_C2_F3_P20_C10_S7004,COMPLETE,,,True
CREATEORDER_V5_C2_F3_P20_C10_S7005,COMPLETE,,,True
CREATEORDER_V5_C2_F3_P20_C10_S7006,COMPLETE,,,True
CREATEORDER_V5_C2_F3_P20_C10_S7007,COMPLETE,,,True
CREATEORDER_V5_C2_F3_P20_C10_S7008,COMPLETE,,,True
CREATEORDER_V5_C2_F3_P20_C10_S7009,COMPLETE,,,True
CREATEORDER_V5_C2_F3_P20_C50_S7000,COMPLETE,,,True
CREATEORDER_V5_C2_F3_P20_C50_S7001,COMPLETE,,,True
CREATEORDER_V5_C2_F3_P20_C50_S7002,COMPLETE,,,True
CREATEORDER_V5_C2_F3_P20_C50_S7003,COMPLETE,,,True
CREATEORDER_V5_C2_F3_P20_C50_S7004,COMPLETE,,,True
CREATEORDER_V5_C2_F3_P20_C50_S7005,COMPLETE,,,True
CREATEORDER_V5_C2_F3_P20_C50_S7006,COMPLETE,,,True
CREATEORDER_V5_C2_F3_P20_C50_S7007,COMPLETE,,,True
CREATEORDER_V5_C2_F3_P20_C50_S7008,COMPLETE,,,True
CREATEORDER_V5_C2_F3_P20_C50_S7009,COMPLETE,,,True
CREATEORDER_V5_C2_F3_P5_C10_S7000,COMPLETE,,,True
CREATEORDER_V5_C2_F3_P5_C10_S7001,COMPLETE,,,True
CREATEORDER_V5_C2_F3_P5_C10_S7002,COMPLETE,,,True
CREATEORDER_V5_C2_F3_P5_C10_S7003,COMPLETE,,,True
CREATEORDER_V5_C2_F3_P5_C10_S7004,COMPLETE,,,True
CREATEORDER_V5_C2_F3_P5_C10_S7005,COMPLETE,,,True
CREATEORDER_V5_C2_F3_P5_C10_S7006,COMPLETE,,,True
CREATEORDER_V5_C2_F3_P5_C10_S7007,COMPLETE,,,True
CREATEORDER_V5_C2_F3_P5_C10_S7008,COMPLETE,,,True
CREATEORDER_V5_C2_F3_P5_C10_S7009,COMPLETE,,,True
CREATEORDER_V5_C2_F3_P5_C50_S7000,COMPLETE,,,True
CREATEORDER_V5_C2_F3_P5_C50_S7001,COMPLETE,,,True
CREATEORDER_V5_C2_F3_P5_C50_S7002,COMPLETE,,,True
CREATEORDER_V5_C2_F3_P5_C50_S7003,COMPLETE,,,True
CREATEORDER_V5_C2_F3_P5_C50_S7004,COMPLETE,,,True
CREATEORDER_V5_C2_F3_P5_C50_S7005,COMPLETE,,,True
CREATEORDER_V5_C2_F3_P5_C50_S7006,COMPLETE,,,True
CREATEORDER_V5_C2_F3_P5_C50_S7007,COMPLETE,,,True
CREATEORDER_V5_C2_F3_P5_C50_S7008,COMPLETE,,,True
CREATEORDER_V5_C2_F3_P5_C50_S7009,COMPLETE,,,True
CREATEORDER_V5_C2_F4_P10_C10_S7000,COMPLETE,,,True
CREATEORDER_V5_C2_F4_P10_C10_S7001,COMPLETE,,,True
CREATEORDER_V5_C2_F4_P10_C10_S7002,COMPLETE,,,True
CREATEORDER_V5_C2_F4_P10_C10_S7003,COMPLETE,,,True
CREATEORDER_V5_C2_F4_P10_C10_S7004,COMPLETE,,,True
CREATEORDER_V5_C2_F4_P10_C10_S7005,COMPLETE,,,True
CREATEORDER_V5_C2_F4_P10_C10_S7006,COMPLETE,,,True
CREATEORDER_V5_C2_F4_P10_C10_S7007,COMPLETE,,,True
CREATEORDER_V5_C2_F4_P10_C10_S7008,COMPLETE,,,True
CREATEORDER_V5_C2_F4_P10_C10_S7009,COMPLETE,,,True
CREATEORDER_V5_C2_F4_P10_C50_S7000,COMPLETE,,,True
CREATEORDER_V5_C2_F4_P10_C50_S7001,COMPLETE,,,True
CREATEORDER_V5_C2_F4_P10_C50_S7002,COMPLETE,,,True
CREATEORDER_V5_C2_F4_P10_C50_S7003,COMPLETE,,,True
CREATEORDER_V5_C2_F4_P10_C50_S7004,COMPLETE,,,True
CREATEORDER_V5_C2_F4_P10_C50_S7005,COMPLETE,,,True
CREATEORDER_V5_C2_F4_P10_C50_S7006,COMPLETE,,,True
CREATEORDER_V5_C2_F4_P10_C50_S7007,COMPLETE,,,True
CREATEORDER_V5_C2_F4_P10_C50_S7008,COMPLETE,,,True
CREATEORDER_V5_C2_F4_P10_C50_S7009,COMPLETE,,,True
CREATEORDER_V5_C2_F4_P1_C10_S7000,COMPLETE,,,True
CREATEORDER_V5_C2_F4_P1_C10_S7001,COMPLETE,,,True
CREATEORDER_V5_C2_F4_P1_C10_S7002,COMPLETE,,,True
CREATEORDER_V5_C2_F4_P1_C10_S7003,COMPLETE,,,True
CREATEORDER_V5_C2_F4_P1_C10_S7004,COMPLETE,,,True
CREATEORDER_V5_C2_F4_P1_C10_S7005,COMPLETE,,,True
CREATEORDER_V5_C2_F4_P1_C10_S7006,COMPLETE,,,True
CREATEORDER_V5_C2_F4_P1_C10_S7007,COMPLETE,,,True
CREATEORDER_V5_C2_F4_P1_C10_S7008,COMPLETE,,,True
CREATEORDER_V5_C2_F4_P1_C10_S7009,COMPLETE,,,True
CREATEORDER_V5_C2_F4_P1_C50_S7000,COMPLETE,,,True
CREATEORDER_V5_C2_F4_P1_C50_S7001,COMPLETE,,,True
CREATEORDER_V5_C2_F4_P1_C50_S7002,COMPLETE,,,True
CREATEORDER_V5_C2_F4_P1_C50_S7003,COMPLETE,,,True
CREATEORDER_V5_C2_F4_P1_C50_S7004,COMPLETE,,,True
CREATEORDER_V5_C2_F4_P1_C50_S7005,COMPLETE,,,True
CREATEORDER_V5_C2_F4_P1_C50_S7006,COMPLETE,,,True
CREATEORDER_V5_C2_F4_P1_C50_S7007,COMPLETE,,,True
CREATEORDER_V5_C2_F4_P1_C50_S7008,COMPLETE,,,True
CREATEORDER_V5_C2_F4_P1_C50_S7009,COMPLETE,,,True
CREATEORDER_V5_C2_F4_P20_C10_S7000,COMPLETE,,,True
CREATEORDER_V5_C2_F4_P20_C10_S7001,COMPLETE,,,True
CREATEORDER_V5_C2_F4_P20_C10_S7002,COMPLETE,,,True
CREATEORDER_V5_C2_F4_P20_C10_S7003,COMPLETE,,,True
CREATEORDER_V5_C2_F4_P20_C10_S7004,COMPLETE,,,True
CREATEORDER_V5_C2_F4_P20_C10_S7005,COMPLETE,,,True
CREATEORDER_V5_C2_F4_P20_C10_S7006,COMPLETE,,,True
CREATEORDER_V5_C2_F4_P20_C10_S7007,COMPLETE,,,True
CREATEORDER_V5_C2_F4_P20_C10_S7008,COMPLETE,,,True
CREATEORDER_V5_C2_F4_P20_C10_S7009,COMPLETE,,,True
CREATEORDER_V5_C2_F4_P20_C50_S7000,COMPLETE,,,True
CREATEORDER_V5_C2_F4_P20_C50_S7001,COMPLETE,,,True
CREATEORDER_V5_C2_F4_P20_C50_S7002,COMPLETE,,,True
CREATEORDER_V5_C2_F4_P20_C50_S7003,COMPLETE,,,True
CREATEORDER_V5_C2_F4_P20_C50_S7004,COMPLETE,,,True
CREATEORDER_V5_C2_F4_P20_C50_S7005,COMPLETE,,,True
CREATEORDER_V5_C2_F4_P20_C50_S7006,COMPLETE,,,True
CREATEORDER_V5_C2_F4_P20_C50_S7007,COMPLETE,,,True
CREATEORDER_V5_C2_F4_P20_C50_S7008,COMPLETE,,,True
CREATEORDER_V5_C2_F4_P20_C50_S7009,COMPLETE,,,True
CREATEORDER_V5_C2_F4_P5_C10_S7000,COMPLETE,,,True
CREATEORDER_V5_C2_F4_P5_C10_S7001,COMPLETE,,,True
CREATEORDER_V5_C2_F4_P5_C10_S7002,COMPLETE,,,True
CREATEORDER_V5_C2_F4_P5_C10_S7003,COMPLETE,,,True
CREATEORDER_V5_C2_F4_P5_C10_S7004,COMPLETE,,,True
CREATEORDER_V5_C2_F4_P5_C10_S7005,COMPLETE,,,True
CREATEORDER_V5_C2_F4_P5_C10_S7006,COMPLETE,,,True
CREATEORDER_V5_C2_F4_P5_C10_S7007,COMPLETE,,,True
CREATEORDER_V5_C2_F4_P5_C10_S7008,COMPLETE,,,True
CREATEORDER_V5_C2_F4_P5_C10_S7009,COMPLETE,,,True
CREATEORDER_V5_C2_F4_P5_C50_S7000,COMPLETE,,,True
CREATEORDER_V5_C2_F4_P5_C50_S7001,COMPLETE,,,True
CREATEORDER_V5_C2_F4_P5_C50_S7002,COMPLETE,,,True
CREATEORDER_V5_C2_F4_P5_C50_S7003,COMPLETE,,,True
CREATEORDER_V5_C2_F4_P5_C50_S7004,COMPLETE,,,True
CREATEORDER_V5_C2_F4_P5_C50_S7005,COMPLETE,,,True
CREATEORDER_V5_C2_F4_P5_C50_S7006,COMPLETE,,,True
CREATEORDER_V5_C2_F4_P5_C50_S7007,COMPLETE,,,True
CREATEORDER_V5_C2_F4_P5_C50_S7008,COMPLETE,,,True
CREATEORDER_V5_C2_F4_P5_C50_S7009,COMPLETE,,,True
CREATEORDER_V5_C2_F5_P0_C50_FAN10_S7000,COMPLETE,,,True
CREATEORDER_V5_C2_F5_P0_C50_FAN10_S7001,COMPLETE,,,True
CREATEORDER_V5_C2_F5_P0_C50_FAN10_S7002,COMPLETE,,,True
CREATEORDER_V5_C2_F5_P0_C50_FAN10_S7003,COMPLETE,,,True
CREATEORDER_V5_C2_F5_P0_C50_FAN10_S7004,COMPLETE,,,True
CREATEORDER_V5_C2_F5_P0_C50_FAN10_S7005,COMPLETE,,,True
CREATEORDER_V5_C2_F5_P0_C50_FAN10_S7006,COMPLETE,,,True
CREATEORDER_V5_C2_F5_P0_C50_FAN10_S7007,COMPLETE,,,True
CREATEORDER_V5_C2_F5_P0_C50_FAN10_S7008,COMPLETE,,,True
CREATEORDER_V5_C2_F5_P0_C50_FAN10_S7009,COMPLETE,,,True
CREATEORDER_V5_C2_F5_P0_C50_FAN2_S7000,COMPLETE,,,True
CREATEORDER_V5_C2_F5_P0_C50_FAN2_S7001,COMPLETE,,,True
CREATEORDER_V5_C2_F5_P0_C50_FAN2_S7002,COMPLETE,,,True
CREATEORDER_V5_C2_F5_P0_C50_FAN2_S7003,COMPLETE,,,True
CREATEORDER_V5_C2_F5_P0_C50_FAN2_S7004,COMPLETE,,,True
CREATEORDER_V5_C2_F5_P0_C50_FAN2_S7005,COMPLETE,,,True
CREATEORDER_V5_C2_F5_P0_C50_FAN2_S7006,COMPLETE,,,True
CREATEORDER_V5_C2_F5_P0_C50_FAN2_S7007,COMPLETE,,,True
CREATEORDER_V5_C2_F5_P0_C50_FAN2_S7008,COMPLETE,,,True
CREATEORDER_V5_C2_F5_P0_C50_FAN2_S7009,COMPLETE,,,True
CREATEORDER_V5_C2_F5_P0_C50_FAN5_S7000,COMPLETE,,,True
CREATEORDER_V5_C2_F5_P0_C50_FAN5_S7001,COMPLETE,,,True
CREATEORDER_V5_C2_F5_P0_C50_FAN5_S7002,COMPLETE,,,True
CREATEORDER_V5_C2_F5_P0_C50_FAN5_S7003,COMPLETE,,,True
CREATEORDER_V5_C2_F5_P0_C50_FAN5_S7004,COMPLETE,,,True
CREATEORDER_V5_C2_F5_P0_C50_FAN5_S7005,COMPLETE,,,True
CREATEORDER_V5_C2_F5_P0_C50_FAN5_S7006,COMPLETE,,,True
CREATEORDER_V5_C2_F5_P0_C50_FAN5_S7007,COMPLETE,,,True
CREATEORDER_V5_C2_F5_P0_C50_FAN5_S7008,COMPLETE,,,True
CREATEORDER_V5_C2_F5_P0_C50_FAN5_S7009,COMPLETE,,,True
CREATEORDER_V5_C2_F6_P0_C50_FAN10_S7000,COMPLETE,,,True
CREATEORDER_V5_C2_F6_P0_C50_FAN10_S7001,COMPLETE,,,True
CREATEORDER_V5_C2_F6_P0_C50_FAN10_S7002,COMPLETE,,,True
CREATEORDER_V5_C2_F6_P0_C50_FAN10_S7003,COMPLETE,,,True
CREATEORDER_V5_C2_F6_P0_C50_FAN10_S7004,COMPLETE,,,True
CREATEORDER_V5_C2_F6_P0_C50_FAN10_S7005,COMPLETE,,,True
CREATEORDER_V5_C2_F6_P0_C50_FAN10_S7006,COMPLETE,,,True
CREATEORDER_V5_C2_F6_P0_C50_FAN10_S7007,COMPLETE,,,True
CREATEORDER_V5_C2_F6_P0_C50_FAN10_S7008,COMPLETE,,,True
CREATEORDER_V5_C2_F6_P0_C50_FAN10_S7009,COMPLETE,,,True
CREATEORDER_V5_C2_F6_P0_C50_FAN2_S7000,COMPLETE,,,True
CREATEORDER_V5_C2_F6_P0_C50_FAN2_S7001,COMPLETE,,,True
CREATEORDER_V5_C2_F6_P0_C50_FAN2_S7002,COMPLETE,,,True
CREATEORDER_V5_C2_F6_P0_C50_FAN2_S7003,COMPLETE,,,True
CREATEORDER_V5_C2_F6_P0_C50_FAN2_S7004,COMPLETE,,,True
CREATEORDER_V5_C2_F6_P0_C50_FAN2_S7005,COMPLETE,,,True
CREATEORDER_V5_C2_F6_P0_C50_FAN2_S7006,COMPLETE,,,True
CREATEORDER_V5_C2_F6_P0_C50_FAN2_S7007,COMPLETE,,,True
CREATEORDER_V5_C2_F6_P0_C50_FAN2_S7008,COMPLETE,,,True
CREATEORDER_V5_C2_F6_P0_C50_FAN2_S7009,COMPLETE,,,True
CREATEORDER_V5_C2_F6_P0_C50_FAN5_S7000,COMPLETE,,,True
CREATEORDER_V5_C2_F6_P0_C50_FAN5_S7001,COMPLETE,,,True
CREATEORDER_V5_C2_F6_P0_C50_FAN5_S7002,COMPLETE,,,True
CREATEORDER_V5_C2_F6_P0_C50_FAN5_S7003,COMPLETE,,,True
CREATEORDER_V5_C2_F6_P0_C50_FAN5_S7004,COMPLETE,,,True
CREATEORDER_V5_C2_F6_P0_C50_FAN5_S7005,COMPLETE,,,True
CREATEORDER_V5_C2_F6_P0_C50_FAN5_S7006,COMPLETE,,,True
CREATEORDER_V5_C2_F6_P0_C50_FAN5_S7007,COMPLETE,,,True
CREATEORDER_V5_C2_F6_P0_C50_FAN5_S7008,COMPLETE,,,True
CREATEORDER_V5_C2_F6_P0_C50_FAN5_S7009,COMPLETE,,,True
CREATEORDER_V5_C2_F7_P10_C50_S7000,COMPLETE,,,True
CREATEORDER_V5_C2_F7_P10_C50_S7001,COMPLETE,,,True
CREATEORDER_V5_C2_F7_P10_C50_S7002,COMPLETE,,,True
CREATEORDER_V5_C2_F7_P10_C50_S7003,COMPLETE,,,True
CREATEORDER_V5_C2_F7_P10_C50_S7004,COMPLETE,,,True
CREATEORDER_V5_C2_F7_P10_C50_S7005,COMPLETE,,,True
CREATEORDER_V5_C2_F7_P10_C50_S7006,COMPLETE,,,True
CREATEORDER_V5_C2_F7_P10_C50_S7007,COMPLETE,,,True
CREATEORDER_V5_C2_F7_P10_C50_S7008,COMPLETE,,,True
CREATEORDER_V5_C2_F7_P10_C50_S7009,COMPLETE,,,True
CREATEORDER_V5_C2_F8_P10_C10_S7000,COMPLETE,,,True
CREATEORDER_V5_C2_F8_P10_C10_S7001,COMPLETE,,,True
CREATEORDER_V5_C2_F8_P10_C10_S7002,COMPLETE,,,True
CREATEORDER_V5_C2_F8_P10_C10_S7003,COMPLETE,,,True
CREATEORDER_V5_C2_F8_P10_C10_S7004,COMPLETE,,,True
CREATEORDER_V5_C2_F8_P10_C10_S7005,COMPLETE,,,True
CREATEORDER_V5_C2_F8_P10_C10_S7006,COMPLETE,,,True
CREATEORDER_V5_C2_F8_P10_C10_S7007,COMPLETE,,,True
CREATEORDER_V5_C2_F8_P10_C10_S7008,COMPLETE,,,True
CREATEORDER_V5_C2_F8_P10_C10_S7009,COMPLETE,,,True
CREATEORDER_V5_C2_F8_P10_C50_CAP_S7000,COMPLETE,,,True
CREATEORDER_V5_C2_F8_P10_C50_CAP_S7001,COMPLETE,,,True
CREATEORDER_V5_C2_F8_P10_C50_CAP_S7002,COMPLETE,,,True
CREATEORDER_V5_C2_F8_P10_C50_CAP_S7003,COMPLETE,,,True
CREATEORDER_V5_C2_F8_P10_C50_CAP_S7004,COMPLETE,,,True
CREATEORDER_V5_C2_F8_P10_C50_CAP_S7005,COMPLETE,,,True
CREATEORDER_V5_C2_F8_P10_C50_CAP_S7006,COMPLETE,,,True
CREATEORDER_V5_C2_F8_P10_C50_CAP_S7007,COMPLETE,,,True
CREATEORDER_V5_C2_F8_P10_C50_CAP_S7008,COMPLETE,,,True
CREATEORDER_V5_C2_F8_P10_C50_CAP_S7009,COMPLETE,,,True
CREATEORDER_V5_C2_F8_P10_C50_S7000,COMPLETE,,,True
CREATEORDER_V5_C2_F8_P10_C50_S7001,COMPLETE,,,True
CREATEORDER_V5_C2_F8_P10_C50_S7002,COMPLETE,,,True
CREATEORDER_V5_C2_F8_P10_C50_S7003,COMPLETE,,,True
CREATEORDER_V5_C2_F8_P10_C50_S7004,COMPLETE,,,True
CREATEORDER_V5_C2_F8_P10_C50_S7005,COMPLETE,,,True
CREATEORDER_V5_C2_F8_P10_C50_S7006,COMPLETE,,,True
CREATEORDER_V5_C2_F8_P10_C50_S7007,COMPLETE,,,True
CREATEORDER_V5_C2_F8_P10_C50_S7008,COMPLETE,,,True
CREATEORDER_V5_C2_F8_P10_C50_S7009,COMPLETE,,,True
CREATEORDER_V5_C2_F8_P1_C10_S7000,COMPLETE,,,True
CREATEORDER_V5_C2_F8_P1_C10_S7001,COMPLETE,,,True
CREATEORDER_V5_C2_F8_P1_C10_S7002,COMPLETE,,,True
CREATEORDER_V5_C2_F8_P1_C10_S7003,COMPLETE,,,True
CREATEORDER_V5_C2_F8_P1_C10_S7004,COMPLETE,,,True
CREATEORDER_V5_C2_F8_P1_C10_S7005,COMPLETE,,,True
CREATEORDER_V5_C2_F8_P1_C10_S7006,COMPLETE,,,True
CREATEORDER_V5_C2_F8_P1_C10_S7007,COMPLETE,,,True
CREATEORDER_V5_C2_F8_P1_C10_S7008,COMPLETE,,,True
CREATEORDER_V5_C2_F8_P1_C10_S7009,COMPLETE,,,True
CREATEORDER_V5_C2_F8_P1_C50_S7000,COMPLETE,,,True
CREATEORDER_V5_C2_F8_P1_C50_S7001,COMPLETE,,,True
CREATEORDER_V5_C2_F8_P1_C50_S7002,COMPLETE,,,True
CREATEORDER_V5_C2_F8_P1_C50_S7003,COMPLETE,,,True
CREATEORDER_V5_C2_F8_P1_C50_S7004,COMPLETE,,,True
CREATEORDER_V5_C2_F8_P1_C50_S7005,COMPLETE,,,True
CREATEORDER_V5_C2_F8_P1_C50_S7006,COMPLETE,,,True
CREATEORDER_V5_C2_F8_P1_C50_S7007,COMPLETE,,,True
CREATEORDER_V5_C2_F8_P1_C50_S7008,COMPLETE,,,True
CREATEORDER_V5_C2_F8_P1_C50_S7009,COMPLETE,,,True
CREATEORDER_V5_C2_F8_P20_C10_S7000,COMPLETE,,,True
CREATEORDER_V5_C2_F8_P20_C10_S7001,COMPLETE,,,True
CREATEORDER_V5_C2_F8_P20_C10_S7002,COMPLETE,,,True
CREATEORDER_V5_C2_F8_P20_C10_S7003,COMPLETE,,,True
CREATEORDER_V5_C2_F8_P20_C10_S7004,COMPLETE,,,True
CREATEORDER_V5_C2_F8_P20_C10_S7005,COMPLETE,,,True
CREATEORDER_V5_C2_F8_P20_C10_S7006,COMPLETE,,,True
CREATEORDER_V5_C2_F8_P20_C10_S7007,COMPLETE,,,True
CREATEORDER_V5_C2_F8_P20_C10_S7008,COMPLETE,,,True
CREATEORDER_V5_C2_F8_P20_C10_S7009,COMPLETE,,,True
CREATEORDER_V5_C2_F8_P20_C50_S7000,COMPLETE,,,True
CREATEORDER_V5_C2_F8_P20_C50_S7001,COMPLETE,,,True
CREATEORDER_V5_C2_F8_P20_C50_S7002,COMPLETE,,,True
CREATEORDER_V5_C2_F8_P20_C50_S7003,COMPLETE,,,True
CREATEORDER_V5_C2_F8_P20_C50_S7004,COMPLETE,,,True
CREATEORDER_V5_C2_F8_P20_C50_S7005,COMPLETE,,,True
CREATEORDER_V5_C2_F8_P20_C50_S7006,COMPLETE,,,True
CREATEORDER_V5_C2_F8_P20_C50_S7007,COMPLETE,,,True
CREATEORDER_V5_C2_F8_P20_C50_S7008,COMPLETE,,,True
CREATEORDER_V5_C2_F8_P20_C50_S7009,COMPLETE,,,True
CREATEORDER_V5_C2_F8_P5_C10_S7000,COMPLETE,,,True
CREATEORDER_V5_C2_F8_P5_C10_S7001,COMPLETE,,,True
CREATEORDER_V5_C2_F8_P5_C10_S7002,COMPLETE,,,True
CREATEORDER_V5_C2_F8_P5_C10_S7003,COMPLETE,,,True
CREATEORDER_V5_C2_F8_P5_C10_S7004,COMPLETE,,,True
CREATEORDER_V5_C2_F8_P5_C10_S7005,COMPLETE,,,True
CREATEORDER_V5_C2_F8_P5_C10_S7006,COMPLETE,,,True
CREATEORDER_V5_C2_F8_P5_C10_S7007,COMPLETE,,,True
CREATEORDER_V5_C2_F8_P5_C10_S7008,COMPLETE,,,True
CREATEORDER_V5_C2_F8_P5_C10_S7009,COMPLETE,,,True
CREATEORDER_V5_C2_F8_P5_C50_S7000,COMPLETE,,,True
CREATEORDER_V5_C2_F8_P5_C50_S7001,COMPLETE,,,True
CREATEORDER_V5_C2_F8_P5_C50_S7002,COMPLETE,,,True
CREATEORDER_V5_C2_F8_P5_C50_S7003,COMPLETE,,,True
CREATEORDER_V5_C2_F8_P5_C50_S7004,COMPLETE,,,True
CREATEORDER_V5_C2_F8_P5_C50_S7005,COMPLETE,,,True
CREATEORDER_V5_C2_F8_P5_C50_S7006,COMPLETE,,,True
CREATEORDER_V5_C2_F8_P5_C50_S7007,COMPLETE,,,True
CREATEORDER_V5_C2_F8_P5_C50_S7008,COMPLETE,,,True
CREATEORDER_V5_C2_F8_P5_C50_S7009,COMPLETE,,,True
CREATEORDER_V5_C2_F9_P10_C10_S7000,COMPLETE,,,True
CREATEORDER_V5_C2_F9_P10_C10_S7001,COMPLETE,,,True
CREATEORDER_V5_C2_F9_P10_C10_S7002,COMPLETE,,,True
CREATEORDER_V5_C2_F9_P10_C10_S7003,COMPLETE,,,True
CREATEORDER_V5_C2_F9_P10_C10_S7004,COMPLETE,,,True
CREATEORDER_V5_C2_F9_P10_C10_S7005,COMPLETE,,,True
CREATEORDER_V5_C2_F9_P10_C10_S7006,COMPLETE,,,True
CREATEORDER_V5_C2_F9_P10_C10_S7007,COMPLETE,,,True
CREATEORDER_V5_C2_F9_P10_C10_S7008,COMPLETE,,,True
CREATEORDER_V5_C2_F9_P10_C10_S7009,COMPLETE,,,True
CREATEORDER_V5_C2_F9_P10_C50_S7000,COMPLETE,,,True
CREATEORDER_V5_C2_F9_P10_C50_S7001,COMPLETE,,,True
CREATEORDER_V5_C2_F9_P10_C50_S7002,COMPLETE,,,True
CREATEORDER_V5_C2_F9_P10_C50_S7003,COMPLETE,,,True
CREATEORDER_V5_C2_F9_P10_C50_S7004,COMPLETE,,,True
CREATEORDER_V5_C2_F9_P10_C50_S7005,COMPLETE,,,True
CREATEORDER_V5_C2_F9_P10_C50_S7006,COMPLETE,,,True
CREATEORDER_V5_C2_F9_P10_C50_S7007,COMPLETE,,,True
CREATEORDER_V5_C2_F9_P10_C50_S7008,COMPLETE,,,True
CREATEORDER_V5_C2_F9_P10_C50_S7009,COMPLETE,,,True
CREATEORDER_V5_C2_F9_P1_C10_S7000,COMPLETE,,,True
CREATEORDER_V5_C2_F9_P1_C10_S7001,COMPLETE,,,True
CREATEORDER_V5_C2_F9_P1_C10_S7002,COMPLETE,,,True
CREATEORDER_V5_C2_F9_P1_C10_S7003,COMPLETE,,,True
CREATEORDER_V5_C2_F9_P1_C10_S7004,COMPLETE,,,True
CREATEORDER_V5_C2_F9_P1_C10_S7005,COMPLETE,,,True
CREATEORDER_V5_C2_F9_P1_C10_S7006,COMPLETE,,,True
CREATEORDER_V5_C2_F9_P1_C10_S7007,COMPLETE,,,True
CREATEORDER_V5_C2_F9_P1_C10_S7008,COMPLETE,,,True
CREATEORDER_V5_C2_F9_P1_C10_S7009,COMPLETE,,,True
CREATEORDER_V5_C2_F9_P1_C50_S7000,COMPLETE,,,True
CREATEORDER_V5_C2_F9_P1_C50_S7001,COMPLETE,,,True
CREATEORDER_V5_C2_F9_P1_C50_S7002,COMPLETE,,,True
CREATEORDER_V5_C2_F9_P1_C50_S7003,COMPLETE,,,True
CREATEORDER_V5_C2_F9_P1_C50_S7004,COMPLETE,,,True
CREATEORDER_V5_C2_F9_P1_C50_S7005,COMPLETE,,,True
CREATEORDER_V5_C2_F9_P1_C50_S7006,COMPLETE,,,True
CREATEORDER_V5_C2_F9_P1_C50_S7007,COMPLETE,,,True
CREATEORDER_V5_C2_F9_P1_C50_S7008,COMPLETE,,,True
CREATEORDER_V5_C2_F9_P1_C50_S7009,COMPLETE,,,True
CREATEORDER_V5_C2_F9_P20_C10_S7000,COMPLETE,,,True
CREATEORDER_V5_C2_F9_P20_C10_S7001,COMPLETE,,,True
CREATEORDER_V5_C2_F9_P20_C10_S7002,COMPLETE,,,True
CREATEORDER_V5_C2_F9_P20_C10_S7003,COMPLETE,,,True
CREATEORDER_V5_C2_F9_P20_C10_S7004,COMPLETE,,,True
CREATEORDER_V5_C2_F9_P20_C10_S7005,COMPLETE,,,True
CREATEORDER_V5_C2_F9_P20_C10_S7006,COMPLETE,,,True
CREATEORDER_V5_C2_F9_P20_C10_S7007,COMPLETE,,,True
CREATEORDER_V5_C2_F9_P20_C10_S7008,COMPLETE,,,True
CREATEORDER_V5_C2_F9_P20_C10_S7009,COMPLETE,,,True
CREATEORDER_V5_C2_F9_P20_C50_S7000,COMPLETE,,,True
CREATEORDER_V5_C2_F9_P20_C50_S7001,COMPLETE,,,True
CREATEORDER_V5_C2_F9_P20_C50_S7002,COMPLETE,,,True
CREATEORDER_V5_C2_F9_P20_C50_S7003,COMPLETE,,,True
CREATEORDER_V5_C2_F9_P20_C50_S7004,COMPLETE,,,True
CREATEORDER_V5_C2_F9_P20_C50_S7005,COMPLETE,,,True
CREATEORDER_V5_C2_F9_P20_C50_S7006,COMPLETE,,,True
CREATEORDER_V5_C2_F9_P20_C50_S7007,COMPLETE,,,True
CREATEORDER_V5_C2_F9_P20_C50_S7008,COMPLETE,,,True
CREATEORDER_V5_C2_F9_P20_C50_S7009,COMPLETE,,,True
CREATEORDER_V5_C2_F9_P5_C10_S7000,COMPLETE,,,True
CREATEORDER_V5_C2_F9_P5_C10_S7001,COMPLETE,,,True
CREATEORDER_V5_C2_F9_P5_C10_S7002,COMPLETE,,,True
CREATEORDER_V5_C2_F9_P5_C10_S7003,COMPLETE,,,True
CREATEORDER_V5_C2_F9_P5_C10_S7004,COMPLETE,,,True
CREATEORDER_V5_C2_F9_P5_C10_S7005,COMPLETE,,,True
CREATEORDER_V5_C2_F9_P5_C10_S7006,COMPLETE,,,True
CREATEORDER_V5_C2_F9_P5_C10_S7007,COMPLETE,,,True
CREATEORDER_V5_C2_F9_P5_C10_S7008,COMPLETE,,,True
CREATEORDER_V5_C2_F9_P5_C10_S7009,COMPLETE,,,True
CREATEORDER_V5_C2_F9_P5_C50_S7000,COMPLETE,,,True
CREATEORDER_V5_C2_F9_P5_C50_S7001,COMPLETE,,,True
CREATEORDER_V5_C2_F9_P5_C50_S7002,COMPLETE,,,True
CREATEORDER_V5_C2_F9_P5_C50_S7003,COMPLETE,,,True
CREATEORDER_V5_C2_F9_P5_C50_S7004,COMPLETE,,,True
CREATEORDER_V5_C2_F9_P5_C50_S7005,COMPLETE,,,True
CREATEORDER_V5_C2_F9_P5_C50_S7006,COMPLETE,,,True
CREATEORDER_V5_C2_F9_P5_C50_S7007,COMPLETE,,,True
CREATEORDER_V5_C2_F9_P5_C50_S7008,COMPLETE,,,True
CREATEORDER_V5_C2_F9_P5_C50_S7009,COMPLETE,,,True
RESERVEINVENTORY_V0_C0_F3_P10_C50_S7000,COMPLETE,,,True
RESERVEINVENTORY_V0_C0_F3_P10_C50_S7001,COMPLETE,,,True
RESERVEINVENTORY_V0_C0_F3_P10_C50_S7002,COMPLETE,,,True
RESERVEINVENTORY_V0_C0_F3_P10_C50_S7003,COMPLETE,,,True
RESERVEINVENTORY_V0_C0_F3_P10_C50_S7004,COMPLETE,,,True
RESERVEINVENTORY_V0_C0_F3_P10_C50_S7005,COMPLETE,,,True
RESERVEINVENTORY_V0_C0_F3_P10_C50_S7006,COMPLETE,,,True
RESERVEINVENTORY_V0_C0_F3_P10_C50_S7007,COMPLETE,,,True
RESERVEINVENTORY_V0_C0_F3_P10_C50_S7008,COMPLETE,,,True
RESERVEINVENTORY_V0_C0_F3_P10_C50_S7009,COMPLETE,,,True
RESERVEINVENTORY_V0_C0_F8_P10_C50_S7000,COMPLETE,,,True
RESERVEINVENTORY_V0_C0_F8_P10_C50_S7001,COMPLETE,,,True
RESERVEINVENTORY_V0_C0_F8_P10_C50_S7002,COMPLETE,,,True
RESERVEINVENTORY_V0_C0_F8_P10_C50_S7003,COMPLETE,,,True
RESERVEINVENTORY_V0_C0_F8_P10_C50_S7004,COMPLETE,,,True
RESERVEINVENTORY_V0_C0_F8_P10_C50_S7005,COMPLETE,,,True
RESERVEINVENTORY_V0_C0_F8_P10_C50_S7006,COMPLETE,,,True
RESERVEINVENTORY_V0_C0_F8_P10_C50_S7007,COMPLETE,,,True
RESERVEINVENTORY_V0_C0_F8_P10_C50_S7008,COMPLETE,,,True
RESERVEINVENTORY_V0_C0_F8_P10_C50_S7009,COMPLETE,,,True
RESERVEINVENTORY_V2_C1_F3_P10_C50_S7000,COMPLETE,,,True
RESERVEINVENTORY_V2_C1_F3_P10_C50_S7001,COMPLETE,,,True
RESERVEINVENTORY_V2_C1_F3_P10_C50_S7002,COMPLETE,,,True
RESERVEINVENTORY_V2_C1_F3_P10_C50_S7003,COMPLETE,,,True
RESERVEINVENTORY_V2_C1_F3_P10_C50_S7004,COMPLETE,,,True
RESERVEINVENTORY_V2_C1_F3_P10_C50_S7005,COMPLETE,,,True
RESERVEINVENTORY_V2_C1_F3_P10_C50_S7006,COMPLETE,,,True
RESERVEINVENTORY_V2_C1_F3_P10_C50_S7007,COMPLETE,,,True
RESERVEINVENTORY_V2_C1_F3_P10_C50_S7008,COMPLETE,,,True
RESERVEINVENTORY_V2_C1_F3_P10_C50_S7009,COMPLETE,,,True
RESERVEINVENTORY_V2_C1_F8_P10_C50_S7000,COMPLETE,,,True
RESERVEINVENTORY_V2_C1_F8_P10_C50_S7001,COMPLETE,,,True
RESERVEINVENTORY_V2_C1_F8_P10_C50_S7002,COMPLETE,,,True
RESERVEINVENTORY_V2_C1_F8_P10_C50_S7003,COMPLETE,,,True
RESERVEINVENTORY_V2_C1_F8_P10_C50_S7004,COMPLETE,,,True
RESERVEINVENTORY_V2_C1_F8_P10_C50_S7005,COMPLETE,,,True
RESERVEINVENTORY_V2_C1_F8_P10_C50_S7006,COMPLETE,,,True
RESERVEINVENTORY_V2_C1_F8_P10_C50_S7007,COMPLETE,,,True
RESERVEINVENTORY_V2_C1_F8_P10_C50_S7008,COMPLETE,,,True
RESERVEINVENTORY_V2_C1_F8_P10_C50_S7009,COMPLETE,,,True
RESERVEINVENTORY_V4_C1_F3_P10_C50_S7000,COMPLETE,,,True
RESERVEINVENTORY_V4_C1_F3_P10_C50_S7001,COMPLETE,,,True
RESERVEINVENTORY_V4_C1_F3_P10_C50_S7002,COMPLETE,,,True
RESERVEINVENTORY_V4_C1_F3_P10_C50_S7003,COMPLETE,,,True
RESERVEINVENTORY_V4_C1_F3_P10_C50_S7004,COMPLETE,,,True
RESERVEINVENTORY_V4_C1_F3_P10_C50_S7005,COMPLETE,,,True
RESERVEINVENTORY_V4_C1_F3_P10_C50_S7006,COMPLETE,,,True
RESERVEINVENTORY_V4_C1_F3_P10_C50_S7007,COMPLETE,,,True
RESERVEINVENTORY_V4_C1_F3_P10_C50_S7008,COMPLETE,,,True
RESERVEINVENTORY_V4_C1_F3_P10_C50_S7009,COMPLETE,,,True
RESERVEINVENTORY_V4_C1_F8_P10_C50_S7000,COMPLETE,,,True
RESERVEINVENTORY_V4_C1_F8_P10_C50_S7001,COMPLETE,,,True
RESERVEINVENTORY_V4_C1_F8_P10_C50_S7002,COMPLETE,,,True
RESERVEINVENTORY_V4_C1_F8_P10_C50_S7003,COMPLETE,,,True
RESERVEINVENTORY_V4_C1_F8_P10_C50_S7004,COMPLETE,,,True
RESERVEINVENTORY_V4_C1_F8_P10_C50_S7005,COMPLETE,,,True
RESERVEINVENTORY_V4_C1_F8_P10_C50_S7006,COMPLETE,,,True
RESERVEINVENTORY_V4_C1_F8_P10_C50_S7007,COMPLETE,,,True
RESERVEINVENTORY_V4_C1_F8_P10_C50_S7008,COMPLETE,,,True
RESERVEINVENTORY_V4_C1_F8_P10_C50_S7009,COMPLETE,,,True
RESERVEINVENTORY_V5_C2_F3_P10_C50_S7000,COMPLETE,,,True
RESERVEINVENTORY_V5_C2_F3_P10_C50_S7001,COMPLETE,,,True
RESERVEINVENTORY_V5_C2_F3_P10_C50_S7002,COMPLETE,,,True
RESERVEINVENTORY_V5_C2_F3_P10_C50_S7003,COMPLETE,,,True
RESERVEINVENTORY_V5_C2_F3_P10_C50_S7004,COMPLETE,,,True
RESERVEINVENTORY_V5_C2_F3_P10_C50_S7005,COMPLETE,,,True
RESERVEINVENTORY_V5_C2_F3_P10_C50_S7006,COMPLETE,,,True
RESERVEINVENTORY_V5_C2_F3_P10_C50_S7007,COMPLETE,,,True
RESERVEINVENTORY_V5_C2_F3_P10_C50_S7008,COMPLETE,,,True
RESERVEINVENTORY_V5_C2_F3_P10_C50_S7009,COMPLETE,,,True
RESERVEINVENTORY_V5_C2_F8_P10_C50_S7000,COMPLETE,,,True
RESERVEINVENTORY_V5_C2_F8_P10_C50_S7001,COMPLETE,,,True
RESERVEINVENTORY_V5_C2_F8_P10_C50_S7002,COMPLETE,,,True
RESERVEINVENTORY_V5_C2_F8_P10_C50_S7003,COMPLETE,,,True
RESERVEINVENTORY_V5_C2_F8_P10_C50_S7004,COMPLETE,,,True
RESERVEINVENTORY_V5_C2_F8_P10_C50_S7005,COMPLETE,,,True
RESERVEINVENTORY_V5_C2_F8_P10_C50_S7006,COMPLETE,,,True
RESERVEINVENTORY_V5_C2_F8_P10_C50_S7007,COMPLETE,,,True
RESERVEINVENTORY_V5_C2_F8_P10_C50_S7008,COMPLETE,,,True
RESERVEINVENTORY_V5_C2_F8_P10_C50_S7009,COMPLETE,,,True
SENDNOTIFICATION_V0_C0_F3_P10_C50_S7000,COMPLETE,,,True
SENDNOTIFICATION_V0_C0_F3_P10_C50_S7001,COMPLETE,,,True
SENDNOTIFICATION_V0_C0_F3_P10_C50_S7002,COMPLETE,,,True
SENDNOTIFICATION_V0_C0_F3_P10_C50_S7003,COMPLETE,,,True
SENDNOTIFICATION_V0_C0_F3_P10_C50_S7004,COMPLETE,,,True
SENDNOTIFICATION_V0_C0_F3_P10_C50_S7005,COMPLETE,,,True
SENDNOTIFICATION_V0_C0_F3_P10_C50_S7006,COMPLETE,,,True
SENDNOTIFICATION_V0_C0_F3_P10_C50_S7007,COMPLETE,,,True
SENDNOTIFICATION_V0_C0_F3_P10_C50_S7008,COMPLETE,,,True
SENDNOTIFICATION_V0_C0_F3_P10_C50_S7009,COMPLETE,,,True
SENDNOTIFICATION_V0_C0_F8_P10_C50_S7000,COMPLETE,,,True
SENDNOTIFICATION_V0_C0_F8_P10_C50_S7001,COMPLETE,,,True
SENDNOTIFICATION_V0_C0_F8_P10_C50_S7002,COMPLETE,,,True
SENDNOTIFICATION_V0_C0_F8_P10_C50_S7003,COMPLETE,,,True
SENDNOTIFICATION_V0_C0_F8_P10_C50_S7004,COMPLETE,,,True
SENDNOTIFICATION_V0_C0_F8_P10_C50_S7005,COMPLETE,,,True
SENDNOTIFICATION_V0_C0_F8_P10_C50_S7006,COMPLETE,,,True
SENDNOTIFICATION_V0_C0_F8_P10_C50_S7007,COMPLETE,,,True
SENDNOTIFICATION_V0_C0_F8_P10_C50_S7008,COMPLETE,,,True
SENDNOTIFICATION_V0_C0_F8_P10_C50_S7009,COMPLETE,,,True
SENDNOTIFICATION_V2_C1_F3_P10_C50_S7000,COMPLETE,,,True
SENDNOTIFICATION_V2_C1_F3_P10_C50_S7001,COMPLETE,,,True
SENDNOTIFICATION_V2_C1_F3_P10_C50_S7002,COMPLETE,,,True
SENDNOTIFICATION_V2_C1_F3_P10_C50_S7003,COMPLETE,,,True
SENDNOTIFICATION_V2_C1_F3_P10_C50_S7004,COMPLETE,,,True
SENDNOTIFICATION_V2_C1_F3_P10_C50_S7005,COMPLETE,,,True
SENDNOTIFICATION_V2_C1_F3_P10_C50_S7006,COMPLETE,,,True
SENDNOTIFICATION_V2_C1_F3_P10_C50_S7007,COMPLETE,,,True
SENDNOTIFICATION_V2_C1_F3_P10_C50_S7008,COMPLETE,,,True
SENDNOTIFICATION_V2_C1_F3_P10_C50_S7009,COMPLETE,,,True
SENDNOTIFICATION_V2_C1_F8_P10_C50_S7000,COMPLETE,,,True
SENDNOTIFICATION_V2_C1_F8_P10_C50_S7001,COMPLETE,,,True
SENDNOTIFICATION_V2_C1_F8_P10_C50_S7002,COMPLETE,,,True
SENDNOTIFICATION_V2_C1_F8_P10_C50_S7003,COMPLETE,,,True
SENDNOTIFICATION_V2_C1_F8_P10_C50_S7004,COMPLETE,,,True
SENDNOTIFICATION_V2_C1_F8_P10_C50_S7005,COMPLETE,,,True
SENDNOTIFICATION_V2_C1_F8_P10_C50_S7006,COMPLETE,,,True
SENDNOTIFICATION_V2_C1_F8_P10_C50_S7007,COMPLETE,,,True
SENDNOTIFICATION_V2_C1_F8_P10_C50_S7008,COMPLETE,,,True
SENDNOTIFICATION_V2_C1_F8_P10_C50_S7009,COMPLETE,,,True
SENDNOTIFICATION_V4_C1_F3_P10_C50_S7000,COMPLETE,,,True
SENDNOTIFICATION_V4_C1_F3_P10_C50_S7001,COMPLETE,,,True
SENDNOTIFICATION_V4_C1_F3_P10_C50_S7002,COMPLETE,,,True
SENDNOTIFICATION_V4_C1_F3_P10_C50_S7003,COMPLETE,,,True
SENDNOTIFICATION_V4_C1_F3_P10_C50_S7004,COMPLETE,,,True
SENDNOTIFICATION_V4_C1_F3_P10_C50_S7005,COMPLETE,,,True
SENDNOTIFICATION_V4_C1_F3_P10_C50_S7006,COMPLETE,,,True
SENDNOTIFICATION_V4_C1_F3_P10_C50_S7007,COMPLETE,,,True
SENDNOTIFICATION_V4_C1_F3_P10_C50_S7008,COMPLETE,,,True
SENDNOTIFICATION_V4_C1_F3_P10_C50_S7009,COMPLETE,,,True
SENDNOTIFICATION_V4_C1_F8_P10_C50_S7000,COMPLETE,,,True
SENDNOTIFICATION_V4_C1_F8_P10_C50_S7001,COMPLETE,,,True
SENDNOTIFICATION_V4_C1_F8_P10_C50_S7002,COMPLETE,,,True
SENDNOTIFICATION_V4_C1_F8_P10_C50_S7003,COMPLETE,,,True
SENDNOTIFICATION_V4_C1_F8_P10_C50_S7004,COMPLETE,,,True
SENDNOTIFICATION_V4_C1_F8_P10_C50_S7005,COMPLETE,,,True
SENDNOTIFICATION_V4_C1_F8_P10_C50_S7006,COMPLETE,,,True
SENDNOTIFICATION_V4_C1_F8_P10_C50_S7007,COMPLETE,,,True
SENDNOTIFICATION_V4_C1_F8_P10_C50_S7008,COMPLETE,,,True
SENDNOTIFICATION_V4_C1_F8_P10_C50_S7009,COMPLETE,,,True
SENDNOTIFICATION_V5_C2_F3_P10_C50_S7000,COMPLETE,,,True
SENDNOTIFICATION_V5_C2_F3_P10_C50_S7001,COMPLETE,,,True
SENDNOTIFICATION_V5_C2_F3_P10_C50_S7002,COMPLETE,,,True
SENDNOTIFICATION_V5_C2_F3_P10_C50_S7003,COMPLETE,,,True
SENDNOTIFICATION_V5_C2_F3_P10_C50_S7004,COMPLETE,,,True
SENDNOTIFICATION_V5_C2_F3_P10_C50_S7005,COMPLETE,,,True
SENDNOTIFICATION_V5_C2_F3_P10_C50_S7006,COMPLETE,,,True
SENDNOTIFICATION_V5_C2_F3_P10_C50_S7007,COMPLETE,,,True
SENDNOTIFICATION_V5_C2_F3_P10_C50_S7008,COMPLETE,,,True
SENDNOTIFICATION_V5_C2_F3_P10_C50_S7009,COMPLETE,,,True
SENDNOTIFICATION_V5_C2_F8_P10_C50_S7000,COMPLETE,,,True
SENDNOTIFICATION_V5_C2_F8_P10_C50_S7001,COMPLETE,,,True
SENDNOTIFICATION_V5_C2_F8_P10_C50_S7002,COMPLETE,,,True
SENDNOTIFICATION_V5_C2_F8_P10_C50_S7003,COMPLETE,,,True
SENDNOTIFICATION_V5_C2_F8_P10_C50_S7004,COMPLETE,,,True
SENDNOTIFICATION_V5_C2_F8_P10_C50_S7005,COMPLETE,,,True
SENDNOTIFICATION_V5_C2_F8_P10_C50_S7006,COMPLETE,,,True
SENDNOTIFICATION_V5_C2_F8_P10_C50_S7007,COMPLETE,,,True
SENDNOTIFICATION_V5_C2_F8_P10_C50_S7008,COMPLETE,,,True
SENDNOTIFICATION_V5_C2_F8_P10_C50_S7009,COMPLETE,,,True
