failure,variant,concurrency,probability,metric,n,mean,median,std,Q1,Q3,IQR,min,max,CI_low,CI_high
F3,V0,10,0.01,DER,10,0.010299999999999998,0.0103,0.0007916228058025275,0.0099,0.011,0.0010999999999999985,0.0088,0.0116,0.009809347101642446,0.010790652898357551
F3,V0,10,0.01,EOER,10,0.9896999999999998,0.9897,0.0007916228058025263,0.989,0.9901,0.0010999999999999899,0.9884,0.9912,0.9892093471016422,0.9901906528983574
F3,V0,10,0.01,LER,10,0.0,0.0,0.0,0.0,0.0,0.0,0.0,0.0,0.0,0.0
F3,V0,10,0.01,RSR,10,0.0,0.0,0.0,0.0,0.0,0.0,0.0,0.0,0.0,0.0
F3,V0,10,0.01,UAR,10,0.0,0.0,0.0,0.0,0.0,0.0,0.0,0.0,0.0,0.0
F3,V0,10,0.01,RAF,10,1.0412000000000001,1.0412,0.0031664912232101396,1.0396,1.044,0.0043999999999999595,1.0352,1.0464,1.03923738840657,1.0431626115934303
F3,V0,10,0.01,DAF,10,1.0412000000000001,1.0412,0.0031664912232101396,1.0396,1.044,0.0043999999999999595,1.0352,1.0464,1.03923738840657,1.0431626115934303
F3,V0,10,0.05,DER,10,0.049960000000000004,0.04935,0.002297921766389022,0.0486,0.0526,0.0040000000000000036,0.0471,0.0533,0.04853573333333334,0.05138426666666667
F3,V0,10,0.05,EOER,10,0.9500400000000001,0.95065,0.0022979217663890257,0.9474,0.9514,0.0040000000000000036,0.9467,0.9529,0.9486157333333335,0.9514642666666667
F3,V0,10,0.05,LER,10,0.0,0.0,0.0,0.0,0.0,0.0,0.0,0.0,0.0,0.0
F3,V0,10,0.05,RSR,10,0.0,0.0,0.0,0.0,0.0,0.0,0.0,0.0,0.0,0.0
F3,V0,10,0.05,UAR,10,0.0,0.0,0.0,0.0,0.0,0.0,0.0,0.0,0.0,0.0
F3,V0,10,0.05,RAF,10,1.19984,1.1974,0.009191687065556118,1.1944,1.2104,0.016000000000000014,1.1884,1.2132,1.1941429333333333,1.2055370666666667
F3,V0,10,0.05,DAF,10,1.19984,1.1974,0.009191687065556118,1.1944,1.2104,0.016000000000000014,1.1884,1.2132,1.1941429333333333,1.2055370666666667
F3,V0,10,0.1,DER,10,0.10056000000000001,0.10065,0.003203886528716162,0.0988,0.1018,0.0030000000000000027,0.0951,0.1063,0.0985742105560872,0.10254578944391282
F3,V0,10,0.1,EOER,10,0.89944,0.89935,0.0032038865287161537,0.8982,0.9012,0.0030000000000000027,0.8937,0.9049,0.8974542105560872,0.9014257894439128
F3,V0,10,0.1,LER,10,0.0,0.0,0.0,0.0,0.0,0.0,0.0,0.0,0.0,0.0
F3,V0,10,0.1,RSR,10,0.0,0.0,0.0,0.0,0.0,0.0,0.0,0.0,0.0,0.0
F3,V0,10,0.1,UAR,10,0.0,0.0,0.0,0.0,0.0,0.0,0.0,0.0,0.0,0.0
F3,V0,10,0.1,RAF,10,1.4022400000000002,1.4026,0.01281554611486464,1.3952,1.4072,0.01200000000000001,1.3804,1.4252,1.394296842224349,1.4101831577756514
F3,V0,10,0.1,DAF,10,1.4022400000000002,1.4026,0.01281554611486464,1.3952,1.4072,0.01200000000000001,1.3804,1.4252,1.394296842224349,1.4101831577756514
F3,V0,10,0.2,DER,10,0.20104000000000002,0.2002,0.003370855479943735,0.1987,0.2028,0.00410000000000002,0.1969,0.2078,0.1989507221279431,0.20312927787205695
F3,V0,10,0.2,EOER,10,0.79896,0.7998000000000001,0.003370855479943727,0.7972,0.8013,0.0040999999999999925,0.7922,0.8031,0.7968707221279431,0.8010492778720569
F3,V0,10,0.2,LER,10,0.0,0.0,0.0,0.0,0.0,0.0,0.0,0.0,0.0,0.0
F3,V0,10,0.2,RSR,10,0.0,0.0,0.0,0.0,0.0,0.0,0.0,0.0,0.0,0.0
F3,V0,10,0.2,UAR,10,0.0,0.0,0.0,0.0,0.0,0.0,0.0,0.0,0.0,0.0
F3,V0,10,0.2,RAF,10,1.80416,1.8008000000000002,0.013483421919774877,1.7948,1.8112,0.01639999999999997,1.7876,1.8312,1.7958028885117723,1.8125171114882277
F3,V0,10,0.2,DAF,10,1.80416,1.8008000000000002,0.013483421919774877,1.7948,1.8112,0.01639999999999997,1.7876,1.8312,1.7958028885117723,1.8125171114882277
F3,V0,50,0.01,DER,10,0.00946,0.00945,0.00040331955899344465,0.0091,0.0097,0.0005999999999999998,0.0089,0.0101,0.00921001994746247,0.00970998005253753
F3,V0,50,0.01,EOER,10,0.99054,0.99055,0.0004033195589934479,0.9903,0.9909,0.0006000000000000449,0.9899,0.9911,0.9902900199474625,0.9907899800525375
F3,V0,50,0.01,LER,10,0.0,0.0,0.0,0.0,0.0,0.0,0.0,0.0,0.0,0.0
F3,V0,50,0.01,RSR,10,0.0,0.0,0.0,0.0,0.0,0.0,0.0,0.0,0.0,0.0
F3,V0,50,0.01,UAR,10,0.0,0.0,0.0,0.0,0.0,0.0,0.0,0.0,0.0,0.0
F3,V0,50,0.01,RAF,10,1.03784,1.0378,0.0016132782359737673,1.0364,1.0388,0.0023999999999999577,1.0356,1.0404,1.03684007978985,1.0388399202101501
F3,V0,50,0.01,DAF,10,1.03784,1.0378,0.0016132782359737673,1.0364,1.0388,0.0023999999999999577,1.0356,1.0404,1.03684007978985,1.0388399202101501
F3,V0,50,0.05,DER,10,0.04938,0.0493,0.002195348618227992,0.0472,0.0513,0.0040999999999999995,0.0469,0.0527,0.04801930882922604,0.05074069117077396
F3,V0,50,0.05,EOER,10,0.9506199999999998,0.9507,0.0021953486182279794,0.9487,0.9528,0.0040999999999999925,0.9473,0.9531,0.9492593088292258,0.9519806911707738
F3,V0,50,0.05,LER,10,0.0,0.0,0.0,0.0,0.0,0.0,0.0,0.0,0.0,0.0
F3,V0,50,0.05,RSR,10,0.0,0.0,0.0,0.0,0.0,0.0,0.0,0.0,0.0,0.0
F3,V0,50,0.05,UAR,10,0.0,0.0,0.0,0.0,0.0,0.0,0.0,0.0,0.0,0.0
F3,V0,50,0.05,RAF,10,1.19752,1.1972,0.008781394472911984,1.1888,1.2052,0.01639999999999997,1.1876,1.2108,1.192077235316904,1.2029627646830958
F3,V0,50,0.05,DAF,10,1.19752,1.1972,0.008781394472911984,1.1888,1.2052,0.01639999999999997,1.1876,1.2108,1.192077235316904,1.2029627646830958
F3,V0,50,0.1,DER,10,0.09956,0.09914999999999999,0.0019895281405957078,0.0983,0.1012,0.0029,0.0964,0.103,0.0983268776829167,0.10079312231708329
F3,V0,50,0.1,EOER,10,0.90044,0.90085,0.001989528140595691,0.8988,0.9017,0.0028999999999999027,0.897,0.9036,0.8992068776829167,0.9016731223170833
F3,V0,50,0.1,LER,10,0.0,0.0,0.0,0.0,0.0,0.0,0.0,0.0,0.0,0.0
F3,V0,50,0.1,RSR,10,0.0,0.0,0.0,0.0,0.0,0.0,0.0,0.0,0.0,0.0
F3,V0,50,0.1,UAR,10,0.0,0.0,0.0,0.0,0.0,0.0,0.0,0.0,0.0,0.0
F3,V0,50,0.1,RAF,10,1.3982400000000001,1.3966,0.007958112562382843,1.3932,1.4048,0.011600000000000055,1.3856,1.412,1.393307510731667,1.4031724892683333
F3,V0,50,0.1,DAF,10,1.3982400000000001,1.3966,0.007958112562382843,1.3932,1.4048,0.011600000000000055,1.3856,1.412,1.393307510731667,1.4031724892683333
F3,V0,50,0.2,DER,10,0.19939,0.1989,0.0035174011871140173,0.1966,0.2023,0.005700000000000011,0.195,0.2054,0.19720989215761137,0.20157010784238866
F3,V0,50,0.2,EOER,10,0.80061,0.8010999999999999,0.0035174011871140346,0.7977,0.8034,0.005700000000000038,0.7946,0.805,0.7984298921576114,0.8027901078423887
F3,V0,50,0.2,LER,10,0.0,0.0,0.0,0.0,0.0,0.0,0.0,0.0,0.0,0.0
F3,V0,50,0.2,RSR,10,0.0,0.0,0.0,0.0,0.0,0.0,0.0,0.0,0.0,0.0
F3,V0,50,0.2,UAR,10,0.0,0.0,0.0,0.0,0.0,0.0,0.0,0.0,0.0,0.0
F3,V0,50,0.2,RAF,10,1.79756,1.7956,0.014069604748456109,1.7864,1.8092,0.02279999999999993,1.78,1.8216,1.7888395686304455,1.8062804313695546
F3,V0,50,0.2,DAF,10,1.79756,1.7956,0.014069604748456109,1.7864,1.8092,0.02279999999999993,1.78,1.8216,1.7888395686304455,1.8062804313695546
F3,V1,10,0.01,DER,10,0.0,0.0,0.0,0.0,0.0,0.0,0.0,0.0,0.0,0.0
F3,V1,10,0.01,EOER,10,1.0,1.0,0.0,1.0,1.0,0.0,1.0,1.0,1.0,1.0
F3,V1,10,0.01,LER,10,0.0,0.0,0.0,0.0,0.0,0.0,0.0,0.0,0.0,0.0
F3,V1,10,0.01,RSR,10,0.0,0.0,0.0,0.0,0.0,0.0,0.0,0.0,0.0,0.0
F3,V1,10,0.01,UAR,10,0.0,0.0,0.0,0.0,0.0,0.0,0.0,0.0,0.0,0.0
F3,V1,10,0.01,RAF,10,1.03908,1.0394,0.004549187961725827,1.0372,1.0428,0.005600000000000049,1.0304,1.0448,1.0362603840891986,1.0418996159108014
F3,V1,10,0.01,DAF,10,1.03908,1.0394,0.004549187961725827,1.0372,1.0428,0.005600000000000049,1.0304,1.0448,1.0362603840891986,1.0418996159108014
F3,V1,10,0.05,DER,10,0.0,0.0,0.0,0.0,0.0,0.0,0.0,0.0,0.0,0.0
F3,V1,10,0.05,EOER,10,1.0,1.0,0.0,1.0,1.0,0.0,1.0,1.0,1.0,1.0
F3,V1,10,0.05,LER,10,0.0,0.0,0.0,0.0,0.0,0.0,0.0,0.0,0.0,0.0
F3,V1,10,0.05,RSR,10,0.0,0.0,0.0,0.0,0.0,0.0,0.0,0.0,0.0,0.0
F3,V1,10,0.05,UAR,10,0.0,0.0,0.0,0.0,0.0,0.0,0.0,0.0,0.0,0.0
F3,V1,10,0.05,RAF,10,1.19796,1.1974,0.009428938905777737,1.1944,1.2028,0.008400000000000185,1.1832,1.214,1.1921158831192766,1.2038041168807232
F3,V1,10,0.05,DAF,10,1.19796,1.1974,0.009428938905777737,1.1944,1.2028,0.008400000000000185,1.1832,1.214,1.1921158831192766,1.2038041168807232
F3,V1,10,0.1,DER,10,0.0,0.0,0.0,0.0,0.0,0.0,0.0,0.0,0.0,0.0
F3,V1,10,0.1,EOER,10,1.0,1.0,0.0,1.0,1.0,0.0,1.0,1.0,1.0,1.0
F3,V1,10,0.1,LER,10,0.0,0.0,0.0,0.0,0.0,0.0,0.0,0.0,0.0,0.0
F3,V1,10,0.1,RSR,10,0.0,0.0,0.0,0.0,0.0,0.0,0.0,0.0,0.0,0.0
F3,V1,10,0.1,UAR,10,0.0,0.0,0.0,0.0,0.0,0.0,0.0,0.0,0.0,0.0
F3,V1,10,0.1,RAF,10,1.40328,1.4052,0.013305036640310327,1.396,1.414,0.018000000000000016,1.3756,1.4216,1.3950334528534665,1.4115265471465337
F3,V1,10,0.1,DAF,10,1.40328,1.4052,0.013305036640310327,1.396,1.414,0.018000000000000016,1.3756,1.4216,1.3950334528534665,1.4115265471465337
F3,V1,10,0.2,DER,10,0.0,0.0,0.0,0.0,0.0,0.0,0.0,0.0,0.0,0.0
F3,V1,10,0.2,EOER,10,1.0,1.0,0.0,1.0,1.0,0.0,1.0,1.0,1.0,1.0
F3,V1,10,0.2,LER,10,0.0,0.0,0.0,0.0,0.0,0.0,0.0,0.0,0.0,0.0
F3,V1,10,0.2,RSR,10,0.0,0.0,0.0,0.0,0.0,0.0,0.0,0.0,0.0,0.0
F3,V1,10,0.2,UAR,10,0.0,0.0,0.0,0.0,0.0,0.0,0.0,0.0,0.0,0.0
F3,V1,10,0.2,RAF,10,1.8030000000000002,1.8052000000000001,0.017977022371164064,1.7988,1.8112,0.012399999999999967,1.77,1.8364,1.791857726096827,1.8141422739031734
F3,V1,10,0.2,DAF,10,1.8030000000000002,1.8052000000000001,0.017977022371164064,1.7988,1.8112,0.012399999999999967,1.77,1.8364,1.791857726096827,1.8141422739031734
F3,V1,50,0.01,DER,10,0.0,0.0,0.0,0.0,0.0,0.0,0.0,0.0,0.0,0.0
F3,V1,50,0.01,EOER,10,1.0,1.0,0.0,1.0,1.0,0.0,1.0,1.0,1.0,1.0
F3,V1,50,0.01,LER,10,0.0,0.0,0.0,0.0,0.0,0.0,0.0,0.0,0.0,0.0
F3,V1,50,0.01,RSR,10,0.0,0.0,0.0,0.0,0.0,0.0,0.0,0.0,0.0,0.0
F3,V1,50,0.01,UAR,10,0.0,0.0,0.0,0.0,0.0,0.0,0.0,0.0,0.0,0.0
F3,V1,50,0.01,RAF,10,1.03976,1.0394,0.004031873013873332,1.0364,1.0416,0.0052000000000000934,1.0356,1.0476,1.03726101921576,1.04225898078424
F3,V1,50,0.01,DAF,10,1.03976,1.0394,0.004031873013873332,1.0364,1.0416,0.0052000000000000934,1.0356,1.0476,1.03726101921576,1.04225898078424
F3,V1,50,0.05,DER,10,0.0,0.0,0.0,0.0,0.0,0.0,0.0,0.0,0.0,0.0
F3,V1,50,0.05,EOER,10,1.0,1.0,0.0,1.0,1.0,0.0,1.0,1.0,1.0,1.0
F3,V1,50,0.05,LER,10,0.0,0.0,0.0,0.0,0.0,0.0,0.0,0.0,0.0,0.0
F3,V1,50,0.05,RSR,10,0.0,0.0,0.0,0.0,0.0,0.0,0.0,0.0,0.0,0.0
F3,V1,50,0.05,UAR,10,0.0,0.0,0.0,0.0,0.0,0.0,0.0,0.0,0.0,0.0
F3,V1,50,0.05,RAF,10,1.20032,1.1987999999999999,0.00991125062183825,1.1952,1.208,0.012799999999999923,1.1832,1.2188,1.1941769432205493,1.2064630567794508
F3,V1,50,0.05,DAF,10,1.20032,1.1987999999999999,0.00991125062183825,1.1952,1.208,0.012799999999999923,1.1832,1.2188,1.1941769432205493,1.2064630567794508
F3,V1,50,0.1,DER,10,0.0,0.0,0.0,0.0,0.0,0.0,0.0,0.0,0.0,0.0
F3,V1,50,0.1,EOER,10,1.0,1.0,0.0,1.0,1.0,0.0,1.0,1.0,1.0,1.0
F3,V1,50,0.1,LER,10,0.0,0.0,0.0,0.0,0.0,0.0,0.0,0.0,0.0,0.0
F3,V1,50,0.1,RSR,10,0.0,0.0,0.0,0.0,0.0,0.0,0.0,0.0,0.0,0.0
F3,V1,50,0.1,UAR,10,0.0,0.0,0.0,0.0,0.0,0.0,0.0,0.0,0.0,0.0
F3,V1,50,0.1,RAF,10,1.4016000000000002,1.3954,0.014346815364780857,1.3904,1.4148,0.024399999999999977,1.3872,1.4244,1.3927077517103692,1.4104922482896312
F3,V1,50,0.1,DAF,10,1.4016000000000002,1.3954,0.014346815364780857,1.3904,1.4148,0.024399999999999977,1.3872,1.4244,1.3927077517103692,1.4104922482896312
F3,V1,50,0.2,DER,10,0.0,0.0,0.0,0.0,0.0,0.0,0.0,0.0,0.0,0.0
F3,V1,50,0.2,EOER,10,1.0,1.0,0.0,1.0,1.0,0.0,1.0,1.0,1.0,1.0
F3,V1,50,0.2,LER,10,0.0,0.0,0.0,0.0,0.0,0.0,0.0,0.0,0.0,0.0
F3,V1,50,0.2,RSR,10,0.0,0.0,0.0,0.0,0.0,0.0,0.0,0.0,0.0,0.0
F3,V1,50,0.2,UAR,10,0.0,0.0,0.0,0.0,0.0,0.0,0.0,0.0,0.0,0.0
F3,V1,50,0.2,RAF,10,1.7863599999999997,1.7882,0.018888632678000953,1.7792,1.8012,0.02200000000000002,1.7444,1.8116,1.774652704174841,1.7980672958251585
F3,V1,50,0.2,DAF,10,1.7863599999999997,1.7882,0.018888632678000953,1.7792,1.8012,0.02200000000000002,1.7444,1.8116,1.774652704174841,1.7980672958251585
F3,V2,10,0.01,DER,10,0.0,0.0,0.0,0.0,0.0,0.0,0.0,0.0,0.0,0.0
F3,V2,10,0.01,EOER,10,1.0,1.0,0.0,1.0,1.0,0.0,1.0,1.0,1.0,1.0
F3,V2,10,0.01,LER,10,0.0,0.0,0.0,0.0,0.0,0.0,0.0,0.0,0.0,0.0
F3,V2,10,0.01,RSR,10,0.0,0.0,0.0,0.0,0.0,0.0,0.0,0.0,0.0,0.0
F3,V2,10,0.01,UAR,10,0.01036,0.0103,0.0008783823515733656,0.0096,0.0112,0.0016000000000000007,0.0093,0.0117,0.009815572978056542,0.010904427021943457
F3,V2,10,0.01,RAF,10,1.04144,1.0412,0.0035135294062934655,1.0384,1.0448,0.006399999999999961,1.0372,1.0468,1.039262291912226,1.0436177080877738
F3,V2,10,0.01,DAF,10,1.0,1.0,0.0,1.0,1.0,0.0,1.0,1.0,1.0,1.0
F3,V2,10,0.05,DER,10,0.0,0.0,0.0,0.0,0.0,0.0,0.0,0.0,0.0,0.0
F3,V2,10,0.05,EOER,10,1.0,1.0,0.0,1.0,1.0,0.0,1.0,1.0,1.0,1.0
F3,V2,10,0.05,LER,10,0.0,0.0,0.0,0.0,0.0,0.0,0.0,0.0,0.0,0.0
F3,V2,10,0.05,RSR,10,0.0,0.0,0.0,0.0,0.0,0.0,0.0,0.0,0.0,0.0
F3,V2,10,0.05,UAR,10,0.051500000000000004,0.051199999999999996,0.00200554786086551,0.0502,0.0531,0.0029,0.0488,0.0553,0.05025694855742456,0.05274305144257545
F3,V2,10,0.05,RAF,10,1.206,1.2048,0.008022191443462029,1.2008,1.2124,0.011599999999999833,1.1952,1.2212,1.2010277942296983,1.2109722057703016
F3,V2,10,0.05,DAF,10,1.0,1.0,0.0,1.0,1.0,0.0,1.0,1.0,1.0,1.0
F3,V2,10,0.1,DER,10,0.0,0.0,0.0,0.0,0.0,0.0,0.0,0.0,0.0,0.0
F3,V2,10,0.1,EOER,10,1.0,1.0,0.0,1.0,1.0,0.0,1.0,1.0,1.0,1.0
F3,V2,10,0.1,LER,10,0.0,0.0,0.0,0.0,0.0,0.0,0.0,0.0,0.0,0.0
F3,V2,10,0.1,RSR,10,0.0,0.0,0.0,0.0,0.0,0.0,0.0,0.0,0.0,0.0
F3,V2,10,0.1,UAR,10,0.09977000000000001,0.09955,0.0032438146268449638,0.0969,0.1031,0.006199999999999997,0.0941,0.104,0.09775946286447296,0.10178053713552707
F3,V2,10,0.1,RAF,10,1.39908,1.3982,0.012975258507379843,1.3876,1.4124,0.024800000000000155,1.3764,1.416,1.3910378514578918,1.4071221485421084
F3,V2,10,0.1,DAF,10,1.0,1.0,0.0,1.0,1.0,0.0,1.0,1.0,1.0,1.0
F3,V2,10,0.2,DER,10,0.0,0.0,0.0,0.0,0.0,0.0,0.0,0.0,0.0,0.0
F3,V2,10,0.2,EOER,10,1.0,1.0,0.0,1.0,1.0,0.0,1.0,1.0,1.0,1.0
F3,V2,10,0.2,LER,10,0.0,0.0,0.0,0.0,0.0,0.0,0.0,0.0,0.0,0.0
F3,V2,10,0.2,RSR,10,0.0,0.0,0.0,0.0,0.0,0.0,0.0,0.0,0.0,0.0
F3,V2,10,0.2,UAR,10,0.19946000000000003,0.2,0.003862123768084083,0.1973,0.2016,0.004299999999999998,0.1925,0.2066,0.19706623088832698,0.20185376911167308
F3,V2,10,0.2,RAF,10,1.7978399999999997,1.8,0.015448495072336359,1.7892,1.8064,0.017200000000000104,1.77,1.8264,1.7882649235533075,1.8074150764466919
F3,V2,10,0.2,DAF,10,1.0,1.0,0.0,1.0,1.0,0.0,1.0,1.0,1.0,1.0
F3,V2,50,0.01,DER,10,0.0,0.0,0.0,0.0,0.0,0.0,0.0,0.0,0.0,0.0
F3,V2,50,0.01,EOER,10,1.0,1.0,0.0,1.0,1.0,0.0,1.0,1.0,1.0,1.0
F3,V2,50,0.01,LER,10,0.0,0.0,0.0,0.0,0.0,0.0,0.0,0.0,0.0,0.0
F3,V2,50,0.01,RSR,10,0.0,0.0,0.0,0.0,0.0,0.0,0.0,0.0,0.0,0.0
F3,V2,50,0.01,UAR,10,0.01005,0.01015,0.0009383792173506166,0.0093,0.0108,0.0015000000000000013,0.0087,0.0115,0.009468386535384348,0.010631613464615651
F3,V2,50,0.01,RAF,10,1.0402,1.0406,0.0037535168694024785,1.0372,1.0432,0.006000000000000005,1.0348,1.046,1.0378735461415374,1.0425264538584627
F3,V2,50,0.01,DAF,10,1.0,1.0,0.0,1.0,1.0,0.0,1.0,1.0,1.0,1.0
F3,V2,50,0.05,DER,10,0.0,0.0,0.0,0.0,0.0,0.0,0.0,0.0,0.0,0.0
F3,V2,50,0.05,EOER,10,1.0,1.0,0.0,1.0,1.0,0.0,1.0,1.0,1.0,1.0
F3,V2,50,0.05,LER,10,0.0,0.0,0.0,0.0,0.0,0.0,0.0,0.0,0.0,0.0
F3,V2,50,0.05,RSR,10,0.0,0.0,0.0,0.0,0.0,0.0,0.0,0.0,0.0,0.0
F3,V2,50,0.05,UAR,10,0.050629999999999994,0.050199999999999995,0.0029612497361755897,0.0477,0.052,0.004299999999999998,0.0471,0.0553,0.04879459839817003,0.052465401601829956
F3,V2,50,0.05,RAF,10,1.2025200000000003,1.2008,0.01184499894470236,1.1908,1.208,0.017199999999999882,1.1884,1.2212,1.1951783935926803,1.2098616064073202
F3,V2,50,0.05,DAF,10,1.0,1.0,0.0,1.0,1.0,0.0,1.0,1.0,1.0,1.0
F3,V2,50,0.1,DER,10,0.0,0.0,0.0,0.0,0.0,0.0,0.0,0.0,0.0,0.0
F3,V2,50,0.1,EOER,10,1.0,1.0,0.0,1.0,1.0,0.0,1.0,1.0,1.0,1.0
F3,V2,50,0.1,LER,10,0.0,0.0,0.0,0.0,0.0,0.0,0.0,0.0,0.0,0.0
F3,V2,50,0.1,RSR,10,0.0,0.0,0.0,0.0,0.0,0.0,0.0,0.0,0.0,0.0
F3,V2,50,0.1,UAR,10,0.10259,0.1016,0.003590868047329689,0.1007,0.103,0.0022999999999999965,0.0975,0.1095,0.1003643569258901,0.1048156430741099
F3,V2,50,0.1,RAF,10,1.41036,1.4064,0.01436347218931874,1.4028,1.412,0.009199999999999875,1.39,1.438,1.4014574277035605,1.4192625722964396
F3,V2,50,0.1,DAF,10,1.0,1.0,0.0,1.0,1.0,0.0,1.0,1.0,1.0,1.0
F3,V2,50,0.2,DER,10,0.0,0.0,0.0,0.0,0.0,0.0,0.0,0.0,0.0,0.0
F3,V2,50,0.2,EOER,10,1.0,1.0,0.0,1.0,1.0,0.0,1.0,1.0,1.0,1.0
F3,V2,50,0.2,LER,10,0.0,0.0,0.0,0.0,0.0,0.0,0.0,0.0,0.0,0.0
F3,V2,50,0.2,RSR,10,0.0,0.0,0.0,0.0,0.0,0.0,0.0,0.0,0.0,0.0
F3,V2,50,0.2,UAR,10,0.20204000000000005,0.20195000000000002,0.004270623165560528,0.1992,0.2055,0.0063,0.194,0.2076,0.19939304033863592,0.2046869596613642
F3,V2,50,0.2,RAF,10,1.8081600000000002,1.8077999999999999,0.017082492662242137,1.7968,1.822,0.02520000000000011,1.776,1.8304,1.7975721613545437,1.8187478386454567
F3,V2,50,0.2,DAF,10,1.0,1.0,0.0,1.0,1.0,0.0,1.0,1.0,1.0,1.0
F3,V3,10,0.01,DER,10,0.0,0.0,0.0,0.0,0.0,0.0,0.0,0.0,0.0,0.0
F3,V3,10,0.01,EOER,10,1.0,1.0,0.0,1.0,1.0,0.0,1.0,1.0,1.0,1.0
F3,V3,10,0.01,LER,10,0.0,0.0,0.0,0.0,0.0,0.0,0.0,0.0,0.0,0.0
F3,V3,10,0.01,RSR,10,0.0,0.0,0.0,0.0,0.0,0.0,0.0,0.0,0.0,0.0
F3,V3,10,0.01,UAR,10,0.0,0.0,0.0,0.0,0.0,0.0,0.0,0.0,0.0,0.0
F3,V3,10,0.01,RAF,10,1.04032,1.0428,0.00528578807327304,1.0356,1.044,0.008399999999999963,1.0308,1.0468,1.0370438346100628,1.043596165389937
F3,V3,10,0.01,DAF,10,1.04032,1.0428,0.00528578807327304,1.0356,1.044,0.008399999999999963,1.0308,1.0468,1.0370438346100628,1.043596165389937
F3,V3,10,0.05,DER,10,0.0,0.0,0.0,0.0,0.0,0.0,0.0,0.0,0.0,0.0
F3,V3,10,0.05,EOER,10,1.0,1.0,0.0,1.0,1.0,0.0,1.0,1.0,1.0,1.0
F3,V3,10,0.05,LER,10,0.0,0.0,0.0,0.0,0.0,0.0,0.0,0.0,0.0,0.0
F3,V3,10,0.05,RSR,10,0.0,0.0,0.0,0.0,0.0,0.0,0.0,0.0,0.0,0.0
F3,V3,10,0.05,UAR,10,0.0,0.0,0.0,0.0,0.0,0.0,0.0,0.0,0.0,0.0
F3,V3,10,0.05,RAF,10,1.19892,1.2004000000000001,0.010312538215417425,1.1888,1.208,0.019199999999999884,1.182,1.2108,1.1925282225932234,1.2053117774067765
F3,V3,10,0.05,DAF,10,1.19892,1.2004000000000001,0.010312538215417425,1.1888,1.208,0.019199999999999884,1.182,1.2108,1.1925282225932234,1.2053117774067765
F3,V3,10,0.1,DER,10,0.0,0.0,0.0,0.0,0.0,0.0,0.0,0.0,0.0,0.0
F3,V3,10,0.1,EOER,10,1.0,1.0,0.0,1.0,1.0,0.0,1.0,1.0,1.0,1.0
F3,V3,10,0.1,LER,10,0.0,0.0,0.0,0.0,0.0,0.0,0.0,0.0,0.0,0.0
F3,V3,10,0.1,RSR,10,0.0,0.0,0.0,0.0,0.0,0.0,0.0,0.0,0.0,0.0
F3,V3,10,0.1,UAR,10,0.0,0.0,0.0,0.0,0.0,0.0,0.0,0.0,0.0,0.0
F3,V3,10,0.1,RAF,10,1.40296,1.4038,0.006926150125109622,1.3968,1.4064,0.009600000000000053,1.3912,1.4144,1.3986671276769251,1.4072528723230748
F3,V3,10,0.1,DAF,10,1.40296,1.4038,0.006926150125109622,1.3968,1.4064,0.009600000000000053,1.3912,1.4144,1.3986671276769251,1.4072528723230748
F3,V3,10,0.2,DER,10,0.0,0.0,0.0,0.0,0.0,0.0,0.0,0.0,0.0,0.0
F3,V3,10,0.2,EOER,10,1.0,1.0,0.0,1.0,1.0,0.0,1.0,1.0,1.0,1.0
F3,V3,10,0.2,LER,10,0.0,0.0,0.0,0.0,0.0,0.0,0.0,0.0,0.0,0.0
F3,V3,10,0.2,RSR,10,0.0,0.0,0.0,0.0,0.0,0.0,0.0,0.0,0.0,0.0
F3,V3,10,0.2,UAR,10,0.0,0.0,0.0,0.0,0.0,0.0,0.0,0.0,0.0,0.0
F3,V3,10,0.2,RAF,10,1.8057200000000002,1.8044,0.013194005372811459,1.7976,1.8116,0.014000000000000012,1.7884,1.8344,1.797542270746038,1.8138977292539624
F3,V3,10,0.2,DAF,10,1.8057200000000002,1.8044,0.013194005372811459,1.7976,1.8116,0.014000000000000012,1.7884,1.8344,1.797542270746038,1.8138977292539624
F3,V3,50,0.01,DER,10,0.0,0.0,0.0,0.0,0.0,0.0,0.0,0.0,0.0,0.0
F3,V3,50,0.01,EOER,10,1.0,1.0,0.0,1.0,1.0,0.0,1.0,1.0,1.0,1.0
F3,V3,50,0.01,LER,10,0.0,0.0,0.0,0.0,0.0,0.0,0.0,0.0,0.0,0.0
F3,V3,50,0.01,RSR,10,0.0,0.0,0.0,0.0,0.0,0.0,0.0,0.0,0.0,0.0
F3,V3,50,0.01,UAR,10,0.0,0.0,0.0,0.0,0.0,0.0,0.0,0.0,0.0,0.0
F3,V3,50,0.01,RAF,10,1.0398400000000003,1.039,0.003161996556326728,1.038,1.0424,0.0043999999999999595,1.0344,1.0448,1.0378801742299664,1.0417998257700343
F3,V3,50,0.01,DAF,10,1.0398400000000003,1.039,0.003161996556326728,1.038,1.0424,0.0043999999999999595,1.0344,1.0448,1.0378801742299664,1.0417998257700343
F3,V3,50,0.05,DER,10,0.0,0.0,0.0,0.0,0.0,0.0,0.0,0.0,0.0,0.0
F3,V3,50,0.05,EOER,10,1.0,1.0,0.0,1.0,1.0,0.0,1.0,1.0,1.0,1.0
F3,V3,50,0.05,LER,10,0.0,0.0,0.0,0.0,0.0,0.0,0.0,0.0,0.0,0.0
F3,V3,50,0.05,RSR,10,0.0,0.0,0.0,0.0,0.0,0.0,0.0,0.0,0.0,0.0
F3,V3,50,0.05,UAR,10,0.0,0.0,0.0,0.0,0.0,0.0,0.0,0.0,0.0,0.0
F3,V3,50,0.05,RAF,10,1.20336,1.2032,0.001790840894973968,1.202,1.2048,0.0028000000000001357,1.2004,1.206,1.202250025313602,1.204469974686398
F3,V3,50,0.05,DAF,10,1.20336,1.2032,0.001790840894973968,1.202,1.2048,0.0028000000000001357,1.2004,1.206,1.202250025313602,1.204469974686398
F3,V3,50,0.1,DER,10,0.0,0.0,0.0,0.0,0.0,0.0,0.0,0.0,0.0,0.0
F3,V3,50,0.1,EOER,10,1.0,1.0,0.0,1.0,1.0,0.0,1.0,1.0,1.0,1.0
F3,V3,50,0.1,LER,10,0.0,0.0,0.0,0.0,0.0,0.0,0.0,0.0,0.0,0.0
F3,V3,50,0.1,RSR,10,0.0,0.0,0.0,0.0,0.0,0.0,0.0,0.0,0.0,0.0
F3,V3,50,0.1,UAR,10,0.0,0.0,0.0,0.0,0.0,0.0,0.0,0.0,0.0,0.0
F3,V3,50,0.1,RAF,10,1.3972000000000002,1.3972,0.014135848832745154,1.3856,1.4072,0.021600000000000064,1.3732,1.4168,1.388438510121624,1.4059614898783765
F3,V3,50,0.1,DAF,10,1.3972000000000002,1.3972,0.014135848832745154,1.3856,1.4072,0.021600000000000064,1.3732,1.4168,1.388438510121624,1.4059614898783765
F3,V3,50,0.2,DER,10,0.0,0.0,0.0,0.0,0.0,0.0,0.0,0.0,0.0,0.0
F3,V3,50,0.2,EOER,10,1.0,1.0,0.0,1.0,1.0,0.0,1.0,1.0,1.0,1.0
F3,V3,50,0.2,LER,10,0.0,0.0,0.0,0.0,0.0,0.0,0.0,0.0,0.0,0.0
F3,V3,50,0.2,RSR,10,0.0,0.0,0.0,0.0,0.0,0.0,0.0,0.0,0.0,0.0
F3,V3,50,0.2,UAR,10,0.0,0.0,0.0,0.0,0.0,0.0,0.0,0.0,0.0,0.0
F3,V3,50,0.2,RAF,10,1.807,1.8096,0.01701058493997197,1.794,1.8216,0.02760000000000007,1.778,1.826,1.7964567302225543,1.8175432697774456
F3,V3,50,0.2,DAF,10,1.807,1.8096,0.01701058493997197,1.794,1.8216,0.02760000000000007,1.778,1.826,1.7964567302225543,1.8175432697774456
F3,V4,10,0.01,DER,10,0.0,0.0,0.0,0.0,0.0,0.0,0.0,0.0,0.0,0.0
F3,V4,10,0.01,EOER,10,1.0,1.0,0.0,1.0,1.0,0.0,1.0,1.0,1.0,1.0
F3,V4,10,0.01,LER,10,0.0,0.0,0.0,0.0,0.0,0.0,0.0,0.0,0.0,0.0
F3,V4,10,0.01,RSR,10,0.0,0.0,0.0,0.0,0.0,0.0,0.0,0.0,0.0,0.0
F3,V4,10,0.01,UAR,10,0.009899999999999999,0.00955,0.0016227548592850781,0.0088,0.0101,0.001299999999999999,0.0085,0.0142,0.00889420611786841,0.010905793882131589
F3,V4,10,0.01,RAF,10,1.0396,1.0382,0.006491019437140313,1.0352,1.0404,0.0052000000000000934,1.034,1.0568,1.0355768244714738,1.0436231755285263
F3,V4,10,0.01,DAF,10,1.0,1.0,0.0,1.0,1.0,0.0,1.0,1.0,1.0,1.0
F3,V4,10,0.05,DER,10,0.0,0.0,0.0,0.0,0.0,0.0,0.0,0.0,0.0,0.0
F3,V4,10,0.05,EOER,10,1.0,1.0,0.0,1.0,1.0,0.0,1.0,1.0,1.0,1.0
F3,V4,10,0.05,LER,10,0.0,0.0,0.0,0.0,0.0,0.0,0.0,0.0,0.0,0.0
F3,V4,10,0.05,RSR,10,0.0,0.0,0.0,0.0,0.0,0.0,0.0,0.0,0.0,0.0
F3,V4,10,0.05,UAR,10,0.050530000000000005,0.0509,0.002160272616541203,0.0491,0.0523,0.0032000000000000015,0.0463,0.0533,0.0491910491603083,0.05186895083969171
F3,V4,10,0.05,RAF,10,1.2021199999999999,1.2036,0.008641090466164843,1.1964,1.2092,0.012800000000000145,1.1852,1.2132,1.196764196641233,1.2074758033587667
F3,V4,10,0.05,DAF,10,1.0,1.0,0.0,1.0,1.0,0.0,1.0,1.0,1.0,1.0
F3,V4,10,0.1,DER,10,0.0,0.0,0.0,0.0,0.0,0.0,0.0,0.0,0.0,0.0
F3,V4,10,0.1,EOER,10,1.0,1.0,0.0,1.0,1.0,0.0,1.0,1.0,1.0,1.0
F3,V4,10,0.1,LER,10,0.0,0.0,0.0,0.0,0.0,0.0,0.0,0.0,0.0,0.0
F3,V4,10,0.1,RSR,10,0.0,0.0,0.0,0.0,0.0,0.0,0.0,0.0,0.0,0.0
F3,V4,10,0.1,UAR,10,0.10013999999999998,0.09985,0.003316356769441763,0.0972,0.1018,0.004600000000000007,0.0955,0.1055,0.09808450077866983,0.10219549922133013
F3,V4,10,0.1,RAF,10,1.40056,1.3994,0.013265427077767062,1.3888,1.4072,0.018399999999999972,1.382,1.422,1.3923380031146795,1.4087819968853206
F3,V4,10,0.1,DAF,10,1.0,1.0,0.0,1.0,1.0,0.0,1.0,1.0,1.0,1.0
F3,V4,10,0.2,DER,10,0.0,0.0,0.0,0.0,0.0,0.0,0.0,0.0,0.0,0.0
F3,V4,10,0.2,EOER,10,1.0,1.0,0.0,1.0,1.0,0.0,1.0,1.0,1.0,1.0
F3,V4,10,0.2,LER,10,0.0,0.0,0.0,0.0,0.0,0.0,0.0,0.0,0.0,0.0
F3,V4,10,0.2,RSR,10,0.0,0.0,0.0,0.0,0.0,0.0,0.0,0.0,0.0,0.0
F3,V4,10,0.2,UAR,10,0.20057,0.2019,0.003220438203447199,0.1989,0.2024,0.003500000000000003,0.1941,0.2038,0.1985739517218041,0.2025660482781959
F3,V4,10,0.2,RAF,10,1.80228,1.8075999999999999,0.012881752813788777,1.7956,1.8096,0.014000000000000012,1.7764,1.8152,1.7942958068872163,1.8102641931127839
F3,V4,10,0.2,DAF,10,1.0,1.0,0.0,1.0,1.0,0.0,1.0,1.0,1.0,1.0
F3,V4,50,0.01,DER,10,0.0,0.0,0.0,0.0,0.0,0.0,0.0,0.0,0.0,0.0
F3,V4,50,0.01,EOER,10,1.0,1.0,0.0,1.0,1.0,0.0,1.0,1.0,1.0,1.0
F3,V4,50,0.01,LER,10,0.0,0.0,0.0,0.0,0.0,0.0,0.0,0.0,0.0,0.0
F3,V4,50,0.01,RSR,10,0.0,0.0,0.0,0.0,0.0,0.0,0.0,0.0,0.0,0.0
F3,V4,50,0.01,UAR,10,0.01021,0.01,0.0010038260141412292,0.0097,0.0101,0.0003999999999999993,0.0092,0.0128,0.009587822190473924,0.010832177809526077
F3,V4,50,0.01,RAF,10,1.04084,1.04,0.0040153040565648855,1.0388,1.0404,0.0016000000000000458,1.0368,1.0512,1.0383512887618958,1.0433287112381042
F3,V4,50,0.01,DAF,10,1.0,1.0,0.0,1.0,1.0,0.0,1.0,1.0,1.0,1.0
F3,V4,50,0.05,DER,10,0.0,0.0,0.0,0.0,0.0,0.0,0.0,0.0,0.0,0.0
F3,V4,50,0.05,EOER,10,1.0,1.0,0.0,1.0,1.0,0.0,1.0,1.0,1.0,1.0
F3,V4,50,0.05,LER,10,0.0,0.0,0.0,0.0,0.0,0.0,0.0,0.0,0.0,0.0
F3,V4,50,0.05,RSR,10,0.0,0.0,0.0,0.0,0.0,0.0,0.0,0.0,0.0,0.0
F3,V4,50,0.05,UAR,10,0.04859000000000001,0.0484,0.0019930155822549685,0.0468,0.0501,0.0032999999999999974,0.0464,0.0522,0.04735471614418207,0.04982528385581795
F3,V4,50,0.05,RAF,10,1.19436,1.1936,0.007972062329019914,1.1872,1.2004,0.013199999999999878,1.1856,1.2088,1.1894188645767283,1.1993011354232719
F3,V4,50,0.05,DAF,10,1.0,1.0,0.0,1.0,1.0,0.0,1.0,1.0,1.0,1.0
F3,V4,50,0.1,DER,10,0.0,0.0,0.0,0.0,0.0,0.0,0.0,0.0,0.0,0.0
F3,V4,50,0.1,EOER,10,1.0,1.0,0.0,1.0,1.0,0.0,1.0,1.0,1.0,1.0
F3,V4,50,0.1,LER,10,0.0,0.0,0.0,0.0,0.0,0.0,0.0,0.0,0.0,0.0
F3,V4,50,0.1,RSR,10,0.0,0.0,0.0,0.0,0.0,0.0,0.0,0.0,0.0,0.0
F3,V4,50,0.1,UAR,10,0.09948999999999998,0.1007,0.0034652080264634426,0.0985,0.102,0.0034999999999999892,0.0933,0.1032,0.09734224181373537,0.1016377581862646
F3,V4,50,0.1,RAF,10,1.39796,1.4028,0.013860832105853774,1.394,1.408,0.014000000000000012,1.3732,1.4128,1.3893689672549416,1.4065510327450585
F3,V4,50,0.1,DAF,10,1.0,1.0,0.0,1.0,1.0,0.0,1.0,1.0,1.0,1.0
F3,V4,50,0.2,DER,10,0.0,0.0,0.0,0.0,0.0,0.0,0.0,0.0,0.0,0.0
F3,V4,50,0.2,EOER,10,1.0,1.0,0.0,1.0,1.0,0.0,1.0,1.0,1.0,1.0
F3,V4,50,0.2,LER,10,0.0,0.0,0.0,0.0,0.0,0.0,0.0,0.0,0.0,0.0
F3,V4,50,0.2,RSR,10,0.0,0.0,0.0,0.0,0.0,0.0,0.0,0.0,0.0,0.0
F3,V4,50,0.2,UAR,10,0.20068999999999998,0.2025,0.004247208233390234,0.1976,0.2035,0.005899999999999989,0.1941,0.2067,0.19805755306395148,0.20332244693604848
F3,V4,50,0.2,RAF,10,1.80276,1.81,0.016988832933560932,1.7904,1.814,0.023600000000000065,1.7764,1.8268,1.792230212255806,1.8132897877441938
F3,V4,50,0.2,DAF,10,1.0,1.0,0.0,1.0,1.0,0.0,1.0,1.0,1.0,1.0
F3,V5,10,0.01,DER,10,0.0,0.0,0.0,0.0,0.0,0.0,0.0,0.0,0.0,0.0
F3,V5,10,0.01,EOER,10,1.0,1.0,0.0,1.0,1.0,0.0,1.0,1.0,1.0,1.0
F3,V5,10,0.01,LER,10,0.0,0.0,0.0,0.0,0.0,0.0,0.0,0.0,0.0,0.0
F3,V5,10,0.01,RSR,10,0.009729999999999999,0.0095,0.0010078028907810625,0.009,0.0103,0.0013000000000000008,0.0085,0.0115,0.009105357296795466,0.010354642703204532
F3,V5,10,0.01,UAR,10,0.0,0.0,0.0,0.0,0.0,0.0,0.0,0.0,0.0,0.0
F3,V5,10,0.01,RAF,10,1.0097299999999998,1.0095,0.0010078028907810732,1.009,1.0103,0.0013000000000000789,1.0085,1.0115,1.0091053572967952,1.0103546427032044
F3,V5,10,0.01,DAF,10,1.0,1.0,0.0,1.0,1.0,0.0,1.0,1.0,1.0,1.0
F3,V5,10,0.05,DER,10,0.0,0.0,0.0,0.0,0.0,0.0,0.0,0.0,0.0,0.0
F3,V5,10,0.05,EOER,10,1.0,1.0,0.0,1.0,1.0,0.0,1.0,1.0,1.0,1.0
F3,V5,10,0.05,LER,10,0.0,0.0,0.0,0.0,0.0,0.0,0.0,0.0,0.0,0.0
F3,V5,10,0.05,RSR,10,0.049120000000000004,0.0487,0.002548550786449254,0.0479,0.0516,0.003700000000000002,0.0444,0.0522,0.04754039185731257,0.05069960814268744
F3,V5,10,0.05,UAR,10,0.0,0.0,0.0,0.0,0.0,0.0,0.0,0.0,0.0,0.0
F3,V5,10,0.05,RAF,10,1.0491199999999998,1.0487,0.002548550786449267,1.0479,1.0516,0.0037000000000000366,1.0444,1.0522,1.0475403918573123,1.0506996081426874
F3,V5,10,0.05,DAF,10,1.0,1.0,0.0,1.0,1.0,0.0,1.0,1.0,1.0,1.0
F3,V5,10,0.1,DER,10,0.0,0.0,0.0,0.0,0.0,0.0,0.0,0.0,0.0,0.0
F3,V5,10,0.1,EOER,10,1.0,1.0,0.0,1.0,1.0,0.0,1.0,1.0,1.0,1.0
F3,V5,10,0.1,LER,10,0.0,0.0,0.0,0.0,0.0,0.0,0.0,0.0,0.0,0.0
F3,V5,10,0.1,RSR,10,0.10060999999999998,0.10155,0.00303697583497502,0.0979,0.1023,0.004400000000000001,0.096,0.1056,0.09872766287586708,0.10249233712413287
F3,V5,10,0.1,UAR,10,0.0,0.0,0.0,0.0,0.0,0.0,0.0,0.0,0.0,0.0
F3,V5,10,0.1,RAF,10,1.10061,1.10155,0.003036975834974992,1.0979,1.1023,0.0043999999999999595,1.096,1.1056,1.0987276628758673,1.1024923371241329
F3,V5,10,0.1,DAF,10,1.0,1.0,0.0,1.0,1.0,0.0,1.0,1.0,1.0,1.0
F3,V5,10,0.2,DER,10,0.0,0.0,0.0,0.0,0.0,0.0,0.0,0.0,0.0,0.0
F3,V5,10,0.2,EOER,10,1.0,1.0,0.0,1.0,1.0,0.0,1.0,1.0,1.0,1.0
F3,V5,10,0.2,LER,10,0.0,0.0,0.0,0.0,0.0,0.0,0.0,0.0,0.0,0.0
F3,V5,10,0.2,RSR,10,0.19966,0.19995000000000002,0.003726541440949119,0.1969,0.2012,0.004299999999999998,0.1955,0.2078,0.1973502656853126,0.2019697343146874
F3,V5,10,0.2,UAR,10,0.0,0.0,0.0,0.0,0.0,0.0,0.0,0.0,0.0,0.0
F3,V5,10,0.2,RAF,10,1.1996600000000002,1.1999499999999999,0.003726541440949099,1.1969,1.2012,0.0042999999999999705,1.1955,1.2078,1.1973502656853128,1.2019697343146876
F3,V5,10,0.2,DAF,10,1.0,1.0,0.0,1.0,1.0,0.0,1.0,1.0,1.0,1.0
F3,V5,50,0.01,DER,10,0.0,0.0,0.0,0.0,0.0,0.0,0.0,0.0,0.0,0.0
F3,V5,50,0.01,EOER,10,1.0,1.0,0.0,1.0,1.0,0.0,1.0,1.0,1.0,1.0
F3,V5,50,0.01,LER,10,0.0,0.0,0.0,0.0,0.0,0.0,0.0,0.0,0.0,0.0
F3,V5,50,0.01,RSR,10,0.010409999999999999,0.0105,0.0014137813755237326,0.0098,0.0113,0.0014999999999999996,0.0078,0.0124,0.009533729225004558,0.01128627077499544
F3,V5,50,0.01,UAR,10,0.0,0.0,0.0,0.0,0.0,0.0,0.0,0.0,0.0,0.0
F3,V5,50,0.01,RAF,10,1.0104099999999998,1.0105,0.0014137813755237304,1.0098,1.0113,0.0015000000000000568,1.0078,1.0124,1.0095337292250044,1.0112862707749952
F3,V5,50,0.01,DAF,10,1.0,1.0,0.0,1.0,1.0,0.0,1.0,1.0,1.0,1.0
F3,V5,50,0.05,DER,10,0.0,0.0,0.0,0.0,0.0,0.0,0.0,0.0,0.0,0.0
F3,V5,50,0.05,EOER,10,1.0,1.0,0.0,1.0,1.0,0.0,1.0,1.0,1.0,1.0
F3,V5,50,0.05,LER,10,0.0,0.0,0.0,0.0,0.0,0.0,0.0,0.0,0.0,0.0
F3,V5,50,0.05,RSR,10,0.05011,0.0504,0.0024973096635290443,0.0484,0.0513,0.0029,0.0454,0.0544,0.048562151434337904,0.0516578485656621
F3,V5,50,0.05,UAR,10,0.0,0.0,0.0,0.0,0.0,0.0,0.0,0.0,0.0,0.0
F3,V5,50,0.05,RAF,10,1.0501099999999999,1.0504,0.00249730966352901,1.0484,1.0513,0.0028999999999999027,1.0454,1.0544,1.0485621514343377,1.051657848565662
F3,V5,50,0.05,DAF,10,1.0,1.0,0.0,1.0,1.0,0.0,1.0,1.0,1.0,1.0
F3,V5,50,0.1,DER,10,0.0,0.0,0.0,0.0,0.0,0.0,0.0,0.0,0.0,0.0
F3,V5,50,0.1,EOER,10,1.0,1.0,0.0,1.0,1.0,0.0,1.0,1.0,1.0,1.0
F3,V5,50,0.1,LER,10,0.0,0.0,0.0,0.0,0.0,0.0,0.0,0.0,0.0,0.0
F3,V5,50,0.1,RSR,10,0.09977000000000001,0.10115,0.0032758544262867094,0.096,0.1018,0.0058,0.0954,0.1046,0.09773960439103882,0.1018003956089612
F3,V5,50,0.1,UAR,10,0.0,0.0,0.0,0.0,0.0,0.0,0.0,0.0,0.0,0.0
F3,V5,50,0.1,RAF,10,1.09977,1.10115,0.0032758544262866886,1.096,1.1018,0.005799999999999805,1.0954,1.1046,1.0977396043910388,1.101800395608961
F3,V5,50,0.1,DAF,10,1.0,1.0,0.0,1.0,1.0,0.0,1.0,1.0,1.0,1.0
F3,V5,50,0.2,DER,10,0.0,0.0,0.0,0.0,0.0,0.0,0.0,0.0,0.0,0.0
F3,V5,50,0.2,EOER,10,1.0,1.0,0.0,1.0,1.0,0.0,1.0,1.0,1.0,1.0
F3,V5,50,0.2,LER,10,0.0,0.0,0.0,0.0,0.0,0.0,0.0,0.0,0.0,0.0
F3,V5,50,0.2,RSR,10,0.20097,0.2013,0.004722769902880678,0.1979,0.2056,0.007700000000000012,0.1911,0.206,0.19804279688743295,0.20389720311256707
F3,V5,50,0.2,UAR,10,0.0,0.0,0.0,0.0,0.0,0.0,0.0,0.0,0.0,0.0
F3,V5,50,0.2,RAF,10,1.20097,1.2012999999999998,0.004722769902880659,1.1979,1.2056,0.00770000000000004,1.1911,1.206,1.198042796887433,1.2038972031125672
F3,V5,50,0.2,DAF,10,1.0,1.0,0.0,1.0,1.0,0.0,1.0,1.0,1.0,1.0
F4,V0,10,0.01,DER,10,0.0,0.0,0.0,0.0,0.0,0.0,0.0,0.0,0.0,0.0
F4,V0,10,0.01,EOER,10,1.0,1.0,0.0,1.0,1.0,0.0,1.0,1.0,1.0,1.0
F4,V0,10,0.01,LER,10,0.0,0.0,0.0,0.0,0.0,0.0,0.0,0.0,0.0,0.0
F4,V0,10,0.01,RSR,10,0.0,0.0,0.0,0.0,0.0,0.0,0.0,0.0,0.0,0.0
F4,V0,10,0.01,UAR,10,0.0,0.0,0.0,0.0,0.0,0.0,0.0,0.0,0.0,0.0
F4,V0,10,0.01,RAF,10,1.0,1.0,0.0,1.0,1.0,0.0,1.0,1.0,1.0,1.0
F4,V0,10,0.01,DAF,10,1.0,1.0,0.0,1.0,1.0,0.0,1.0,1.0,1.0,1.0
F4,V0,10,0.05,DER,10,0.0,0.0,0.0,0.0,0.0,0.0,0.0,0.0,0.0,0.0
F4,V0,10,0.05,EOER,10,1.0,1.0,0.0,1.0,1.0,0.0,1.0,1.0,1.0,1.0
F4,V0,10,0.05,LER,10,0.0,0.0,0.0,0.0,0.0,0.0,0.0,0.0,0.0,0.0
F4,V0,10,0.05,RSR,10,0.0,0.0,0.0,0.0,0.0,0.0,0.0,0.0,0.0,0.0
F4,V0,10,0.05,UAR,10,0.0,0.0,0.0,0.0,0.0,0.0,0.0,0.0,0.0,0.0
F4,V0,10,0.05,RAF,10,1.0,1.0,0.0,1.0,1.0,0.0,1.0,1.0,1.0,1.0
F4,V0,10,0.05,DAF,10,1.0,1.0,0.0,1.0,1.0,0.0,1.0,1.0,1.0,1.0
F4,V0,10,0.1,DER,10,0.0,0.0,0.0,0.0,0.0,0.0,0.0,0.0,0.0,0.0
F4,V0,10,0.1,EOER,10,1.0,1.0,0.0,1.0,1.0,0.0,1.0,1.0,1.0,1.0
F4,V0,10,0.1,LER,10,0.0,0.0,0.0,0.0,0.0,0.0,0.0,0.0,0.0,0.0
F4,V0,10,0.1,RSR,10,0.0,0.0,0.0,0.0,0.0,0.0,0.0,0.0,0.0,0.0
F4,V0,10,0.1,UAR,10,0.0,0.0,0.0,0.0,0.0,0.0,0.0,0.0,0.0,0.0
F4,V0,10,0.1,RAF,10,1.0,1.0,0.0,1.0,1.0,0.0,1.0,1.0,1.0,1.0
F4,V0,10,0.1,DAF,10,1.0,1.0,0.0,1.0,1.0,0.0,1.0,1.0,1.0,1.0
F4,V0,10,0.2,DER,10,0.0,0.0,0.0,0.0,0.0,0.0,0.0,0.0,0.0,0.0
F4,V0,10,0.2,EOER,10,1.0,1.0,0.0,1.0,1.0,0.0,1.0,1.0,1.0,1.0
F4,V0,10,0.2,LER,10,0.0,0.0,0.0,0.0,0.0,0.0,0.0,0.0,0.0,0.0
F4,V0,10,0.2,RSR,10,0.0,0.0,0.0,0.0,0.0,0.0,0.0,0.0,0.0,0.0
F4,V0,10,0.2,UAR,10,0.0,0.0,0.0,0.0,0.0,0.0,0.0,0.0,0.0,0.0
F4,V0,10,0.2,RAF,10,1.0,1.0,0.0,1.0,1.0,0.0,1.0,1.0,1.0,1.0
F4,V0,10,0.2,DAF,10,1.0,1.0,0.0,1.0,1.0,0.0,1.0,1.0,1.0,1.0
F4,V0,50,0.01,DER,10,0.0,0.0,0.0,0.0,0.0,0.0,0.0,0.0,0.0,0.0
F4,V0,50,0.01,EOER,10,1.0,1.0,0.0,1.0,1.0,0.0,1.0,1.0,1.0,1.0
F4,V0,50,0.01,LER,10,0.0,0.0,0.0,0.0,0.0,0.0,0.0,0.0,0.0,0.0
F4,V0,50,0.01,RSR,10,0.0,0.0,0.0,0.0,0.0,0.0,0.0,0.0,0.0,0.0
F4,V0,50,0.01,UAR,10,0.0,0.0,0.0,0.0,0.0,0.0,0.0,0.0,0.0,0.0
F4,V0,50,0.01,RAF,10,1.0,1.0,0.0,1.0,1.0,0.0,1.0,1.0,1.0,1.0
F4,V0,50,0.01,DAF,10,1.0,1.0,0.0,1.0,1.0,0.0,1.0,1.0,1.0,1.0
F4,V0,50,0.05,DER,10,0.0,0.0,0.0,0.0,0.0,0.0,0.0,0.0,0.0,0.0
F4,V0,50,0.05,EOER,10,1.0,1.0,0.0,1.0,1.0,0.0,1.0,1.0,1.0,1.0
F4,V0,50,0.05,LER,10,0.0,0.0,0.0,0.0,0.0,0.0,0.0,0.0,0.0,0.0
F4,V0,50,0.05,RSR,10,0.0,0.0,0.0,0.0,0.0,0.0,0.0,0.0,0.0,0.0
F4,V0,50,0.05,UAR,10,0.0,0.0,0.0,0.0,0.0,0.0,0.0,0.0,0.0,0.0
F4,V0,50,0.05,RAF,10,1.0,1.0,0.0,1.0,1.0,0.0,1.0,1.0,1.0,1.0
F4,V0,50,0.05,DAF,10,1.0,1.0,0.0,1.0,1.0,0.0,1.0,1.0,1.0,1.0
F4,V0,50,0.1,DER,10,0.0,0.0,0.0,0.0,0.0,0.0,0.0,0.0,0.0,0.0
F4,V0,50,0.1,EOER,10,1.0,1.0,0.0,1.0,1.0,0.0,1.0,1.0,1.0,1.0
F4,V0,50,0.1,LER,10,0.0,0.0,0.0,0.0,0.0,0.0,0.0,0.0,0.0,0.0
F4,V0,50,0.1,RSR,10,0.0,0.0,0.0,0.0,0.0,0.0,0.0,0.0,0.0,0.0
F4,V0,50,0.1,UAR,10,0.0,0.0,0.0,0.0,0.0,0.0,0.0,0.0,0.0,0.0
F4,V0,50,0.1,RAF,10,1.0,1.0,0.0,1.0,1.0,0.0,1.0,1.0,1.0,1.0
F4,V0,50,0.1,DAF,10,1.0,1.0,0.0,1.0,1.0,0.0,1.0,1.0,1.0,1.0
F4,V0,50,0.2,DER,10,0.0,0.0,0.0,0.0,0.0,0.0,0.0,0.0,0.0,0.0
F4,V0,50,0.2,EOER,10,1.0,1.0,0.0,1.0,1.0,0.0,1.0,1.0,1.0,1.0
F4,V0,50,0.2,LER,10,0.0,0.0,0.0,0.0,0.0,0.0,0.0,0.0,0.0,0.0
F4,V0,50,0.2,RSR,10,0.0,0.0,0.0,0.0,0.0,0.0,0.0,0.0,0.0,0.0
F4,V0,50,0.2,UAR,10,0.0,0.0,0.0,0.0,0.0,0.0,0.0,0.0,0.0,0.0
F4,V0,50,0.2,RAF,10,1.0,1.0,0.0,1.0,1.0,0.0,1.0,1.0,1.0,1.0
F4,V0,50,0.2,DAF,10,1.0,1.0,0.0,1.0,1.0,0.0,1.0,1.0,1.0,1.0
F4,V1,10,0.01,DER,10,0.0,0.0,0.0,0.0,0.0,0.0,0.0,0.0,0.0,0.0
F4,V1,10,0.01,EOER,10,1.0,1.0,0.0,1.0,1.0,0.0,1.0,1.0,1.0,1.0
F4,V1,10,0.01,LER,10,0.0,0.0,0.0,0.0,0.0,0.0,0.0,0.0,0.0,0.0
F4,V1,10,0.01,RSR,10,0.0,0.0,0.0,0.0,0.0,0.0,0.0,0.0,0.0,0.0
F4,V1,10,0.01,UAR,10,0.0,0.0,0.0,0.0,0.0,0.0,0.0,0.0,0.0,0.0
F4,V1,10,0.01,RAF,10,1.0,1.0,0.0,1.0,1.0,0.0,1.0,1.0,1.0,1.0
F4,V1,10,0.01,DAF,10,1.0,1.0,0.0,1.0,1.0,0.0,1.0,1.0,1.0,1.0
F4,V1,10,0.05,DER,10,0.0,0.0,0.0,0.0,0.0,0.0,0.0,0.0,0.0,0.0
F4,V1,10,0.05,EOER,10,1.0,1.0,0.0,1.0,1.0,0.0,1.0,1.0,1.0,1.0
F4,V1,10,0.05,LER,10,0.0,0.0,0.0,0.0,0.0,0.0,0.0,0.0,0.0,0.0
F4,V1,10,0.05,RSR,10,0.0,0.0,0.0,0.0,0.0,0.0,0.0,0.0,0.0,0.0
F4,V1,10,0.05,UAR,10,0.0,0.0,0.0,0.0,0.0,0.0,0.0,0.0,0.0,0.0
F4,V1,10,0.05,RAF,10,1.0,1.0,0.0,1.0,1.0,0.0,1.0,1.0,1.0,1.0
F4,V1,10,0.05,DAF,10,1.0,1.0,0.0,1.0,1.0,0.0,1.0,1.0,1.0,1.0
F4,V1,10,0.1,DER,10,0.0,0.0,0.0,0.0,0.0,0.0,0.0,0.0,0.0,0.0
F4,V1,10,0.1,EOER,10,1.0,1.0,0.0,1.0,1.0,0.0,1.0,1.0,1.0,1.0
F4,V1,10,0.1,LER,10,0.0,0.0,0.0,0.0,0.0,0.0,0.0,0.0,0.0,0.0
F4,V1,10,0.1,RSR,10,0.0,0.0,0.0,0.0,0.0,0.0,0.0,0.0,0.0,0.0
F4,V1,10,0.1,UAR,10,0.0,0.0,0.0,0.0,0.0,0.0,0.0,0.0,0.0,0.0
F4,V1,10,0.1,RAF,10,1.0,1.0,0.0,1.0,1.0,0.0,1.0,1.0,1.0,1.0
F4,V1,10,0.1,DAF,10,1.0,1.0,0.0,1.0,1.0,0.0,1.0,1.0,1.0,1.0
F4,V1,10,0.2,DER,10,0.0,0.0,0.0,0.0,0.0,0.0,0.0,0.0,0.0,0.0
F4,V1,10,0.2,EOER,10,1.0,1.0,0.0,1.0,1.0,0.0,1.0,1.0,1.0,1.0
F4,V1,10,0.2,LER,10,0.0,0.0,0.0,0.0,0.0,0.0,0.0,0.0,0.0,0.0
F4,V1,10,0.2,RSR,10,0.0,0.0,0.0,0.0,0.0,0.0,0.0,0.0,0.0,0.0
F4,V1,10,0.2,UAR,10,0.0,0.0,0.0,0.0,0.0,0.0,0.0,0.0,0.0,0.0
F4,V1,10,0.2,RAF,10,1.0,1.0,0.0,1.0,1.0,0.0,1.0,1.0,1.0,1.0
F4,V1,10,0.2,DAF,10,1.0,1.0,0.0,1.0,1.0,0.0,1.0,1.0,1.0,1.0
F4,V1,50,0.01,DER,10,0.0,0.0,0.0,0.0,0.0,0.0,0.0,0.0,0.0,0.0
F4,V1,50,0.01,EOER,10,1.0,1.0,0.0,1.0,1.0,0.0,1.0,1.0,1.0,1.0
F4,V1,50,0.01,LER,10,0.0,0.0,0.0,0.0,0.0,0.0,0.0,0.0,0.0,0.0
F4,V1,50,0.01,RSR,10,0.0,0.0,0.0,0.0,0.0,0.0,0.0,0.0,0.0,0.0
F4,V1,50,0.01,UAR,10,0.0,0.0,0.0,0.0,0.0,0.0,0.0,0.0,0.0,0.0
F4,V1,50,0.01,RAF,10,1.0,1.0,0.0,1.0,1.0,0.0,1.0,1.0,1.0,1.0
F4,V1,50,0.01,DAF,10,1.0,1.0,0.0,1.0,1.0,0.0,1.0,1.0,1.0,1.0
F4,V1,50,0.05,DER,10,0.0,0.0,0.0,0.0,0.0,0.0,0.0,0.0,0.0,0.0
F4,V1,50,0.05,EOER,10,1.0,1.0,0.0,1.0,1.0,0.0,1.0,1.0,1.0,1.0
F4,V1,50,0.05,LER,10,0.0,0.0,0.0,0.0,0.0,0.0,0.0,0.0,0.0,0.0
F4,V1,50,0.05,RSR,10,0.0,0.0,0.0,0.0,0.0,0.0,0.0,0.0,0.0,0.0
F4,V1,50,0.05,UAR,10,0.0,0.0,0.0,0.0,0.0,0.0,0.0,0.0,0.0,0.0
F4,V1,50,0.05,RAF,10,1.0,1.0,0.0,1.0,1.0,0.0,1.0,1.0,1.0,1.0
F4,V1,50,0.05,DAF,10,1.0,1.0,0.0,1.0,1.0,0.0,1.0,1.0,1.0,1.0
F4,V1,50,0.1,DER,10,0.0,0.0,0.0,0.0,0.0,0.0,0.0,0.0,0.0,0.0
F4,V1,50,0.1,EOER,10,1.0,1.0,0.0,1.0,1.0,0.0,1.0,1.0,1.0,1.0
F4,V1,50,0.1,LER,10,0.0,0.0,0.0,0.0,0.0,0.0,0.0,0.0,0.0,0.0
F4,V1,50,0.1,RSR,10,0.0,0.0,0.0,0.0,0.0,0.0,0.0,0.0,0.0,0.0
F4,V1,50,0.1,UAR,10,0.0,0.0,0.0,0.0,0.0,0.0,0.0,0.0,0.0,0.0
F4,V1,50,0.1,RAF,10,1.0,1.0,0.0,1.0,1.0,0.0,1.0,1.0,1.0,1.0
F4,V1,50,0.1,DAF,10,1.0,1.0,0.0,1.0,1.0,0.0,1.0,1.0,1.0,1.0
F4,V1,50,0.2,DER,10,0.0,0.0,0.0,0.0,0.0,0.0,0.0,0.0,0.0,0.0
F4,V1,50,0.2,EOER,10,1.0,1.0,0.0,1.0,1.0,0.0,1.0,1.0,1.0,1.0
F4,V1,50,0.2,LER,10,0.0,0.0,0.0,0.0,0.0,0.0,0.0,0.0,0.0,0.0
F4,V1,50,0.2,RSR,10,0.0,0.0,0.0,0.0,0.0,0.0,0.0,0.0,0.0,0.0
F4,V1,50,0.2,UAR,10,0.0,0.0,0.0,0.0,0.0,0.0,0.0,0.0,0.0,0.0
F4,V1,50,0.2,RAF,10,1.0,1.0,0.0,1.0,1.0,0.0,1.0,1.0,1.0,1.0
F4,V1,50,0.2,DAF,10,1.0,1.0,0.0,1.0,1.0,0.0,1.0,1.0,1.0,1.0
F4,V2,10,0.01,DER,10,0.0,0.0,0.0,0.0,0.0,0.0,0.0,0.0,0.0,0.0
F4,V2,10,0.01,EOER,10,1.0,1.0,0.0,1.0,1.0,0.0,1.0,1.0,1.0,1.0
F4,V2,10,0.01,LER,10,0.0,0.0,0.0,0.0,0.0,0.0,0.0,0.0,0.0,0.0
F4,V2,10,0.01,RSR,10,0.0,0.0,0.0,0.0,0.0,0.0,0.0,0.0,0.0,0.0
F4,V2,10,0.01,UAR,10,0.0,0.0,0.0,0.0,0.0,0.0,0.0,0.0,0.0,0.0
F4,V2,10,0.01,RAF,10,1.0101499999999999,1.0104,0.0011635673117138096,1.0092,1.011,0.0017999999999998018,1.0083,1.0117,1.0094288135084766,1.0108711864915232
F4,V2,10,0.01,DAF,10,1.0,1.0,0.0,1.0,1.0,0.0,1.0,1.0,1.0,1.0
F4,V2,10,0.05,DER,10,0.0,0.0,0.0,0.0,0.0,0.0,0.0,0.0,0.0,0.0
F4,V2,10,0.05,EOER,10,1.0,1.0,0.0,1.0,1.0,0.0,1.0,1.0,1.0,1.0
F4,V2,10,0.05,LER,10,0.0,0.0,0.0,0.0,0.0,0.0,0.0,0.0,0.0,0.0
F4,V2,10,0.05,RSR,10,0.0,0.0,0.0,0.0,0.0,0.0,0.0,0.0,0.0,0.0
F4,V2,10,0.05,UAR,10,0.0,0.0,0.0,0.0,0.0,0.0,0.0,0.0,0.0,0.0
F4,V2,10,0.05,RAF,10,1.05002,1.04995,0.001673851181490696,1.049,1.0504,0.0014000000000000679,1.0475,1.0537,1.0489825362892558,1.0510574637107442
F4,V2,10,0.05,DAF,10,1.0,1.0,0.0,1.0,1.0,0.0,1.0,1.0,1.0,1.0
F4,V2,10,0.1,DER,10,0.0,0.0,0.0,0.0,0.0,0.0,0.0,0.0,0.0,0.0
F4,V2,10,0.1,EOER,10,1.0,1.0,0.0,1.0,1.0,0.0,1.0,1.0,1.0,1.0
F4,V2,10,0.1,LER,10,0.0,0.0,0.0,0.0,0.0,0.0,0.0,0.0,0.0,0.0
F4,V2,10,0.1,RSR,10,0.0,0.0,0.0,0.0,0.0,0.0,0.0,0.0,0.0,0.0
F4,V2,10,0.1,UAR,10,0.0,0.0,0.0,0.0,0.0,0.0,0.0,0.0,0.0,0.0
F4,V2,10,0.1,RAF,10,1.1015599999999999,1.1019999999999999,0.0023214937719781854,1.0996,1.1027,0.0031000000000001027,1.0976,1.1046,1.100121123252904,1.1029988767470957
F4,V2,10,0.1,DAF,10,1.0,1.0,0.0,1.0,1.0,0.0,1.0,1.0,1.0,1.0
F4,V2,10,0.2,DER,10,0.0,0.0,0.0,0.0,0.0,0.0,0.0,0.0,0.0,0.0
F4,V2,10,0.2,EOER,10,1.0,1.0,0.0,1.0,1.0,0.0,1.0,1.0,1.0,1.0
F4,V2,10,0.2,LER,10,0.0,0.0,0.0,0.0,0.0,0.0,0.0,0.0,0.0,0.0
F4,V2,10,0.2,RSR,10,0.0,0.0,0.0,0.0,0.0,0.0,0.0,0.0,0.0,0.0
F4,V2,10,0.2,UAR,10,0.0,0.0,0.0,0.0,0.0,0.0,0.0,0.0,0.0,0.0
F4,V2,10,0.2,RAF,10,1.20087,1.2015500000000001,0.0037921116954951965,1.1984,1.2047,0.006300000000000194,1.1941,1.2051,1.1985196248204926,1.2032203751795076
F4,V2,10,0.2,DAF,10,1.0,1.0,0.0,1.0,1.0,0.0,1.0,1.0,1.0,1.0
F4,V2,50,0.01,DER,10,0.0,0.0,0.0,0.0,0.0,0.0,0.0,0.0,0.0,0.0
F4,V2,50,0.01,EOER,10,1.0,1.0,0.0,1.0,1.0,0.0,1.0,1.0,1.0,1.0
F4,V2,50,0.01,LER,10,0.0,0.0,0.0,0.0,0.0,0.0,0.0,0.0,0.0,0.0
F4,V2,50,0.01,RSR,10,0.0,0.0,0.0,0.0,0.0,0.0,0.0,0.0,0.0,0.0
F4,V2,50,0.01,UAR,10,0.0,0.0,0.0,0.0,0.0,0.0,0.0,0.0,0.0,0.0
F4,V2,50,0.01,RAF,10,1.01009,1.0101499999999999,0.0007950541560869329,1.0096,1.0107,0.0010999999999998789,1.0087,1.0114,1.009597220328702,1.0105827796712978
F4,V2,50,0.01,DAF,10,1.0,1.0,0.0,1.0,1.0,0.0,1.0,1.0,1.0,1.0
F4,V2,50,0.05,DER,10,0.0,0.0,0.0,0.0,0.0,0.0,0.0,0.0,0.0,0.0
F4,V2,50,0.05,EOER,10,1.0,1.0,0.0,1.0,1.0,0.0,1.0,1.0,1.0,1.0
F4,V2,50,0.05,LER,10,0.0,0.0,0.0,0.0,0.0,0.0,0.0,0.0,0.0,0.0
F4,V2,50,0.05,RSR,10,0.0,0.0,0.0,0.0,0.0,0.0,0.0,0.0,0.0,0.0
F4,V2,50,0.05,UAR,10,0.0,0.0,0.0,0.0,0.0,0.0,0.0,0.0,0.0,0.0
F4,V2,50,0.05,RAF,10,1.04872,1.04875,0.001966271146668814,1.0469,1.0508,0.0039000000000000146,1.0463,1.0515,1.047501292517095,1.0499387074829052
F4,V2,50,0.05,DAF,10,1.0,1.0,0.0,1.0,1.0,0.0,1.0,1.0,1.0,1.0
F4,V2,50,0.1,DER,10,0.0,0.0,0.0,0.0,0.0,0.0,0.0,0.0,0.0,0.0
F4,V2,50,0.1,EOER,10,1.0,1.0,0.0,1.0,1.0,0.0,1.0,1.0,1.0,1.0
F4,V2,50,0.1,LER,10,0.0,0.0,0.0,0.0,0.0,0.0,0.0,0.0,0.0,0.0
F4,V2,50,0.1,RSR,10,0.0,0.0,0.0,0.0,0.0,0.0,0.0,0.0,0.0,0.0
F4,V2,50,0.1,UAR,10,0.0,0.0,0.0,0.0,0.0,0.0,0.0,0.0,0.0,0.0
F4,V2,50,0.1,RAF,10,1.10067,1.1002,0.0038738582547349115,1.0994,1.1046,0.0052000000000000934,1.0937,1.1054,1.098268957778149,1.103071042221851
F4,V2,50,0.1,DAF,10,1.0,1.0,0.0,1.0,1.0,0.0,1.0,1.0,1.0,1.0
F4,V2,50,0.2,DER,10,0.0,0.0,0.0,0.0,0.0,0.0,0.0,0.0,0.0,0.0
F4,V2,50,0.2,EOER,10,1.0,1.0,0.0,1.0,1.0,0.0,1.0,1.0,1.0,1.0
F4,V2,50,0.2,LER,10,0.0,0.0,0.0,0.0,0.0,0.0,0.0,0.0,0.0,0.0
F4,V2,50,0.2,RSR,10,0.0,0.0,0.0,0.0,0.0,0.0,0.0,0.0,0.0,0.0
F4,V2,50,0.2,UAR,10,0.0,0.0,0.0,0.0,0.0,0.0,0.0,0.0,0.0,0.0
F4,V2,50,0.2,RAF,10,1.20004,1.2016,0.004164452745159503,1.1975,1.2021,0.0045999999999999375,1.1933,1.2058,1.1974588454469623,1.2026211545530376
F4,V2,50,0.2,DAF,10,1.0,1.0,0.0,1.0,1.0,0.0,1.0,1.0,1.0,1.0
F4,V3,10,0.01,DER,10,0.0,0.0,0.0,0.0,0.0,0.0,0.0,0.0,0.0,0.0
F4,V3,10,0.01,EOER,10,1.0,1.0,0.0,1.0,1.0,0.0,1.0,1.0,1.0,1.0
F4,V3,10,0.01,LER,10,0.0,0.0,0.0,0.0,0.0,0.0,0.0,0.0,0.0,0.0
F4,V3,10,0.01,RSR,10,0.0,0.0,0.0,0.0,0.0,0.0,0.0,0.0,0.0,0.0
F4,V3,10,0.01,UAR,10,0.0,0.0,0.0,0.0,0.0,0.0,0.0,0.0,0.0,0.0
F4,V3,10,0.01,RAF,10,1.0,1.0,0.0,1.0,1.0,0.0,1.0,1.0,1.0,1.0
F4,V3,10,0.01,DAF,10,1.0,1.0,0.0,1.0,1.0,0.0,1.0,1.0,1.0,1.0
F4,V3,10,0.05,DER,10,0.0,0.0,0.0,0.0,0.0,0.0,0.0,0.0,0.0,0.0
F4,V3,10,0.05,EOER,10,1.0,1.0,0.0,1.0,1.0,0.0,1.0,1.0,1.0,1.0
F4,V3,10,0.05,LER,10,0.0,0.0,0.0,0.0,0.0,0.0,0.0,0.0,0.0,0.0
F4,V3,10,0.05,RSR,10,0.0,0.0,0.0,0.0,0.0,0.0,0.0,0.0,0.0,0.0
F4,V3,10,0.05,UAR,10,0.0,0.0,0.0,0.0,0.0,0.0,0.0,0.0,0.0,0.0
F4,V3,10,0.05,RAF,10,1.0,1.0,0.0,1.0,1.0,0.0,1.0,1.0,1.0,1.0
F4,V3,10,0.05,DAF,10,1.0,1.0,0.0,1.0,1.0,0.0,1.0,1.0,1.0,1.0
F4,V3,10,0.1,DER,10,0.0,0.0,0.0,0.0,0.0,0.0,0.0,0.0,0.0,0.0
F4,V3,10,0.1,EOER,10,1.0,1.0,0.0,1.0,1.0,0.0,1.0,1.0,1.0,1.0
F4,V3,10,0.1,LER,10,0.0,0.0,0.0,0.0,0.0,0.0,0.0,0.0,0.0,0.0
F4,V3,10,0.1,RSR,10,0.0,0.0,0.0,0.0,0.0,0.0,0.0,0.0,0.0,0.0
F4,V3,10,0.1,UAR,10,0.0,0.0,0.0,0.0,0.0,0.0,0.0,0.0,0.0,0.0
F4,V3,10,0.1,RAF,10,1.0,1.0,0.0,1.0,1.0,0.0,1.0,1.0,1.0,1.0
F4,V3,10,0.1,DAF,10,1.0,1.0,0.0,1.0,1.0,0.0,1.0,1.0,1.0,1.0
F4,V3,10,0.2,DER,10,0.0,0.0,0.0,0.0,0.0,0.0,0.0,0.0,0.0,0.0
F4,V3,10,0.2,EOER,10,1.0,1.0,0.0,1.0,1.0,0.0,1.0,1.0,1.0,1.0
F4,V3,10,0.2,LER,10,0.0,0.0,0.0,0.0,0.0,0.0,0.0,0.0,0.0,0.0
F4,V3,10,0.2,RSR,10,0.0,0.0,0.0,0.0,0.0,0.0,0.0,0.0,0.0,0.0
F4,V3,10,0.2,UAR,10,0.0,0.0,0.0,0.0,0.0,0.0,0.0,0.0,0.0,0.0
F4,V3,10,0.2,RAF,10,1.0,1.0,0.0,1.0,1.0,0.0,1.0,1.0,1.0,1.0
F4,V3,10,0.2,DAF,10,1.0,1.0,0.0,1.0,1.0,0.0,1.0,1.0,1.0,1.0
F4,V3,50,0.01,DER,10,0.0,0.0,0.0,0.0,0.0,0.0,0.0,0.0,0.0,0.0
F4,V3,50,0.01,EOER,10,1.0,1.0,0.0,1.0,1.0,0.0,1.0,1.0,1.0,1.0
F4,V3,50,0.01,LER,10,0.0,0.0,0.0,0.0,0.0,0.0,0.0,0.0,0.0,0.0
F4,V3,50,0.01,RSR,10,0.0,0.0,0.0,0.0,0.0,0.0,0.0,0.0,0.0,0.0
F4,V3,50,0.01,UAR,10,0.0,0.0,0.0,0.0,0.0,0.0,0.0,0.0,0.0,0.0
F4,V3,50,0.01,RAF,10,1.0,1.0,0.0,1.0,1.0,0.0,1.0,1.0,1.0,1.0
F4,V3,50,0.01,DAF,10,1.0,1.0,0.0,1.0,1.0,0.0,1.0,1.0,1.0,1.0
F4,V3,50,0.05,DER,10,0.0,0.0,0.0,0.0,0.0,0.0,0.0,0.0,0.0,0.0
F4,V3,50,0.05,EOER,10,1.0,1.0,0.0,1.0,1.0,0.0,1.0,1.0,1.0,1.0
F4,V3,50,0.05,LER,10,0.0,0.0,0.0,0.0,0.0,0.0,0.0,0.0,0.0,0.0
F4,V3,50,0.05,RSR,10,0.0,0.0,0.0,0.0,0.0,0.0,0.0,0.0,0.0,0.0
F4,V3,50,0.05,UAR,10,0.0,0.0,0.0,0.0,0.0,0.0,0.0,0.0,0.0,0.0
F4,V3,50,0.05,RAF,10,1.0,1.0,0.0,1.0,1.0,0.0,1.0,1.0,1.0,1.0
F4,V3,50,0.05,DAF,10,1.0,1.0,0.0,1.0,1.0,0.0,1.0,1.0,1.0,1.0
F4,V3,50,0.1,DER,10,0.0,0.0,0.0,0.0,0.0,0.0,0.0,0.0,0.0,0.0
F4,V3,50,0.1,EOER,10,1.0,1.0,0.0,1.0,1.0,0.0,1.0,1.0,1.0,1.0
F4,V3,50,0.1,LER,10,0.0,0.0,0.0,0.0,0.0,0.0,0.0,0.0,0.0,0.0
F4,V3,50,0.1,RSR,10,0.0,0.0,0.0,0.0,0.0,0.0,0.0,0.0,0.0,0.0
F4,V3,50,0.1,UAR,10,0.0,0.0,0.0,0.0,0.0,0.0,0.0,0.0,0.0,0.0
F4,V3,50,0.1,RAF,10,1.0,1.0,0.0,1.0,1.0,0.0,1.0,1.0,1.0,1.0
F4,V3,50,0.1,DAF,10,1.0,1.0,0.0,1.0,1.0,0.0,1.0,1.0,1.0,1.0
F4,V3,50,0.2,DER,10,0.0,0.0,0.0,0.0,0.0,0.0,0.0,0.0,0.0,0.0
F4,V3,50,0.2,EOER,10,1.0,1.0,0.0,1.0,1.0,0.0,1.0,1.0,1.0,1.0
F4,V3,50,0.2,LER,10,0.0,0.0,0.0,0.0,0.0,0.0,0.0,0.0,0.0,0.0
F4,V3,50,0.2,RSR,10,0.0,0.0,0.0,0.0,0.0,0.0,0.0,0.0,0.0,0.0
F4,V3,50,0.2,UAR,10,0.0,0.0,0.0,0.0,0.0,0.0,0.0,0.0,0.0,0.0
F4,V3,50,0.2,RAF,10,1.0,1.0,0.0,1.0,1.0,0.0,1.0,1.0,1.0,1.0
F4,V3,50,0.2,DAF,10,1.0,1.0,0.0,1.0,1.0,0.0,1.0,1.0,1.0,1.0
F4,V4,10,0.01,DER,10,0.0,0.0,0.0,0.0,0.0,0.0,0.0,0.0,0.0,0.0
F4,V4,10,0.01,EOER,10,1.0,1.0,0.0,1.0,1.0,0.0,1.0,1.0,1.0,1.0
F4,V4,10,0.01,LER,10,0.0,0.0,0.0,0.0,0.0,0.0,0.0,0.0,0.0,0.0
F4,V4,10,0.01,RSR,10,0.0,0.0,0.0,0.0,0.0,0.0,0.0,0.0,0.0,0.0
F4,V4,10,0.01,UAR,10,0.0,0.0,0.0,0.0,0.0,0.0,0.0,0.0,0.0,0.0
F4,V4,10,0.01,RAF,10,1.01068,1.0108,0.0008841819822738742,1.01,1.0111,0.001100000000000101,1.0094,1.0124,1.0101319783297067,1.0112280216702934
F4,V4,10,0.01,DAF,10,1.0,1.0,0.0,1.0,1.0,0.0,1.0,1.0,1.0,1.0
F4,V4,10,0.05,DER,10,0.0,0.0,0.0,0.0,0.0,0.0,0.0,0.0,0.0,0.0
F4,V4,10,0.05,EOER,10,1.0,1.0,0.0,1.0,1.0,0.0,1.0,1.0,1.0,1.0
F4,V4,10,0.05,LER,10,0.0,0.0,0.0,0.0,0.0,0.0,0.0,0.0,0.0,0.0
F4,V4,10,0.05,RSR,10,0.0,0.0,0.0,0.0,0.0,0.0,0.0,0.0,0.0,0.0
F4,V4,10,0.05,UAR,10,0.0,0.0,0.0,0.0,0.0,0.0,0.0,0.0,0.0,0.0
F4,V4,10,0.05,RAF,10,1.0492099999999998,1.04955,0.0020283819495680398,1.0482,1.0502,0.0020000000000000018,1.0451,1.0522,1.0479527958426198,1.0504672041573797
F4,V4,10,0.05,DAF,10,1.0,1.0,0.0,1.0,1.0,0.0,1.0,1.0,1.0,1.0
F4,V4,10,0.1,DER,10,0.0,0.0,0.0,0.0,0.0,0.0,0.0,0.0,0.0,0.0
F4,V4,10,0.1,EOER,10,1.0,1.0,0.0,1.0,1.0,0.0,1.0,1.0,1.0,1.0
F4,V4,10,0.1,LER,10,0.0,0.0,0.0,0.0,0.0,0.0,0.0,0.0,0.0,0.0
F4,V4,10,0.1,RSR,10,0.0,0.0,0.0,0.0,0.0,0.0,0.0,0.0,0.0,0.0
F4,V4,10,0.1,UAR,10,0.0,0.0,0.0,0.0,0.0,0.0,0.0,0.0,0.0,0.0
F4,V4,10,0.1,RAF,10,1.10079,1.1021,0.003956836559115822,1.0981,1.1027,0.0045999999999999375,1.0932,1.1071,1.0983375272922573,1.1032424727077426
F4,V4,10,0.1,DAF,10,1.0,1.0,0.0,1.0,1.0,0.0,1.0,1.0,1.0,1.0
F4,V4,10,0.2,DER,10,0.0,0.0,0.0,0.0,0.0,0.0,0.0,0.0,0.0,0.0
F4,V4,10,0.2,EOER,10,1.0,1.0,0.0,1.0,1.0,0.0,1.0,1.0,1.0,1.0
F4,V4,10,0.2,LER,10,0.0,0.0,0.0,0.0,0.0,0.0,0.0,0.0,0.0,0.0
F4,V4,10,0.2,RSR,10,0.0,0.0,0.0,0.0,0.0,0.0,0.0,0.0,0.0,0.0
F4,V4,10,0.2,UAR,10,0.0,0.0,0.0,0.0,0.0,0.0,0.0,0.0,0.0,0.0
F4,V4,10,0.2,RAF,10,1.2042499999999998,1.20355,0.005143118379608464,1.2015,1.2098,0.008299999999999974,1.1948,1.2119,1.2010622622023341,1.2074377377976655
F4,V4,10,0.2,DAF,10,1.0,1.0,0.0,1.0,1.0,0.0,1.0,1.0,1.0,1.0
F4,V4,50,0.01,DER,10,0.0,0.0,0.0,0.0,0.0,0.0,0.0,0.0,0.0,0.0
F4,V4,50,0.01,EOER,10,1.0,1.0,0.0,1.0,1.0,0.0,1.0,1.0,1.0,1.0
F4,V4,50,0.01,LER,10,0.0,0.0,0.0,0.0,0.0,0.0,0.0,0.0,0.0,0.0
F4,V4,50,0.01,RSR,10,0.0,0.0,0.0,0.0,0.0,0.0,0.0,0.0,0.0,0.0
F4,V4,50,0.01,UAR,10,0.0,0.0,0.0,0.0,0.0,0.0,0.0,0.0,0.0,0.0
F4,V4,50,0.01,RAF,10,1.0096900000000002,1.00975,0.0009433392225964633,1.0092,1.0104,0.0011999999999998678,1.0078,1.0111,1.009105312292283,1.0102746877077173
F4,V4,50,0.01,DAF,10,1.0,1.0,0.0,1.0,1.0,0.0,1.0,1.0,1.0,1.0
F4,V4,50,0.05,DER,10,0.0,0.0,0.0,0.0,0.0,0.0,0.0,0.0,0.0,0.0
F4,V4,50,0.05,EOER,10,1.0,1.0,0.0,1.0,1.0,0.0,1.0,1.0,1.0,1.0
F4,V4,50,0.05,LER,10,0.0,0.0,0.0,0.0,0.0,0.0,0.0,0.0,0.0,0.0
F4,V4,50,0.05,RSR,10,0.0,0.0,0.0,0.0,0.0,0.0,0.0,0.0,0.0,0.0
F4,V4,50,0.05,UAR,10,0.0,0.0,0.0,0.0,0.0,0.0,0.0,0.0,0.0,0.0
F4,V4,50,0.05,RAF,10,1.0501999999999998,1.0500500000000001,0.002208569169796972,1.0484,1.0524,0.0040000000000000036,1.0466,1.053,1.048831114646469,1.0515688853535305
F4,V4,50,0.05,DAF,10,1.0,1.0,0.0,1.0,1.0,0.0,1.0,1.0,1.0,1.0
F4,V4,50,0.1,DER,10,0.0,0.0,0.0,0.0,0.0,0.0,0.0,0.0,0.0,0.0
F4,V4,50,0.1,EOER,10,1.0,1.0,0.0,1.0,1.0,0.0,1.0,1.0,1.0,1.0
F4,V4,50,0.1,LER,10,0.0,0.0,0.0,0.0,0.0,0.0,0.0,0.0,0.0,0.0
F4,V4,50,0.1,RSR,10,0.0,0.0,0.0,0.0,0.0,0.0,0.0,0.0,0.0,0.0
F4,V4,50,0.1,UAR,10,0.0,0.0,0.0,0.0,0.0,0.0,0.0,0.0,0.0,0.0
F4,V4,50,0.1,RAF,10,1.1006399999999998,1.1007,0.003170068348369357,1.0981,1.1021,0.0040000000000000036,1.0963,1.1074,1.0986751712814258,1.102604828718574
F4,V4,50,0.1,DAF,10,1.0,1.0,0.0,1.0,1.0,0.0,1.0,1.0,1.0,1.0
F4,V4,50,0.2,DER,10,0.0,0.0,0.0,0.0,0.0,0.0,0.0,0.0,0.0,0.0
F4,V4,50,0.2,EOER,10,1.0,1.0,0.0,1.0,1.0,0.0,1.0,1.0,1.0,1.0
F4,V4,50,0.2,LER,10,0.0,0.0,0.0,0.0,0.0,0.0,0.0,0.0,0.0,0.0
F4,V4,50,0.2,RSR,10,0.0,0.0,0.0,0.0,0.0,0.0,0.0,0.0,0.0,0.0
F4,V4,50,0.2,UAR,10,0.0,0.0,0.0,0.0,0.0,0.0,0.0,0.0,0.0,0.0
F4,V4,50,0.2,RAF,10,1.2008100000000002,1.20035,0.0027061452699775924,1.1996,1.2022,0.0025999999999999357,1.1971,1.2066,1.1991327137844456,1.2024872862155547
F4,V4,50,0.2,DAF,10,1.0,1.0,0.0,1.0,1.0,0.0,1.0,1.0,1.0,1.0
F4,V5,10,0.01,DER,10,0.0,0.0,0.0,0.0,0.0,0.0,0.0,0.0,0.0,0.0
F4,V5,10,0.01,EOER,10,1.0,1.0,0.0,1.0,1.0,0.0,1.0,1.0,1.0,1.0
F4,V5,10,0.01,LER,10,0.0,0.0,0.0,0.0,0.0,0.0,0.0,0.0,0.0,0.0
F4,V5,10,0.01,RSR,10,0.0,0.0,0.0,0.0,0.0,0.0,0.0,0.0,0.0,0.0
F4,V5,10,0.01,UAR,10,0.0,0.0,0.0,0.0,0.0,0.0,0.0,0.0,0.0,0.0
F4,V5,10,0.01,RAF,10,1.0099,1.0098500000000001,0.000817856276425702,1.0093,1.0105,0.0011999999999998678,1.0088,1.0114,1.0093930874280947,1.0104069125719053
F4,V5,10,0.01,DAF,10,1.0,1.0,0.0,1.0,1.0,0.0,1.0,1.0,1.0,1.0
F4,V5,10,0.05,DER,10,0.0,0.0,0.0,0.0,0.0,0.0,0.0,0.0,0.0,0.0
F4,V5,10,0.05,EOER,10,1.0,1.0,0.0,1.0,1.0,0.0,1.0,1.0,1.0,1.0
F4,V5,10,0.05,LER,10,0.0,0.0,0.0,0.0,0.0,0.0,0.0,0.0,0.0,0.0
F4,V5,10,0.05,RSR,10,0.0,0.0,0.0,0.0,0.0,0.0,0.0,0.0,0.0,0.0
F4,V5,10,0.05,UAR,10,0.0,0.0,0.0,0.0,0.0,0.0,0.0,0.0,0.0,0.0
F4,V5,10,0.05,RAF,10,1.04916,1.0491,0.0021464182050828667,1.0482,1.0495,0.0013000000000000789,1.0452,1.0529,1.047829636213495,1.0504903637865053
F4,V5,10,0.05,DAF,10,1.0,1.0,0.0,1.0,1.0,0.0,1.0,1.0,1.0,1.0
F4,V5,10,0.1,DER,10,0.0,0.0,0.0,0.0,0.0,0.0,0.0,0.0,0.0,0.0
F4,V5,10,0.1,EOER,10,1.0,1.0,0.0,1.0,1.0,0.0,1.0,1.0,1.0,1.0
F4,V5,10,0.1,LER,10,0.0,0.0,0.0,0.0,0.0,0.0,0.0,0.0,0.0,0.0
F4,V5,10,0.1,RSR,10,0.0,0.0,0.0,0.0,0.0,0.0,0.0,0.0,0.0,0.0
F4,V5,10,0.1,UAR,10,0.0,0.0,0.0,0.0,0.0,0.0,0.0,0.0,0.0,0.0
F4,V5,10,0.1,RAF,10,1.0999500000000002,1.0997,0.0019603004304896087,1.0984,1.1012,0.0027999999999999137,1.0973,1.1035,1.0987349932053232,1.1011650067946772
F4,V5,10,0.1,DAF,10,1.0,1.0,0.0,1.0,1.0,0.0,1.0,1.0,1.0,1.0
F4,V5,10,0.2,DER,10,0.0,0.0,0.0,0.0,0.0,0.0,0.0,0.0,0.0,0.0
F4,V5,10,0.2,EOER,10,1.0,1.0,0.0,1.0,1.0,0.0,1.0,1.0,1.0,1.0
F4,V5,10,0.2,LER,10,0.0,0.0,0.0,0.0,0.0,0.0,0.0,0.0,0.0,0.0
F4,V5,10,0.2,RSR,10,0.0,0.0,0.0,0.0,0.0,0.0,0.0,0.0,0.0,0.0
F4,V5,10,0.2,UAR,10,0.0,0.0,0.0,0.0,0.0,0.0,0.0,0.0,0.0,0.0
F4,V5,10,0.2,RAF,10,1.2002300000000001,1.20105,0.0031130727942376016,1.1974,1.2029,0.00550000000000006,1.1961,1.2043,1.1983004974918678,1.2021595025081324
F4,V5,10,0.2,DAF,10,1.0,1.0,0.0,1.0,1.0,0.0,1.0,1.0,1.0,1.0
F4,V5,50,0.01,DER,10,0.0,0.0,0.0,0.0,0.0,0.0,0.0,0.0,0.0,0.0
F4,V5,50,0.01,EOER,10,1.0,1.0,0.0,1.0,1.0,0.0,1.0,1.0,1.0,1.0
F4,V5,50,0.01,LER,10,0.0,0.0,0.0,0.0,0.0,0.0,0.0,0.0,0.0,0.0
F4,V5,50,0.01,RSR,10,0.0,0.0,0.0,0.0,0.0,0.0,0.0,0.0,0.0,0.0
F4,V5,50,0.01,UAR,10,0.0,0.0,0.0,0.0,0.0,0.0,0.0,0.0,0.0,0.0
F4,V5,50,0.01,RAF,10,1.01011,1.0098,0.001064007101062344,1.0095,1.0108,0.0012999999999998568,1.0086,1.012,1.0094505215663538,1.0107694784336463
F4,V5,50,0.01,DAF,10,1.0,1.0,0.0,1.0,1.0,0.0,1.0,1.0,1.0,1.0
F4,V5,50,0.05,DER,10,0.0,0.0,0.0,0.0,0.0,0.0,0.0,0.0,0.0,0.0
F4,V5,50,0.05,EOER,10,1.0,1.0,0.0,1.0,1.0,0.0,1.0,1.0,1.0,1.0
F4,V5,50,0.05,LER,10,0.0,0.0,0.0,0.0,0.0,0.0,0.0,0.0,0.0,0.0
F4,V5,50,0.05,RSR,10,0.0,0.0,0.0,0.0,0.0,0.0,0.0,0.0,0.0,0.0
F4,V5,50,0.05,UAR,10,0.0,0.0,0.0,0.0,0.0,0.0,0.0,0.0,0.0,0.0
F4,V5,50,0.05,RAF,10,1.0497,1.04955,0.0010842303978193877,1.0489,1.0507,0.0018000000000000238,1.0481,1.0515,1.0490279870371622,1.050372012962838
F4,V5,50,0.05,DAF,10,1.0,1.0,0.0,1.0,1.0,0.0,1.0,1.0,1.0,1.0
F4,V5,50,0.1,DER,10,0.0,0.0,0.0,0.0,0.0,0.0,0.0,0.0,0.0,0.0
F4,V5,50,0.1,EOER,10,1.0,1.0,0.0,1.0,1.0,0.0,1.0,1.0,1.0,1.0
F4,V5,50,0.1,LER,10,0.0,0.0,0.0,0.0,0.0,0.0,0.0,0.0,0.0,0.0
F4,V5,50,0.1,RSR,10,0.0,0.0,0.0,0.0,0.0,0.0,0.0,0.0,0.0,0.0
F4,V5,50,0.1,UAR,10,0.0,0.0,0.0,0.0,0.0,0.0,0.0,0.0,0.0,0.0
F4,V5,50,0.1,RAF,10,1.0983999999999998,1.0984,0.001953913451967047,1.0966,1.1002,0.0036000000000000476,1.0951,1.1009,1.0971889518956244,1.0996110481043753
F4,V5,50,0.1,DAF,10,1.0,1.0,0.0,1.0,1.0,0.0,1.0,1.0,1.0,1.0
F4,V5,50,0.2,DER,10,0.0,0.0,0.0,0.0,0.0,0.0,0.0,0.0,0.0,0.0
F4,V5,50,0.2,EOER,10,1.0,1.0,0.0,1.0,1.0,0.0,1.0,1.0,1.0,1.0
F4,V5,50,0.2,LER,10,0.0,0.0,0.0,0.0,0.0,0.0,0.0,0.0,0.0,0.0
F4,V5,50,0.2,RSR,10,0.0,0.0,0.0,0.0,0.0,0.0,0.0,0.0,0.0,0.0
F4,V5,50,0.2,UAR,10,0.0,0.0,0.0,0.0,0.0,0.0,0.0,0.0,0.0,0.0
F4,V5,50,0.2,RAF,10,1.19992,1.1996,0.0018943189922619589,1.1986,1.2001,0.0014999999999998348,1.1977,1.2041,1.1987458889244293,1.2010941110755708
F4,V5,50,0.2,DAF,10,1.0,1.0,0.0,1.0,1.0,0.0,1.0,1.0,1.0,1.0
F8,V0,10,0.01,DER,10,0.010280000000000001,0.010450000000000001,0.0008854377448471462,0.0098,0.011,0.0011999999999999997,0.0087,0.0114,0.0097312,0.010828800000000001
F8,V0,10,0.01,EOER,10,0.9897200000000002,0.98955,0.0008854377448471314,0.989,0.9902,0.0011999999999999789,0.9886,0.9913,0.9891712000000001,0.9902688000000002
F8,V0,10,0.01,LER,10,0.0,0.0,0.0,0.0,0.0,0.0,0.0,0.0,0.0,0.0
F8,V0,10,0.01,RSR,10,0.0,0.0,0.0,0.0,0.0,0.0,0.0,0.0,0.0,0.0
F8,V0,10,0.01,UAR,10,0.0,0.0,0.0,0.0,0.0,0.0,0.0,0.0,0.0,0.0
F8,V0,10,0.01,RAF,10,1.04112,1.0418,0.003541750979388612,1.0392,1.044,0.0048000000000001375,1.0348,1.0456,1.0389248,1.0433152
F8,V0,10,0.01,DAF,10,1.04112,1.0418,0.003541750979388612,1.0392,1.044,0.0048000000000001375,1.0348,1.0456,1.0389248,1.0433152
F8,V0,10,0.05,DER,10,0.04868,0.04825,0.0023948092014002107,0.0472,0.0501,0.0029,0.0454,0.0539,0.0471956818789611,0.0501643181210389
F8,V0,10,0.05,EOER,10,0.9513199999999999,0.95175,0.0023948092014001963,0.9499,0.9528,0.0029000000000000137,0.9461,0.9546,0.9498356818789611,0.9528043181210388
F8,V0,10,0.05,LER,10,0.0,0.0,0.0,0.0,0.0,0.0,0.0,0.0,0.0,0.0
F8,V0,10,0.05,RSR,10,0.0,0.0,0.0,0.0,0.0,0.0,0.0,0.0,0.0,0.0
F8,V0,10,0.05,UAR,10,0.0,0.0,0.0,0.0,0.0,0.0,0.0,0.0,0.0,0.0
F8,V0,10,0.05,RAF,10,1.19472,1.193,0.009579236805600841,1.1888,1.2004,0.011599999999999833,1.1816,1.2156,1.1887827275158445,1.2006572724841555
F8,V0,10,0.05,DAF,10,1.19472,1.193,0.009579236805600841,1.1888,1.2004,0.011599999999999833,1.1816,1.2156,1.1887827275158445,1.2006572724841555
F8,V0,10,0.1,DER,10,0.10053000000000001,0.10075,0.002246008805760912,0.0995,0.1024,0.0029,0.0965,0.1034,0.09913790931968416,0.10192209068031585
F8,V0,10,0.1,EOER,10,0.89947,0.8992500000000001,0.002246008805760911,0.8976,0.9005,0.0029000000000000137,0.8966,0.9035,0.8980779093196841,0.9008620906803159
F8,V0,10,0.1,LER,10,0.0,0.0,0.0,0.0,0.0,0.0,0.0,0.0,0.0,0.0
F8,V0,10,0.1,RSR,10,0.0,0.0,0.0,0.0,0.0,0.0,0.0,0.0,0.0,0.0
F8,V0,10,0.1,UAR,10,0.0,0.0,0.0,0.0,0.0,0.0,0.0,0.0,0.0,0.0
F8,V0,10,0.1,RAF,10,1.4021199999999998,1.403,0.00898403522304368,1.398,1.4096,0.011600000000000055,1.386,1.4136,1.3965516372787363,1.4076883627212633
F8,V0,10,0.1,DAF,10,1.4021199999999998,1.403,0.00898403522304368,1.398,1.4096,0.011600000000000055,1.386,1.4136,1.3965516372787363,1.4076883627212633
F8,V0,10,0.2,DER,10,0.20063,0.2009,0.005868948419909272,0.2005,0.2015,0.0010000000000000009,0.1899,0.2134,0.19699238808251593,0.20426761191748408
F8,V0,10,0.2,EOER,10,0.79937,0.7991,0.005868948419909286,0.7985,0.7995,0.0010000000000000009,0.7866,0.8101,0.7957323880825159,0.8030076119174842
F8,V0,10,0.2,LER,10,0.0,0.0,0.0,0.0,0.0,0.0,0.0,0.0,0.0,0.0
F8,V0,10,0.2,RSR,10,0.0,0.0,0.0,0.0,0.0,0.0,0.0,0.0,0.0,0.0
F8,V0,10,0.2,UAR,10,0.0,0.0,0.0,0.0,0.0,0.0,0.0,0.0,0.0,0.0
F8,V0,10,0.2,RAF,10,1.8025200000000001,1.8035999999999999,0.023475793679637074,1.802,1.806,0.0040000000000000036,1.7596,1.8536,1.7879695523300638,1.8170704476699364
F8,V0,10,0.2,DAF,10,1.8025200000000001,1.8035999999999999,0.023475793679637074,1.802,1.806,0.0040000000000000036,1.7596,1.8536,1.7879695523300638,1.8170704476699364
F8,V0,50,0.01,DER,10,0.009969999999999998,0.0097,0.0009117138927438929,0.0093,0.0104,0.0011000000000000003,0.0091,0.0119,0.009404913874804122,0.010535086125195874
F8,V0,50,0.01,EOER,10,0.99003,0.9903,0.0009117138927438987,0.9896,0.9907,0.0010999999999999899,0.9881,0.9909,0.9894649138748041,0.9905950861251959
F8,V0,50,0.01,LER,10,0.0,0.0,0.0,0.0,0.0,0.0,0.0,0.0,0.0,0.0
F8,V0,50,0.01,RSR,10,0.0,0.0,0.0,0.0,0.0,0.0,0.0,0.0,0.0,0.0
F8,V0,50,0.01,UAR,10,0.0,0.0,0.0,0.0,0.0,0.0,0.0,0.0,0.0,0.0
F8,V0,50,0.01,RAF,10,1.0398800000000001,1.0388,0.003646855570975606,1.0372,1.0416,0.0044000000000001815,1.0364,1.0476,1.0376196554992165,1.0421403445007837
F8,V0,50,0.01,DAF,10,1.0398800000000001,1.0388,0.003646855570975606,1.0372,1.0416,0.0044000000000001815,1.0364,1.0476,1.0376196554992165,1.0421403445007837
F8,V0,50,0.05,DER,10,0.050519999999999995,0.0505,0.0020394988491184685,0.0486,0.0517,0.0031000000000000055,0.048,0.0547,0.04925590551689273,0.05178409448310726
F8,V0,50,0.05,EOER,10,0.94948,0.9495,0.0020394988491184538,0.9483,0.9514,0.0030999999999999917,0.9453,0.952,0.9482159055168927,0.9507440944831073
F8,V0,50,0.05,LER,10,0.0,0.0,0.0,0.0,0.0,0.0,0.0,0.0,0.0,0.0
F8,V0,50,0.05,RSR,10,0.0,0.0,0.0,0.0,0.0,0.0,0.0,0.0,0.0,0.0
F8,V0,50,0.05,UAR,10,0.0,0.0,0.0,0.0,0.0,0.0,0.0,0.0,0.0,0.0
F8,V0,50,0.05,RAF,10,1.20208,1.202,0.008157995396473924,1.1944,1.2068,0.012400000000000189,1.192,1.2188,1.197023622067571,1.2071363779324291
F8,V0,50,0.05,DAF,10,1.20208,1.202,0.008157995396473924,1.1944,1.2068,0.012400000000000189,1.192,1.2188,1.197023622067571,1.2071363779324291
F8,V0,50,0.1,DER,10,0.09892,0.09864999999999999,0.0023155512902498575,0.0969,0.1002,0.0032999999999999974,0.0964,0.1036,0.09748480644123828,0.10035519355876171
F8,V0,50,0.1,EOER,10,0.90108,0.90135,0.002315551290249857,0.8998,0.9031,0.0032999999999999696,0.8964,0.9036,0.8996448064412382,0.9025151935587618
F8,V0,50,0.1,LER,10,0.0,0.0,0.0,0.0,0.0,0.0,0.0,0.0,0.0,0.0
F8,V0,50,0.1,RSR,10,0.0,0.0,0.0,0.0,0.0,0.0,0.0,0.0,0.0,0.0
F8,V0,50,0.1,UAR,10,0.0,0.0,0.0,0.0,0.0,0.0,0.0,0.0,0.0,0.0
F8,V0,50,0.1,RAF,10,1.39568,1.3946,0.009262205160999465,1.3876,1.4008,0.0132000000000001,1.3856,1.4144,1.3899392257649532,1.4014207742350469
F8,V0,50,0.1,DAF,10,1.39568,1.3946,0.009262205160999465,1.3876,1.4008,0.0132000000000001,1.3856,1.4144,1.3899392257649532,1.4014207742350469
F8,V0,50,0.2,DER,10,0.19743999999999998,0.19935,0.004919168854819092,0.197,0.2001,0.0030999999999999917,0.1841,0.2004,0.19439106755586663,0.20048893244413332
F8,V0,50,0.2,EOER,10,0.80256,0.80065,0.004919168854819086,0.7999,0.803,0.0030999999999999917,0.7996,0.8159,0.7995110675558668,0.8056089324441333
F8,V0,50,0.2,LER,10,0.0,0.0,0.0,0.0,0.0,0.0,0.0,0.0,0.0,0.0
F8,V0,50,0.2,RSR,10,0.0,0.0,0.0,0.0,0.0,0.0,0.0,0.0,0.0,0.0
F8,V0,50,0.2,UAR,10,0.0,0.0,0.0,0.0,0.0,0.0,0.0,0.0,0.0,0.0
F8,V0,50,0.2,RAF,10,1.78976,1.7974,0.01967667541927641,1.788,1.8004,0.012399999999999967,1.7364,1.8016,1.7775642702234666,1.8019557297765334
F8,V0,50,0.2,DAF,10,1.78976,1.7974,0.01967667541927641,1.788,1.8004,0.012399999999999967,1.7364,1.8016,1.7775642702234666,1.8019557297765334
F8,V1,10,0.01,DER,10,0.0,0.0,0.0,0.0,0.0,0.0,0.0,0.0,0.0,0.0
F8,V1,10,0.01,EOER,10,1.0,1.0,0.0,1.0,1.0,0.0,1.0,1.0,1.0,1.0
F8,V1,10,0.01,LER,10,0.0,0.0,0.0,0.0,0.0,0.0,0.0,0.0,0.0,0.0
F8,V1,10,0.01,RSR,10,0.0,0.0,0.0,0.0,0.0,0.0,0.0,0.0,0.0,0.0
F8,V1,10,0.01,UAR,10,0.0,0.0,0.0,0.0,0.0,0.0,0.0,0.0,0.0,0.0
F8,V1,10,0.01,RAF,10,1.041,1.041,0.0025733678754158245,1.0388,1.0432,0.0043999999999999595,1.038,1.0452,1.0394050100662107,1.0425949899337892
F8,V1,10,0.01,DAF,10,1.041,1.041,0.0025733678754158245,1.0388,1.0432,0.0043999999999999595,1.038,1.0452,1.0394050100662107,1.0425949899337892
F8,V1,10,0.05,DER,10,0.0,0.0,0.0,0.0,0.0,0.0,0.0,0.0,0.0,0.0
F8,V1,10,0.05,EOER,10,1.0,1.0,0.0,1.0,1.0,0.0,1.0,1.0,1.0,1.0
F8,V1,10,0.05,LER,10,0.0,0.0,0.0,0.0,0.0,0.0,0.0,0.0,0.0,0.0
F8,V1,10,0.05,RSR,10,0.0,0.0,0.0,0.0,0.0,0.0,0.0,0.0,0.0,0.0
F8,V1,10,0.05,UAR,10,0.0,0.0,0.0,0.0,0.0,0.0,0.0,0.0,0.0,0.0
F8,V1,10,0.05,RAF,10,1.1975599999999997,1.1985999999999999,0.009168933053160192,1.19,1.2,0.010000000000000009,1.1856,1.2156,1.1918770364163285,1.203242963583671
F8,V1,10,0.05,DAF,10,1.1975599999999997,1.1985999999999999,0.009168933053160192,1.19,1.2,0.010000000000000009,1.1856,1.2156,1.1918770364163285,1.203242963583671
F8,V1,10,0.1,DER,10,0.0,0.0,0.0,0.0,0.0,0.0,0.0,0.0,0.0,0.0
F8,V1,10,0.1,EOER,10,1.0,1.0,0.0,1.0,1.0,0.0,1.0,1.0,1.0,1.0
F8,V1,10,0.1,LER,10,0.0,0.0,0.0,0.0,0.0,0.0,0.0,0.0,0.0,0.0
F8,V1,10,0.1,RSR,10,0.0,0.0,0.0,0.0,0.0,0.0,0.0,0.0,0.0,0.0
F8,V1,10,0.1,UAR,10,0.0,0.0,0.0,0.0,0.0,0.0,0.0,0.0,0.0,0.0
F8,V1,10,0.1,RAF,10,1.40424,1.4058000000000002,0.011628623688506293,1.396,1.4148,0.01880000000000015,1.3828,1.4164,1.3970325043659009,1.411447495634099
F8,V1,10,0.1,DAF,10,1.40424,1.4058000000000002,0.011628623688506293,1.396,1.4148,0.01880000000000015,1.3828,1.4164,1.3970325043659009,1.411447495634099
F8,V1,10,0.2,DER,10,0.0,0.0,0.0,0.0,0.0,0.0,0.0,0.0,0.0,0.0
F8,V1,10,0.2,EOER,10,1.0,1.0,0.0,1.0,1.0,0.0,1.0,1.0,1.0,1.0
F8,V1,10,0.2,LER,10,0.0,0.0,0.0,0.0,0.0,0.0,0.0,0.0,0.0,0.0
F8,V1,10,0.2,RSR,10,0.0,0.0,0.0,0.0,0.0,0.0,0.0,0.0,0.0,0.0
F8,V1,10,0.2,UAR,10,0.0,0.0,0.0,0.0,0.0,0.0,0.0,0.0,0.0,0.0
F8,V1,10,0.2,RAF,10,1.8024799999999999,1.8018,0.01877568167130618,1.7904,1.8196,0.029200000000000115,1.7756,1.83,1.7908427119340935,1.8141172880659062
F8,V1,10,0.2,DAF,10,1.8024799999999999,1.8018,0.01877568167130618,1.7904,1.8196,0.029200000000000115,1.7756,1.83,1.7908427119340935,1.8141172880659062
F8,V1,50,0.01,DER,10,0.0,0.0,0.0,0.0,0.0,0.0,0.0,0.0,0.0,0.0
F8,V1,50,0.01,EOER,10,1.0,1.0,0.0,1.0,1.0,0.0,1.0,1.0,1.0,1.0
F8,V1,50,0.01,LER,10,0.0,0.0,0.0,0.0,0.0,0.0,0.0,0.0,0.0,0.0
F8,V1,50,0.01,RSR,10,0.0,0.0,0.0,0.0,0.0,0.0,0.0,0.0,0.0,0.0
F8,V1,50,0.01,UAR,10,0.0,0.0,0.0,0.0,0.0,0.0,0.0,0.0,0.0,0.0
F8,V1,50,0.01,RAF,10,1.03888,1.0390000000000001,0.004952395604373905,1.0356,1.0424,0.006799999999999917,1.03,1.0472,1.0358104734031306,1.0419495265968695
F8,V1,50,0.01,DAF,10,1.03888,1.0390000000000001,0.004952395604373905,1.0356,1.0424,0.006799999999999917,1.03,1.0472,1.0358104734031306,1.0419495265968695
F8,V1,50,0.05,DER,10,0.0,0.0,0.0,0.0,0.0,0.0,0.0,0.0,0.0,0.0
F8,V1,50,0.05,EOER,10,1.0,1.0,0.0,1.0,1.0,0.0,1.0,1.0,1.0,1.0
F8,V1,50,0.05,LER,10,0.0,0.0,0.0,0.0,0.0,0.0,0.0,0.0,0.0,0.0
F8,V1,50,0.05,RSR,10,0.0,0.0,0.0,0.0,0.0,0.0,0.0,0.0,0.0,0.0
F8,V1,50,0.05,UAR,10,0.0,0.0,0.0,0.0,0.0,0.0,0.0,0.0,0.0,0.0
F8,V1,50,0.05,RAF,10,1.2007999999999999,1.1996,0.007406903686576594,1.1988,1.2076,0.008799999999999919,1.1856,1.2104,1.1962091535324202,1.2053908464675795
F8,V1,50,0.05,DAF,10,1.2007999999999999,1.1996,0.007406903686576594,1.1988,1.2076,0.008799999999999919,1.1856,1.2104,1.1962091535324202,1.2053908464675795
F8,V1,50,0.1,DER,10,0.0,0.0,0.0,0.0,0.0,0.0,0.0,0.0,0.0,0.0
F8,V1,50,0.1,EOER,10,1.0,1.0,0.0,1.0,1.0,0.0,1.0,1.0,1.0,1.0
F8,V1,50,0.1,LER,10,0.0,0.0,0.0,0.0,0.0,0.0,0.0,0.0,0.0,0.0
F8,V1,50,0.1,RSR,10,0.0,0.0,0.0,0.0,0.0,0.0,0.0,0.0,0.0,0.0
F8,V1,50,0.1,UAR,10,0.0,0.0,0.0,0.0,0.0,0.0,0.0,0.0,0.0,0.0
F8,V1,50,0.1,RAF,10,1.3984,1.3994,0.011949523467950966,1.3924,1.4076,0.01519999999999988,1.3772,1.4152,1.3909936086219776,1.4058063913780225
F8,V1,50,0.1,DAF,10,1.3984,1.3994,0.011949523467950966,1.3924,1.4076,0.01519999999999988,1.3772,1.4152,1.3909936086219776,1.4058063913780225
F8,V1,50,0.2,DER,10,0.0,0.0,0.0,0.0,0.0,0.0,0.0,0.0,0.0,0.0
F8,V1,50,0.2,EOER,10,1.0,1.0,0.0,1.0,1.0,0.0,1.0,1.0,1.0,1.0
F8,V1,50,0.2,LER,10,0.0,0.0,0.0,0.0,0.0,0.0,0.0,0.0,0.0,0.0
F8,V1,50,0.2,RSR,10,0.0,0.0,0.0,0.0,0.0,0.0,0.0,0.0,0.0,0.0
F8,V1,50,0.2,UAR,10,0.0,0.0,0.0,0.0,0.0,0.0,0.0,0.0,0.0,0.0
F8,V1,50,0.2,RAF,10,1.8012000000000001,1.7997999999999998,0.02134832806360046,1.7856,1.822,0.03639999999999999,1.7644,1.8332,1.787968169180176,1.8144318308198242
F8,V1,50,0.2,DAF,10,1.8012000000000001,1.7997999999999998,0.02134832806360046,1.7856,1.822,0.03639999999999999,1.7644,1.8332,1.787968169180176,1.8144318308198242
F8,V2,10,0.01,DER,10,0.0,0.0,0.0,0.0,0.0,0.0,0.0,0.0,0.0,0.0
F8,V2,10,0.01,EOER,10,1.0,1.0,0.0,1.0,1.0,0.0,1.0,1.0,1.0,1.0
F8,V2,10,0.01,LER,10,0.0,0.0,0.0,0.0,0.0,0.0,0.0,0.0,0.0,0.0
F8,V2,10,0.01,RSR,10,0.0,0.0,0.0,0.0,0.0,0.0,0.0,0.0,0.0,0.0
F8,V2,10,0.01,UAR,10,0.009510000000000001,0.009600000000000001,0.0013160969231447626,0.0081,0.0106,0.0025000000000000005,0.0077,0.0116,0.008694274675859304,0.010325725324140698
F8,V2,10,0.01,RAF,10,1.03804,1.0384,0.00526438769257905,1.0324,1.0424,0.010000000000000009,1.0308,1.0464,1.0347770987034373,1.0413029012965629
F8,V2,10,0.01,DAF,10,1.0,1.0,0.0,1.0,1.0,0.0,1.0,1.0,1.0,1.0
F8,V2,10,0.05,DER,10,0.0,0.0,0.0,0.0,0.0,0.0,0.0,0.0,0.0,0.0
F8,V2,10,0.05,EOER,10,1.0,1.0,0.0,1.0,1.0,0.0,1.0,1.0,1.0,1.0
F8,V2,10,0.05,LER,10,0.0,0.0,0.0,0.0,0.0,0.0,0.0,0.0,0.0,0.0
F8,V2,10,0.05,RSR,10,0.0,0.0,0.0,0.0,0.0,0.0,0.0,0.0,0.0,0.0
F8,V2,10,0.05,UAR,10,0.05021,0.04995,0.0014760683513231284,0.0494,0.0513,0.001899999999999999,0.0476,0.0529,0.04929512335743494,0.051124876642565056
F8,V2,10,0.05,RAF,10,1.20084,1.1998000000000002,0.005904273405292547,1.1976,1.2052,0.007600000000000051,1.1904,1.2116,1.1971804934297396,1.2044995065702602
F8,V2,10,0.05,DAF,10,1.0,1.0,0.0,1.0,1.0,0.0,1.0,1.0,1.0,1.0
F8,V2,10,0.1,DER,10,0.0,0.0,0.0,0.0,0.0,0.0,0.0,0.0,0.0,0.0
F8,V2,10,0.1,EOER,10,1.0,1.0,0.0,1.0,1.0,0.0,1.0,1.0,1.0,1.0
F8,V2,10,0.1,LER,10,0.0,0.0,0.0,0.0,0.0,0.0,0.0,0.0,0.0,0.0
F8,V2,10,0.1,RSR,10,0.0,0.0,0.0,0.0,0.0,0.0,0.0,0.0,0.0,0.0
F8,V2,10,0.1,UAR,10,0.10019,0.10095000000000001,0.002119460098966507,0.0985,0.1012,0.002699999999999994,0.0962,0.1034,0.09887634502077432,0.10150365497922569
F8,V2,10,0.1,RAF,10,1.4007600000000002,1.4038,0.00847784039586601,1.394,1.4048,0.010800000000000143,1.3848,1.4136,1.3955053800830974,1.406014619916903
F8,V2,10,0.1,DAF,10,1.0,1.0,0.0,1.0,1.0,0.0,1.0,1.0,1.0,1.0
F8,V2,10,0.2,DER,10,0.0,0.0,0.0,0.0,0.0,0.0,0.0,0.0,0.0,0.0
F8,V2,10,0.2,EOER,10,1.0,1.0,0.0,1.0,1.0,0.0,1.0,1.0,1.0,1.0
F8,V2,10,0.2,LER,10,0.0,0.0,0.0,0.0,0.0,0.0,0.0,0.0,0.0,0.0
F8,V2,10,0.2,RSR,10,0.0,0.0,0.0,0.0,0.0,0.0,0.0,0.0,0.0,0.0
F8,V2,10,0.2,UAR,10,0.19909,0.19874999999999998,0.003037707468909191,0.1971,0.2021,0.0050000000000000044,0.1941,0.203,0.1972072094044566,0.20097279059554338
F8,V2,10,0.2,RAF,10,1.7963700000000002,1.795,0.012162972041770435,1.7884,1.8084,0.020000000000000018,1.7764,1.812,1.7888313118252874,1.803908688174713
F8,V2,10,0.2,DAF,10,1.0,1.0,0.0,1.0,1.0,0.0,1.0,1.0,1.0,1.0
F8,V2,50,0.01,DER,10,0.0,0.0,0.0,0.0,0.0,0.0,0.0,0.0,0.0,0.0
F8,V2,50,0.01,EOER,10,1.0,1.0,0.0,1.0,1.0,0.0,1.0,1.0,1.0,1.0
F8,V2,50,0.01,LER,10,0.0,0.0,0.0,0.0,0.0,0.0,0.0,0.0,0.0,0.0
F8,V2,50,0.01,RSR,10,0.0,0.0,0.0,0.0,0.0,0.0,0.0,0.0,0.0,0.0
F8,V2,50,0.01,UAR,10,0.00907,0.00875,0.000856413711032492,0.0086,0.0098,0.0011999999999999997,0.0076,0.0105,0.00853918928253305,0.00960081071746695
F8,V2,50,0.01,RAF,10,1.0362799999999999,1.035,0.003425654844129984,1.0344,1.0392,0.0047999999999999154,1.0304,1.042,1.034156757130132,1.0384032428698677
F8,V2,50,0.01,DAF,10,1.0,1.0,0.0,1.0,1.0,0.0,1.0,1.0,1.0,1.0
F8,V2,50,0.05,DER,10,0.0,0.0,0.0,0.0,0.0,0.0,0.0,0.0,0.0,0.0
F8,V2,50,0.05,EOER,10,1.0,1.0,0.0,1.0,1.0,0.0,1.0,1.0,1.0,1.0
F8,V2,50,0.05,LER,10,0.0,0.0,0.0,0.0,0.0,0.0,0.0,0.0,0.0,0.0
F8,V2,50,0.05,RSR,10,0.0,0.0,0.0,0.0,0.0,0.0,0.0,0.0,0.0,0.0
F8,V2,50,0.05,UAR,10,0.05059999999999999,0.0504,0.002048305532764962,0.0494,0.0527,0.0032999999999999974,0.047,0.0536,0.04933044707781745,0.05186955292218253
F8,V2,50,0.05,RAF,10,1.2024000000000001,1.2016,0.00819322213105988,1.1976,1.2108,0.0132000000000001,1.188,1.2144,1.19732178831127,1.2074782116887304
F8,V2,50,0.05,DAF,10,1.0,1.0,0.0,1.0,1.0,0.0,1.0,1.0,1.0,1.0
F8,V2,50,0.1,DER,10,0.0,0.0,0.0,0.0,0.0,0.0,0.0,0.0,0.0,0.0
F8,V2,50,0.1,EOER,10,1.0,1.0,0.0,1.0,1.0,0.0,1.0,1.0,1.0,1.0
F8,V2,50,0.1,LER,10,0.0,0.0,0.0,0.0,0.0,0.0,0.0,0.0,0.0,0.0
F8,V2,50,0.1,RSR,10,0.0,0.0,0.0,0.0,0.0,0.0,0.0,0.0,0.0,0.0
F8,V2,50,0.1,UAR,10,0.10132000000000001,0.1009,0.0015824032355881976,0.1005,0.1016,0.0010999999999999899,0.0993,0.1046,0.10033921631334938,0.10230078368665063
F8,V2,50,0.1,RAF,10,1.40528,1.4036,0.006329612942352806,1.402,1.4064,0.0044000000000001815,1.3972,1.4184,1.4013568652533976,1.4092031347466025
F8,V2,50,0.1,DAF,10,1.0,1.0,0.0,1.0,1.0,0.0,1.0,1.0,1.0,1.0
F8,V2,50,0.2,DER,10,0.0,0.0,0.0,0.0,0.0,0.0,0.0,0.0,0.0,0.0
F8,V2,50,0.2,EOER,10,1.0,1.0,0.0,1.0,1.0,0.0,1.0,1.0,1.0,1.0
F8,V2,50,0.2,LER,10,0.0,0.0,0.0,0.0,0.0,0.0,0.0,0.0,0.0,0.0
F8,V2,50,0.2,RSR,10,0.0,0.0,0.0,0.0,0.0,0.0,0.0,0.0,0.0,0.0
F8,V2,50,0.2,UAR,10,0.1998,0.1997,0.00473004580668447,0.1958,0.2034,0.007599999999999996,0.1933,0.2081,0.19686828723553393,0.20273171276446608
F8,V2,50,0.2,RAF,10,1.7991999999999997,1.7988,0.018920183226737903,1.7832,1.8136,0.030400000000000205,1.7732,1.8324,1.7874731489421354,1.810926851057864
F8,V2,50,0.2,DAF,10,1.0,1.0,0.0,1.0,1.0,0.0,1.0,1.0,1.0,1.0
F8,V3,10,0.01,DER,10,0.0,0.0,0.0,0.0,0.0,0.0,0.0,0.0,0.0,0.0
F8,V3,10,0.01,EOER,10,1.0,1.0,0.0,1.0,1.0,0.0,1.0,1.0,1.0,1.0
F8,V3,10,0.01,LER,10,0.0,0.0,0.0,0.0,0.0,0.0,0.0,0.0,0.0,0.0
F8,V3,10,0.01,RSR,10,0.0,0.0,0.0,0.0,0.0,0.0,0.0,0.0,0.0,0.0
F8,V3,10,0.01,UAR,10,0.0,0.0,0.0,0.0,0.0,0.0,0.0,0.0,0.0,0.0
F8,V3,10,0.01,RAF,10,1.04104,1.0418,0.0030299248248833515,1.0396,1.0424,0.0027999999999999137,1.0352,1.0452,1.0391620331371991,1.0429179668628008
F8,V3,10,0.01,DAF,10,1.04104,1.0418,0.0030299248248833515,1.0396,1.0424,0.0027999999999999137,1.0352,1.0452,1.0391620331371991,1.0429179668628008
F8,V3,10,0.05,DER,10,0.0,0.0,0.0,0.0,0.0,0.0,0.0,0.0,0.0,0.0
F8,V3,10,0.05,EOER,10,1.0,1.0,0.0,1.0,1.0,0.0,1.0,1.0,1.0,1.0
F8,V3,10,0.05,LER,10,0.0,0.0,0.0,0.0,0.0,0.0,0.0,0.0,0.0,0.0
F8,V3,10,0.05,RSR,10,0.0,0.0,0.0,0.0,0.0,0.0,0.0,0.0,0.0,0.0
F8,V3,10,0.05,UAR,10,0.0,0.0,0.0,0.0,0.0,0.0,0.0,0.0,0.0,0.0
F8,V3,10,0.05,RAF,10,1.19604,1.1956,0.0070941603527909835,1.1928,1.1996,0.006799999999999917,1.1844,1.2072,1.1916429938589486,1.2004370061410514
F8,V3,10,0.05,DAF,10,1.19604,1.1956,0.0070941603527909835,1.1928,1.1996,0.006799999999999917,1.1844,1.2072,1.1916429938589486,1.2004370061410514
F8,V3,10,0.1,DER,10,0.0,0.0,0.0,0.0,0.0,0.0,0.0,0.0,0.0,0.0
F8,V3,10,0.1,EOER,10,1.0,1.0,0.0,1.0,1.0,0.0,1.0,1.0,1.0,1.0
F8,V3,10,0.1,LER,10,0.0,0.0,0.0,0.0,0.0,0.0,0.0,0.0,0.0,0.0
F8,V3,10,0.1,RSR,10,0.0,0.0,0.0,0.0,0.0,0.0,0.0,0.0,0.0,0.0
F8,V3,10,0.1,UAR,10,0.0,0.0,0.0,0.0,0.0,0.0,0.0,0.0,0.0,0.0
F8,V3,10,0.1,RAF,10,1.3983199999999998,1.3976,0.005832628528850048,1.3936,1.4012,0.007600000000000051,1.3912,1.408,1.3947048993842186,1.401935100615781
F8,V3,10,0.1,DAF,10,1.3983199999999998,1.3976,0.005832628528850048,1.3936,1.4012,0.007600000000000051,1.3912,1.408,1.3947048993842186,1.401935100615781
F8,V3,10,0.2,DER,10,0.0,0.0,0.0,0.0,0.0,0.0,0.0,0.0,0.0,0.0
F8,V3,10,0.2,EOER,10,1.0,1.0,0.0,1.0,1.0,0.0,1.0,1.0,1.0,1.0
F8,V3,10,0.2,LER,10,0.0,0.0,0.0,0.0,0.0,0.0,0.0,0.0,0.0,0.0
F8,V3,10,0.2,RSR,10,0.0,0.0,0.0,0.0,0.0,0.0,0.0,0.0,0.0,0.0
F8,V3,10,0.2,UAR,10,0.0,0.0,0.0,0.0,0.0,0.0,0.0,0.0,0.0,0.0
F8,V3,10,0.2,RAF,10,1.79832,1.7993999999999999,0.009677097820225961,1.7916,1.8064,0.014799999999999924,1.7816,1.8096,1.7923220726305757,1.804317927369424
F8,V3,10,0.2,DAF,10,1.79832,1.7993999999999999,0.009677097820225961,1.7916,1.8064,0.014799999999999924,1.7816,1.8096,1.7923220726305757,1.804317927369424
F8,V3,50,0.01,DER,10,0.0,0.0,0.0,0.0,0.0,0.0,0.0,0.0,0.0,0.0
F8,V3,50,0.01,EOER,10,1.0,1.0,0.0,1.0,1.0,0.0,1.0,1.0,1.0,1.0
F8,V3,50,0.01,LER,10,0.0,0.0,0.0,0.0,0.0,0.0,0.0,0.0,0.0,0.0
F8,V3,50,0.01,RSR,10,0.0,0.0,0.0,0.0,0.0,0.0,0.0,0.0,0.0,0.0
F8,V3,50,0.01,UAR,10,0.0,0.0,0.0,0.0,0.0,0.0,0.0,0.0,0.0,0.0
F8,V3,50,0.01,RAF,10,1.04124,1.0412,0.003916687943204642,1.0396,1.0428,0.0031999999999998696,1.0348,1.048,1.038812411662209,1.0436675883377908
F8,V3,50,0.01,DAF,10,1.04124,1.0412,0.003916687943204642,1.0396,1.0428,0.0031999999999998696,1.0348,1.048,1.038812411662209,1.0436675883377908
F8,V3,50,0.05,DER,10,0.0,0.0,0.0,0.0,0.0,0.0,0.0,0.0,0.0,0.0
F8,V3,50,0.05,EOER,10,1.0,1.0,0.0,1.0,1.0,0.0,1.0,1.0,1.0,1.0
F8,V3,50,0.05,LER,10,0.0,0.0,0.0,0.0,0.0,0.0,0.0,0.0,0.0,0.0
F8,V3,50,0.05,RSR,10,0.0,0.0,0.0,0.0,0.0,0.0,0.0,0.0,0.0,0.0
F8,V3,50,0.05,UAR,10,0.0,0.0,0.0,0.0,0.0,0.0,0.0,0.0,0.0,0.0
F8,V3,50,0.05,RAF,10,1.1992800000000001,1.1978,0.008878037821250573,1.1928,1.2068,0.014000000000000012,1.1868,1.2132,1.193777335149019,1.2047826648509812
F8,V3,50,0.05,DAF,10,1.1992800000000001,1.1978,0.008878037821250573,1.1928,1.2068,0.014000000000000012,1.1868,1.2132,1.193777335149019,1.2047826648509812
F8,V3,50,0.1,DER,10,0.0,0.0,0.0,0.0,0.0,0.0,0.0,0.0,0.0,0.0
F8,V3,50,0.1,EOER,10,1.0,1.0,0.0,1.0,1.0,0.0,1.0,1.0,1.0,1.0
F8,V3,50,0.1,LER,10,0.0,0.0,0.0,0.0,0.0,0.0,0.0,0.0,0.0,0.0
F8,V3,50,0.1,RSR,10,0.0,0.0,0.0,0.0,0.0,0.0,0.0,0.0,0.0,0.0
F8,V3,50,0.1,UAR,10,0.0,0.0,0.0,0.0,0.0,0.0,0.0,0.0,0.0,0.0
F8,V3,50,0.1,RAF,10,1.3955600000000001,1.4028,0.015841941519621625,1.3836,1.404,0.020399999999999974,1.3628,1.4124,1.3857410629188063,1.405378937081194
F8,V3,50,0.1,DAF,10,1.3955600000000001,1.4028,0.015841941519621625,1.3836,1.404,0.020399999999999974,1.3628,1.4124,1.3857410629188063,1.405378937081194
F8,V3,50,0.2,DER,10,0.0,0.0,0.0,0.0,0.0,0.0,0.0,0.0,0.0,0.0
F8,V3,50,0.2,EOER,10,1.0,1.0,0.0,1.0,1.0,0.0,1.0,1.0,1.0,1.0
F8,V3,50,0.2,LER,10,0.0,0.0,0.0,0.0,0.0,0.0,0.0,0.0,0.0,0.0
F8,V3,50,0.2,RSR,10,0.0,0.0,0.0,0.0,0.0,0.0,0.0,0.0,0.0,0.0
F8,V3,50,0.2,UAR,10,0.0,0.0,0.0,0.0,0.0,0.0,0.0,0.0,0.0,0.0
F8,V3,50,0.2,RAF,10,1.79988,1.8035999999999999,0.018508904763803683,1.7956,1.8116,0.016000000000000014,1.764,1.8208,1.788408061974443,1.811351938025557
F8,V3,50,0.2,DAF,10,1.79988,1.8035999999999999,0.018508904763803683,1.7956,1.8116,0.016000000000000014,1.764,1.8208,1.788408061974443,1.811351938025557
F8,V4,10,0.01,DER,10,0.0,0.0,0.0,0.0,0.0,0.0,0.0,0.0,0.0,0.0
F8,V4,10,0.01,EOER,10,1.0,1.0,0.0,1.0,1.0,0.0,1.0,1.0,1.0,1.0
F8,V4,10,0.01,LER,10,0.0,0.0,0.0,0.0,0.0,0.0,0.0,0.0,0.0,0.0
F8,V4,10,0.01,RSR,10,0.0,0.0,0.0,0.0,0.0,0.0,0.0,0.0,0.0,0.0
F8,V4,10,0.01,UAR,10,0.009940000000000001,0.0103,0.0011964763079792076,0.0089,0.0105,0.0016000000000000007,0.0076,0.0117,0.009198416301269897,0.010681583698730105
F8,V4,10,0.01,RAF,10,1.03976,1.0412,0.004785905231916841,1.0356,1.042,0.006399999999999961,1.0304,1.0468,1.0367936652050795,1.0427263347949205
F8,V4,10,0.01,DAF,10,1.0,1.0,0.0,1.0,1.0,0.0,1.0,1.0,1.0,1.0
F8,V4,10,0.05,DER,10,0.0,0.0,0.0,0.0,0.0,0.0,0.0,0.0,0.0,0.0
F8,V4,10,0.05,EOER,10,1.0,1.0,0.0,1.0,1.0,0.0,1.0,1.0,1.0,1.0
F8,V4,10,0.05,LER,10,0.0,0.0,0.0,0.0,0.0,0.0,0.0,0.0,0.0,0.0
F8,V4,10,0.05,RSR,10,0.0,0.0,0.0,0.0,0.0,0.0,0.0,0.0,0.0,0.0
F8,V4,10,0.05,UAR,10,0.050870000000000005,0.051699999999999996,0.0026356740651639343,0.0488,0.053,0.004199999999999995,0.0457,0.0535,0.049236392289712404,0.05250360771028761
F8,V4,10,0.05,RAF,10,1.2034800000000003,1.2067999999999999,0.010542696260655699,1.1952,1.212,0.016799999999999926,1.1828,1.214,1.19694556915885,1.2100144308411507
F8,V4,10,0.05,DAF,10,1.0,1.0,0.0,1.0,1.0,0.0,1.0,1.0,1.0,1.0
F8,V4,10,0.1,DER,10,0.0,0.0,0.0,0.0,0.0,0.0,0.0,0.0,0.0,0.0
F8,V4,10,0.1,EOER,10,1.0,1.0,0.0,1.0,1.0,0.0,1.0,1.0,1.0,1.0
F8,V4,10,0.1,LER,10,0.0,0.0,0.0,0.0,0.0,0.0,0.0,0.0,0.0,0.0
F8,V4,10,0.1,RSR,10,0.0,0.0,0.0,0.0,0.0,0.0,0.0,0.0,0.0,0.0
F8,V4,10,0.1,UAR,10,0.09954,0.09905,0.0029807530741221893,0.0963,0.102,0.005699999999999997,0.096,0.1035,0.09769251010407214,0.10138748989592787
F8,V4,10,0.1,RAF,10,1.3981599999999998,1.3961999999999999,0.011923012296488747,1.3852,1.408,0.02279999999999993,1.384,1.414,1.3907700404162884,1.4055499595837113
F8,V4,10,0.1,DAF,10,1.0,1.0,0.0,1.0,1.0,0.0,1.0,1.0,1.0,1.0
F8,V4,10,0.2,DER,10,0.0,0.0,0.0,0.0,0.0,0.0,0.0,0.0,0.0,0.0
F8,V4,10,0.2,EOER,10,1.0,1.0,0.0,1.0,1.0,0.0,1.0,1.0,1.0,1.0
F8,V4,10,0.2,LER,10,0.0,0.0,0.0,0.0,0.0,0.0,0.0,0.0,0.0,0.0
F8,V4,10,0.2,RSR,10,0.0,0.0,0.0,0.0,0.0,0.0,0.0,0.0,0.0,0.0
F8,V4,10,0.2,UAR,10,0.20052999999999996,0.20095,0.004534325871737834,0.1984,0.2044,0.006000000000000005,0.1912,0.2067,0.19771959570800843,0.2033404042919915
F8,V4,10,0.2,RAF,10,1.80212,1.8037999999999998,0.018137303486951376,1.7936,1.8176,0.02400000000000002,1.7648,1.8268,1.7908783828320338,1.813361617167966
F8,V4,10,0.2,DAF,10,1.0,1.0,0.0,1.0,1.0,0.0,1.0,1.0,1.0,1.0
F8,V4,50,0.01,DER,10,0.0,0.0,0.0,0.0,0.0,0.0,0.0,0.0,0.0,0.0
F8,V4,50,0.01,EOER,10,1.0,1.0,0.0,1.0,1.0,0.0,1.0,1.0,1.0,1.0
F8,V4,50,0.01,LER,10,0.0,0.0,0.0,0.0,0.0,0.0,0.0,0.0,0.0,0.0
F8,V4,50,0.01,RSR,10,0.0,0.0,0.0,0.0,0.0,0.0,0.0,0.0,0.0,0.0
F8,V4,50,0.01,UAR,10,0.0099,0.009600000000000001,0.0009966610925150705,0.0089,0.0106,0.0017000000000000001,0.0089,0.0119,0.009282263054906596,0.010517736945093406
F8,V4,50,0.01,RAF,10,1.0396,1.0384,0.00398664437006028,1.0356,1.0424,0.006799999999999917,1.0356,1.0476,1.0371290522196264,1.0420709477803738
F8,V4,50,0.01,DAF,10,1.0,1.0,0.0,1.0,1.0,0.0,1.0,1.0,1.0,1.0
F8,V4,50,0.05,DER,10,0.0,0.0,0.0,0.0,0.0,0.0,0.0,0.0,0.0,0.0
F8,V4,50,0.05,EOER,10,1.0,1.0,0.0,1.0,1.0,0.0,1.0,1.0,1.0,1.0
F8,V4,50,0.05,LER,10,0.0,0.0,0.0,0.0,0.0,0.0,0.0,0.0,0.0,0.0
F8,V4,50,0.05,RSR,10,0.0,0.0,0.0,0.0,0.0,0.0,0.0,0.0,0.0,0.0
F8,V4,50,0.05,UAR,10,0.0501,0.05015,0.0027426669907632283,0.0482,0.0508,0.002599999999999998,0.0462,0.0549,0.04840007738738233,0.05179992261261767
F8,V4,50,0.05,RAF,10,1.2004000000000001,1.2006000000000001,0.010970667963052908,1.1928,1.2032,0.010399999999999965,1.1848,1.2196,1.1936003095495296,1.2071996904504707
F8,V4,50,0.05,DAF,10,1.0,1.0,0.0,1.0,1.0,0.0,1.0,1.0,1.0,1.0
F8,V4,50,0.1,DER,10,0.0,0.0,0.0,0.0,0.0,0.0,0.0,0.0,0.0,0.0
F8,V4,50,0.1,EOER,10,1.0,1.0,0.0,1.0,1.0,0.0,1.0,1.0,1.0,1.0
F8,V4,50,0.1,LER,10,0.0,0.0,0.0,0.0,0.0,0.0,0.0,0.0,0.0,0.0
F8,V4,50,0.1,RSR,10,0.0,0.0,0.0,0.0,0.0,0.0,0.0,0.0,0.0,0.0
F8,V4,50,0.1,UAR,10,0.10001000000000002,0.09925,0.0035202430471646586,0.0984,0.1033,0.004900000000000002,0.0949,0.1056,0.09782813075450329,0.10219186924549674
F8,V4,50,0.1,RAF,10,1.4000400000000002,1.397,0.014080972188658666,1.3936,1.4132,0.019600000000000062,1.3796,1.4224,1.3913125230180132,1.4087674769819871
F8,V4,50,0.1,DAF,10,1.0,1.0,0.0,1.0,1.0,0.0,1.0,1.0,1.0,1.0
F8,V4,50,0.2,DER,10,0.0,0.0,0.0,0.0,0.0,0.0,0.0,0.0,0.0,0.0
F8,V4,50,0.2,EOER,10,1.0,1.0,0.0,1.0,1.0,0.0,1.0,1.0,1.0,1.0
F8,V4,50,0.2,LER,10,0.0,0.0,0.0,0.0,0.0,0.0,0.0,0.0,0.0,0.0
F8,V4,50,0.2,RSR,10,0.0,0.0,0.0,0.0,0.0,0.0,0.0,0.0,0.0,0.0
F8,V4,50,0.2,UAR,10,0.19968999999999998,0.19905,0.0024214091397825,0.198,0.2014,0.0033999999999999864,0.1966,0.2043,0.19818919506634308,0.20119080493365687
F8,V4,50,0.2,RAF,10,1.7987600000000001,1.7962,0.009685636559129995,1.792,1.8056,0.013600000000000056,1.7864,1.8172,1.7927567802653726,1.8047632197346277
F8,V4,50,0.2,DAF,10,1.0,1.0,0.0,1.0,1.0,0.0,1.0,1.0,1.0,1.0
F8,V5,10,0.01,DER,10,0.0,0.0,0.0,0.0,0.0,0.0,0.0,0.0,0.0,0.0
F8,V5,10,0.01,EOER,10,1.0,1.0,0.0,1.0,1.0,0.0,1.0,1.0,1.0,1.0
F8,V5,10,0.01,LER,10,0.0,0.0,0.0,0.0,0.0,0.0,0.0,0.0,0.0,0.0
F8,V5,10,0.01,RSR,10,0.01048,0.0106,0.0011612254063894933,0.0096,0.0113,0.0017000000000000001,0.0085,0.0121,0.009760265036435093,0.011199734963564906
F8,V5,10,0.01,UAR,10,0.0,0.0,0.0,0.0,0.0,0.0,0.0,0.0,0.0,0.0
F8,V5,10,0.01,RAF,10,1.02096,1.0211999999999999,0.002322450812779005,1.0192,1.0226,0.0033999999999998476,1.017,1.0242,1.0195205300728702,1.02239946992713
F8,V5,10,0.01,DAF,10,1.0,1.0,0.0,1.0,1.0,0.0,1.0,1.0,1.0,1.0
F8,V5,10,0.05,DER,10,0.0,0.0,0.0,0.0,0.0,0.0,0.0,0.0,0.0,0.0
F8,V5,10,0.05,EOER,10,1.0,1.0,0.0,1.0,1.0,0.0,1.0,1.0,1.0,1.0
F8,V5,10,0.05,LER,10,0.0,0.0,0.0,0.0,0.0,0.0,0.0,0.0,0.0,0.0
F8,V5,10,0.05,RSR,10,0.05073,0.0504,0.0020155230917390495,0.0498,0.0522,0.0024000000000000063,0.0469,0.0541,0.049480765845274256,0.05197923415472574
F8,V5,10,0.05,UAR,10,0.0,0.0,0.0,0.0,0.0,0.0,0.0,0.0,0.0,0.0
F8,V5,10,0.05,RAF,10,1.1014599999999999,1.1008,0.0040310461834780825,1.0996,1.1044,0.0048000000000001375,1.0938,1.1082,1.0989615316905483,1.1039584683094514
F8,V5,10,0.05,DAF,10,1.0,1.0,0.0,1.0,1.0,0.0,1.0,1.0,1.0,1.0
F8,V5,10,0.1,DER,10,0.0,0.0,0.0,0.0,0.0,0.0,0.0,0.0,0.0,0.0
F8,V5,10,0.1,EOER,10,1.0,1.0,0.0,1.0,1.0,0.0,1.0,1.0,1.0,1.0
F8,V5,10,0.1,LER,10,0.0,0.0,0.0,0.0,0.0,0.0,0.0,0.0,0.0,0.0
F8,V5,10,0.1,RSR,10,0.09913,0.10055,0.0029825604212935356,0.0962,0.101,0.004800000000000013,0.0948,0.1036,0.09728138989868965,0.10097861010131035
F8,V5,10,0.1,UAR,10,0.0,0.0,0.0,0.0,0.0,0.0,0.0,0.0,0.0,0.0
F8,V5,10,0.1,RAF,10,1.1982599999999999,1.2011,0.00596512084258708,1.1924,1.202,0.009600000000000053,1.1896,1.2072,1.1945627797973792,1.2019572202026205
F8,V5,10,0.1,DAF,10,1.0,1.0,0.0,1.0,1.0,0.0,1.0,1.0,1.0,1.0
F8,V5,10,0.2,DER,10,0.0,0.0,0.0,0.0,0.0,0.0,0.0,0.0,0.0,0.0
F8,V5,10,0.2,EOER,10,1.0,1.0,0.0,1.0,1.0,0.0,1.0,1.0,1.0,1.0
F8,V5,10,0.2,LER,10,0.0,0.0,0.0,0.0,0.0,0.0,0.0,0.0,0.0,0.0
F8,V5,10,0.2,RSR,10,0.19939,0.20015,0.005688282302730373,0.1987,0.2013,0.002600000000000019,0.1898,0.2108,0.19586436610207156,0.20291563389792847
F8,V5,10,0.2,UAR,10,0.0,0.0,0.0,0.0,0.0,0.0,0.0,0.0,0.0,0.0
F8,V5,10,0.2,RAF,10,1.39878,1.4003,0.011376564605460765,1.3974,1.4026,0.0052000000000000934,1.3796,1.4216,1.391728732204143,1.4058312677958569
F8,V5,10,0.2,DAF,10,1.0,1.0,0.0,1.0,1.0,0.0,1.0,1.0,1.0,1.0
F8,V5,50,0.01,DER,10,0.0,0.0,0.0,0.0,0.0,0.0,0.0,0.0,0.0,0.0
F8,V5,50,0.01,EOER,10,1.0,1.0,0.0,1.0,1.0,0.0,1.0,1.0,1.0,1.0
F8,V5,50,0.01,LER,10,0.0,0.0,0.0,0.0,0.0,0.0,0.0,0.0,0.0,0.0
F8,V5,50,0.01,RSR,10,0.009989999999999999,0.00975,0.0011298475806742943,0.0095,0.0102,0.000700000000000001,0.0086,0.0125,0.009289713214302723,0.010690286785697275
F8,V5,50,0.01,UAR,10,0.0,0.0,0.0,0.0,0.0,0.0,0.0,0.0,0.0,0.0
F8,V5,50,0.01,RAF,10,1.0199799999999999,1.0195,0.0022596951613485404,1.019,1.0204,0.0014000000000000679,1.0172,1.025,1.0185794264286054,1.0213805735713943
F8,V5,50,0.01,DAF,10,1.0,1.0,0.0,1.0,1.0,0.0,1.0,1.0,1.0,1.0
F8,V5,50,0.05,DER,10,0.0,0.0,0.0,0.0,0.0,0.0,0.0,0.0,0.0,0.0
F8,V5,50,0.05,EOER,10,1.0,1.0,0.0,1.0,1.0,0.0,1.0,1.0,1.0,1.0
F8,V5,50,0.05,LER,10,0.0,0.0,0.0,0.0,0.0,0.0,0.0,0.0,0.0,0.0
F8,V5,50,0.05,RSR,10,0.04914,0.05035,0.0028488594208911045,0.0478,0.0508,0.0029999999999999957,0.0428,0.0525,0.04737425863728575,0.05090574136271426
F8,V5,50,0.05,UAR,10,0.0,0.0,0.0,0.0,0.0,0.0,0.0,0.0,0.0,0.0
F8,V5,50,0.05,RAF,10,1.09828,1.1007,0.005697718841782236,1.0956,1.1016,0.006000000000000005,1.0856,1.105,1.0947485172745715,1.1018114827254284
F8,V5,50,0.05,DAF,10,1.0,1.0,0.0,1.0,1.0,0.0,1.0,1.0,1.0,1.0
F8,V5,50,0.1,DER,10,0.0,0.0,0.0,0.0,0.0,0.0,0.0,0.0,0.0,0.0
F8,V5,50,0.1,EOER,10,1.0,1.0,0.0,1.0,1.0,0.0,1.0,1.0,1.0,1.0
F8,V5,50,0.1,LER,10,0.0,0.0,0.0,0.0,0.0,0.0,0.0,0.0,0.0,0.0
F8,V5,50,0.1,RSR,10,0.10046,0.10070000000000001,0.003614231130775488,0.0972,0.1036,0.006400000000000003,0.0955,0.1055,0.09821987633674685,0.10270012366325314
F8,V5,50,0.1,UAR,10,0.0,0.0,0.0,0.0,0.0,0.0,0.0,0.0,0.0,0.0
F8,V5,50,0.1,RAF,10,1.20092,1.2014,0.007228462261550982,1.1944,1.2072,0.012800000000000145,1.191,1.211,1.1964397526734938,1.2054002473265062
F8,V5,50,0.1,DAF,10,1.0,1.0,0.0,1.0,1.0,0.0,1.0,1.0,1.0,1.0
F8,V5,50,0.2,DER,10,0.0,0.0,0.0,0.0,0.0,0.0,0.0,0.0,0.0,0.0
F8,V5,50,0.2,EOER,10,1.0,1.0,0.0,1.0,1.0,0.0,1.0,1.0,1.0,1.0
F8,V5,50,0.2,LER,10,0.0,0.0,0.0,0.0,0.0,0.0,0.0,0.0,0.0,0.0
F8,V5,50,0.2,RSR,10,0.20029,0.2,0.004013712606663424,0.199,0.2037,0.004699999999999982,0.1919,0.2066,0.19780227515276397,0.20277772484723602
F8,V5,50,0.2,UAR,10,0.0,0.0,0.0,0.0,0.0,0.0,0.0,0.0,0.0,0.0
F8,V5,50,0.2,RAF,10,1.4005699999999999,1.4,0.008050679750458633,1.398,1.4074,0.009400000000000075,1.3837,1.4132,1.395580136994087,1.4055598630059127
F8,V5,50,0.2,DAF,10,1.0,1.0,0.0,1.0,1.0,0.0,1.0,1.0,1.0,1.0
F9,V0,10,0.01,DER,10,0.0,0.0,0.0,0.0,0.0,0.0,0.0,0.0,0.0,0.0
F9,V0,10,0.01,EOER,10,1.0,1.0,0.0,1.0,1.0,0.0,1.0,1.0,1.0,1.0
F9,V0,10,0.01,LER,10,0.0,0.0,0.0,0.0,0.0,0.0,0.0,0.0,0.0,0.0
F9,V0,10,0.01,RSR,10,0.0,0.0,0.0,0.0,0.0,0.0,0.0,0.0,0.0,0.0
F9,V0,10,0.01,UAR,10,0.0,0.0,0.0,0.0,0.0,0.0,0.0,0.0,0.0,0.0
F9,V0,10,0.01,RAF,10,1.0,1.0,0.0,1.0,1.0,0.0,1.0,1.0,1.0,1.0
F9,V0,10,0.01,DAF,10,1.0,1.0,0.0,1.0,1.0,0.0,1.0,1.0,1.0,1.0
F9,V0,10,0.05,DER,10,0.0,0.0,0.0,0.0,0.0,0.0,0.0,0.0,0.0,0.0
F9,V0,10,0.05,EOER,10,1.0,1.0,0.0,1.0,1.0,0.0,1.0,1.0,1.0,1.0
F9,V0,10,0.05,LER,10,0.0,0.0,0.0,0.0,0.0,0.0,0.0,0.0,0.0,0.0
F9,V0,10,0.05,RSR,10,0.0,0.0,0.0,0.0,0.0,0.0,0.0,0.0,0.0,0.0
F9,V0,10,0.05,UAR,10,0.0,0.0,0.0,0.0,0.0,0.0,0.0,0.0,0.0,0.0
F9,V0,10,0.05,RAF,10,1.0,1.0,0.0,1.0,1.0,0.0,1.0,1.0,1.0,1.0
F9,V0,10,0.05,DAF,10,1.0,1.0,0.0,1.0,1.0,0.0,1.0,1.0,1.0,1.0
F9,V0,10,0.1,DER,10,0.0,0.0,0.0,0.0,0.0,0.0,0.0,0.0,0.0,0.0
F9,V0,10,0.1,EOER,10,1.0,1.0,0.0,1.0,1.0,0.0,1.0,1.0,1.0,1.0
F9,V0,10,0.1,LER,10,0.0,0.0,0.0,0.0,0.0,0.0,0.0,0.0,0.0,0.0
F9,V0,10,0.1,RSR,10,0.0,0.0,0.0,0.0,0.0,0.0,0.0,0.0,0.0,0.0
F9,V0,10,0.1,UAR,10,0.0,0.0,0.0,0.0,0.0,0.0,0.0,0.0,0.0,0.0
F9,V0,10,0.1,RAF,10,1.0,1.0,0.0,1.0,1.0,0.0,1.0,1.0,1.0,1.0
F9,V0,10,0.1,DAF,10,1.0,1.0,0.0,1.0,1.0,0.0,1.0,1.0,1.0,1.0
F9,V0,10,0.2,DER,10,0.0,0.0,0.0,0.0,0.0,0.0,0.0,0.0,0.0,0.0
F9,V0,10,0.2,EOER,10,1.0,1.0,0.0,1.0,1.0,0.0,1.0,1.0,1.0,1.0
F9,V0,10,0.2,LER,10,0.0,0.0,0.0,0.0,0.0,0.0,0.0,0.0,0.0,0.0
F9,V0,10,0.2,RSR,10,0.0,0.0,0.0,0.0,0.0,0.0,0.0,0.0,0.0,0.0
F9,V0,10,0.2,UAR,10,0.0,0.0,0.0,0.0,0.0,0.0,0.0,0.0,0.0,0.0
F9,V0,10,0.2,RAF,10,1.0,1.0,0.0,1.0,1.0,0.0,1.0,1.0,1.0,1.0
F9,V0,10,0.2,DAF,10,1.0,1.0,0.0,1.0,1.0,0.0,1.0,1.0,1.0,1.0
F9,V0,50,0.01,DER,10,0.0,0.0,0.0,0.0,0.0,0.0,0.0,0.0,0.0,0.0
F9,V0,50,0.01,EOER,10,1.0,1.0,0.0,1.0,1.0,0.0,1.0,1.0,1.0,1.0
F9,V0,50,0.01,LER,10,0.0,0.0,0.0,0.0,0.0,0.0,0.0,0.0,0.0,0.0
F9,V0,50,0.01,RSR,10,0.0,0.0,0.0,0.0,0.0,0.0,0.0,0.0,0.0,0.0
F9,V0,50,0.01,UAR,10,0.0,0.0,0.0,0.0,0.0,0.0,0.0,0.0,0.0,0.0
F9,V0,50,0.01,RAF,10,1.0,1.0,0.0,1.0,1.0,0.0,1.0,1.0,1.0,1.0
F9,V0,50,0.01,DAF,10,1.0,1.0,0.0,1.0,1.0,0.0,1.0,1.0,1.0,1.0
F9,V0,50,0.05,DER,10,0.0,0.0,0.0,0.0,0.0,0.0,0.0,0.0,0.0,0.0
F9,V0,50,0.05,EOER,10,1.0,1.0,0.0,1.0,1.0,0.0,1.0,1.0,1.0,1.0
F9,V0,50,0.05,LER,10,0.0,0.0,0.0,0.0,0.0,0.0,0.0,0.0,0.0,0.0
F9,V0,50,0.05,RSR,10,0.0,0.0,0.0,0.0,0.0,0.0,0.0,0.0,0.0,0.0
F9,V0,50,0.05,UAR,10,0.0,0.0,0.0,0.0,0.0,0.0,0.0,0.0,0.0,0.0
F9,V0,50,0.05,RAF,10,1.0,1.0,0.0,1.0,1.0,0.0,1.0,1.0,1.0,1.0
F9,V0,50,0.05,DAF,10,1.0,1.0,0.0,1.0,1.0,0.0,1.0,1.0,1.0,1.0
F9,V0,50,0.1,DER,10,0.0,0.0,0.0,0.0,0.0,0.0,0.0,0.0,0.0,0.0
F9,V0,50,0.1,EOER,10,1.0,1.0,0.0,1.0,1.0,0.0,1.0,1.0,1.0,1.0
F9,V0,50,0.1,LER,10,0.0,0.0,0.0,0.0,0.0,0.0,0.0,0.0,0.0,0.0
F9,V0,50,0.1,RSR,10,0.0,0.0,0.0,0.0,0.0,0.0,0.0,0.0,0.0,0.0
F9,V0,50,0.1,UAR,10,0.0,0.0,0.0,0.0,0.0,0.0,0.0,0.0,0.0,0.0
F9,V0,50,0.1,RAF,10,1.0,1.0,0.0,1.0,1.0,0.0,1.0,1.0,1.0,1.0
F9,V0,50,0.1,DAF,10,1.0,1.0,0.0,1.0,1.0,0.0,1.0,1.0,1.0,1.0
F9,V0,50,0.2,DER,10,0.0,0.0,0.0,0.0,0.0,0.0,0.0,0.0,0.0,0.0
F9,V0,50,0.2,EOER,10,1.0,1.0,0.0,1.0,1.0,0.0,1.0,1.0,1.0,1.0
F9,V0,50,0.2,LER,10,0.0,0.0,0.0,0.0,0.0,0.0,0.0,0.0,0.0,0.0
F9,V0,50,0.2,RSR,10,0.0,0.0,0.0,0.0,0.0,0.0,0.0,0.0,0.0,0.0
F9,V0,50,0.2,UAR,10,0.0,0.0,0.0,0.0,0.0,0.0,0.0,0.0,0.0,0.0
F9,V0,50,0.2,RAF,10,1.0,1.0,0.0,1.0,1.0,0.0,1.0,1.0,1.0,1.0
F9,V0,50,0.2,DAF,10,1.0,1.0,0.0,1.0,1.0,0.0,1.0,1.0,1.0,1.0
F9,V1,10,0.01,DER,10,0.0,0.0,0.0,0.0,0.0,0.0,0.0,0.0,0.0,0.0
F9,V1,10,0.01,EOER,10,1.0,1.0,0.0,1.0,1.0,0.0,1.0,1.0,1.0,1.0
F9,V1,10,0.01,LER,10,0.0,0.0,0.0,0.0,0.0,0.0,0.0,0.0,0.0,0.0
F9,V1,10,0.01,RSR,10,0.0,0.0,0.0,0.0,0.0,0.0,0.0,0.0,0.0,0.0
F9,V1,10,0.01,UAR,10,0.0,0.0,0.0,0.0,0.0,0.0,0.0,0.0,0.0,0.0
F9,V1,10,0.01,RAF,10,1.0,1.0,0.0,1.0,1.0,0.0,1.0,1.0,1.0,1.0
F9,V1,10,0.01,DAF,10,1.0,1.0,0.0,1.0,1.0,0.0,1.0,1.0,1.0,1.0
F9,V1,10,0.05,DER,10,0.0,0.0,0.0,0.0,0.0,0.0,0.0,0.0,0.0,0.0
F9,V1,10,0.05,EOER,10,1.0,1.0,0.0,1.0,1.0,0.0,1.0,1.0,1.0,1.0
F9,V1,10,0.05,LER,10,0.0,0.0,0.0,0.0,0.0,0.0,0.0,0.0,0.0,0.0
F9,V1,10,0.05,RSR,10,0.0,0.0,0.0,0.0,0.0,0.0,0.0,0.0,0.0,0.0
F9,V1,10,0.05,UAR,10,0.0,0.0,0.0,0.0,0.0,0.0,0.0,0.0,0.0,0.0
F9,V1,10,0.05,RAF,10,1.0,1.0,0.0,1.0,1.0,0.0,1.0,1.0,1.0,1.0
F9,V1,10,0.05,DAF,10,1.0,1.0,0.0,1.0,1.0,0.0,1.0,1.0,1.0,1.0
F9,V1,10,0.1,DER,10,0.0,0.0,0.0,0.0,0.0,0.0,0.0,0.0,0.0,0.0
F9,V1,10,0.1,EOER,10,1.0,1.0,0.0,1.0,1.0,0.0,1.0,1.0,1.0,1.0
F9,V1,10,0.1,LER,10,0.0,0.0,0.0,0.0,0.0,0.0,0.0,0.0,0.0,0.0
F9,V1,10,0.1,RSR,10,0.0,0.0,0.0,0.0,0.0,0.0,0.0,0.0,0.0,0.0
F9,V1,10,0.1,UAR,10,0.0,0.0,0.0,0.0,0.0,0.0,0.0,0.0,0.0,0.0
F9,V1,10,0.1,RAF,10,1.0,1.0,0.0,1.0,1.0,0.0,1.0,1.0,1.0,1.0
F9,V1,10,0.1,DAF,10,1.0,1.0,0.0,1.0,1.0,0.0,1.0,1.0,1.0,1.0
F9,V1,10,0.2,DER,10,0.0,0.0,0.0,0.0,0.0,0.0,0.0,0.0,0.0,0.0
F9,V1,10,0.2,EOER,10,1.0,1.0,0.0,1.0,1.0,0.0,1.0,1.0,1.0,1.0
F9,V1,10,0.2,LER,10,0.0,0.0,0.0,0.0,0.0,0.0,0.0,0.0,0.0,0.0
F9,V1,10,0.2,RSR,10,0.0,0.0,0.0,0.0,0.0,0.0,0.0,0.0,0.0,0.0
F9,V1,10,0.2,UAR,10,0.0,0.0,0.0,0.0,0.0,0.0,0.0,0.0,0.0,0.0
F9,V1,10,0.2,RAF,10,1.0,1.0,0.0,1.0,1.0,0.0,1.0,1.0,1.0,1.0
F9,V1,10,0.2,DAF,10,1.0,1.0,0.0,1.0,1.0,0.0,1.0,1.0,1.0,1.0
F9,V1,50,0.01,DER,10,0.0,0.0,0.0,0.0,0.0,0.0,0.0,0.0,0.0,0.0
F9,V1,50,0.01,EOER,10,1.0,1.0,0.0,1.0,1.0,0.0,1.0,1.0,1.0,1.0
F9,V1,50,0.01,LER,10,0.0,0.0,0.0,0.0,0.0,0.0,0.0,0.0,0.0,0.0
F9,V1,50,0.01,RSR,10,0.0,0.0,0.0,0.0,0.0,0.0,0.0,0.0,0.0,0.0
F9,V1,50,0.01,UAR,10,0.0,0.0,0.0,0.0,0.0,0.0,0.0,0.0,0.0,0.0
F9,V1,50,0.01,RAF,10,1.0,1.0,0.0,1.0,1.0,0.0,1.0,1.0,1.0,1.0
F9,V1,50,0.01,DAF,10,1.0,1.0,0.0,1.0,1.0,0.0,1.0,1.0,1.0,1.0
F9,V1,50,0.05,DER,10,0.0,0.0,0.0,0.0,0.0,0.0,0.0,0.0,0.0,0.0
F9,V1,50,0.05,EOER,10,1.0,1.0,0.0,1.0,1.0,0.0,1.0,1.0,1.0,1.0
F9,V1,50,0.05,LER,10,0.0,0.0,0.0,0.0,0.0,0.0,0.0,0.0,0.0,0.0
F9,V1,50,0.05,RSR,10,0.0,0.0,0.0,0.0,0.0,0.0,0.0,0.0,0.0,0.0
F9,V1,50,0.05,UAR,10,0.0,0.0,0.0,0.0,0.0,0.0,0.0,0.0,0.0,0.0
F9,V1,50,0.05,RAF,10,1.0,1.0,0.0,1.0,1.0,0.0,1.0,1.0,1.0,1.0
F9,V1,50,0.05,DAF,10,1.0,1.0,0.0,1.0,1.0,0.0,1.0,1.0,1.0,1.0
F9,V1,50,0.1,DER,10,0.0,0.0,0.0,0.0,0.0,0.0,0.0,0.0,0.0,0.0
F9,V1,50,0.1,EOER,10,1.0,1.0,0.0,1.0,1.0,0.0,1.0,1.0,1.0,1.0
F9,V1,50,0.1,LER,10,0.0,0.0,0.0,0.0,0.0,0.0,0.0,0.0,0.0,0.0
F9,V1,50,0.1,RSR,10,0.0,0.0,0.0,0.0,0.0,0.0,0.0,0.0,0.0,0.0
F9,V1,50,0.1,UAR,10,0.0,0.0,0.0,0.0,0.0,0.0,0.0,0.0,0.0,0.0
F9,V1,50,0.1,RAF,10,1.0,1.0,0.0,1.0,1.0,0.0,1.0,1.0,1.0,1.0
F9,V1,50,0.1,DAF,10,1.0,1.0,0.0,1.0,1.0,0.0,1.0,1.0,1.0,1.0
F9,V1,50,0.2,DER,10,0.0,0.0,0.0,0.0,0.0,0.0,0.0,0.0,0.0,0.0
F9,V1,50,0.2,EOER,10,1.0,1.0,0.0,1.0,1.0,0.0,1.0,1.0,1.0,1.0
F9,V1,50,0.2,LER,10,0.0,0.0,0.0,0.0,0.0,0.0,0.0,0.0,0.0,0.0
F9,V1,50,0.2,RSR,10,0.0,0.0,0.0,0.0,0.0,0.0,0.0,0.0,0.0,0.0
F9,V1,50,0.2,UAR,10,0.0,0.0,0.0,0.0,0.0,0.0,0.0,0.0,0.0,0.0
F9,V1,50,0.2,RAF,10,1.0,1.0,0.0,1.0,1.0,0.0,1.0,1.0,1.0,1.0
F9,V1,50,0.2,DAF,10,1.0,1.0,0.0,1.0,1.0,0.0,1.0,1.0,1.0,1.0
F9,V2,10,0.01,DER,10,0.0,0.0,0.0,0.0,0.0,0.0,0.0,0.0,0.0,0.0
F9,V2,10,0.01,EOER,10,1.0,1.0,0.0,1.0,1.0,0.0,1.0,1.0,1.0,1.0
F9,V2,10,0.01,LER,10,0.0,0.0,0.0,0.0,0.0,0.0,0.0,0.0,0.0,0.0
F9,V2,10,0.01,RSR,10,0.0,0.0,0.0,0.0,0.0,0.0,0.0,0.0,0.0,0.0
F9,V2,10,0.01,UAR,10,0.0,0.0,0.0,0.0,0.0,0.0,0.0,0.0,0.0,0.0
F9,V2,10,0.01,RAF,10,1.0101,1.0099,0.0008096638534327618,1.0096,1.0106,0.0009999999999998899,1.0089,1.0114,1.0095981651444725,1.0106018348555275
F9,V2,10,0.01,DAF,10,1.0,1.0,0.0,1.0,1.0,0.0,1.0,1.0,1.0,1.0
F9,V2,10,0.05,DER,10,0.0,0.0,0.0,0.0,0.0,0.0,0.0,0.0,0.0,0.0
F9,V2,10,0.05,EOER,10,1.0,1.0,0.0,1.0,1.0,0.0,1.0,1.0,1.0,1.0
F9,V2,10,0.05,LER,10,0.0,0.0,0.0,0.0,0.0,0.0,0.0,0.0,0.0,0.0
F9,V2,10,0.05,RSR,10,0.0,0.0,0.0,0.0,0.0,0.0,0.0,0.0,0.0,0.0
F9,V2,10,0.05,UAR,10,0.0,0.0,0.0,0.0,0.0,0.0,0.0,0.0,0.0,0.0
F9,V2,10,0.05,RAF,10,1.04957,1.04935,0.0017269433497753973,1.0489,1.05,0.001100000000000101,1.0467,1.0536,1.0484996294224271,1.0506403705775726
F9,V2,10,0.05,DAF,10,1.0,1.0,0.0,1.0,1.0,0.0,1.0,1.0,1.0,1.0
F9,V2,10,0.1,DER,10,0.0,0.0,0.0,0.0,0.0,0.0,0.0,0.0,0.0,0.0
F9,V2,10,0.1,EOER,10,1.0,1.0,0.0,1.0,1.0,0.0,1.0,1.0,1.0,1.0
F9,V2,10,0.1,LER,10,0.0,0.0,0.0,0.0,0.0,0.0,0.0,0.0,0.0,0.0
F9,V2,10,0.1,RSR,10,0.0,0.0,0.0,0.0,0.0,0.0,0.0,0.0,0.0,0.0
F9,V2,10,0.1,UAR,10,0.0,0.0,0.0,0.0,0.0,0.0,0.0,0.0,0.0,0.0
F9,V2,10,0.1,RAF,10,1.0993400000000002,1.1005,0.003083720696388254,1.096,1.1016,0.005599999999999827,1.0945,1.1034,1.0974286901105963,1.1012513098894041
F9,V2,10,0.1,DAF,10,1.0,1.0,0.0,1.0,1.0,0.0,1.0,1.0,1.0,1.0
F9,V2,10,0.2,DER,10,0.0,0.0,0.0,0.0,0.0,0.0,0.0,0.0,0.0,0.0
F9,V2,10,0.2,EOER,10,1.0,1.0,0.0,1.0,1.0,0.0,1.0,1.0,1.0,1.0
F9,V2,10,0.2,LER,10,0.0,0.0,0.0,0.0,0.0,0.0,0.0,0.0,0.0,0.0
F9,V2,10,0.2,RSR,10,0.0,0.0,0.0,0.0,0.0,0.0,0.0,0.0,0.0,0.0
F9,V2,10,0.2,UAR,10,0.0,0.0,0.0,0.0,0.0,0.0,0.0,0.0,0.0,0.0
F9,V2,10,0.2,RAF,10,1.20113,1.1995,0.004843105064590952,1.1973,1.204,0.006699999999999928,1.196,1.2119,1.1981282123814856,1.2041317876185145
F9,V2,10,0.2,DAF,10,1.0,1.0,0.0,1.0,1.0,0.0,1.0,1.0,1.0,1.0
F9,V2,50,0.01,DER,10,0.0,0.0,0.0,0.0,0.0,0.0,0.0,0.0,0.0,0.0
F9,V2,50,0.01,EOER,10,1.0,1.0,0.0,1.0,1.0,0.0,1.0,1.0,1.0,1.0
F9,V2,50,0.01,LER,10,0.0,0.0,0.0,0.0,0.0,0.0,0.0,0.0,0.0,0.0
F9,V2,50,0.01,RSR,10,0.0,0.0,0.0,0.0,0.0,0.0,0.0,0.0,0.0,0.0
F9,V2,50,0.01,UAR,10,0.0,0.0,0.0,0.0,0.0,0.0,0.0,0.0,0.0,0.0
F9,V2,50,0.01,RAF,10,1.0101400000000003,1.0100500000000001,0.0009640193635676225,1.0092,1.0109,0.0016999999999998128,1.009,1.012,1.009542494608114,1.0107375053918866
F9,V2,50,0.01,DAF,10,1.0,1.0,0.0,1.0,1.0,0.0,1.0,1.0,1.0,1.0
F9,V2,50,0.05,DER,10,0.0,0.0,0.0,0.0,0.0,0.0,0.0,0.0,0.0,0.0
F9,V2,50,0.05,EOER,10,1.0,1.0,0.0,1.0,1.0,0.0,1.0,1.0,1.0,1.0
F9,V2,50,0.05,LER,10,0.0,0.0,0.0,0.0,0.0,0.0,0.0,0.0,0.0,0.0
F9,V2,50,0.05,RSR,10,0.0,0.0,0.0,0.0,0.0,0.0,0.0,0.0,0.0,0.0
F9,V2,50,0.05,UAR,10,0.0,0.0,0.0,0.0,0.0,0.0,0.0,0.0,0.0,0.0
F9,V2,50,0.05,RAF,10,1.05104,1.0506,0.0026949335180420776,1.0488,1.0524,0.0036000000000000476,1.0475,1.0564,1.0493696629002902,1.0527103370997097
F9,V2,50,0.05,DAF,10,1.0,1.0,0.0,1.0,1.0,0.0,1.0,1.0,1.0,1.0
F9,V2,50,0.1,DER,10,0.0,0.0,0.0,0.0,0.0,0.0,0.0,0.0,0.0,0.0
F9,V2,50,0.1,EOER,10,1.0,1.0,0.0,1.0,1.0,0.0,1.0,1.0,1.0,1.0
F9,V2,50,0.1,LER,10,0.0,0.0,0.0,0.0,0.0,0.0,0.0,0.0,0.0,0.0
F9,V2,50,0.1,RSR,10,0.0,0.0,0.0,0.0,0.0,0.0,0.0,0.0,0.0,0.0
F9,V2,50,0.1,UAR,10,0.0,0.0,0.0,0.0,0.0,0.0,0.0,0.0,0.0,0.0
F9,V2,50,0.1,RAF,10,1.1010300000000002,1.1008499999999999,0.0027560237057519363,1.0997,1.1022,0.0025000000000001688,1.0972,1.1071,1.0993217988096637,1.1027382011903366
F9,V2,50,0.1,DAF,10,1.0,1.0,0.0,1.0,1.0,0.0,1.0,1.0,1.0,1.0
F9,V2,50,0.2,DER,10,0.0,0.0,0.0,0.0,0.0,0.0,0.0,0.0,0.0,0.0
F9,V2,50,0.2,EOER,10,1.0,1.0,0.0,1.0,1.0,0.0,1.0,1.0,1.0,1.0
F9,V2,50,0.2,LER,10,0.0,0.0,0.0,0.0,0.0,0.0,0.0,0.0,0.0,0.0
F9,V2,50,0.2,RSR,10,0.0,0.0,0.0,0.0,0.0,0.0,0.0,0.0,0.0,0.0
F9,V2,50,0.2,UAR,10,0.0,0.0,0.0,0.0,0.0,0.0,0.0,0.0,0.0,0.0
F9,V2,50,0.2,RAF,10,1.1995,1.2002000000000002,0.0027434771124736496,1.1979,1.2017,0.0038000000000000256,1.1936,1.2027,1.197799575268744,1.201200424731256
F9,V2,50,0.2,DAF,10,1.0,1.0,0.0,1.0,1.0,0.0,1.0,1.0,1.0,1.0
F9,V3,10,0.01,DER,10,0.0,0.0,0.0,0.0,0.0,0.0,0.0,0.0,0.0,0.0
F9,V3,10,0.01,EOER,10,1.0,1.0,0.0,1.0,1.0,0.0,1.0,1.0,1.0,1.0
F9,V3,10,0.01,LER,10,0.0,0.0,0.0,0.0,0.0,0.0,0.0,0.0,0.0,0.0
F9,V3,10,0.01,RSR,10,0.0,0.0,0.0,0.0,0.0,0.0,0.0,0.0,0.0,0.0
F9,V3,10,0.01,UAR,10,0.0,0.0,0.0,0.0,0.0,0.0,0.0,0.0,0.0,0.0
F9,V3,10,0.01,RAF,10,1.0,1.0,0.0,1.0,1.0,0.0,1.0,1.0,1.0,1.0
F9,V3,10,0.01,DAF,10,1.0,1.0,0.0,1.0,1.0,0.0,1.0,1.0,1.0,1.0
F9,V3,10,0.05,DER,10,0.0,0.0,0.0,0.0,0.0,0.0,0.0,0.0,0.0,0.0
F9,V3,10,0.05,EOER,10,1.0,1.0,0.0,1.0,1.0,0.0,1.0,1.0,1.0,1.0
F9,V3,10,0.05,LER,10,0.0,0.0,0.0,0.0,0.0,0.0,0.0,0.0,0.0,0.0
F9,V3,10,0.05,RSR,10,0.0,0.0,0.0,0.0,0.0,0.0,0.0,0.0,0.0,0.0
F9,V3,10,0.05,UAR,10,0.0,0.0,0.0,0.0,0.0,0.0,0.0,0.0,0.0,0.0
F9,V3,10,0.05,RAF,10,1.0,1.0,0.0,1.0,1.0,0.0,1.0,1.0,1.0,1.0
F9,V3,10,0.05,DAF,10,1.0,1.0,0.0,1.0,1.0,0.0,1.0,1.0,1.0,1.0
F9,V3,10,0.1,DER,10,0.0,0.0,0.0,0.0,0.0,0.0,0.0,0.0,0.0,0.0
F9,V3,10,0.1,EOER,10,1.0,1.0,0.0,1.0,1.0,0.0,1.0,1.0,1.0,1.0
F9,V3,10,0.1,LER,10,0.0,0.0,0.0,0.0,0.0,0.0,0.0,0.0,0.0,0.0
F9,V3,10,0.1,RSR,10,0.0,0.0,0.0,0.0,0.0,0.0,0.0,0.0,0.0,0.0
F9,V3,10,0.1,UAR,10,0.0,0.0,0.0,0.0,0.0,0.0,0.0,0.0,0.0,0.0
F9,V3,10,0.1,RAF,10,1.0,1.0,0.0,1.0,1.0,0.0,1.0,1.0,1.0,1.0
F9,V3,10,0.1,DAF,10,1.0,1.0,0.0,1.0,1.0,0.0,1.0,1.0,1.0,1.0
F9,V3,10,0.2,DER,10,0.0,0.0,0.0,0.0,0.0,0.0,0.0,0.0,0.0,0.0
F9,V3,10,0.2,EOER,10,1.0,1.0,0.0,1.0,1.0,0.0,1.0,1.0,1.0,1.0
F9,V3,10,0.2,LER,10,0.0,0.0,0.0,0.0,0.0,0.0,0.0,0.0,0.0,0.0
F9,V3,10,0.2,RSR,10,0.0,0.0,0.0,0.0,0.0,0.0,0.0,0.0,0.0,0.0
F9,V3,10,0.2,UAR,10,0.0,0.0,0.0,0.0,0.0,0.0,0.0,0.0,0.0,0.0
F9,V3,10,0.2,RAF,10,1.0,1.0,0.0,1.0,1.0,0.0,1.0,1.0,1.0,1.0
F9,V3,10,0.2,DAF,10,1.0,1.0,0.0,1.0,1.0,0.0,1.0,1.0,1.0,1.0
F9,V3,50,0.01,DER,10,0.0,0.0,0.0,0.0,0.0,0.0,0.0,0.0,0.0,0.0
F9,V3,50,0.01,EOER,10,1.0,1.0,0.0,1.0,1.0,0.0,1.0,1.0,1.0,1.0
F9,V3,50,0.01,LER,10,0.0,0.0,0.0,0.0,0.0,0.0,0.0,0.0,0.0,0.0
F9,V3,50,0.01,RSR,10,0.0,0.0,0.0,0.0,0.0,0.0,0.0,0.0,0.0,0.0
F9,V3,50,0.01,UAR,10,0.0,0.0,0.0,0.0,0.0,0.0,0.0,0.0,0.0,0.0
F9,V3,50,0.01,RAF,10,1.0,1.0,0.0,1.0,1.0,0.0,1.0,1.0,1.0,1.0
F9,V3,50,0.01,DAF,10,1.0,1.0,0.0,1.0,1.0,0.0,1.0,1.0,1.0,1.0
F9,V3,50,0.05,DER,10,0.0,0.0,0.0,0.0,0.0,0.0,0.0,0.0,0.0,0.0
F9,V3,50,0.05,EOER,10,1.0,1.0,0.0,1.0,1.0,0.0,1.0,1.0,1.0,1.0
F9,V3,50,0.05,LER,10,0.0,0.0,0.0,0.0,0.0,0.0,0.0,0.0,0.0,0.0
F9,V3,50,0.05,RSR,10,0.0,0.0,0.0,0.0,0.0,0.0,0.0,0.0,0.0,0.0
F9,V3,50,0.05,UAR,10,0.0,0.0,0.0,0.0,0.0,0.0,0.0,0.0,0.0,0.0
F9,V3,50,0.05,RAF,10,1.0,1.0,0.0,1.0,1.0,0.0,1.0,1.0,1.0,1.0
F9,V3,50,0.05,DAF,10,1.0,1.0,0.0,1.0,1.0,0.0,1.0,1.0,1.0,1.0
F9,V3,50,0.1,DER,10,0.0,0.0,0.0,0.0,0.0,0.0,0.0,0.0,0.0,0.0
F9,V3,50,0.1,EOER,10,1.0,1.0,0.0,1.0,1.0,0.0,1.0,1.0,1.0,1.0
F9,V3,50,0.1,LER,10,0.0,0.0,0.0,0.0,0.0,0.0,0.0,0.0,0.0,0.0
F9,V3,50,0.1,RSR,10,0.0,0.0,0.0,0.0,0.0,0.0,0.0,0.0,0.0,0.0
F9,V3,50,0.1,UAR,10,0.0,0.0,0.0,0.0,0.0,0.0,0.0,0.0,0.0,0.0
F9,V3,50,0.1,RAF,10,1.0,1.0,0.0,1.0,1.0,0.0,1.0,1.0,1.0,1.0
F9,V3,50,0.1,DAF,10,1.0,1.0,0.0,1.0,1.0,0.0,1.0,1.0,1.0,1.0
F9,V3,50,0.2,DER,10,0.0,0.0,0.0,0.0,0.0,0.0,0.0,0.0,0.0,0.0
F9,V3,50,0.2,EOER,10,1.0,1.0,0.0,1.0,1.0,0.0,1.0,1.0,1.0,1.0
F9,V3,50,0.2,LER,10,0.0,0.0,0.0,0.0,0.0,0.0,0.0,0.0,0.0,0.0
F9,V3,50,0.2,RSR,10,0.0,0.0,0.0,0.0,0.0,0.0,0.0,0.0,0.0,0.0
F9,V3,50,0.2,UAR,10,0.0,0.0,0.0,0.0,0.0,0.0,0.0,0.0,0.0,0.0
F9,V3,50,0.2,RAF,10,1.0,1.0,0.0,1.0,1.0,0.0,1.0,1.0,1.0,1.0
F9,V3,50,0.2,DAF,10,1.0,1.0,0.0,1.0,1.0,0.0,1.0,1.0,1.0,1.0
F9,V4,10,0.01,DER,10,0.0,0.0,0.0,0.0,0.0,0.0,0.0,0.0,0.0,0.0
F9,V4,10,0.01,EOER,10,1.0,1.0,0.0,1.0,1.0,0.0,1.0,1.0,1.0,1.0
F9,V4,10,0.01,LER,10,0.0,0.0,0.0,0.0,0.0,0.0,0.0,0.0,0.0,0.0
F9,V4,10,0.01,RSR,10,0.0,0.0,0.0,0.0,0.0,0.0,0.0,0.0,0.0,0.0
F9,V4,10,0.01,UAR,10,0.0,0.0,0.0,0.0,0.0,0.0,0.0,0.0,0.0,0.0
F9,V4,10,0.01,RAF,10,1.01022,1.01045,0.0009519570485175627,1.0097,1.0109,0.0011999999999998678,1.0086,1.0112,1.0096299709084384,1.0108100290915614
F9,V4,10,0.01,DAF,10,1.0,1.0,0.0,1.0,1.0,0.0,1.0,1.0,1.0,1.0
F9,V4,10,0.05,DER,10,0.0,0.0,0.0,0.0,0.0,0.0,0.0,0.0,0.0,0.0
F9,V4,10,0.05,EOER,10,1.0,1.0,0.0,1.0,1.0,0.0,1.0,1.0,1.0,1.0
F9,V4,10,0.05,LER,10,0.0,0.0,0.0,0.0,0.0,0.0,0.0,0.0,0.0,0.0
F9,V4,10,0.05,RSR,10,0.0,0.0,0.0,0.0,0.0,0.0,0.0,0.0,0.0,0.0
F9,V4,10,0.05,UAR,10,0.0,0.0,0.0,0.0,0.0,0.0,0.0,0.0,0.0,0.0
F9,V4,10,0.05,RAF,10,1.05046,1.0504,0.002296954505426704,1.0486,1.0525,0.0039000000000000146,1.0473,1.0545,1.0490363328478889,1.051883667152111
F9,V4,10,0.05,DAF,10,1.0,1.0,0.0,1.0,1.0,0.0,1.0,1.0,1.0,1.0
F9,V4,10,0.1,DER,10,0.0,0.0,0.0,0.0,0.0,0.0,0.0,0.0,0.0,0.0
F9,V4,10,0.1,EOER,10,1.0,1.0,0.0,1.0,1.0,0.0,1.0,1.0,1.0,1.0
F9,V4,10,0.1,LER,10,0.0,0.0,0.0,0.0,0.0,0.0,0.0,0.0,0.0,0.0
F9,V4,10,0.1,RSR,10,0.0,0.0,0.0,0.0,0.0,0.0,0.0,0.0,0.0,0.0
F9,V4,10,0.1,UAR,10,0.0,0.0,0.0,0.0,0.0,0.0,0.0,0.0,0.0,0.0
F9,V4,10,0.1,RAF,10,1.0984,1.09855,0.002300724523564969,1.0976,1.0996,0.0020000000000000018,1.094,1.1024,1.0969739961664382,1.0998260038335619
F9,V4,10,0.1,DAF,10,1.0,1.0,0.0,1.0,1.0,0.0,1.0,1.0,1.0,1.0
F9,V4,10,0.2,DER,10,0.0,0.0,0.0,0.0,0.0,0.0,0.0,0.0,0.0,0.0
F9,V4,10,0.2,EOER,10,1.0,1.0,0.0,1.0,1.0,0.0,1.0,1.0,1.0,1.0
F9,V4,10,0.2,LER,10,0.0,0.0,0.0,0.0,0.0,0.0,0.0,0.0,0.0,0.0
F9,V4,10,0.2,RSR,10,0.0,0.0,0.0,0.0,0.0,0.0,0.0,0.0,0.0,0.0
F9,V4,10,0.2,UAR,10,0.0,0.0,0.0,0.0,0.0,0.0,0.0,0.0,0.0,0.0
F9,V4,10,0.2,RAF,10,1.19942,1.1993,0.005491569296051269,1.1957,1.2018,0.006099999999999994,1.1921,1.2106,1.1960162900867828,1.202823709913217
F9,V4,10,0.2,DAF,10,1.0,1.0,0.0,1.0,1.0,0.0,1.0,1.0,1.0,1.0
F9,V4,50,0.01,DER,10,0.0,0.0,0.0,0.0,0.0,0.0,0.0,0.0,0.0,0.0
F9,V4,50,0.01,EOER,10,1.0,1.0,0.0,1.0,1.0,0.0,1.0,1.0,1.0,1.0
F9,V4,50,0.01,LER,10,0.0,0.0,0.0,0.0,0.0,0.0,0.0,0.0,0.0,0.0
F9,V4,50,0.01,RSR,10,0.0,0.0,0.0,0.0,0.0,0.0,0.0,0.0,0.0,0.0
F9,V4,50,0.01,UAR,10,0.0,0.0,0.0,0.0,0.0,0.0,0.0,0.0,0.0,0.0
F9,V4,50,0.01,RAF,10,1.0099500000000001,1.01,0.0008540751983546057,1.0092,1.0107,0.0014999999999998348,1.0088,1.0113,1.0094206387077074,1.0104793612922929
F9,V4,50,0.01,DAF,10,1.0,1.0,0.0,1.0,1.0,0.0,1.0,1.0,1.0,1.0
F9,V4,50,0.05,DER,10,0.0,0.0,0.0,0.0,0.0,0.0,0.0,0.0,0.0,0.0
F9,V4,50,0.05,EOER,10,1.0,1.0,0.0,1.0,1.0,0.0,1.0,1.0,1.0,1.0
F9,V4,50,0.05,LER,10,0.0,0.0,0.0,0.0,0.0,0.0,0.0,0.0,0.0,0.0
F9,V4,50,0.05,RSR,10,0.0,0.0,0.0,0.0,0.0,0.0,0.0,0.0,0.0,0.0
F9,V4,50,0.05,UAR,10,0.0,0.0,0.0,0.0,0.0,0.0,0.0,0.0,0.0,0.0
F9,V4,50,0.05,RAF,10,1.0503300000000002,1.0501,0.0017493173271625542,1.0491,1.0509,0.0018000000000000238,1.0477,1.0541,1.0492457618875708,1.0514142381124296
F9,V4,50,0.05,DAF,10,1.0,1.0,0.0,1.0,1.0,0.0,1.0,1.0,1.0,1.0
F9,V4,50,0.1,DER,10,0.0,0.0,0.0,0.0,0.0,0.0,0.0,0.0,0.0,0.0
F9,V4,50,0.1,EOER,10,1.0,1.0,0.0,1.0,1.0,0.0,1.0,1.0,1.0,1.0
F9,V4,50,0.1,LER,10,0.0,0.0,0.0,0.0,0.0,0.0,0.0,0.0,0.0,0.0
F9,V4,50,0.1,RSR,10,0.0,0.0,0.0,0.0,0.0,0.0,0.0,0.0,0.0,0.0
F9,V4,50,0.1,UAR,10,0.0,0.0,0.0,0.0,0.0,0.0,0.0,0.0,0.0,0.0
F9,V4,50,0.1,RAF,10,1.0995700000000002,1.0992,0.0028107136302211785,1.0981,1.1011,0.0029999999999998916,1.096,1.1059,1.0978279016432921,1.1013120983567082
F9,V4,50,0.1,DAF,10,1.0,1.0,0.0,1.0,1.0,0.0,1.0,1.0,1.0,1.0
F9,V4,50,0.2,DER,10,0.0,0.0,0.0,0.0,0.0,0.0,0.0,0.0,0.0,0.0
F9,V4,50,0.2,EOER,10,1.0,1.0,0.0,1.0,1.0,0.0,1.0,1.0,1.0,1.0
F9,V4,50,0.2,LER,10,0.0,0.0,0.0,0.0,0.0,0.0,0.0,0.0,0.0,0.0
F9,V4,50,0.2,RSR,10,0.0,0.0,0.0,0.0,0.0,0.0,0.0,0.0,0.0,0.0
F9,V4,50,0.2,UAR,10,0.0,0.0,0.0,0.0,0.0,0.0,0.0,0.0,0.0,0.0
F9,V4,50,0.2,RAF,10,1.1994699999999998,1.1989,0.0038689791935341655,1.1965,1.2007,0.004200000000000204,1.1944,1.2074,1.1970719818516113,1.2018680181483883
F9,V4,50,0.2,DAF,10,1.0,1.0,0.0,1.0,1.0,0.0,1.0,1.0,1.0,1.0
F9,V5,10,0.01,DER,10,0.0,0.0,0.0,0.0,0.0,0.0,0.0,0.0,0.0,0.0
F9,V5,10,0.01,EOER,10,1.0,1.0,0.0,1.0,1.0,0.0,1.0,1.0,1.0,1.0
F9,V5,10,0.01,LER,10,0.0,0.0,0.0,0.0,0.0,0.0,0.0,0.0,0.0,0.0
F9,V5,10,0.01,RSR,10,0.0,0.0,0.0,0.0,0.0,0.0,0.0,0.0,0.0,0.0
F9,V5,10,0.01,UAR,10,0.0,0.0,0.0,0.0,0.0,0.0,0.0,0.0,0.0,0.0
F9,V5,10,0.01,RAF,10,1.0102999999999998,1.0104,0.0011005049346146229,1.0099,1.0114,0.0015000000000000568,1.008,1.0117,1.009617899974751,1.0109821000252486
F9,V5,10,0.01,DAF,10,1.0,1.0,0.0,1.0,1.0,0.0,1.0,1.0,1.0,1.0
F9,V5,10,0.05,DER,10,0.0,0.0,0.0,0.0,0.0,0.0,0.0,0.0,0.0,0.0
F9,V5,10,0.05,EOER,10,1.0,1.0,0.0,1.0,1.0,0.0,1.0,1.0,1.0,1.0
F9,V5,10,0.05,LER,10,0.0,0.0,0.0,0.0,0.0,0.0,0.0,0.0,0.0,0.0
F9,V5,10,0.05,RSR,10,0.0,0.0,0.0,0.0,0.0,0.0,0.0,0.0,0.0,0.0
F9,V5,10,0.05,UAR,10,0.0,0.0,0.0,0.0,0.0,0.0,0.0,0.0,0.0,0.0
F9,V5,10,0.05,RAF,10,1.04932,1.04925,0.0017015026039096076,1.0481,1.0509,0.0027999999999999137,1.0471,1.0515,1.04826539776008,1.05037460223992
F9,V5,10,0.05,DAF,10,1.0,1.0,0.0,1.0,1.0,0.0,1.0,1.0,1.0,1.0
F9,V5,10,0.1,DER,10,0.0,0.0,0.0,0.0,0.0,0.0,0.0,0.0,0.0,0.0
F9,V5,10,0.1,EOER,10,1.0,1.0,0.0,1.0,1.0,0.0,1.0,1.0,1.0,1.0
F9,V5,10,0.1,LER,10,0.0,0.0,0.0,0.0,0.0,0.0,0.0,0.0,0.0,0.0
F9,V5,10,0.1,RSR,10,0.0,0.0,0.0,0.0,0.0,0.0,0.0,0.0,0.0,0.0
F9,V5,10,0.1,UAR,10,0.0,0.0,0.0,0.0,0.0,0.0,0.0,0.0,0.0,0.0
F9,V5,10,0.1,RAF,10,1.1007900000000002,1.1002,0.004512316478262569,1.0968,1.1042,0.007400000000000073,1.095,1.1095,1.0979932372714156,1.1035867627285847
F9,V5,10,0.1,DAF,10,1.0,1.0,0.0,1.0,1.0,0.0,1.0,1.0,1.0,1.0
F9,V5,10,0.2,DER,10,0.0,0.0,0.0,0.0,0.0,0.0,0.0,0.0,0.0,0.0
F9,V5,10,0.2,EOER,10,1.0,1.0,0.0,1.0,1.0,0.0,1.0,1.0,1.0,1.0
F9,V5,10,0.2,LER,10,0.0,0.0,0.0,0.0,0.0,0.0,0.0,0.0,0.0,0.0
F9,V5,10,0.2,RSR,10,0.0,0.0,0.0,0.0,0.0,0.0,0.0,0.0,0.0,0.0
F9,V5,10,0.2,UAR,10,0.0,0.0,0.0,0.0,0.0,0.0,0.0,0.0,0.0,0.0
F9,V5,10,0.2,RAF,10,1.20029,1.2006,0.003249769222575623,1.1983,1.2016,0.0033000000000000806,1.1955,1.2066,1.1982757721678023,1.2023042278321978
F9,V5,10,0.2,DAF,10,1.0,1.0,0.0,1.0,1.0,0.0,1.0,1.0,1.0,1.0
F9,V5,50,0.01,DER,10,0.0,0.0,0.0,0.0,0.0,0.0,0.0,0.0,0.0,0.0
F9,V5,50,0.01,EOER,10,1.0,1.0,0.0,1.0,1.0,0.0,1.0,1.0,1.0,1.0
F9,V5,50,0.01,LER,10,0.0,0.0,0.0,0.0,0.0,0.0,0.0,0.0,0.0,0.0
F9,V5,50,0.01,RSR,10,0.0,0.0,0.0,0.0,0.0,0.0,0.0,0.0,0.0,0.0
F9,V5,50,0.01,UAR,10,0.0,0.0,0.0,0.0,0.0,0.0,0.0,0.0,0.0,0.0
F9,V5,50,0.01,RAF,10,1.01013,1.01025,0.0010914312723310873,1.0097,1.011,0.0012999999999998568,1.0082,1.0115,1.0094535238889,1.0108064761111
F9,V5,50,0.01,DAF,10,1.0,1.0,0.0,1.0,1.0,0.0,1.0,1.0,1.0,1.0
F9,V5,50,0.05,DER,10,0.0,0.0,0.0,0.0,0.0,0.0,0.0,0.0,0.0,0.0
F9,V5,50,0.05,EOER,10,1.0,1.0,0.0,1.0,1.0,0.0,1.0,1.0,1.0,1.0
F9,V5,50,0.05,LER,10,0.0,0.0,0.0,0.0,0.0,0.0,0.0,0.0,0.0,0.0
F9,V5,50,0.05,RSR,10,0.0,0.0,0.0,0.0,0.0,0.0,0.0,0.0,0.0,0.0
F9,V5,50,0.05,UAR,10,0.0,0.0,0.0,0.0,0.0,0.0,0.0,0.0,0.0,0.0
F9,V5,50,0.05,RAF,10,1.04979,1.04955,0.0025514483904027726,1.0474,1.0525,0.005099999999999882,1.0468,1.0539,1.0482085959037755,1.0513714040962245
F9,V5,50,0.05,DAF,10,1.0,1.0,0.0,1.0,1.0,0.0,1.0,1.0,1.0,1.0
F9,V5,50,0.1,DER,10,0.0,0.0,0.0,0.0,0.0,0.0,0.0,0.0,0.0,0.0
F9,V5,50,0.1,EOER,10,1.0,1.0,0.0,1.0,1.0,0.0,1.0,1.0,1.0,1.0
F9,V5,50,0.1,LER,10,0.0,0.0,0.0,0.0,0.0,0.0,0.0,0.0,0.0,0.0
F9,V5,50,0.1,RSR,10,0.0,0.0,0.0,0.0,0.0,0.0,0.0,0.0,0.0,0.0
F9,V5,50,0.1,UAR,10,0.0,0.0,0.0,0.0,0.0,0.0,0.0,0.0,0.0,0.0
F9,V5,50,0.1,RAF,10,1.0994199999999998,1.0993,0.0030846573733741027,1.0962,1.1025,0.006299999999999972,1.0955,1.1039,1.0975081095521853,1.1013318904478144
F9,V5,50,0.1,DAF,10,1.0,1.0,0.0,1.0,1.0,0.0,1.0,1.0,1.0,1.0
F9,V5,50,0.2,DER,10,0.0,0.0,0.0,0.0,0.0,0.0,0.0,0.0,0.0,0.0
F9,V5,50,0.2,EOER,10,1.0,1.0,0.0,1.0,1.0,0.0,1.0,1.0,1.0,1.0
F9,V5,50,0.2,LER,10,0.0,0.0,0.0,0.0,0.0,0.0,0.0,0.0,0.0,0.0
F9,V5,50,0.2,RSR,10,0.0,0.0,0.0,0.0,0.0,0.0,0.0,0.0,0.0,0.0
F9,V5,50,0.2,UAR,10,0.0,0.0,0.0,0.0,0.0,0.0,0.0,0.0,0.0,0.0
F9,V5,50,0.2,RAF,10,1.20177,1.20255,0.003801768594278784,1.1984,1.2038,0.005400000000000071,1.1967,1.2073,1.1994136394126158,1.2041263605873842
F9,V5,50,0.2,DAF,10,1.0,1.0,0.0,1.0,1.0,0.0,1.0,1.0,1.0,1.0
