failure_scenario,failure_probability,concurrency,variant,metric,n,mean,median,std,Q1,Q3,IQR,min,max,CI_low,CI_high
F3,0.01,10,V0,DER,10,0.010299999999999998,0.0103,0.0007916228058025275,0.0099,0.011,0.0010999999999999985,0.0088,0.0116,0.009809347101642446,0.010790652898357551
F3,0.01,10,V0,EOER,10,0.9896999999999998,0.9897,0.0007916228058025263,0.989,0.9901,0.0010999999999999899,0.9884,0.9912,0.9892093471016422,0.9901906528983574
F3,0.01,10,V0,LER,10,0.0,0.0,0.0,0.0,0.0,0.0,0.0,0.0,0.0,0.0
F3,0.01,10,V0,RSR,10,0.0,0.0,0.0,0.0,0.0,0.0,0.0,0.0,0.0,0.0
F3,0.01,10,V0,UAR,10,0.0,0.0,0.0,0.0,0.0,0.0,0.0,0.0,0.0,0.0
F3,0.01,10,V0,RAF,10,1.0412000000000001,1.0412,0.0031664912232101396,1.0396,1.044,0.0043999999999999595,1.0352,1.0464,1.03923738840657,1.0431626115934303
F3,0.01,10,V0,DAF,10,1.0412000000000001,1.0412,0.0031664912232101396,1.0396,1.044,0.0043999999999999595,1.0352,1.0464,1.03923738840657,1.0431626115934303
F3,0.01,10,V0,P95,10,9.9939,9.0415,2.389975427581724,8.281,10.496,2.215,8.064,14.733,8.51257788301336,11.47522211698664
F3,0.01,10,V0,throughput,10,971.0593548280665,986.3294195940343,72.74538002088806,885.9955693715407,1047.3584981138674,161.36292874232674,867.8065750928805,1053.398193580664,925.9713011644459,1016.1474084916871
F3,0.01,10,V1,DER,10,0.0,0.0,0.0,0.0,0.0,0.0,0.0,0.0,0.0,0.0
F3,0.01,10,V1,EOER,10,1.0,1.0,0.0,1.0,1.0,0.0,1.0,1.0,1.0,1.0
F3,0.01,10,V1,LER,10,0.0,0.0,0.0,0.0,0.0,0.0,0.0,0.0,0.0,0.0
F3,0.01,10,V1,RSR,10,0.0,0.0,0.0,0.0,0.0,0.0,0.0,0.0,0.0,0.0
F3,0.01,10,V1,UAR,10,0.0,0.0,0.0,0.0,0.0,0.0,0.0,0.0,0.0,0.0
F3,0.01,10,V1,RAF,10,1.03908,1.0394,0.004549187961725827,1.0372,1.0428,0.005600000000000049,1.0304,1.0448,1.0362603840891986,1.0418996159108014
F3,0.01,10,V1,DAF,10,1.03908,1.0394,0.004549187961725827,1.0372,1.0428,0.005600000000000049,1.0304,1.0448,1.0362603840891986,1.0418996159108014
F3,0.01,10,V1,P95,10,8.864500000000001,8.32,1.6660985198294183,8.085,9.022,0.9369999999999994,7.407,13.304,7.831841438736351,9.897158561263652
F3,0.01,10,V1,throughput,10,1047.763960141089,1052.1306781110966,88.12172000567652,1011.1266251254084,1106.2545350445082,95.1279099190998,840.959565969599,1159.70210590122,993.1455522173745,1102.3823680648036
F3,0.01,10,V2,DER,10,0.0,0.0,0.0,0.0,0.0,0.0,0.0,0.0,0.0,0.0
F3,0.01,10,V2,EOER,10,1.0,1.0,0.0,1.0,1.0,0.0,1.0,1.0,1.0,1.0
F3,0.01,10,V2,LER,10,0.0,0.0,0.0,0.0,0.0,0.0,0.0,0.0,0.0,0.0
F3,0.01,10,V2,RSR,10,0.0,0.0,0.0,0.0,0.0,0.0,0.0,0.0,0.0,0.0
F3,0.01,10,V2,UAR,10,0.01036,0.0103,0.0008783823515733656,0.0096,0.0112,0.0016000000000000007,0.0093,0.0117,0.009815572978056542,0.010904427021943457
F3,0.01,10,V2,RAF,10,1.04144,1.0412,0.0035135294062934655,1.0384,1.0448,0.006399999999999961,1.0372,1.0468,1.039262291912226,1.0436177080877738
F3,0.01,10,V2,DAF,10,1.0,1.0,0.0,1.0,1.0,0.0,1.0,1.0,1.0,1.0
F3,0.01,10,V2,P95,10,11.9296,10.9265,2.1273020054101917,10.709,13.634,2.9250000000000007,9.631,15.602,10.611084556804553,13.248115443195449
F3,0.01,10,V2,throughput,10,832.5634692502565,860.0055747892188,80.99071945689171,742.5327798530936,874.5037358139306,131.97095596083693,714.5875264106905,963.2169426444507,782.3649012576359,882.7620372428771
F3,0.01,10,V3,DER,10,0.0,0.0,0.0,0.0,0.0,0.0,0.0,0.0,0.0,0.0
F3,0.01,10,V3,EOER,10,1.0,1.0,0.0,1.0,1.0,0.0,1.0,1.0,1.0,1.0
F3,0.01,10,V3,LER,10,0.0,0.0,0.0,0.0,0.0,0.0,0.0,0.0,0.0,0.0
F3,0.01,10,V3,RSR,10,0.0,0.0,0.0,0.0,0.0,0.0,0.0,0.0,0.0,0.0
F3,0.01,10,V3,UAR,10,0.0,0.0,0.0,0.0,0.0,0.0,0.0,0.0,0.0,0.0
F3,0.01,10,V3,RAF,10,1.04032,1.0428,0.00528578807327304,1.0356,1.044,0.008399999999999963,1.0308,1.0468,1.0370438346100628,1.043596165389937
F3,0.01,10,V3,DAF,10,1.04032,1.0428,0.00528578807327304,1.0356,1.044,0.008399999999999963,1.0308,1.0468,1.0370438346100628,1.043596165389937
F3,0.01,10,V3,P95,10,9.566500000000001,8.7255,1.8926299896645877,8.534,9.828,1.2939999999999987,8.029,13.33,8.393435779084918,10.739564220915085
F3,0.01,10,V3,throughput,10,999.1934059088557,1009.1797616104802,99.9337089781033,952.2335773635294,1051.231436890371,98.99785952684158,829.9623585725642,1145.966445397878,937.2538513706077,1061.1329604471036
F3,0.01,10,V4,DER,10,0.0,0.0,0.0,0.0,0.0,0.0,0.0,0.0,0.0,0.0
F3,0.01,10,V4,EOER,10,1.0,1.0,0.0,1.0,1.0,0.0,1.0,1.0,1.0,1.0
F3,0.01,10,V4,LER,10,0.0,0.0,0.0,0.0,0.0,0.0,0.0,0.0,0.0,0.0
F3,0.01,10,V4,RSR,10,0.0,0.0,0.0,0.0,0.0,0.0,0.0,0.0,0.0,0.0
F3,0.01,10,V4,UAR,10,0.009899999999999999,0.00955,0.0016227548592850781,0.0088,0.0101,0.001299999999999999,0.0085,0.0142,0.00889420611786841,0.010905793882131589
F3,0.01,10,V4,RAF,10,1.0396,1.0382,0.006491019437140313,1.0352,1.0404,0.0052000000000000934,1.034,1.0568,1.0355768244714738,1.0436231755285263
F3,0.01,10,V4,DAF,10,1.0,1.0,0.0,1.0,1.0,0.0,1.0,1.0,1.0,1.0
F3,0.01,10,V4,P95,10,12.3206,11.252500000000001,2.8948133388297537,11.001,11.302,0.30100000000000016,9.983,19.093,10.526376103859203,14.114823896140798
F3,0.01,10,V4,throughput,10,831.2361599614381,857.1467064158041,91.2064610412773,848.0247247809276,870.3429315544819,22.318206773554266,608.3173904524298,921.1484056447941,774.7058097355238,887.7665101873525
F3,0.01,10,V5,DER,10,0.0,0.0,0.0,0.0,0.0,0.0,0.0,0.0,0.0,0.0
F3,0.01,10,V5,EOER,10,1.0,1.0,0.0,1.0,1.0,0.0,1.0,1.0,1.0,1.0
F3,0.01,10,V5,LER,10,0.0,0.0,0.0,0.0,0.0,0.0,0.0,0.0,0.0,0.0
F3,0.01,10,V5,RSR,10,0.009729999999999999,0.0095,0.0010078028907810625,0.009,0.0103,0.0013000000000000008,0.0085,0.0115,0.009105357296795466,0.010354642703204532
F3,0.01,10,V5,UAR,10,0.0,0.0,0.0,0.0,0.0,0.0,0.0,0.0,0.0,0.0
F3,0.01,10,V5,RAF,10,1.0097299999999998,1.0095,0.0010078028907810732,1.009,1.0103,0.0013000000000000789,1.0085,1.0115,1.0091053572967952,1.0103546427032044
F3,0.01,10,V5,DAF,10,1.0,1.0,0.0,1.0,1.0,0.0,1.0,1.0,1.0,1.0
F3,0.01,10,V5,P95,10,13.6534,12.559999999999999,2.5196798385685613,12.39,14.235,1.8449999999999989,11.102,18.355,12.091686256200722,15.215113743799277
F3,0.01,10,V5,throughput,10,977.0519149148793,999.948859799918,94.01541220216254,959.2328157343031,1015.460709264117,56.227893529813855,821.4020473362368,1140.1045014608806,918.7805587220689,1035.3232711076896
F3,0.01,50,V0,DER,10,0.00946,0.00945,0.00040331955899344465,0.0091,0.0097,0.0005999999999999998,0.0089,0.0101,0.00921001994746247,0.00970998005253753
F3,0.01,50,V0,EOER,10,0.99054,0.99055,0.0004033195589934479,0.9903,0.9909,0.0006000000000000449,0.9899,0.9911,0.9902900199474625,0.9907899800525375
F3,0.01,50,V0,LER,10,0.0,0.0,0.0,0.0,0.0,0.0,0.0,0.0,0.0,0.0
F3,0.01,50,V0,RSR,10,0.0,0.0,0.0,0.0,0.0,0.0,0.0,0.0,0.0,0.0
F3,0.01,50,V0,UAR,10,0.0,0.0,0.0,0.0,0.0,0.0,0.0,0.0,0.0,0.0
F3,0.01,50,V0,RAF,10,1.03784,1.0378,0.0016132782359737673,1.0364,1.0388,0.0023999999999999577,1.0356,1.0404,1.03684007978985,1.0388399202101501
F3,0.01,50,V0,DAF,10,1.03784,1.0378,0.0016132782359737673,1.0364,1.0388,0.0023999999999999577,1.0356,1.0404,1.03684007978985,1.0388399202101501
F3,0.01,50,V0,P95,10,42.2019,41.0965,7.101280361080435,37.81,43.54,5.729999999999997,34.057,55.393,37.80048083209033,46.603319167909675
F3,0.01,50,V0,throughput,10,1476.113328549619,1537.5100486574195,187.37694416767062,1444.759554183788,1604.2004516219838,159.44089743819586,1085.0212676175772,1676.2950058981803,1359.9758953334986,1592.2507617657393
F3,0.01,50,V1,DER,10,0.0,0.0,0.0,0.0,0.0,0.0,0.0,0.0,0.0,0.0
F3,0.01,50,V1,EOER,10,1.0,1.0,0.0,1.0,1.0,0.0,1.0,1.0,1.0,1.0
F3,0.01,50,V1,LER,10,0.0,0.0,0.0,0.0,0.0,0.0,0.0,0.0,0.0,0.0
F3,0.01,50,V1,RSR,10,0.0,0.0,0.0,0.0,0.0,0.0,0.0,0.0,0.0,0.0
F3,0.01,50,V1,UAR,10,0.0,0.0,0.0,0.0,0.0,0.0,0.0,0.0,0.0,0.0
F3,0.01,50,V1,RAF,10,1.03976,1.0394,0.004031873013873332,1.0364,1.0416,0.0052000000000000934,1.0356,1.0476,1.03726101921576,1.04225898078424
F3,0.01,50,V1,DAF,10,1.03976,1.0394,0.004031873013873332,1.0364,1.0416,0.0052000000000000934,1.0356,1.0476,1.03726101921576,1.04225898078424
F3,0.01,50,V1,P95,10,35.5116,37.120999999999995,9.16041850329752,32.029,42.148,10.119,13.475,44.761,29.833913789008925,41.18928621099108
F3,0.01,50,V1,throughput,10,1558.4360910463486,1556.822330525802,61.119487569023775,1542.9932325852137,1570.760947436501,27.767714851287337,1451.0847923566519,1689.9144680803572,1520.5538401788178,1596.3183419138793
F3,0.01,50,V2,DER,10,0.0,0.0,0.0,0.0,0.0,0.0,0.0,0.0,0.0,0.0
F3,0.01,50,V2,EOER,10,1.0,1.0,0.0,1.0,1.0,0.0,1.0,1.0,1.0,1.0
F3,0.01,50,V2,LER,10,0.0,0.0,0.0,0.0,0.0,0.0,0.0,0.0,0.0,0.0
F3,0.01,50,V2,RSR,10,0.0,0.0,0.0,0.0,0.0,0.0,0.0,0.0,0.0,0.0
F3,0.01,50,V2,UAR,10,0.01005,0.01015,0.0009383792173506166,0.0093,0.0108,0.0015000000000000013,0.0087,0.0115,0.009468386535384348,0.010631613464615651
F3,0.01,50,V2,RAF,10,1.0402,1.0406,0.0037535168694024785,1.0372,1.0432,0.006000000000000005,1.0348,1.046,1.0378735461415374,1.0425264538584627
F3,0.01,50,V2,DAF,10,1.0,1.0,0.0,1.0,1.0,0.0,1.0,1.0,1.0,1.0
F3,0.01,50,V2,P95,10,46.529199999999996,49.402,6.830772199718305,43.799,50.593,6.794000000000004,33.173,53.402,42.295443527541785,50.76295647245821
F3,0.01,50,V2,throughput,10,1287.465363689173,1299.3989887641596,77.73308349935797,1256.6754546676702,1310.5479905762368,53.87253590856653,1150.8598802610775,1447.3246517631787,1239.2858993815926,1335.6448279967535
F3,0.01,50,V3,DER,10,0.0,0.0,0.0,0.0,0.0,0.0,0.0,0.0,0.0,0.0
F3,0.01,50,V3,EOER,10,1.0,1.0,0.0,1.0,1.0,0.0,1.0,1.0,1.0,1.0
F3,0.01,50,V3,LER,10,0.0,0.0,0.0,0.0,0.0,0.0,0.0,0.0,0.0,0.0
F3,0.01,50,V3,RSR,10,0.0,0.0,0.0,0.0,0.0,0.0,0.0,0.0,0.0,0.0
F3,0.01,50,V3,UAR,10,0.0,0.0,0.0,0.0,0.0,0.0,0.0,0.0,0.0,0.0
F3,0.01,50,V3,RAF,10,1.0398400000000003,1.039,0.003161996556326728,1.038,1.0424,0.0043999999999999595,1.0344,1.0448,1.0378801742299664,1.0417998257700343
F3,0.01,50,V3,DAF,10,1.0398400000000003,1.039,0.003161996556326728,1.038,1.0424,0.0043999999999999595,1.0344,1.0448,1.0378801742299664,1.0417998257700343
F3,0.01,50,V3,P95,10,38.7567,42.201499999999996,9.506143207304305,37.257,42.671,5.4140000000000015,13.526,46.456,32.86473139743133,44.64866860256868
F3,0.01,50,V3,throughput,10,1538.3103998182974,1541.1248046798846,70.7519801187774,1510.45311569596,1555.3666308965687,44.9135152006088,1434.8650142694407,1704.338527477785,1494.457868214409,1582.1629314221857
F3,0.01,50,V4,DER,10,0.0,0.0,0.0,0.0,0.0,0.0,0.0,0.0,0.0,0.0
F3,0.01,50,V4,EOER,10,1.0,1.0,0.0,1.0,1.0,0.0,1.0,1.0,1.0,1.0
F3,0.01,50,V4,LER,10,0.0,0.0,0.0,0.0,0.0,0.0,0.0,0.0,0.0,0.0
F3,0.01,50,V4,RSR,10,0.0,0.0,0.0,0.0,0.0,0.0,0.0,0.0,0.0,0.0
F3,0.01,50,V4,UAR,10,0.01021,0.01,0.0010038260141412292,0.0097,0.0101,0.0003999999999999993,0.0092,0.0128,0.009587822190473924,0.010832177809526077
F3,0.01,50,V4,RAF,10,1.04084,1.04,0.0040153040565648855,1.0388,1.0404,0.0016000000000000458,1.0368,1.0512,1.0383512887618958,1.0433287112381042
F3,0.01,50,V4,DAF,10,1.0,1.0,0.0,1.0,1.0,0.0,1.0,1.0,1.0,1.0
F3,0.01,50,V4,P95,10,48.6814,48.611999999999995,5.99654111782599,45.141,51.604,6.463000000000001,40.726,61.252,44.964705309024275,52.39809469097572
F3,0.01,50,V4,throughput,10,1276.29645886116,1270.6882584317061,91.94840078997687,1246.2797057495504,1305.7675907753242,59.48788502577372,1077.4225061461163,1447.7820716404813,1219.306249614715,1333.2866681076052
F3,0.01,50,V5,DER,10,0.0,0.0,0.0,0.0,0.0,0.0,0.0,0.0,0.0,0.0
F3,0.01,50,V5,EOER,10,1.0,1.0,0.0,1.0,1.0,0.0,1.0,1.0,1.0,1.0
F3,0.01,50,V5,LER,10,0.0,0.0,0.0,0.0,0.0,0.0,0.0,0.0,0.0,0.0
F3,0.01,50,V5,RSR,10,0.010409999999999999,0.0105,0.0014137813755237326,0.0098,0.0113,0.0014999999999999996,0.0078,0.0124,0.009533729225004558,0.01128627077499544
F3,0.01,50,V5,UAR,10,0.0,0.0,0.0,0.0,0.0,0.0,0.0,0.0,0.0,0.0
F3,0.01,50,V5,RAF,10,1.0104099999999998,1.0105,0.0014137813755237304,1.0098,1.0113,0.0015000000000000568,1.0078,1.0124,1.0095337292250044,1.0112862707749952
F3,0.01,50,V5,DAF,10,1.0,1.0,0.0,1.0,1.0,0.0,1.0,1.0,1.0,1.0
F3,0.01,50,V5,P95,10,48.4672,52.69,12.415623086346582,42.302,55.116,12.814,18.908,62.682,40.77191708548718,56.162482914512815
F3,0.01,50,V5,throughput,10,1317.3458038757321,1337.390845068404,82.529409513564,1242.4819221467014,1362.6406542670156,120.1587321203142,1167.4124269644265,1457.1698504018184,1266.1935459054525,1368.4980618460118
F3,0.05,10,V0,DER,10,0.049960000000000004,0.04935,0.002297921766389022,0.0486,0.0526,0.0040000000000000036,0.0471,0.0533,0.04853573333333334,0.05138426666666667
F3,0.05,10,V0,EOER,10,0.9500400000000001,0.95065,0.0022979217663890257,0.9474,0.9514,0.0040000000000000036,0.9467,0.9529,0.9486157333333335,0.9514642666666667
F3,0.05,10,V0,LER,10,0.0,0.0,0.0,0.0,0.0,0.0,0.0,0.0,0.0,0.0
F3,0.05,10,V0,RSR,10,0.0,0.0,0.0,0.0,0.0,0.0,0.0,0.0,0.0,0.0
F3,0.05,10,V0,UAR,10,0.0,0.0,0.0,0.0,0.0,0.0,0.0,0.0,0.0,0.0
F3,0.05,10,V0,RAF,10,1.19984,1.1974,0.009191687065556118,1.1944,1.2104,0.016000000000000014,1.1884,1.2132,1.1941429333333333,1.2055370666666667
F3,0.05,10,V0,DAF,10,1.19984,1.1974,0.009191687065556118,1.1944,1.2104,0.016000000000000014,1.1884,1.2132,1.1941429333333333,1.2055370666666667
F3,0.05,10,V0,P95,10,16.7582,16.320500000000003,7.092913408622878,10.007,22.906,12.899,9.032,28.442,12.36196672295101,21.154433277048987
F3,0.05,10,V0,throughput,10,427.79712991066145,425.13390947015563,24.086434496978868,414.74534123399235,442.525313773233,27.779972539240646,381.4414067980009,466.2594162512823,412.868203140972,442.7260566803509
F3,0.05,10,V1,DER,10,0.0,0.0,0.0,0.0,0.0,0.0,0.0,0.0,0.0,0.0
F3,0.05,10,V1,EOER,10,1.0,1.0,0.0,1.0,1.0,0.0,1.0,1.0,1.0,1.0
F3,0.05,10,V1,LER,10,0.0,0.0,0.0,0.0,0.0,0.0,0.0,0.0,0.0,0.0
F3,0.05,10,V1,RSR,10,0.0,0.0,0.0,0.0,0.0,0.0,0.0,0.0,0.0,0.0
F3,0.05,10,V1,UAR,10,0.0,0.0,0.0,0.0,0.0,0.0,0.0,0.0,0.0,0.0
F3,0.05,10,V1,RAF,10,1.19796,1.1974,0.009428938905777737,1.1944,1.2028,0.008400000000000185,1.1832,1.214,1.1921158831192766,1.2038041168807232
F3,0.05,10,V1,DAF,10,1.19796,1.1974,0.009428938905777737,1.1944,1.2028,0.008400000000000185,1.1832,1.214,1.1921158831192766,1.2038041168807232
F3,0.05,10,V1,P95,10,15.918299999999999,15.7225,5.741068329733296,9.616,21.288999999999998,11.672999999999998,8.515,23.113,12.359948983575304,19.476651016424693
F3,0.05,10,V1,throughput,10,435.11492092773096,431.02440369693255,21.610474416683505,415.3867224117368,443.47099360637094,28.08427119463414,412.4200955878014,476.50101197435004,421.7206101149213,448.5092317405406
F3,0.05,10,V2,DER,10,0.0,0.0,0.0,0.0,0.0,0.0,0.0,0.0,0.0,0.0
F3,0.05,10,V2,EOER,10,1.0,1.0,0.0,1.0,1.0,0.0,1.0,1.0,1.0,1.0
F3,0.05,10,V2,LER,10,0.0,0.0,0.0,0.0,0.0,0.0,0.0,0.0,0.0,0.0
F3,0.05,10,V2,RSR,10,0.0,0.0,0.0,0.0,0.0,0.0,0.0,0.0,0.0,0.0
F3,0.05,10,V2,UAR,10,0.051500000000000004,0.051199999999999996,0.00200554786086551,0.0502,0.0531,0.0029,0.0488,0.0553,0.05025694855742456,0.05274305144257545
F3,0.05,10,V2,RAF,10,1.206,1.2048,0.008022191443462029,1.2008,1.2124,0.011599999999999833,1.1952,1.2212,1.2010277942296983,1.2109722057703016
F3,0.05,10,V2,DAF,10,1.0,1.0,0.0,1.0,1.0,0.0,1.0,1.0,1.0,1.0
F3,0.05,10,V2,P95,10,16.1212,16.4165,2.518614160384415,15.915,17.478,1.5630000000000024,11.516,20.455000000000002,14.560146770382396,17.682253229617608
F3,0.05,10,V2,throughput,10,406.6648505450497,408.74593266719,17.271816214481994,393.9804784892716,420.6967308154931,26.71625232622148,374.1087153556198,432.3600004284115,395.959667946194,417.37003314390546
F3,0.05,10,V3,DER,10,0.0,0.0,0.0,0.0,0.0,0.0,0.0,0.0,0.0,0.0
F3,0.05,10,V3,EOER,10,1.0,1.0,0.0,1.0,1.0,0.0,1.0,1.0,1.0,1.0
F3,0.05,10,V3,LER,10,0.0,0.0,0.0,0.0,0.0,0.0,0.0,0.0,0.0,0.0
F3,0.05,10,V3,RSR,10,0.0,0.0,0.0,0.0,0.0,0.0,0.0,0.0,0.0,0.0
F3,0.05,10,V3,UAR,10,0.0,0.0,0.0,0.0,0.0,0.0,0.0,0.0,0.0,0.0
F3,0.05,10,V3,RAF,10,1.19892,1.2004000000000001,0.010312538215417425,1.1888,1.208,0.019199999999999884,1.182,1.2108,1.1925282225932234,1.2053117774067765
F3,0.05,10,V3,DAF,10,1.19892,1.2004000000000001,0.010312538215417425,1.1888,1.208,0.019199999999999884,1.182,1.2108,1.1925282225932234,1.2053117774067765
F3,0.05,10,V3,P95,10,17.441800000000004,19.69,5.9237203925311075,12.58,22.581000000000003,10.001000000000003,8.887,23.127000000000002,13.770240062172547,21.11335993782746
F3,0.05,10,V3,throughput,10,428.3272489377188,421.6691272508948,19.850190124638324,416.0553259117776,432.22805015674913,16.172724244971562,405.2682601231698,468.0466017877303,416.02397363259604,440.6305242428416
F3,0.05,10,V4,DER,10,0.0,0.0,0.0,0.0,0.0,0.0,0.0,0.0,0.0,0.0
F3,0.05,10,V4,EOER,10,1.0,1.0,0.0,1.0,1.0,0.0,1.0,1.0,1.0,1.0
F3,0.05,10,V4,LER,10,0.0,0.0,0.0,0.0,0.0,0.0,0.0,0.0,0.0,0.0
F3,0.05,10,V4,RSR,10,0.0,0.0,0.0,0.0,0.0,0.0,0.0,0.0,0.0,0.0
F3,0.05,10,V4,UAR,10,0.050530000000000005,0.0509,0.002160272616541203,0.0491,0.0523,0.0032000000000000015,0.0463,0.0533,0.0491910491603083,0.05186895083969171
F3,0.05,10,V4,RAF,10,1.2021199999999999,1.2036,0.008641090466164843,1.1964,1.2092,0.012800000000000145,1.1852,1.2132,1.196764196641233,1.2074758033587667
F3,0.05,10,V4,DAF,10,1.0,1.0,0.0,1.0,1.0,0.0,1.0,1.0,1.0,1.0
F3,0.05,10,V4,P95,10,16.029200000000003,16.942,2.713370998919569,14.392,17.514000000000003,3.1220000000000034,11.655,20.538,14.34743523124811,17.710964768751897
F3,0.05,10,V4,throughput,10,406.4845582544803,407.56589647839417,18.353331692991354,390.41729968746074,417.93738972456526,27.520090037104524,375.21913257735406,438.03325168723524,395.10904541720856,417.86007109175205
F3,0.05,10,V5,DER,10,0.0,0.0,0.0,0.0,0.0,0.0,0.0,0.0,0.0,0.0
F3,0.05,10,V5,EOER,10,1.0,1.0,0.0,1.0,1.0,0.0,1.0,1.0,1.0,1.0
F3,0.05,10,V5,LER,10,0.0,0.0,0.0,0.0,0.0,0.0,0.0,0.0,0.0,0.0
F3,0.05,10,V5,RSR,10,0.049120000000000004,0.0487,0.002548550786449254,0.0479,0.0516,0.003700000000000002,0.0444,0.0522,0.04754039185731257,0.05069960814268744
F3,0.05,10,V5,UAR,10,0.0,0.0,0.0,0.0,0.0,0.0,0.0,0.0,0.0,0.0
F3,0.05,10,V5,RAF,10,1.0491199999999998,1.0487,0.002548550786449267,1.0479,1.0516,0.0037000000000000366,1.0444,1.0522,1.0475403918573123,1.0506996081426874
F3,0.05,10,V5,DAF,10,1.0,1.0,0.0,1.0,1.0,0.0,1.0,1.0,1.0,1.0
F3,0.05,10,V5,P95,10,15.6363,14.6035,2.965017783345583,13.965,15.391,1.4260000000000002,12.562,22.058,13.798562938337962,17.474037061662038
F3,0.05,10,V5,throughput,10,940.4709869522125,949.4585278082104,101.43163310765196,924.5263176526387,990.4751019478995,65.9487842952608,755.1956358689695,1118.5146817612358,877.6030094197107,1003.3389644847142
F3,0.05,50,V0,DER,10,0.04938,0.0493,0.002195348618227992,0.0472,0.0513,0.0040999999999999995,0.0469,0.0527,0.04801930882922604,0.05074069117077396
F3,0.05,50,V0,EOER,10,0.9506199999999998,0.9507,0.0021953486182279794,0.9487,0.9528,0.0040999999999999925,0.9473,0.9531,0.9492593088292258,0.9519806911707738
F3,0.05,50,V0,LER,10,0.0,0.0,0.0,0.0,0.0,0.0,0.0,0.0,0.0,0.0
F3,0.05,50,V0,RSR,10,0.0,0.0,0.0,0.0,0.0,0.0,0.0,0.0,0.0,0.0
F3,0.05,50,V0,UAR,10,0.0,0.0,0.0,0.0,0.0,0.0,0.0,0.0,0.0,0.0
F3,0.05,50,V0,RAF,10,1.19752,1.1972,0.008781394472911984,1.1888,1.2052,0.01639999999999997,1.1876,1.2108,1.192077235316904,1.2029627646830958
F3,0.05,50,V0,DAF,10,1.19752,1.1972,0.008781394472911984,1.1888,1.2052,0.01639999999999997,1.1876,1.2108,1.192077235316904,1.2029627646830958
F3,0.05,50,V0,P95,10,44.5588,38.900000000000006,13.544574927090016,36.209,50.425,14.215999999999994,30.203,76.196,36.16378548515095,52.95381451484904
F3,0.05,50,V0,throughput,10,1327.8468021334422,1360.8002781315083,114.64423811062065,1298.1781789093525,1369.9457515979093,71.76757268855681,1099.4408906849374,1512.1103182260404,1256.7895671767712,1398.9040370901132
F3,0.05,50,V1,DER,10,0.0,0.0,0.0,0.0,0.0,0.0,0.0,0.0,0.0,0.0
F3,0.05,50,V1,EOER,10,1.0,1.0,0.0,1.0,1.0,0.0,1.0,1.0,1.0,1.0
F3,0.05,50,V1,LER,10,0.0,0.0,0.0,0.0,0.0,0.0,0.0,0.0,0.0,0.0
F3,0.05,50,V1,RSR,10,0.0,0.0,0.0,0.0,0.0,0.0,0.0,0.0,0.0,0.0
F3,0.05,50,V1,UAR,10,0.0,0.0,0.0,0.0,0.0,0.0,0.0,0.0,0.0,0.0
F3,0.05,50,V1,RAF,10,1.20032,1.1987999999999999,0.00991125062183825,1.1952,1.208,0.012799999999999923,1.1832,1.2188,1.1941769432205493,1.2064630567794508
F3,0.05,50,V1,DAF,10,1.20032,1.1987999999999999,0.00991125062183825,1.1952,1.208,0.012799999999999923,1.1832,1.2188,1.1941769432205493,1.2064630567794508
F3,0.05,50,V1,P95,10,44.1743,45.132000000000005,9.058355885283182,36.019,50.839,14.82,33.147,58.1,38.55987285503839,49.78872714496161
F3,0.05,50,V1,throughput,10,1349.9886692915359,1347.7732306969842,65.19366797873992,1314.966767360614,1379.5596379316407,64.59287057102665,1258.1931867507521,1490.8288503596052,1309.5812152441495,1390.3961233389223
F3,0.05,50,V2,DER,10,0.0,0.0,0.0,0.0,0.0,0.0,0.0,0.0,0.0,0.0
F3,0.05,50,V2,EOER,10,1.0,1.0,0.0,1.0,1.0,0.0,1.0,1.0,1.0,1.0
F3,0.05,50,V2,LER,10,0.0,0.0,0.0,0.0,0.0,0.0,0.0,0.0,0.0,0.0
F3,0.05,50,V2,RSR,10,0.0,0.0,0.0,0.0,0.0,0.0,0.0,0.0,0.0,0.0
F3,0.05,50,V2,UAR,10,0.050629999999999994,0.050199999999999995,0.0029612497361755897,0.0477,0.052,0.004299999999999998,0.0471,0.0553,0.04879459839817003,0.052465401601829956
F3,0.05,50,V2,RAF,10,1.2025200000000003,1.2008,0.01184499894470236,1.1908,1.208,0.017199999999999882,1.1884,1.2212,1.1951783935926803,1.2098616064073202
F3,0.05,50,V2,DAF,10,1.0,1.0,0.0,1.0,1.0,0.0,1.0,1.0,1.0,1.0
F3,0.05,50,V2,P95,10,50.406400000000005,50.7935,5.448442880513866,45.105999999999995,55.583000000000006,10.477000000000011,43.058,57.379,47.02942011606452,53.78337988393549
F3,0.05,50,V2,throughput,10,1166.5907675217213,1172.6833169399004,87.34205165789831,1158.6760966230465,1198.4735856307889,39.79748900774234,949.9221013888399,1300.4511500500237,1112.4556030465167,1220.725931996926
F3,0.05,50,V3,DER,10,0.0,0.0,0.0,0.0,0.0,0.0,0.0,0.0,0.0,0.0
F3,0.05,50,V3,EOER,10,1.0,1.0,0.0,1.0,1.0,0.0,1.0,1.0,1.0,1.0
F3,0.05,50,V3,LER,10,0.0,0.0,0.0,0.0,0.0,0.0,0.0,0.0,0.0,0.0
F3,0.05,50,V3,RSR,10,0.0,0.0,0.0,0.0,0.0,0.0,0.0,0.0,0.0,0.0
F3,0.05,50,V3,UAR,10,0.0,0.0,0.0,0.0,0.0,0.0,0.0,0.0,0.0,0.0
F3,0.05,50,V3,RAF,10,1.20336,1.2032,0.001790840894973968,1.202,1.2048,0.0028000000000001357,1.2004,1.206,1.202250025313602,1.204469974686398
F3,0.05,50,V3,DAF,10,1.20336,1.2032,0.001790840894973968,1.202,1.2048,0.0028000000000001357,1.2004,1.206,1.202250025313602,1.204469974686398
F3,0.05,50,V3,P95,10,47.4054,48.594,7.51262681090975,45.381,51.172,5.790999999999997,30.269000000000002,59.105000000000004,42.749025661068906,52.061774338931095
F3,0.05,50,V3,throughput,10,1329.9680500539234,1324.9008117108053,58.59819190333742,1292.7541113320272,1337.0792641815287,44.32515284950159,1267.7167884163869,1476.6299929905645,1293.6485144302155,1366.2875856776313
F3,0.05,50,V4,DER,10,0.0,0.0,0.0,0.0,0.0,0.0,0.0,0.0,0.0,0.0
F3,0.05,50,V4,EOER,10,1.0,1.0,0.0,1.0,1.0,0.0,1.0,1.0,1.0,1.0
F3,0.05,50,V4,LER,10,0.0,0.0,0.0,0.0,0.0,0.0,0.0,0.0,0.0,0.0
F3,0.05,50,V4,RSR,10,0.0,0.0,0.0,0.0,0.0,0.0,0.0,0.0,0.0,0.0
F3,0.05,50,V4,UAR,10,0.04859000000000001,0.0484,0.0019930155822549685,0.0468,0.0501,0.0032999999999999974,0.0464,0.0522,0.04735471614418207,0.04982528385581795
F3,0.05,50,V4,RAF,10,1.19436,1.1936,0.007972062329019914,1.1872,1.2004,0.013199999999999878,1.1856,1.2088,1.1894188645767283,1.1993011354232719
F3,0.05,50,V4,DAF,10,1.0,1.0,0.0,1.0,1.0,0.0,1.0,1.0,1.0,1.0
F3,0.05,50,V4,P95,10,48.964400000000005,46.0685,12.011741452058946,43.118,57.583000000000006,14.465000000000003,31.262,74.254,41.51944551590137,56.40935448409864
F3,0.05,50,V4,throughput,10,1163.2389805564158,1165.9442929790544,67.8711591000221,1125.8243838034548,1175.3662875352948,49.541903731839966,1048.1155366418648,1314.4430366723398,1121.172000318836,1205.3059607939956
F3,0.05,50,V5,DER,10,0.0,0.0,0.0,0.0,0.0,0.0,0.0,0.0,0.0,0.0
F3,0.05,50,V5,EOER,10,1.0,1.0,0.0,1.0,1.0,0.0,1.0,1.0,1.0,1.0
F3,0.05,50,V5,LER,10,0.0,0.0,0.0,0.0,0.0,0.0,0.0,0.0,0.0,0.0
F3,0.05,50,V5,RSR,10,0.05011,0.0504,0.0024973096635290443,0.0484,0.0513,0.0029,0.0454,0.0544,0.048562151434337904,0.0516578485656621
F3,0.05,50,V5,UAR,10,0.0,0.0,0.0,0.0,0.0,0.0,0.0,0.0,0.0,0.0
F3,0.05,50,V5,RAF,10,1.0501099999999999,1.0504,0.00249730966352901,1.0484,1.0513,0.0028999999999999027,1.0454,1.0544,1.0485621514343377,1.051657848565662
F3,0.05,50,V5,DAF,10,1.0,1.0,0.0,1.0,1.0,0.0,1.0,1.0,1.0,1.0
F3,0.05,50,V5,P95,10,65.83800000000001,65.72550000000001,3.28519869177565,64.119,66.966,2.846999999999994,60.245,72.922,63.80181275528557,67.87418724471445
F3,0.05,50,V5,throughput,10,1228.5518648059224,1222.0451376188853,53.6297604728873,1196.297166743866,1245.301805550805,49.004638806939056,1152.1413208499418,1357.0892810077116,1195.311794887058,1261.7919347247866
F3,0.1,10,V0,DER,10,0.10056000000000001,0.10065,0.003203886528716162,0.0988,0.1018,0.0030000000000000027,0.0951,0.1063,0.0985742105560872,0.10254578944391282
F3,0.1,10,V0,EOER,10,0.89944,0.89935,0.0032038865287161537,0.8982,0.9012,0.0030000000000000027,0.8937,0.9049,0.8974542105560872,0.9014257894439128
F3,0.1,10,V0,LER,10,0.0,0.0,0.0,0.0,0.0,0.0,0.0,0.0,0.0,0.0
F3,0.1,10,V0,RSR,10,0.0,0.0,0.0,0.0,0.0,0.0,0.0,0.0,0.0,0.0
F3,0.1,10,V0,UAR,10,0.0,0.0,0.0,0.0,0.0,0.0,0.0,0.0,0.0,0.0
F3,0.1,10,V0,RAF,10,1.4022400000000002,1.4026,0.01281554611486464,1.3952,1.4072,0.01200000000000001,1.3804,1.4252,1.394296842224349,1.4101831577756514
F3,0.1,10,V0,DAF,10,1.4022400000000002,1.4026,0.01281554611486464,1.3952,1.4072,0.01200000000000001,1.3804,1.4252,1.394296842224349,1.4101831577756514
F3,0.1,10,V0,P95,10,29.545599999999997,28.4385,2.5666979738350375,27.904,29.444,1.5399999999999991,27.836999999999996,34.902,27.954744114040633,31.13645588595936
F3,0.1,10,V0,throughput,10,244.23818038482324,244.55202435348565,8.924085678091439,238.2985024768919,251.19188769137148,12.893385214479565,227.93734690169813,258.3278295345163,238.70697477648085,249.76938599316563
F3,0.1,10,V1,DER,10,0.0,0.0,0.0,0.0,0.0,0.0,0.0,0.0,0.0,0.0
F3,0.1,10,V1,EOER,10,1.0,1.0,0.0,1.0,1.0,0.0,1.0,1.0,1.0,1.0
F3,0.1,10,V1,LER,10,0.0,0.0,0.0,0.0,0.0,0.0,0.0,0.0,0.0,0.0
F3,0.1,10,V1,RSR,10,0.0,0.0,0.0,0.0,0.0,0.0,0.0,0.0,0.0,0.0
F3,0.1,10,V1,UAR,10,0.0,0.0,0.0,0.0,0.0,0.0,0.0,0.0,0.0,0.0
F3,0.1,10,V1,RAF,10,1.40328,1.4052,0.013305036640310327,1.396,1.414,0.018000000000000016,1.3756,1.4216,1.3950334528534665,1.4115265471465337
F3,0.1,10,V1,DAF,10,1.40328,1.4052,0.013305036640310327,1.396,1.414,0.018000000000000016,1.3756,1.4216,1.3950334528534665,1.4115265471465337
F3,0.1,10,V1,P95,10,29.308299999999996,28.015499999999996,3.567996544903658,27.05,29.467999999999996,2.4179999999999957,26.178,37.138,27.09683282996066,31.51976717003933
F3,0.1,10,V1,throughput,10,242.8585052800641,241.2530643988024,9.984267518702236,238.2765146578746,246.66598247399963,8.389467816125034,227.45732513813846,260.5523702496651,236.67019215906686,249.04681840106133
F3,0.1,10,V2,DER,10,0.0,0.0,0.0,0.0,0.0,0.0,0.0,0.0,0.0,0.0
F3,0.1,10,V2,EOER,10,1.0,1.0,0.0,1.0,1.0,0.0,1.0,1.0,1.0,1.0
F3,0.1,10,V2,LER,10,0.0,0.0,0.0,0.0,0.0,0.0,0.0,0.0,0.0,0.0
F3,0.1,10,V2,RSR,10,0.0,0.0,0.0,0.0,0.0,0.0,0.0,0.0,0.0,0.0
F3,0.1,10,V2,UAR,10,0.09977000000000001,0.09955,0.0032438146268449638,0.0969,0.1031,0.006199999999999997,0.0941,0.104,0.09775946286447296,0.10178053713552707
F3,0.1,10,V2,RAF,10,1.39908,1.3982,0.012975258507379843,1.3876,1.4124,0.024800000000000155,1.3764,1.416,1.3910378514578918,1.4071221485421084
F3,0.1,10,V2,DAF,10,1.0,1.0,0.0,1.0,1.0,0.0,1.0,1.0,1.0,1.0
F3,0.1,10,V2,P95,10,22.665399999999998,21.8065,2.485460261422643,21.139,22.888999999999996,1.7499999999999964,20.314,27.661,21.124895769853115,24.20590423014688
F3,0.1,10,V2,throughput,10,242.15788367038826,241.7342865927487,9.092788251214781,235.28530457452524,246.4249787678025,11.139674193277244,228.71238957220382,258.44645661915075,236.5221151239185,247.79365221685802
F3,0.1,10,V3,DER,10,0.0,0.0,0.0,0.0,0.0,0.0,0.0,0.0,0.0,0.0
F3,0.1,10,V3,EOER,10,1.0,1.0,0.0,1.0,1.0,0.0,1.0,1.0,1.0,1.0
F3,0.1,10,V3,LER,10,0.0,0.0,0.0,0.0,0.0,0.0,0.0,0.0,0.0,0.0
F3,0.1,10,V3,RSR,10,0.0,0.0,0.0,0.0,0.0,0.0,0.0,0.0,0.0,0.0
F3,0.1,10,V3,UAR,10,0.0,0.0,0.0,0.0,0.0,0.0,0.0,0.0,0.0,0.0
F3,0.1,10,V3,RAF,10,1.40296,1.4038,0.006926150125109622,1.3968,1.4064,0.009600000000000053,1.3912,1.4144,1.3986671276769251,1.4072528723230748
F3,0.1,10,V3,DAF,10,1.40296,1.4038,0.006926150125109622,1.3968,1.4064,0.009600000000000053,1.3912,1.4144,1.3986671276769251,1.4072528723230748
F3,0.1,10,V3,P95,10,29.580499999999994,28.134,3.3286519209901035,27.802,28.561,0.7590000000000003,27.671,36.885999999999996,27.517380164788175,31.643619835211812
F3,0.1,10,V3,throughput,10,241.5926033136985,242.45194386825557,5.466424130507842,238.3228370358029,245.50182989208886,7.178992856285959,230.08162132658376,248.24238898072127,238.20447853555208,244.98072809184492
F3,0.1,10,V4,DER,10,0.0,0.0,0.0,0.0,0.0,0.0,0.0,0.0,0.0,0.0
F3,0.1,10,V4,EOER,10,1.0,1.0,0.0,1.0,1.0,0.0,1.0,1.0,1.0,1.0
F3,0.1,10,V4,LER,10,0.0,0.0,0.0,0.0,0.0,0.0,0.0,0.0,0.0,0.0
F3,0.1,10,V4,RSR,10,0.0,0.0,0.0,0.0,0.0,0.0,0.0,0.0,0.0,0.0
F3,0.1,10,V4,UAR,10,0.10013999999999998,0.09985,0.003316356769441763,0.0972,0.1018,0.004600000000000007,0.0955,0.1055,0.09808450077866983,0.10219549922133013
F3,0.1,10,V4,RAF,10,1.40056,1.3994,0.013265427077767062,1.3888,1.4072,0.018399999999999972,1.382,1.422,1.3923380031146795,1.4087819968853206
F3,0.1,10,V4,DAF,10,1.0,1.0,0.0,1.0,1.0,0.0,1.0,1.0,1.0,1.0
F3,0.1,10,V4,P95,10,23.106900000000003,22.2915,2.222953613251221,21.474,24.101000000000003,2.6270000000000024,21.129,27.821999999999996,21.72909907604812,24.484700923951888
F3,0.1,10,V4,throughput,10,239.52309453618682,239.4451122672493,8.006434522531197,234.40171992566013,247.51993733631835,13.118217410658218,226.66251116423803,250.81422455133387,234.56065500665937,244.48553406571426
F3,0.1,10,V5,DER,10,0.0,0.0,0.0,0.0,0.0,0.0,0.0,0.0,0.0,0.0
F3,0.1,10,V5,EOER,10,1.0,1.0,0.0,1.0,1.0,0.0,1.0,1.0,1.0,1.0
F3,0.1,10,V5,LER,10,0.0,0.0,0.0,0.0,0.0,0.0,0.0,0.0,0.0,0.0
F3,0.1,10,V5,RSR,10,0.10060999999999998,0.10155,0.00303697583497502,0.0979,0.1023,0.004400000000000001,0.096,0.1056,0.09872766287586708,0.10249233712413287
F3,0.1,10,V5,UAR,10,0.0,0.0,0.0,0.0,0.0,0.0,0.0,0.0,0.0,0.0
F3,0.1,10,V5,RAF,10,1.10061,1.10155,0.003036975834974992,1.0979,1.1023,0.0043999999999999595,1.096,1.1056,1.0987276628758673,1.1024923371241329
F3,0.1,10,V5,DAF,10,1.0,1.0,0.0,1.0,1.0,0.0,1.0,1.0,1.0,1.0
F3,0.1,10,V5,P95,10,18.5707,18.439500000000002,1.6523558299860497,17.735999999999997,18.729,0.9930000000000021,16.265,21.523,17.54655924614848,19.594840753851518
F3,0.1,10,V5,throughput,10,888.3246483248853,887.7188883720305,65.44648882479943,870.9614607552425,909.3785407552988,38.41708000005633,789.4032348355977,995.9806284647682,847.7604942936492,928.8888023561213
F3,0.1,50,V0,DER,10,0.09956,0.09914999999999999,0.0019895281405957078,0.0983,0.1012,0.0029,0.0964,0.103,0.0983268776829167,0.10079312231708329
F3,0.1,50,V0,EOER,10,0.90044,0.90085,0.001989528140595691,0.8988,0.9017,0.0028999999999999027,0.897,0.9036,0.8992068776829167,0.9016731223170833
F3,0.1,50,V0,LER,10,0.0,0.0,0.0,0.0,0.0,0.0,0.0,0.0,0.0,0.0
F3,0.1,50,V0,RSR,10,0.0,0.0,0.0,0.0,0.0,0.0,0.0,0.0,0.0,0.0
F3,0.1,50,V0,UAR,10,0.0,0.0,0.0,0.0,0.0,0.0,0.0,0.0,0.0,0.0
F3,0.1,50,V0,RAF,10,1.3982400000000001,1.3966,0.007958112562382843,1.3932,1.4048,0.011600000000000055,1.3856,1.412,1.393307510731667,1.4031724892683333
F3,0.1,50,V0,DAF,10,1.3982400000000001,1.3966,0.007958112562382843,1.3932,1.4048,0.011600000000000055,1.3856,1.412,1.393307510731667,1.4031724892683333
F3,0.1,50,V0,P95,10,43.2849,43.358999999999995,4.863465852661043,40.867,46.002,5.135000000000005,33.444,52.05500000000001,40.270492634295096,46.299307365704905
F3,0.1,50,V0,throughput,10,1099.4515163776366,1097.3981914036672,27.89844709056885,1090.1241468882863,1118.7101188344643,28.585971946178006,1053.8643704507497,1150.3090127528867,1082.1598797240092,1116.743153031264
F3,0.1,50,V1,DER,10,0.0,0.0,0.0,0.0,0.0,0.0,0.0,0.0,0.0,0.0
F3,0.1,50,V1,EOER,10,1.0,1.0,0.0,1.0,1.0,0.0,1.0,1.0,1.0,1.0
F3,0.1,50,V1,LER,10,0.0,0.0,0.0,0.0,0.0,0.0,0.0,0.0,0.0,0.0
F3,0.1,50,V1,RSR,10,0.0,0.0,0.0,0.0,0.0,0.0,0.0,0.0,0.0,0.0
F3,0.1,50,V1,UAR,10,0.0,0.0,0.0,0.0,0.0,0.0,0.0,0.0,0.0,0.0
F3,0.1,50,V1,RAF,10,1.4016000000000002,1.3954,0.014346815364780857,1.3904,1.4148,0.024399999999999977,1.3872,1.4244,1.3927077517103692,1.4104922482896312
F3,0.1,50,V1,DAF,10,1.4016000000000002,1.3954,0.014346815364780857,1.3904,1.4148,0.024399999999999977,1.3872,1.4244,1.3927077517103692,1.4104922482896312
F3,0.1,50,V1,P95,10,42.7887,41.588499999999996,6.003334592818672,40.903999999999996,43.631,2.727000000000004,31.592000000000006,54.95,39.06779466960024,46.50960533039976
F3,0.1,50,V1,throughput,10,1083.5034003215092,1093.0820329171756,30.4065211715115,1058.7398496193532,1108.9946964599562,50.25484684060302,1031.1618926315227,1124.9790657481954,1064.6572432471842,1102.3495573958342
F3,0.1,50,V2,DER,10,0.0,0.0,0.0,0.0,0.0,0.0,0.0,0.0,0.0,0.0
F3,0.1,50,V2,EOER,10,1.0,1.0,0.0,1.0,1.0,0.0,1.0,1.0,1.0,1.0
F3,0.1,50,V2,LER,10,0.0,0.0,0.0,0.0,0.0,0.0,0.0,0.0,0.0,0.0
F3,0.1,50,V2,RSR,10,0.0,0.0,0.0,0.0,0.0,0.0,0.0,0.0,0.0,0.0
F3,0.1,50,V2,UAR,10,0.10259,0.1016,0.003590868047329689,0.1007,0.103,0.0022999999999999965,0.0975,0.1095,0.1003643569258901,0.1048156430741099
F3,0.1,50,V2,RAF,10,1.41036,1.4064,0.01436347218931874,1.4028,1.412,0.009199999999999875,1.39,1.438,1.4014574277035605,1.4192625722964396
F3,0.1,50,V2,DAF,10,1.0,1.0,0.0,1.0,1.0,0.0,1.0,1.0,1.0,1.0
F3,0.1,50,V2,P95,10,45.157399999999996,43.081999999999994,10.699535983708204,41.832,43.895,2.0630000000000024,30.677,72.893,38.525758891372156,51.789041108627835
F3,0.1,50,V2,throughput,10,980.0260146499234,997.9734477996687,47.55960295868732,956.0980822618775,998.5088206408667,42.41073837898921,866.9225273809022,1041.119347068394,950.5482673372273,1009.5037619626194
F3,0.1,50,V3,DER,10,0.0,0.0,0.0,0.0,0.0,0.0,0.0,0.0,0.0,0.0
F3,0.1,50,V3,EOER,10,1.0,1.0,0.0,1.0,1.0,0.0,1.0,1.0,1.0,1.0
F3,0.1,50,V3,LER,10,0.0,0.0,0.0,0.0,0.0,0.0,0.0,0.0,0.0,0.0
F3,0.1,50,V3,RSR,10,0.0,0.0,0.0,0.0,0.0,0.0,0.0,0.0,0.0,0.0
F3,0.1,50,V3,UAR,10,0.0,0.0,0.0,0.0,0.0,0.0,0.0,0.0,0.0,0.0
F3,0.1,50,V3,RAF,10,1.3972000000000002,1.3972,0.014135848832745154,1.3856,1.4072,0.021600000000000064,1.3732,1.4168,1.388438510121624,1.4059614898783765
F3,0.1,50,V3,DAF,10,1.3972000000000002,1.3972,0.014135848832745154,1.3856,1.4072,0.021600000000000064,1.3732,1.4168,1.388438510121624,1.4059614898783765
F3,0.1,50,V3,P95,10,43.3788,42.7365,5.74095078846314,40.909,44.159,3.25,34.168,56.013999999999996,39.82052183640933,46.93707816359067
F3,0.1,50,V3,throughput,10,1087.2078956095936,1091.5892672699636,49.599044749212815,1061.7993840794798,1121.762536178499,59.963152099019226,983.6144615835167,1165.3464207939858,1056.4660891790727,1117.9497020401145
F3,0.1,50,V4,DER,10,0.0,0.0,0.0,0.0,0.0,0.0,0.0,0.0,0.0,0.0
F3,0.1,50,V4,EOER,10,1.0,1.0,0.0,1.0,1.0,0.0,1.0,1.0,1.0,1.0
F3,0.1,50,V4,LER,10,0.0,0.0,0.0,0.0,0.0,0.0,0.0,0.0,0.0,0.0
F3,0.1,50,V4,RSR,10,0.0,0.0,0.0,0.0,0.0,0.0,0.0,0.0,0.0,0.0
F3,0.1,50,V4,UAR,10,0.09948999999999998,0.1007,0.0034652080264634426,0.0985,0.102,0.0034999999999999892,0.0933,0.1032,0.09734224181373537,0.1016377581862646
F3,0.1,50,V4,RAF,10,1.39796,1.4028,0.013860832105853774,1.394,1.408,0.014000000000000012,1.3732,1.4128,1.3893689672549416,1.4065510327450585
F3,0.1,50,V4,DAF,10,1.0,1.0,0.0,1.0,1.0,0.0,1.0,1.0,1.0,1.0
F3,0.1,50,V4,P95,10,45.1571,44.945499999999996,5.16019552708788,43.263,46.622,3.3590000000000018,33.875,52.472,41.95877767666748,48.35542232333252
F3,0.1,50,V4,throughput,10,995.1590172879172,996.7586910245012,31.934655973480428,985.1209140056942,1001.4558020391926,16.334888033498373,932.88818619668,1056.143984546465,975.3657124505777,1014.9523221252567
F3,0.1,50,V5,DER,10,0.0,0.0,0.0,0.0,0.0,0.0,0.0,0.0,0.0,0.0
F3,0.1,50,V5,EOER,10,1.0,1.0,0.0,1.0,1.0,0.0,1.0,1.0,1.0,1.0
F3,0.1,50,V5,LER,10,0.0,0.0,0.0,0.0,0.0,0.0,0.0,0.0,0.0,0.0
F3,0.1,50,V5,RSR,10,0.09977000000000001,0.10115,0.0032758544262867094,0.096,0.1018,0.0058,0.0954,0.1046,0.09773960439103882,0.1018003956089612
F3,0.1,50,V5,UAR,10,0.0,0.0,0.0,0.0,0.0,0.0,0.0,0.0,0.0,0.0
F3,0.1,50,V5,RAF,10,1.09977,1.10115,0.0032758544262866886,1.096,1.1018,0.005799999999999805,1.0954,1.1046,1.0977396043910388,1.101800395608961
F3,0.1,50,V5,DAF,10,1.0,1.0,0.0,1.0,1.0,0.0,1.0,1.0,1.0,1.0
F3,0.1,50,V5,P95,10,74.5119,73.7555,6.449396379162592,69.177,78.355,9.177999999999997,66.505,85.056,70.51452271008624,78.50927728991375
F3,0.1,50,V5,throughput,10,1166.1139801606237,1177.7743165799884,81.85563235943529,1134.039912824229,1197.3591266637632,63.319213839534086,992.4953481039886,1298.3857813968423,1115.3793335970608,1216.8486267241865
F3,0.2,10,V0,DER,10,0.20104000000000002,0.2002,0.003370855479943735,0.1987,0.2028,0.00410000000000002,0.1969,0.2078,0.1989507221279431,0.20312927787205695
F3,0.2,10,V0,EOER,10,0.79896,0.7998000000000001,0.003370855479943727,0.7972,0.8013,0.0040999999999999925,0.7922,0.8031,0.7968707221279431,0.8010492778720569
F3,0.2,10,V0,LER,10,0.0,0.0,0.0,0.0,0.0,0.0,0.0,0.0,0.0,0.0
F3,0.2,10,V0,RSR,10,0.0,0.0,0.0,0.0,0.0,0.0,0.0,0.0,0.0,0.0
F3,0.2,10,V0,UAR,10,0.0,0.0,0.0,0.0,0.0,0.0,0.0,0.0,0.0,0.0
F3,0.2,10,V0,RAF,10,1.80416,1.8008000000000002,0.013483421919774877,1.7948,1.8112,0.01639999999999997,1.7876,1.8312,1.7958028885117723,1.8125171114882277
F3,0.2,10,V0,DAF,10,1.80416,1.8008000000000002,0.013483421919774877,1.7948,1.8112,0.01639999999999997,1.7876,1.8312,1.7958028885117723,1.8125171114882277
F3,0.2,10,V0,P95,10,35.213800000000006,33.176,4.396774064900057,32.691,34.683,1.9919999999999973,32.17,45.01,32.488651201160735,37.93894879883928
F3,0.2,10,V0,throughput,10,130.1089888168697,130.60248635073674,3.8684559760984896,127.76161354792447,133.3105706828973,5.548957134972824,121.58542524027824,135.07247222324352,127.71129496200771,132.50668267173168
F3,0.2,10,V1,DER,10,0.0,0.0,0.0,0.0,0.0,0.0,0.0,0.0,0.0,0.0
F3,0.2,10,V1,EOER,10,1.0,1.0,0.0,1.0,1.0,0.0,1.0,1.0,1.0,1.0
F3,0.2,10,V1,LER,10,0.0,0.0,0.0,0.0,0.0,0.0,0.0,0.0,0.0,0.0
F3,0.2,10,V1,RSR,10,0.0,0.0,0.0,0.0,0.0,0.0,0.0,0.0,0.0,0.0
F3,0.2,10,V1,UAR,10,0.0,0.0,0.0,0.0,0.0,0.0,0.0,0.0,0.0,0.0
F3,0.2,10,V1,RAF,10,1.8030000000000002,1.8052000000000001,0.017977022371164064,1.7988,1.8112,0.012399999999999967,1.77,1.8364,1.791857726096827,1.8141422739031734
F3,0.2,10,V1,DAF,10,1.8030000000000002,1.8052000000000001,0.017977022371164064,1.7988,1.8112,0.012399999999999967,1.77,1.8364,1.791857726096827,1.8141422739031734
F3,0.2,10,V1,P95,10,35.170300000000005,33.196,4.781516311101882,32.763999999999996,34.931000000000004,2.1670000000000087,31.118,46.504000000000005,32.20668548638368,38.13391451361633
F3,0.2,10,V1,throughput,10,129.25487462119867,128.83118910756832,4.069312969699295,127.58421360719215,132.27667551297168,4.692461905779524,121.67655717944338,135.34624411723354,126.73268831192122,131.77706093047613
F3,0.2,10,V2,DER,10,0.0,0.0,0.0,0.0,0.0,0.0,0.0,0.0,0.0,0.0
F3,0.2,10,V2,EOER,10,1.0,1.0,0.0,1.0,1.0,0.0,1.0,1.0,1.0,1.0
F3,0.2,10,V2,LER,10,0.0,0.0,0.0,0.0,0.0,0.0,0.0,0.0,0.0,0.0
F3,0.2,10,V2,RSR,10,0.0,0.0,0.0,0.0,0.0,0.0,0.0,0.0,0.0,0.0
F3,0.2,10,V2,UAR,10,0.19946000000000003,0.2,0.003862123768084083,0.1973,0.2016,0.004299999999999998,0.1925,0.2066,0.19706623088832698,0.20185376911167308
F3,0.2,10,V2,RAF,10,1.7978399999999997,1.8,0.015448495072336359,1.7892,1.8064,0.017200000000000104,1.77,1.8264,1.7882649235533075,1.8074150764466919
F3,0.2,10,V2,DAF,10,1.0,1.0,0.0,1.0,1.0,0.0,1.0,1.0,1.0,1.0
F3,0.2,10,V2,P95,10,27.0128,25.456,3.3220746462949253,25.02,26.980999999999998,1.9609999999999985,24.113,33.782,24.953756801879518,29.07184319812048
F3,0.2,10,V2,throughput,10,130.90811483083684,130.87475574389669,3.266518275196018,129.87843343156806,132.2821222281039,2.403688796535846,124.86572102673266,137.54038189205062,128.88350582827275,132.93272383340093
F3,0.2,10,V3,DER,10,0.0,0.0,0.0,0.0,0.0,0.0,0.0,0.0,0.0,0.0
F3,0.2,10,V3,EOER,10,1.0,1.0,0.0,1.0,1.0,0.0,1.0,1.0,1.0,1.0
F3,0.2,10,V3,LER,10,0.0,0.0,0.0,0.0,0.0,0.0,0.0,0.0,0.0,0.0
F3,0.2,10,V3,RSR,10,0.0,0.0,0.0,0.0,0.0,0.0,0.0,0.0,0.0,0.0
F3,0.2,10,V3,UAR,10,0.0,0.0,0.0,0.0,0.0,0.0,0.0,0.0,0.0,0.0
F3,0.2,10,V3,RAF,10,1.8057200000000002,1.8044,0.013194005372811459,1.7976,1.8116,0.014000000000000012,1.7884,1.8344,1.797542270746038,1.8138977292539624
F3,0.2,10,V3,DAF,10,1.8057200000000002,1.8044,0.013194005372811459,1.7976,1.8116,0.014000000000000012,1.7884,1.8344,1.797542270746038,1.8138977292539624
F3,0.2,10,V3,P95,10,35.286199999999994,33.1155,4.736455514880769,32.650999999999996,35.615,2.9640000000000057,31.744000000000003,45.823,32.350514457234596,38.22188554276539
F3,0.2,10,V3,throughput,10,128.68789985030975,129.71138544496205,3.8844222747209547,127.38760724802023,131.15217660436267,3.7645693563424345,119.0380790142813,132.60028206468118,126.28030998103569,131.0954897195838
F3,0.2,10,V4,DER,10,0.0,0.0,0.0,0.0,0.0,0.0,0.0,0.0,0.0,0.0
F3,0.2,10,V4,EOER,10,1.0,1.0,0.0,1.0,1.0,0.0,1.0,1.0,1.0,1.0
F3,0.2,10,V4,LER,10,0.0,0.0,0.0,0.0,0.0,0.0,0.0,0.0,0.0,0.0
F3,0.2,10,V4,RSR,10,0.0,0.0,0.0,0.0,0.0,0.0,0.0,0.0,0.0,0.0
F3,0.2,10,V4,UAR,10,0.20057,0.2019,0.003220438203447199,0.1989,0.2024,0.003500000000000003,0.1941,0.2038,0.1985739517218041,0.2025660482781959
F3,0.2,10,V4,RAF,10,1.80228,1.8075999999999999,0.012881752813788777,1.7956,1.8096,0.014000000000000012,1.7764,1.8152,1.7942958068872163,1.8102641931127839
F3,0.2,10,V4,DAF,10,1.0,1.0,0.0,1.0,1.0,0.0,1.0,1.0,1.0,1.0
F3,0.2,10,V4,P95,10,27.6051,26.8585,2.758784694188528,25.76,27.237000000000002,1.4770000000000003,25.197000000000003,33.032000000000004,25.89518753130122,29.31501246869878
F3,0.2,10,V4,throughput,10,129.27771394469596,129.53260793080122,2.5339510117655357,127.47163652421567,130.64559441799622,3.1739578937805533,124.41031220412239,133.36850733707018,127.70715483610839,130.84827305328355
F3,0.2,10,V5,DER,10,0.0,0.0,0.0,0.0,0.0,0.0,0.0,0.0,0.0,0.0
F3,0.2,10,V5,EOER,10,1.0,1.0,0.0,1.0,1.0,0.0,1.0,1.0,1.0,1.0
F3,0.2,10,V5,LER,10,0.0,0.0,0.0,0.0,0.0,0.0,0.0,0.0,0.0,0.0
F3,0.2,10,V5,RSR,10,0.19966,0.19995000000000002,0.003726541440949119,0.1969,0.2012,0.004299999999999998,0.1955,0.2078,0.1973502656853126,0.2019697343146874
F3,0.2,10,V5,UAR,10,0.0,0.0,0.0,0.0,0.0,0.0,0.0,0.0,0.0,0.0
F3,0.2,10,V5,RAF,10,1.1996600000000002,1.1999499999999999,0.003726541440949099,1.1969,1.2012,0.0042999999999999705,1.1955,1.2078,1.1973502656853128,1.2019697343146876
F3,0.2,10,V5,DAF,10,1.0,1.0,0.0,1.0,1.0,0.0,1.0,1.0,1.0,1.0
F3,0.2,10,V5,P95,10,19.875200000000003,18.4805,2.9957185300209885,17.988999999999997,22.839,4.850000000000001,15.953,24.653,18.01843441840699,21.731965581593016
F3,0.2,10,V5,throughput,10,853.0762537708849,886.7539337912898,95.68997301554887,733.7343505622746,905.8516648634096,172.11731430113502,727.4213858249549,1013.3152879325771,793.7669940329247,912.3855135088452
F3,0.2,50,V0,DER,10,0.19939,0.1989,0.0035174011871140173,0.1966,0.2023,0.005700000000000011,0.195,0.2054,0.19720989215761137,0.20157010784238866
F3,0.2,50,V0,EOER,10,0.80061,0.8010999999999999,0.0035174011871140346,0.7977,0.8034,0.005700000000000038,0.7946,0.805,0.7984298921576114,0.8027901078423887
F3,0.2,50,V0,LER,10,0.0,0.0,0.0,0.0,0.0,0.0,0.0,0.0,0.0,0.0
F3,0.2,50,V0,RSR,10,0.0,0.0,0.0,0.0,0.0,0.0,0.0,0.0,0.0,0.0
F3,0.2,50,V0,UAR,10,0.0,0.0,0.0,0.0,0.0,0.0,0.0,0.0,0.0,0.0
F3,0.2,50,V0,RAF,10,1.79756,1.7956,0.014069604748456109,1.7864,1.8092,0.02279999999999993,1.78,1.8216,1.7888395686304455,1.8062804313695546
F3,0.2,50,V0,DAF,10,1.79756,1.7956,0.014069604748456109,1.7864,1.8092,0.02279999999999993,1.78,1.8216,1.7888395686304455,1.8062804313695546
F3,0.2,50,V0,P95,10,30.802900000000005,30.7765,2.009268603801449,29.959000000000003,31.562,1.602999999999998,26.909,34.329,29.557542417060514,32.04825758293949
F3,0.2,50,V0,throughput,10,669.7152221024622,665.693428946184,12.165406998412806,662.6127102465929,675.9465543269265,13.33384408033362,654.524407551266,695.7388454017276,662.1750247259866,677.2554194789378
F3,0.2,50,V1,DER,10,0.0,0.0,0.0,0.0,0.0,0.0,0.0,0.0,0.0,0.0
F3,0.2,50,V1,EOER,10,1.0,1.0,0.0,1.0,1.0,0.0,1.0,1.0,1.0,1.0
F3,0.2,50,V1,LER,10,0.0,0.0,0.0,0.0,0.0,0.0,0.0,0.0,0.0,0.0
F3,0.2,50,V1,RSR,10,0.0,0.0,0.0,0.0,0.0,0.0,0.0,0.0,0.0,0.0
F3,0.2,50,V1,UAR,10,0.0,0.0,0.0,0.0,0.0,0.0,0.0,0.0,0.0,0.0
F3,0.2,50,V1,RAF,10,1.7863599999999997,1.7882,0.018888632678000953,1.7792,1.8012,0.02200000000000002,1.7444,1.8116,1.774652704174841,1.7980672958251585
F3,0.2,50,V1,DAF,10,1.7863599999999997,1.7882,0.018888632678000953,1.7792,1.8012,0.02200000000000002,1.7444,1.8116,1.774652704174841,1.7980672958251585
F3,0.2,50,V1,P95,10,30.803200000000004,30.561,2.3870284548878855,29.803,31.345999999999997,1.5429999999999957,26.473,36.1,29.323704435612676,32.28269556438733
F3,0.2,50,V1,throughput,10,672.4440704677872,671.9567683264552,13.052530552440516,663.5484680300002,677.9876579951153,14.439189965115133,651.3588754453406,698.3887803399125,664.3540282159563,680.5341127196182
F3,0.2,50,V2,DER,10,0.0,0.0,0.0,0.0,0.0,0.0,0.0,0.0,0.0,0.0
F3,0.2,50,V2,EOER,10,1.0,1.0,0.0,1.0,1.0,0.0,1.0,1.0,1.0,1.0
F3,0.2,50,V2,LER,10,0.0,0.0,0.0,0.0,0.0,0.0,0.0,0.0,0.0,0.0
F3,0.2,50,V2,RSR,10,0.0,0.0,0.0,0.0,0.0,0.0,0.0,0.0,0.0,0.0
F3,0.2,50,V2,UAR,10,0.20204000000000005,0.20195000000000002,0.004270623165560528,0.1992,0.2055,0.0063,0.194,0.2076,0.19939304033863592,0.2046869596613642
F3,0.2,50,V2,RAF,10,1.8081600000000002,1.8077999999999999,0.017082492662242137,1.7968,1.822,0.02520000000000011,1.776,1.8304,1.7975721613545437,1.8187478386454567
F3,0.2,50,V2,DAF,10,1.0,1.0,0.0,1.0,1.0,0.0,1.0,1.0,1.0,1.0
F3,0.2,50,V2,P95,10,27.6958,27.093000000000004,3.1116117581300746,26.906,27.992000000000004,1.0860000000000056,22.564,35.091,25.767203051429007,29.62439694857099
F3,0.2,50,V2,throughput,10,649.0084166799314,649.2934108537789,11.523331820072782,636.9498116434156,657.6695298671654,20.719718223749737,634.2916557751782,664.1141135791913,641.866181622008,656.1506517378549
F3,0.2,50,V3,DER,10,0.0,0.0,0.0,0.0,0.0,0.0,0.0,0.0,0.0,0.0
F3,0.2,50,V3,EOER,10,1.0,1.0,0.0,1.0,1.0,0.0,1.0,1.0,1.0,1.0
F3,0.2,50,V3,LER,10,0.0,0.0,0.0,0.0,0.0,0.0,0.0,0.0,0.0,0.0
F3,0.2,50,V3,RSR,10,0.0,0.0,0.0,0.0,0.0,0.0,0.0,0.0,0.0,0.0
F3,0.2,50,V3,UAR,10,0.0,0.0,0.0,0.0,0.0,0.0,0.0,0.0,0.0,0.0
F3,0.2,50,V3,RAF,10,1.807,1.8096,0.01701058493997197,1.794,1.8216,0.02760000000000007,1.778,1.826,1.7964567302225543,1.8175432697774456
F3,0.2,50,V3,DAF,10,1.807,1.8096,0.01701058493997197,1.794,1.8216,0.02760000000000007,1.778,1.826,1.7964567302225543,1.8175432697774456
F3,0.2,50,V3,P95,10,30.4206,30.0905,2.0303462868300177,29.621,30.857999999999997,1.2369999999999983,26.851999999999997,34.861999999999995,29.162178333771315,31.679021666228685
F3,0.2,50,V3,throughput,10,658.9850490160244,661.5426076119494,13.718429476960553,646.46218538905,673.383433775091,26.921248386041043,637.5484793952015,674.4954788921374,650.4822783347772,667.4878196972716
F3,0.2,50,V4,DER,10,0.0,0.0,0.0,0.0,0.0,0.0,0.0,0.0,0.0,0.0
F3,0.2,50,V4,EOER,10,1.0,1.0,0.0,1.0,1.0,0.0,1.0,1.0,1.0,1.0
F3,0.2,50,V4,LER,10,0.0,0.0,0.0,0.0,0.0,0.0,0.0,0.0,0.0,0.0
F3,0.2,50,V4,RSR,10,0.0,0.0,0.0,0.0,0.0,0.0,0.0,0.0,0.0,0.0
F3,0.2,50,V4,UAR,10,0.20068999999999998,0.2025,0.004247208233390234,0.1976,0.2035,0.005899999999999989,0.1941,0.2067,0.19805755306395148,0.20332244693604848
F3,0.2,50,V4,RAF,10,1.80276,1.81,0.016988832933560932,1.7904,1.814,0.023600000000000065,1.7764,1.8268,1.792230212255806,1.8132897877441938
F3,0.2,50,V4,DAF,10,1.0,1.0,0.0,1.0,1.0,0.0,1.0,1.0,1.0,1.0
F3,0.2,50,V4,P95,10,27.354000000000003,27.35,1.8072746824370052,26.694000000000003,29.057000000000002,2.3629999999999995,23.408,29.781000000000002,26.23383954660455,28.474160453395456
F3,0.2,50,V4,throughput,10,651.8695373812428,647.1536382993986,15.653259329278306,639.8655555923384,658.4712147580555,18.605659165717043,637.0349046284035,688.7979889607512,642.1675467332262,661.5715280292594
F3,0.2,50,V5,DER,10,0.0,0.0,0.0,0.0,0.0,0.0,0.0,0.0,0.0,0.0
F3,0.2,50,V5,EOER,10,1.0,1.0,0.0,1.0,1.0,0.0,1.0,1.0,1.0,1.0
F3,0.2,50,V5,LER,10,0.0,0.0,0.0,0.0,0.0,0.0,0.0,0.0,0.0,0.0
F3,0.2,50,V5,RSR,10,0.20097,0.2013,0.004722769902880678,0.1979,0.2056,0.007700000000000012,0.1911,0.206,0.19804279688743295,0.20389720311256707
F3,0.2,50,V5,UAR,10,0.0,0.0,0.0,0.0,0.0,0.0,0.0,0.0,0.0,0.0
F3,0.2,50,V5,RAF,10,1.20097,1.2012999999999998,0.004722769902880659,1.1979,1.2056,0.00770000000000004,1.1911,1.206,1.198042796887433,1.2038972031125672
F3,0.2,50,V5,DAF,10,1.0,1.0,0.0,1.0,1.0,0.0,1.0,1.0,1.0,1.0
F3,0.2,50,V5,P95,10,75.14859999999999,80.7235,17.09708716061826,69.55499999999999,85.279,15.724000000000004,32.792,94.05799999999999,64.55171559073294,85.74548440926704
F3,0.2,50,V5,throughput,10,1072.7796568033848,1066.7969251982363,67.94049170844134,1043.514537089302,1091.3478597667083,47.833322677406386,968.9019119826346,1223.5617219685817,1030.6697037698948,1114.8896098368748
F4,0.01,10,V0,DER,10,0.0,0.0,0.0,0.0,0.0,0.0,0.0,0.0,0.0,0.0
F4,0.01,10,V0,EOER,10,1.0,1.0,0.0,1.0,1.0,0.0,1.0,1.0,1.0,1.0
F4,0.01,10,V0,LER,10,0.0,0.0,0.0,0.0,0.0,0.0,0.0,0.0,0.0,0.0
F4,0.01,10,V0,RSR,10,0.0,0.0,0.0,0.0,0.0,0.0,0.0,0.0,0.0,0.0
F4,0.01,10,V0,UAR,10,0.0,0.0,0.0,0.0,0.0,0.0,0.0,0.0,0.0,0.0
F4,0.01,10,V0,RAF,10,1.0,1.0,0.0,1.0,1.0,0.0,1.0,1.0,1.0,1.0
F4,0.01,10,V0,DAF,10,1.0,1.0,0.0,1.0,1.0,0.0,1.0,1.0,1.0,1.0
F4,0.01,10,V0,P95,10,10.296199999999999,9.2775,2.727782363426786,8.704,9.44,0.7359999999999989,8.481,15.463,8.605502974985496,11.986897025014501
F4,0.01,10,V0,throughput,10,1425.592647691444,1454.011103031382,195.534224279179,1431.994299477954,1594.5883123855708,162.59401290761684,1078.8129976689913,1613.9257614866804,1304.3992798811094,1546.7860155017786
F4,0.01,10,V1,DER,10,0.0,0.0,0.0,0.0,0.0,0.0,0.0,0.0,0.0,0.0
F4,0.01,10,V1,EOER,10,1.0,1.0,0.0,1.0,1.0,0.0,1.0,1.0,1.0,1.0
F4,0.01,10,V1,LER,10,0.0,0.0,0.0,0.0,0.0,0.0,0.0,0.0,0.0,0.0
F4,0.01,10,V1,RSR,10,0.0,0.0,0.0,0.0,0.0,0.0,0.0,0.0,0.0,0.0
F4,0.01,10,V1,UAR,10,0.0,0.0,0.0,0.0,0.0,0.0,0.0,0.0,0.0,0.0
F4,0.01,10,V1,RAF,10,1.0,1.0,0.0,1.0,1.0,0.0,1.0,1.0,1.0,1.0
F4,0.01,10,V1,DAF,10,1.0,1.0,0.0,1.0,1.0,0.0,1.0,1.0,1.0,1.0
F4,0.01,10,V1,P95,10,10.5429,10.2075,1.666037577940879,9.575,10.659,1.0840000000000014,8.951,14.873,9.510279210910198,11.5755207890898
F4,0.01,10,V1,throughput,10,1293.3667796222594,1293.8878056375436,153.79461198401216,1184.1746556430273,1401.6346206061112,217.45996496308385,1068.1613253897501,1544.9933246686387,1198.0438915389234,1388.6896677055954
F4,0.01,10,V2,DER,10,0.0,0.0,0.0,0.0,0.0,0.0,0.0,0.0,0.0,0.0
F4,0.01,10,V2,EOER,10,1.0,1.0,0.0,1.0,1.0,0.0,1.0,1.0,1.0,1.0
F4,0.01,10,V2,LER,10,0.0,0.0,0.0,0.0,0.0,0.0,0.0,0.0,0.0,0.0
F4,0.01,10,V2,RSR,10,0.0,0.0,0.0,0.0,0.0,0.0,0.0,0.0,0.0,0.0
F4,0.01,10,V2,UAR,10,0.0,0.0,0.0,0.0,0.0,0.0,0.0,0.0,0.0,0.0
F4,0.01,10,V2,RAF,10,1.0101499999999999,1.0104,0.0011635673117138096,1.0092,1.011,0.0017999999999998018,1.0083,1.0117,1.0094288135084766,1.0108711864915232
F4,0.01,10,V2,DAF,10,1.0,1.0,0.0,1.0,1.0,0.0,1.0,1.0,1.0,1.0
F4,0.01,10,V2,P95,10,10.2068,9.772,0.9681901557947062,9.501,11.325,1.8239999999999998,9.304,11.809,9.606709524308949,10.80689047569105
F4,0.01,10,V2,throughput,10,336.774066519017,330.4899960457768,26.02306240432534,317.401882327657,359.73812482364974,42.336242495992735,306.9697734193734,385.5892483077936,320.6448053365054,352.90332770152867
F4,0.01,10,V3,DER,10,0.0,0.0,0.0,0.0,0.0,0.0,0.0,0.0,0.0,0.0
F4,0.01,10,V3,EOER,10,1.0,1.0,0.0,1.0,1.0,0.0,1.0,1.0,1.0,1.0
F4,0.01,10,V3,LER,10,0.0,0.0,0.0,0.0,0.0,0.0,0.0,0.0,0.0,0.0
F4,0.01,10,V3,RSR,10,0.0,0.0,0.0,0.0,0.0,0.0,0.0,0.0,0.0,0.0
F4,0.01,10,V3,UAR,10,0.0,0.0,0.0,0.0,0.0,0.0,0.0,0.0,0.0,0.0
F4,0.01,10,V3,RAF,10,1.0,1.0,0.0,1.0,1.0,0.0,1.0,1.0,1.0,1.0
F4,0.01,10,V3,DAF,10,1.0,1.0,0.0,1.0,1.0,0.0,1.0,1.0,1.0,1.0
F4,0.01,10,V3,P95,10,10.528099999999998,9.6875,2.2067776130216052,9.382,10.104,0.7219999999999995,8.547,14.795,9.160325064862885,11.895874935137112
F4,0.01,10,V3,throughput,10,1346.624412112386,1380.2724164267,165.0198797010616,1342.4184857535201,1428.2859672118732,85.86748145835304,1062.888322709444,1597.8943762461454,1244.3440310161673,1448.9047932086046
F4,0.01,10,V4,DER,10,0.0,0.0,0.0,0.0,0.0,0.0,0.0,0.0,0.0,0.0
F4,0.01,10,V4,EOER,10,1.0,1.0,0.0,1.0,1.0,0.0,1.0,1.0,1.0,1.0
F4,0.01,10,V4,LER,10,0.0,0.0,0.0,0.0,0.0,0.0,0.0,0.0,0.0,0.0
F4,0.01,10,V4,RSR,10,0.0,0.0,0.0,0.0,0.0,0.0,0.0,0.0,0.0,0.0
F4,0.01,10,V4,UAR,10,0.0,0.0,0.0,0.0,0.0,0.0,0.0,0.0,0.0,0.0
F4,0.01,10,V4,RAF,10,1.01068,1.0108,0.0008841819822738742,1.01,1.0111,0.001100000000000101,1.0094,1.0124,1.0101319783297067,1.0112280216702934
F4,0.01,10,V4,DAF,10,1.0,1.0,0.0,1.0,1.0,0.0,1.0,1.0,1.0,1.0
F4,0.01,10,V4,P95,10,10.6759,9.9905,1.5338406008737966,9.722,11.88,2.1580000000000013,9.421,14.253,9.72521574618512,11.626584253814881
F4,0.01,10,V4,throughput,10,321.20556343001437,317.866544745115,20.85488552663585,311.24417504852005,340.5113702542628,29.267195205742723,285.1754521547567,350.80789283634124,308.2795714631895,334.13155539683925
F4,0.01,10,V5,DER,10,0.0,0.0,0.0,0.0,0.0,0.0,0.0,0.0,0.0,0.0
F4,0.01,10,V5,EOER,10,1.0,1.0,0.0,1.0,1.0,0.0,1.0,1.0,1.0,1.0
F4,0.01,10,V5,LER,10,0.0,0.0,0.0,0.0,0.0,0.0,0.0,0.0,0.0,0.0
F4,0.01,10,V5,RSR,10,0.0,0.0,0.0,0.0,0.0,0.0,0.0,0.0,0.0,0.0
F4,0.01,10,V5,UAR,10,0.0,0.0,0.0,0.0,0.0,0.0,0.0,0.0,0.0,0.0
F4,0.01,10,V5,RAF,10,1.0099,1.0098500000000001,0.000817856276425702,1.0093,1.0105,0.0011999999999998678,1.0088,1.0114,1.0093930874280947,1.0104069125719053
F4,0.01,10,V5,DAF,10,1.0,1.0,0.0,1.0,1.0,0.0,1.0,1.0,1.0,1.0
F4,0.01,10,V5,P95,10,11.0086,9.789,2.249533146627935,9.588,12.268,2.6800000000000015,9.51,15.117,9.6143249105836,12.4028750894164
F4,0.01,10,V5,throughput,10,335.1971985192239,333.8444804440934,18.276654023224395,322.5999207556967,355.13075865994375,32.53083790424705,304.3306449645643,361.8320463044507,323.8692109940512,346.5251860443966
F4,0.01,50,V0,DER,10,0.0,0.0,0.0,0.0,0.0,0.0,0.0,0.0,0.0,0.0
F4,0.01,50,V0,EOER,10,1.0,1.0,0.0,1.0,1.0,0.0,1.0,1.0,1.0,1.0
F4,0.01,50,V0,LER,10,0.0,0.0,0.0,0.0,0.0,0.0,0.0,0.0,0.0,0.0
F4,0.01,50,V0,RSR,10,0.0,0.0,0.0,0.0,0.0,0.0,0.0,0.0,0.0,0.0
F4,0.01,50,V0,UAR,10,0.0,0.0,0.0,0.0,0.0,0.0,0.0,0.0,0.0,0.0
F4,0.01,50,V0,RAF,10,1.0,1.0,0.0,1.0,1.0,0.0,1.0,1.0,1.0,1.0
F4,0.01,50,V0,DAF,10,1.0,1.0,0.0,1.0,1.0,0.0,1.0,1.0,1.0,1.0
F4,0.01,50,V0,P95,10,42.04350000000001,44.165,5.184416162350824,39.847,44.644,4.796999999999997,30.863,47.836,38.8301655714013,45.256834428598715
F4,0.01,50,V0,throughput,10,1729.2655979694416,1740.821628138032,60.7903314041603,1699.466339796348,1757.7225857686756,58.25624597232763,1631.0741197903276,1811.302398726428,1691.5873602065344,1766.9438357323488
F4,0.01,50,V1,DER,10,0.0,0.0,0.0,0.0,0.0,0.0,0.0,0.0,0.0,0.0
F4,0.01,50,V1,EOER,10,1.0,1.0,0.0,1.0,1.0,0.0,1.0,1.0,1.0,1.0
F4,0.01,50,V1,LER,10,0.0,0.0,0.0,0.0,0.0,0.0,0.0,0.0,0.0,0.0
F4,0.01,50,V1,RSR,10,0.0,0.0,0.0,0.0,0.0,0.0,0.0,0.0,0.0,0.0
F4,0.01,50,V1,UAR,10,0.0,0.0,0.0,0.0,0.0,0.0,0.0,0.0,0.0,0.0
F4,0.01,50,V1,RAF,10,1.0,1.0,0.0,1.0,1.0,0.0,1.0,1.0,1.0,1.0
F4,0.01,50,V1,DAF,10,1.0,1.0,0.0,1.0,1.0,0.0,1.0,1.0,1.0,1.0
F4,0.01,50,V1,P95,10,42.5755,46.870000000000005,11.413742586607311,45.276,48.18,2.9039999999999964,13.015,49.909,35.50118905269401,49.64981094730599
F4,0.01,50,V1,throughput,10,1624.69888172105,1625.4764087845106,77.88963514371757,1586.4368797071002,1646.7272940852774,60.290414378177275,1480.7985522412685,1775.1329433346177,1576.4223856990156,1672.9753777430842
F4,0.01,50,V2,DER,10,0.0,0.0,0.0,0.0,0.0,0.0,0.0,0.0,0.0,0.0
F4,0.01,50,V2,EOER,10,1.0,1.0,0.0,1.0,1.0,0.0,1.0,1.0,1.0,1.0
F4,0.01,50,V2,LER,10,0.0,0.0,0.0,0.0,0.0,0.0,0.0,0.0,0.0,0.0
F4,0.01,50,V2,RSR,10,0.0,0.0,0.0,0.0,0.0,0.0,0.0,0.0,0.0,0.0
F4,0.01,50,V2,UAR,10,0.0,0.0,0.0,0.0,0.0,0.0,0.0,0.0,0.0,0.0
F4,0.01,50,V2,RAF,10,1.01009,1.0101499999999999,0.0007950541560869329,1.0096,1.0107,0.0010999999999998789,1.0087,1.0114,1.009597220328702,1.0105827796712978
F4,0.01,50,V2,DAF,10,1.0,1.0,0.0,1.0,1.0,0.0,1.0,1.0,1.0,1.0
F4,0.01,50,V2,P95,10,25.9024,26.0385,2.5162587395664304,24.031,28.363,4.332000000000001,21.513,29.423,24.342806675330465,27.461993324669535
F4,0.01,50,V2,throughput,10,1061.8668786043404,1064.2909729715946,41.64159462662223,1023.8330772146085,1081.990155222346,58.15707800773748,1012.6065447303781,1145.7619645798366,1036.0571508577157,1087.6766063509651
F4,0.01,50,V3,DER,10,0.0,0.0,0.0,0.0,0.0,0.0,0.0,0.0,0.0,0.0
F4,0.01,50,V3,EOER,10,1.0,1.0,0.0,1.0,1.0,0.0,1.0,1.0,1.0,1.0
F4,0.01,50,V3,LER,10,0.0,0.0,0.0,0.0,0.0,0.0,0.0,0.0,0.0,0.0
F4,0.01,50,V3,RSR,10,0.0,0.0,0.0,0.0,0.0,0.0,0.0,0.0,0.0,0.0
F4,0.01,50,V3,UAR,10,0.0,0.0,0.0,0.0,0.0,0.0,0.0,0.0,0.0,0.0
F4,0.01,50,V3,RAF,10,1.0,1.0,0.0,1.0,1.0,0.0,1.0,1.0,1.0,1.0
F4,0.01,50,V3,DAF,10,1.0,1.0,0.0,1.0,1.0,0.0,1.0,1.0,1.0,1.0
F4,0.01,50,V3,P95,10,37.662099999999995,41.431,11.072871528098652,29.384,46.054,16.67,13.722,48.538,30.799063123624705,44.525136876375285
F4,0.01,50,V3,throughput,10,1661.284148576177,1660.0133681415582,84.38540852712451,1608.5582904987616,1701.994699526986,93.43640902822449,1556.1867742912832,1848.1190648789943,1608.9815304991932,1713.5867666531606
F4,0.01,50,V4,DER,10,0.0,0.0,0.0,0.0,0.0,0.0,0.0,0.0,0.0,0.0
F4,0.01,50,V4,EOER,10,1.0,1.0,0.0,1.0,1.0,0.0,1.0,1.0,1.0,1.0
F4,0.01,50,V4,LER,10,0.0,0.0,0.0,0.0,0.0,0.0,0.0,0.0,0.0,0.0
F4,0.01,50,V4,RSR,10,0.0,0.0,0.0,0.0,0.0,0.0,0.0,0.0,0.0,0.0
F4,0.01,50,V4,UAR,10,0.0,0.0,0.0,0.0,0.0,0.0,0.0,0.0,0.0,0.0
F4,0.01,50,V4,RAF,10,1.0096900000000002,1.00975,0.0009433392225964633,1.0092,1.0104,0.0011999999999998678,1.0078,1.0111,1.009105312292283,1.0102746877077173
F4,0.01,50,V4,DAF,10,1.0,1.0,0.0,1.0,1.0,0.0,1.0,1.0,1.0,1.0
F4,0.01,50,V4,P95,10,28.368599999999997,26.861,5.222661182024183,24.549,31.646,7.097000000000001,22.697,39.901,25.13156106262144,31.605638937378554
F4,0.01,50,V4,throughput,10,1041.7470794388742,1047.262325876514,24.712444200314835,1034.5399822448908,1053.8453850018168,19.305402756926014,988.3540088729566,1071.7123403458543,1026.4301478352027,1057.0640110425456
F4,0.01,50,V5,DER,10,0.0,0.0,0.0,0.0,0.0,0.0,0.0,0.0,0.0,0.0
F4,0.01,50,V5,EOER,10,1.0,1.0,0.0,1.0,1.0,0.0,1.0,1.0,1.0,1.0
F4,0.01,50,V5,LER,10,0.0,0.0,0.0,0.0,0.0,0.0,0.0,0.0,0.0,0.0
F4,0.01,50,V5,RSR,10,0.0,0.0,0.0,0.0,0.0,0.0,0.0,0.0,0.0,0.0
F4,0.01,50,V5,UAR,10,0.0,0.0,0.0,0.0,0.0,0.0,0.0,0.0,0.0,0.0
F4,0.01,50,V5,RAF,10,1.01011,1.0098,0.001064007101062344,1.0095,1.0108,0.0012999999999998568,1.0086,1.012,1.0094505215663538,1.0107694784336463
F4,0.01,50,V5,DAF,10,1.0,1.0,0.0,1.0,1.0,0.0,1.0,1.0,1.0,1.0
F4,0.01,50,V5,P95,10,27.5862,28.255000000000003,3.7241025406577273,25.384,29.995,4.611000000000001,21.011,33.581,25.27797733137435,29.894422668625655
F4,0.01,50,V5,throughput,10,1056.0220823569612,1049.0085078924672,18.04430522714864,1041.934112852563,1070.741800777526,28.80768792496292,1033.2884457802588,1085.587870001656,1044.838106107599,1067.2060586063233
F4,0.05,10,V0,DER,10,0.0,0.0,0.0,0.0,0.0,0.0,0.0,0.0,0.0,0.0
F4,0.05,10,V0,EOER,10,1.0,1.0,0.0,1.0,1.0,0.0,1.0,1.0,1.0,1.0
F4,0.05,10,V0,LER,10,0.0,0.0,0.0,0.0,0.0,0.0,0.0,0.0,0.0,0.0
F4,0.05,10,V0,RSR,10,0.0,0.0,0.0,0.0,0.0,0.0,0.0,0.0,0.0,0.0
F4,0.05,10,V0,UAR,10,0.0,0.0,0.0,0.0,0.0,0.0,0.0,0.0,0.0,0.0
F4,0.05,10,V0,RAF,10,1.0,1.0,0.0,1.0,1.0,0.0,1.0,1.0,1.0,1.0
F4,0.05,10,V0,DAF,10,1.0,1.0,0.0,1.0,1.0,0.0,1.0,1.0,1.0,1.0
F4,0.05,10,V0,P95,10,10.209999999999999,9.117999999999999,2.295247263368372,8.958,10.418,1.459999999999999,8.548,14.726,8.787391007479567,11.632608992520431
F4,0.05,10,V0,throughput,10,1397.3800794125782,1480.600039028825,177.49268668012485,1211.4643474322659,1490.6257665380122,279.1614191057463,1087.1186502707674,1601.1084944941167,1287.3689724579406,1507.3911863672158
F4,0.05,10,V1,DER,10,0.0,0.0,0.0,0.0,0.0,0.0,0.0,0.0,0.0,0.0
F4,0.05,10,V1,EOER,10,1.0,1.0,0.0,1.0,1.0,0.0,1.0,1.0,1.0,1.0
F4,0.05,10,V1,LER,10,0.0,0.0,0.0,0.0,0.0,0.0,0.0,0.0,0.0,0.0
F4,0.05,10,V1,RSR,10,0.0,0.0,0.0,0.0,0.0,0.0,0.0,0.0,0.0,0.0
F4,0.05,10,V1,UAR,10,0.0,0.0,0.0,0.0,0.0,0.0,0.0,0.0,0.0,0.0
F4,0.05,10,V1,RAF,10,1.0,1.0,0.0,1.0,1.0,0.0,1.0,1.0,1.0,1.0
F4,0.05,10,V1,DAF,10,1.0,1.0,0.0,1.0,1.0,0.0,1.0,1.0,1.0,1.0
F4,0.05,10,V1,P95,10,11.2277,10.5725,2.252243575242745,10.123,11.059,0.9359999999999999,8.916,15.635,9.831744969523413,12.623655030476588
F4,0.05,10,V1,throughput,10,1246.712973599426,1233.282539824159,150.03596311652078,1156.5188482227009,1332.8489156833327,176.33006746063188,1055.6663566930702,1519.0716414190317,1153.719720219923,1339.7062269789292
F4,0.05,10,V2,DER,10,0.0,0.0,0.0,0.0,0.0,0.0,0.0,0.0,0.0,0.0
F4,0.05,10,V2,EOER,10,1.0,1.0,0.0,1.0,1.0,0.0,1.0,1.0,1.0,1.0
F4,0.05,10,V2,LER,10,0.0,0.0,0.0,0.0,0.0,0.0,0.0,0.0,0.0,0.0
F4,0.05,10,V2,RSR,10,0.0,0.0,0.0,0.0,0.0,0.0,0.0,0.0,0.0,0.0
F4,0.05,10,V2,UAR,10,0.0,0.0,0.0,0.0,0.0,0.0,0.0,0.0,0.0,0.0
F4,0.05,10,V2,RAF,10,1.05002,1.04995,0.001673851181490696,1.049,1.0504,0.0014000000000000679,1.0475,1.0537,1.0489825362892558,1.0510574637107442
F4,0.05,10,V2,DAF,10,1.0,1.0,0.0,1.0,1.0,0.0,1.0,1.0,1.0,1.0
F4,0.05,10,V2,P95,10,1011.7564999999998,1011.24,1047.3199534909463,18.235,2005.164,1986.929,17.703,2008.0849999999998,362.62086757329075,1660.892132426709
F4,0.05,10,V2,throughput,10,90.31743171549196,90.74793198422933,2.903801517491338,89.44848579008097,92.2255350914704,2.7770493013894395,83.86068715165186,94.292712996937,88.51763688850009,92.11722654248383
F4,0.05,10,V3,DER,10,0.0,0.0,0.0,0.0,0.0,0.0,0.0,0.0,0.0,0.0
F4,0.05,10,V3,EOER,10,1.0,1.0,0.0,1.0,1.0,0.0,1.0,1.0,1.0,1.0
F4,0.05,10,V3,LER,10,0.0,0.0,0.0,0.0,0.0,0.0,0.0,0.0,0.0,0.0
F4,0.05,10,V3,RSR,10,0.0,0.0,0.0,0.0,0.0,0.0,0.0,0.0,0.0,0.0
F4,0.05,10,V3,UAR,10,0.0,0.0,0.0,0.0,0.0,0.0,0.0,0.0,0.0,0.0
F4,0.05,10,V3,RAF,10,1.0,1.0,0.0,1.0,1.0,0.0,1.0,1.0,1.0,1.0
F4,0.05,10,V3,DAF,10,1.0,1.0,0.0,1.0,1.0,0.0,1.0,1.0,1.0,1.0
F4,0.05,10,V3,P95,10,10.394400000000001,9.318,2.5919618138476586,9.245,9.343,0.09800000000000075,8.427,15.64,8.787885423771769,12.000914576228233
F4,0.05,10,V3,throughput,10,1379.7826202490676,1434.809413938171,173.96137868415752,1423.1449366025383,1437.1095154663954,13.964578863857014,1064.6962734853666,1618.555060784223,1271.960240666247,1487.604999831888
F4,0.05,10,V4,DER,10,0.0,0.0,0.0,0.0,0.0,0.0,0.0,0.0,0.0,0.0
F4,0.05,10,V4,EOER,10,1.0,1.0,0.0,1.0,1.0,0.0,1.0,1.0,1.0,1.0
F4,0.05,10,V4,LER,10,0.0,0.0,0.0,0.0,0.0,0.0,0.0,0.0,0.0,0.0
F4,0.05,10,V4,RSR,10,0.0,0.0,0.0,0.0,0.0,0.0,0.0,0.0,0.0,0.0
F4,0.05,10,V4,UAR,10,0.0,0.0,0.0,0.0,0.0,0.0,0.0,0.0,0.0,0.0
F4,0.05,10,V4,RAF,10,1.0492099999999998,1.04955,0.0020283819495680398,1.0482,1.0502,0.0020000000000000018,1.0451,1.0522,1.0479527958426198,1.0504672041573797
F4,0.05,10,V4,DAF,10,1.0,1.0,0.0,1.0,1.0,0.0,1.0,1.0,1.0,1.0
F4,0.05,10,V4,P95,10,616.4275,20.159,958.437734028461,18.125,2005.091,1986.966,16.904,2005.464,22.38163794380148,1210.4733620561985
F4,0.05,10,V4,throughput,10,91.57210720390965,90.8700946200301,3.328582455443795,89.43283461716369,93.24820956516336,3.815374947999672,87.08576226050579,98.36188973752662,89.5090304238895,93.6351839839298
F4,0.05,10,V5,DER,10,0.0,0.0,0.0,0.0,0.0,0.0,0.0,0.0,0.0,0.0
F4,0.05,10,V5,EOER,10,1.0,1.0,0.0,1.0,1.0,0.0,1.0,1.0,1.0,1.0
F4,0.05,10,V5,LER,10,0.0,0.0,0.0,0.0,0.0,0.0,0.0,0.0,0.0,0.0
F4,0.05,10,V5,RSR,10,0.0,0.0,0.0,0.0,0.0,0.0,0.0,0.0,0.0,0.0
F4,0.05,10,V5,UAR,10,0.0,0.0,0.0,0.0,0.0,0.0,0.0,0.0,0.0,0.0
F4,0.05,10,V5,RAF,10,1.04916,1.0491,0.0021464182050828667,1.0482,1.0495,0.0013000000000000789,1.0452,1.0529,1.047829636213495,1.0504903637865053
F4,0.05,10,V5,DAF,10,1.0,1.0,0.0,1.0,1.0,0.0,1.0,1.0,1.0,1.0
F4,0.05,10,V5,P95,10,416.9956,19.0335,838.032409234896,18.149,27.052,8.902999999999999,16.369,2008.0259999999998,-102.42226857923691,936.4134685792369
F4,0.05,10,V5,throughput,10,91.56130074324317,91.11798452922169,4.146172105156276,90.85415622916018,93.33042583622262,2.4762696070624344,85.26341497387823,99.45193436376817,88.99147664826677,94.13112483821956
F4,0.05,50,V0,DER,10,0.0,0.0,0.0,0.0,0.0,0.0,0.0,0.0,0.0,0.0
F4,0.05,50,V0,EOER,10,1.0,1.0,0.0,1.0,1.0,0.0,1.0,1.0,1.0,1.0
F4,0.05,50,V0,LER,10,0.0,0.0,0.0,0.0,0.0,0.0,0.0,0.0,0.0,0.0
F4,0.05,50,V0,RSR,10,0.0,0.0,0.0,0.0,0.0,0.0,0.0,0.0,0.0,0.0
F4,0.05,50,V0,UAR,10,0.0,0.0,0.0,0.0,0.0,0.0,0.0,0.0,0.0,0.0
F4,0.05,50,V0,RAF,10,1.0,1.0,0.0,1.0,1.0,0.0,1.0,1.0,1.0,1.0
F4,0.05,50,V0,DAF,10,1.0,1.0,0.0,1.0,1.0,0.0,1.0,1.0,1.0,1.0
F4,0.05,50,V0,P95,10,36.964200000000005,42.0715,13.256514254425172,36.075,46.148,10.073,12.269,47.208,28.747727339819413,45.1806726601806
F4,0.05,50,V0,throughput,10,1668.9291899406956,1664.158785011501,58.82421967360867,1634.1708806634829,1674.7493218934762,40.57844122999336,1588.243938859388,1791.625709443464,1632.4695608535603,1705.3888190278308
F4,0.05,50,V1,DER,10,0.0,0.0,0.0,0.0,0.0,0.0,0.0,0.0,0.0,0.0
F4,0.05,50,V1,EOER,10,1.0,1.0,0.0,1.0,1.0,0.0,1.0,1.0,1.0,1.0
F4,0.05,50,V1,LER,10,0.0,0.0,0.0,0.0,0.0,0.0,0.0,0.0,0.0,0.0
F4,0.05,50,V1,RSR,10,0.0,0.0,0.0,0.0,0.0,0.0,0.0,0.0,0.0,0.0
F4,0.05,50,V1,UAR,10,0.0,0.0,0.0,0.0,0.0,0.0,0.0,0.0,0.0,0.0
F4,0.05,50,V1,RAF,10,1.0,1.0,0.0,1.0,1.0,0.0,1.0,1.0,1.0,1.0
F4,0.05,50,V1,DAF,10,1.0,1.0,0.0,1.0,1.0,0.0,1.0,1.0,1.0,1.0
F4,0.05,50,V1,P95,10,47.23700000000001,48.201,3.9551718883844567,42.565,50.35,7.785000000000004,42.085,52.579,44.78555906586624,49.68844093413378
F4,0.05,50,V1,throughput,10,1619.8230928841053,1586.3153958083894,104.49565393141457,1555.089540378288,1711.0288293988438,155.93928902055586,1474.311077548028,1779.4053636231736,1555.0560155697538,1684.590170198457
F4,0.05,50,V2,DER,10,0.0,0.0,0.0,0.0,0.0,0.0,0.0,0.0,0.0,0.0
F4,0.05,50,V2,EOER,10,1.0,1.0,0.0,1.0,1.0,0.0,1.0,1.0,1.0,1.0
F4,0.05,50,V2,LER,10,0.0,0.0,0.0,0.0,0.0,0.0,0.0,0.0,0.0,0.0
F4,0.05,50,V2,RSR,10,0.0,0.0,0.0,0.0,0.0,0.0,0.0,0.0,0.0,0.0
F4,0.05,50,V2,UAR,10,0.0,0.0,0.0,0.0,0.0,0.0,0.0,0.0,0.0,0.0
F4,0.05,50,V2,RAF,10,1.04872,1.04875,0.001966271146668814,1.0469,1.0508,0.0039000000000000146,1.0463,1.0515,1.047501292517095,1.0499387074829052
F4,0.05,50,V2,DAF,10,1.0,1.0,0.0,1.0,1.0,0.0,1.0,1.0,1.0,1.0
F4,0.05,50,V2,P95,10,658.7387000000001,88.889,929.2531954382688,68.153,2004.967,1936.814,57.266,2005.291,82.78160236739461,1234.6957976326057
F4,0.05,50,V2,throughput,10,384.55649840071646,384.89707299382104,15.09071497983607,372.889037812422,396.86753978703763,23.978501974615654,354.04278054634904,403.4984105200439,375.2031763528025,393.90982044863046
F4,0.05,50,V3,DER,10,0.0,0.0,0.0,0.0,0.0,0.0,0.0,0.0,0.0,0.0
F4,0.05,50,V3,EOER,10,1.0,1.0,0.0,1.0,1.0,0.0,1.0,1.0,1.0,1.0
F4,0.05,50,V3,LER,10,0.0,0.0,0.0,0.0,0.0,0.0,0.0,0.0,0.0,0.0
F4,0.05,50,V3,RSR,10,0.0,0.0,0.0,0.0,0.0,0.0,0.0,0.0,0.0,0.0
F4,0.05,50,V3,UAR,10,0.0,0.0,0.0,0.0,0.0,0.0,0.0,0.0,0.0,0.0
F4,0.05,50,V3,RAF,10,1.0,1.0,0.0,1.0,1.0,0.0,1.0,1.0,1.0,1.0
F4,0.05,50,V3,DAF,10,1.0,1.0,0.0,1.0,1.0,0.0,1.0,1.0,1.0,1.0
F4,0.05,50,V3,P95,10,38.7955,47.9855,14.794805524237216,32.114,48.749,16.635000000000005,11.77,49.686,29.625584532817108,47.965415467182886
F4,0.05,50,V3,throughput,10,1612.8810740278136,1597.9103432971156,68.65613611315217,1574.7324594314268,1602.4890957260045,27.756636294577675,1558.3293260223734,1798.2713836442394,1570.32755999685,1655.4345880587773
F4,0.05,50,V4,DER,10,0.0,0.0,0.0,0.0,0.0,0.0,0.0,0.0,0.0,0.0
F4,0.05,50,V4,EOER,10,1.0,1.0,0.0,1.0,1.0,0.0,1.0,1.0,1.0,1.0
F4,0.05,50,V4,LER,10,0.0,0.0,0.0,0.0,0.0,0.0,0.0,0.0,0.0,0.0
F4,0.05,50,V4,RSR,10,0.0,0.0,0.0,0.0,0.0,0.0,0.0,0.0,0.0,0.0
F4,0.05,50,V4,UAR,10,0.0,0.0,0.0,0.0,0.0,0.0,0.0,0.0,0.0,0.0
F4,0.05,50,V4,RAF,10,1.0501999999999998,1.0500500000000001,0.002208569169796972,1.0484,1.0524,0.0040000000000000036,1.0466,1.053,1.048831114646469,1.0515688853535305
F4,0.05,50,V4,DAF,10,1.0,1.0,0.0,1.0,1.0,0.0,1.0,1.0,1.0,1.0
F4,0.05,50,V4,P95,10,1048.8956999999998,1067.4950000000001,1008.9811982970248,91.115,2005.368,1914.253,69.406,2008.086,423.5226742306977,1674.268725769302
F4,0.05,50,V4,throughput,10,374.6413077378618,374.414046544481,12.963669882043746,369.87762461911166,378.742686727967,8.86506210885534,350.56481937161357,402.259961693318,366.606341900152,382.67627357557154
F4,0.05,50,V5,DER,10,0.0,0.0,0.0,0.0,0.0,0.0,0.0,0.0,0.0,0.0
F4,0.05,50,V5,EOER,10,1.0,1.0,0.0,1.0,1.0,0.0,1.0,1.0,1.0,1.0
F4,0.05,50,V5,LER,10,0.0,0.0,0.0,0.0,0.0,0.0,0.0,0.0,0.0,0.0
F4,0.05,50,V5,RSR,10,0.0,0.0,0.0,0.0,0.0,0.0,0.0,0.0,0.0,0.0
F4,0.05,50,V5,UAR,10,0.0,0.0,0.0,0.0,0.0,0.0,0.0,0.0,0.0,0.0
F4,0.05,50,V5,RAF,10,1.0497,1.04955,0.0010842303978193877,1.0489,1.0507,0.0018000000000000238,1.0481,1.0515,1.0490279870371622,1.050372012962838
F4,0.05,50,V5,DAF,10,1.0,1.0,0.0,1.0,1.0,0.0,1.0,1.0,1.0,1.0
F4,0.05,50,V5,P95,10,850.9055000000001,94.787,993.2962707993187,79.978,2004.7730000000001,1924.795,68.528,2005.3819999999998,235.2540930128598,1466.5569069871403
F4,0.05,50,V5,throughput,10,378.414296240851,378.5804233861321,13.499647921513187,371.07416024545813,388.0553632895295,16.98120304407138,358.4177493789756,397.96348927807605,370.0471277725524,386.7814647091496
F4,0.1,10,V0,DER,10,0.0,0.0,0.0,0.0,0.0,0.0,0.0,0.0,0.0,0.0
F4,0.1,10,V0,EOER,10,1.0,1.0,0.0,1.0,1.0,0.0,1.0,1.0,1.0,1.0
F4,0.1,10,V0,LER,10,0.0,0.0,0.0,0.0,0.0,0.0,0.0,0.0,0.0,0.0
F4,0.1,10,V0,RSR,10,0.0,0.0,0.0,0.0,0.0,0.0,0.0,0.0,0.0,0.0
F4,0.1,10,V0,UAR,10,0.0,0.0,0.0,0.0,0.0,0.0,0.0,0.0,0.0,0.0
F4,0.1,10,V0,RAF,10,1.0,1.0,0.0,1.0,1.0,0.0,1.0,1.0,1.0,1.0
F4,0.1,10,V0,DAF,10,1.0,1.0,0.0,1.0,1.0,0.0,1.0,1.0,1.0,1.0
F4,0.1,10,V0,P95,10,11.130099999999999,10.812000000000001,2.1020642473530633,10.142,10.971,0.8290000000000006,8.487,15.504,9.827227081309921,12.432972918690076
F4,0.1,10,V0,throughput,10,1241.8517605160516,1170.525931024124,171.42497987026425,1156.0589318001403,1244.9226109910983,88.86367919095801,1067.9096498834194,1605.9058747007905,1135.6014572052957,1348.1020638268076
F4,0.1,10,V1,DER,10,0.0,0.0,0.0,0.0,0.0,0.0,0.0,0.0,0.0,0.0
F4,0.1,10,V1,EOER,10,1.0,1.0,0.0,1.0,1.0,0.0,1.0,1.0,1.0,1.0
F4,0.1,10,V1,LER,10,0.0,0.0,0.0,0.0,0.0,0.0,0.0,0.0,0.0,0.0
F4,0.1,10,V1,RSR,10,0.0,0.0,0.0,0.0,0.0,0.0,0.0,0.0,0.0,0.0
F4,0.1,10,V1,UAR,10,0.0,0.0,0.0,0.0,0.0,0.0,0.0,0.0,0.0,0.0
F4,0.1,10,V1,RAF,10,1.0,1.0,0.0,1.0,1.0,0.0,1.0,1.0,1.0,1.0
F4,0.1,10,V1,DAF,10,1.0,1.0,0.0,1.0,1.0,0.0,1.0,1.0,1.0,1.0
F4,0.1,10,V1,P95,10,11.069400000000002,10.458,2.350063081895652,9.356,11.055,1.6989999999999998,9.1,15.364,9.612815811162447,12.525984188837556
F4,0.1,10,V1,throughput,10,1280.2207093129407,1281.7485126080921,162.9079494096793,1130.7421409209671,1426.604753650801,295.8626127298339,1046.6756817990176,1506.4985219138343,1179.249316172855,1381.1921024530263
F4,0.1,10,V2,DER,10,0.0,0.0,0.0,0.0,0.0,0.0,0.0,0.0,0.0,0.0
F4,0.1,10,V2,EOER,10,1.0,1.0,0.0,1.0,1.0,0.0,1.0,1.0,1.0,1.0
F4,0.1,10,V2,LER,10,0.0,0.0,0.0,0.0,0.0,0.0,0.0,0.0,0.0,0.0
F4,0.1,10,V2,RSR,10,0.0,0.0,0.0,0.0,0.0,0.0,0.0,0.0,0.0,0.0
F4,0.1,10,V2,UAR,10,0.0,0.0,0.0,0.0,0.0,0.0,0.0,0.0,0.0,0.0
F4,0.1,10,V2,RAF,10,1.1015599999999999,1.1019999999999999,0.0023214937719781854,1.0996,1.1027,0.0031000000000001027,1.0976,1.1046,1.100121123252904,1.1029988767470957
F4,0.1,10,V2,DAF,10,1.0,1.0,0.0,1.0,1.0,0.0,1.0,1.0,1.0,1.0
F4,0.1,10,V2,P95,10,2011.8546000000001,2011.886,0.3748671468371142,2011.433,2012.2310000000002,0.7980000000002292,2011.325,2012.323,2011.6222549352212,2012.086945064779
F4,0.1,10,V2,throughput,10,46.49323592868074,46.28356329737399,0.9712388302251339,45.892922197275695,47.381266083857504,1.4883438865818093,45.178775285172904,48.11428473299457,45.89125586500097,47.09521599236051
F4,0.1,10,V3,DER,10,0.0,0.0,0.0,0.0,0.0,0.0,0.0,0.0,0.0,0.0
F4,0.1,10,V3,EOER,10,1.0,1.0,0.0,1.0,1.0,0.0,1.0,1.0,1.0,1.0
F4,0.1,10,V3,LER,10,0.0,0.0,0.0,0.0,0.0,0.0,0.0,0.0,0.0,0.0
F4,0.1,10,V3,RSR,10,0.0,0.0,0.0,0.0,0.0,0.0,0.0,0.0,0.0,0.0
F4,0.1,10,V3,UAR,10,0.0,0.0,0.0,0.0,0.0,0.0,0.0,0.0,0.0,0.0
F4,0.1,10,V3,RAF,10,1.0,1.0,0.0,1.0,1.0,0.0,1.0,1.0,1.0,1.0
F4,0.1,10,V3,DAF,10,1.0,1.0,0.0,1.0,1.0,0.0,1.0,1.0,1.0,1.0
F4,0.1,10,V3,P95,10,11.6608,10.974499999999999,2.501225157575561,10.801,11.112,0.31099999999999994,9.184,17.194,10.110524585984944,13.211075414015056
F4,0.1,10,V3,throughput,10,1180.0282361205288,1150.5388658727172,146.24137544526718,1131.0474868255596,1160.7763519891869,29.728865163627233,971.7857567432328,1446.0755650387578,1089.3868925462073,1270.6695796948504
F4,0.1,10,V4,DER,10,0.0,0.0,0.0,0.0,0.0,0.0,0.0,0.0,0.0,0.0
F4,0.1,10,V4,EOER,10,1.0,1.0,0.0,1.0,1.0,0.0,1.0,1.0,1.0,1.0
F4,0.1,10,V4,LER,10,0.0,0.0,0.0,0.0,0.0,0.0,0.0,0.0,0.0,0.0
F4,0.1,10,V4,RSR,10,0.0,0.0,0.0,0.0,0.0,0.0,0.0,0.0,0.0,0.0
F4,0.1,10,V4,UAR,10,0.0,0.0,0.0,0.0,0.0,0.0,0.0,0.0,0.0,0.0
F4,0.1,10,V4,RAF,10,1.10079,1.1021,0.003956836559115822,1.0981,1.1027,0.0045999999999999375,1.0932,1.1071,1.0983375272922573,1.1032424727077426
F4,0.1,10,V4,DAF,10,1.0,1.0,0.0,1.0,1.0,0.0,1.0,1.0,1.0,1.0
F4,0.1,10,V4,P95,10,2011.8691,2012.107,0.8354651997540072,2011.249,2012.455,1.2059999999999036,2010.309,2012.753,2011.351273304342,2012.3869266956578
F4,0.1,10,V4,throughput,10,46.813402612062454,46.24253703537313,1.6985379490166117,46.02845097235819,47.943335624143884,1.914884651785691,44.22572048957972,50.229781901843495,45.76063788428226,47.86616733984265
F4,0.1,10,V5,DER,10,0.0,0.0,0.0,0.0,0.0,0.0,0.0,0.0,0.0,0.0
F4,0.1,10,V5,EOER,10,1.0,1.0,0.0,1.0,1.0,0.0,1.0,1.0,1.0,1.0
F4,0.1,10,V5,LER,10,0.0,0.0,0.0,0.0,0.0,0.0,0.0,0.0,0.0,0.0
F4,0.1,10,V5,RSR,10,0.0,0.0,0.0,0.0,0.0,0.0,0.0,0.0,0.0,0.0
F4,0.1,10,V5,UAR,10,0.0,0.0,0.0,0.0,0.0,0.0,0.0,0.0,0.0,0.0
F4,0.1,10,V5,RAF,10,1.0999500000000002,1.0997,0.0019603004304896087,1.0984,1.1012,0.0027999999999999137,1.0973,1.1035,1.0987349932053232,1.1011650067946772
F4,0.1,10,V5,DAF,10,1.0,1.0,0.0,1.0,1.0,0.0,1.0,1.0,1.0,1.0
F4,0.1,10,V5,P95,10,2011.5839,2011.5085,1.4131963337688564,2010.832,2012.392,1.5599999999999454,2009.298,2014.307,2010.7079918376412,2012.459808162359
F4,0.1,10,V5,throughput,10,47.16862895372684,47.12571075133614,0.9770964946062962,46.54605444988057,47.95144796994875,1.4053935200681806,45.59951861270217,48.62237517543259,46.56301827204926,47.77423963540441
F4,0.1,50,V0,DER,10,0.0,0.0,0.0,0.0,0.0,0.0,0.0,0.0,0.0,0.0
F4,0.1,50,V0,EOER,10,1.0,1.0,0.0,1.0,1.0,0.0,1.0,1.0,1.0,1.0
F4,0.1,50,V0,LER,10,0.0,0.0,0.0,0.0,0.0,0.0,0.0,0.0,0.0,0.0
F4,0.1,50,V0,RSR,10,0.0,0.0,0.0,0.0,0.0,0.0,0.0,0.0,0.0,0.0
F4,0.1,50,V0,UAR,10,0.0,0.0,0.0,0.0,0.0,0.0,0.0,0.0,0.0,0.0
F4,0.1,50,V0,RAF,10,1.0,1.0,0.0,1.0,1.0,0.0,1.0,1.0,1.0,1.0
F4,0.1,50,V0,DAF,10,1.0,1.0,0.0,1.0,1.0,0.0,1.0,1.0,1.0,1.0
F4,0.1,50,V0,P95,10,46.269099999999995,47.716499999999996,4.19040834525706,42.565,49.424,6.859000000000002,39.288,51.389,43.67185799935084,48.86634200064915
F4,0.1,50,V0,throughput,10,1604.6184159056625,1589.2235623673514,92.8655313183595,1532.2007145587277,1661.8942509600172,129.69353640128952,1483.2127794591688,1776.0389985492075,1547.0597632684703,1662.1770685428546
F4,0.1,50,V1,DER,10,0.0,0.0,0.0,0.0,0.0,0.0,0.0,0.0,0.0,0.0
F4,0.1,50,V1,EOER,10,1.0,1.0,0.0,1.0,1.0,0.0,1.0,1.0,1.0,1.0
F4,0.1,50,V1,LER,10,0.0,0.0,0.0,0.0,0.0,0.0,0.0,0.0,0.0,0.0
F4,0.1,50,V1,RSR,10,0.0,0.0,0.0,0.0,0.0,0.0,0.0,0.0,0.0,0.0
F4,0.1,50,V1,UAR,10,0.0,0.0,0.0,0.0,0.0,0.0,0.0,0.0,0.0,0.0
F4,0.1,50,V1,RAF,10,1.0,1.0,0.0,1.0,1.0,0.0,1.0,1.0,1.0,1.0
F4,0.1,50,V1,DAF,10,1.0,1.0,0.0,1.0,1.0,0.0,1.0,1.0,1.0,1.0
F4,0.1,50,V1,P95,10,47.22410000000001,46.83,3.440795206860698,45.506,49.526,4.020000000000003,42.268,52.69,45.09147303608948,49.35672696391053
F4,0.1,50,V1,throughput,10,1613.7614094291707,1587.8698923255433,91.4666939034262,1540.6141506650367,1670.6405565880902,130.02640592305352,1485.519448747184,1793.8424000846817,1557.069765204239,1670.4530536541024
F4,0.1,50,V2,DER,10,0.0,0.0,0.0,0.0,0.0,0.0,0.0,0.0,0.0,0.0
F4,0.1,50,V2,EOER,10,1.0,1.0,0.0,1.0,1.0,0.0,1.0,1.0,1.0,1.0
F4,0.1,50,V2,LER,10,0.0,0.0,0.0,0.0,0.0,0.0,0.0,0.0,0.0,0.0
F4,0.1,50,V2,RSR,10,0.0,0.0,0.0,0.0,0.0,0.0,0.0,0.0,0.0,0.0
F4,0.1,50,V2,UAR,10,0.0,0.0,0.0,0.0,0.0,0.0,0.0,0.0,0.0,0.0
F4,0.1,50,V2,RAF,10,1.10067,1.1002,0.0038738582547349115,1.0994,1.1046,0.0052000000000000934,1.0937,1.1054,1.098268957778149,1.103071042221851
F4,0.1,50,V2,DAF,10,1.0,1.0,0.0,1.0,1.0,0.0,1.0,1.0,1.0,1.0
F4,0.1,50,V2,P95,10,2012.9688999999998,2012.88,1.1931656725795363,2012.159,2013.489,1.3299999999999272,2011.198,2014.827,2012.2293682543493,2013.7084317456504
F4,0.1,50,V2,throughput,10,189.78855498420268,191.0499753359677,5.660402011868074,183.79569594386646,192.84398374287642,9.048287799009955,183.61162384489123,200.05334655427626,186.280201469581,193.29690849882437
F4,0.1,50,V3,DER,10,0.0,0.0,0.0,0.0,0.0,0.0,0.0,0.0,0.0,0.0
F4,0.1,50,V3,EOER,10,1.0,1.0,0.0,1.0,1.0,0.0,1.0,1.0,1.0,1.0
F4,0.1,50,V3,LER,10,0.0,0.0,0.0,0.0,0.0,0.0,0.0,0.0,0.0,0.0
F4,0.1,50,V3,RSR,10,0.0,0.0,0.0,0.0,0.0,0.0,0.0,0.0,0.0,0.0
F4,0.1,50,V3,UAR,10,0.0,0.0,0.0,0.0,0.0,0.0,0.0,0.0,0.0,0.0
F4,0.1,50,V3,RAF,10,1.0,1.0,0.0,1.0,1.0,0.0,1.0,1.0,1.0,1.0
F4,0.1,50,V3,DAF,10,1.0,1.0,0.0,1.0,1.0,0.0,1.0,1.0,1.0,1.0
F4,0.1,50,V3,P95,10,47.42629999999999,47.873000000000005,3.8567106897516235,43.551,50.859,7.308,42.341,54.06,45.035885949036896,49.816714050963085
F4,0.1,50,V3,throughput,10,1525.0368199119064,1517.7717945289814,64.35434923564551,1472.0830764657335,1591.0514282046647,118.96835173893123,1429.2214878541674,1618.0258937903557,1485.1495810110855,1564.9240588127273
F4,0.1,50,V4,DER,10,0.0,0.0,0.0,0.0,0.0,0.0,0.0,0.0,0.0,0.0
F4,0.1,50,V4,EOER,10,1.0,1.0,0.0,1.0,1.0,0.0,1.0,1.0,1.0,1.0
F4,0.1,50,V4,LER,10,0.0,0.0,0.0,0.0,0.0,0.0,0.0,0.0,0.0,0.0
F4,0.1,50,V4,RSR,10,0.0,0.0,0.0,0.0,0.0,0.0,0.0,0.0,0.0,0.0
F4,0.1,50,V4,UAR,10,0.0,0.0,0.0,0.0,0.0,0.0,0.0,0.0,0.0,0.0
F4,0.1,50,V4,RAF,10,1.1006399999999998,1.1007,0.003170068348369357,1.0981,1.1021,0.0040000000000000036,1.0963,1.1074,1.0986751712814258,1.102604828718574
F4,0.1,50,V4,DAF,10,1.0,1.0,0.0,1.0,1.0,0.0,1.0,1.0,1.0,1.0
F4,0.1,50,V4,P95,10,2015.0726999999995,2014.3665,2.9448803427869996,2012.986,2016.04,3.05399999999986,2012.441,2022.154,2013.2474442533062,2016.8979557466928
F4,0.1,50,V4,throughput,10,190.19250716625535,190.37623128365294,6.331773628831521,185.47814400653883,196.87201490797983,11.393870901441005,178.10264637273667,197.73710482152592,186.26803321229872,194.116981120212
F4,0.1,50,V5,DER,10,0.0,0.0,0.0,0.0,0.0,0.0,0.0,0.0,0.0,0.0
F4,0.1,50,V5,EOER,10,1.0,1.0,0.0,1.0,1.0,0.0,1.0,1.0,1.0,1.0
F4,0.1,50,V5,LER,10,0.0,0.0,0.0,0.0,0.0,0.0,0.0,0.0,0.0,0.0
F4,0.1,50,V5,RSR,10,0.0,0.0,0.0,0.0,0.0,0.0,0.0,0.0,0.0,0.0
F4,0.1,50,V5,UAR,10,0.0,0.0,0.0,0.0,0.0,0.0,0.0,0.0,0.0,0.0
F4,0.1,50,V5,RAF,10,1.0983999999999998,1.0984,0.001953913451967047,1.0966,1.1002,0.0036000000000000476,1.0951,1.1009,1.0971889518956244,1.0996110481043753
F4,0.1,50,V5,DAF,10,1.0,1.0,0.0,1.0,1.0,0.0,1.0,1.0,1.0,1.0
F4,0.1,50,V5,P95,10,2012.8962,2013.058,0.8864396701913192,2012.25,2013.6399999999999,1.3899999999998727,2011.417,2014.027,2012.3467790002378,2013.445620999762
F4,0.1,50,V5,throughput,10,194.4693454644673,194.50924762081797,3.5914202000540487,191.18193961005733,198.00721177427755,6.825272164220223,190.48931791850234,198.43177403315283,192.24336016255324,196.69533076638135
F4,0.2,10,V0,DER,10,0.0,0.0,0.0,0.0,0.0,0.0,0.0,0.0,0.0,0.0
F4,0.2,10,V0,EOER,10,1.0,1.0,0.0,1.0,1.0,0.0,1.0,1.0,1.0,1.0
F4,0.2,10,V0,LER,10,0.0,0.0,0.0,0.0,0.0,0.0,0.0,0.0,0.0,0.0
F4,0.2,10,V0,RSR,10,0.0,0.0,0.0,0.0,0.0,0.0,0.0,0.0,0.0,0.0
F4,0.2,10,V0,UAR,10,0.0,0.0,0.0,0.0,0.0,0.0,0.0,0.0,0.0,0.0
F4,0.2,10,V0,RAF,10,1.0,1.0,0.0,1.0,1.0,0.0,1.0,1.0,1.0,1.0
F4,0.2,10,V0,DAF,10,1.0,1.0,0.0,1.0,1.0,0.0,1.0,1.0,1.0,1.0
F4,0.2,10,V0,P95,10,10.9526,10.666,2.4115646926148733,9.126,10.796,1.67,8.266,15.547,9.45789671791266,12.44730328208734
F4,0.2,10,V0,throughput,10,1300.2328608945259,1248.756660702759,208.7638126912124,1142.2991617183106,1475.1020020297535,332.8028403114429,1079.8331194333991,1668.4962838271656,1170.8397092340265,1429.6260125550252
F4,0.2,10,V1,DER,10,0.0,0.0,0.0,0.0,0.0,0.0,0.0,0.0,0.0,0.0
F4,0.2,10,V1,EOER,10,1.0,1.0,0.0,1.0,1.0,0.0,1.0,1.0,1.0,1.0
F4,0.2,10,V1,LER,10,0.0,0.0,0.0,0.0,0.0,0.0,0.0,0.0,0.0,0.0
F4,0.2,10,V1,RSR,10,0.0,0.0,0.0,0.0,0.0,0.0,0.0,0.0,0.0,0.0
F4,0.2,10,V1,UAR,10,0.0,0.0,0.0,0.0,0.0,0.0,0.0,0.0,0.0,0.0
F4,0.2,10,V1,RAF,10,1.0,1.0,0.0,1.0,1.0,0.0,1.0,1.0,1.0,1.0
F4,0.2,10,V1,DAF,10,1.0,1.0,0.0,1.0,1.0,0.0,1.0,1.0,1.0,1.0
F4,0.2,10,V1,P95,10,11.2208,10.5195,2.1708960669118484,9.773,11.479,1.7059999999999995,9.348,15.559,9.875264677551224,12.566335322448777
F4,0.2,10,V1,throughput,10,1256.2883515049937,1277.5954412259998,148.89654387793527,1119.4491663056879,1384.3056660699358,264.8564997642479,1034.6232518841593,1429.3596176491376,1164.0013174862245,1348.5753855237629
F4,0.2,10,V2,DER,10,0.0,0.0,0.0,0.0,0.0,0.0,0.0,0.0,0.0,0.0
F4,0.2,10,V2,EOER,10,1.0,1.0,0.0,1.0,1.0,0.0,1.0,1.0,1.0,1.0
F4,0.2,10,V2,LER,10,0.0,0.0,0.0,0.0,0.0,0.0,0.0,0.0,0.0,0.0
F4,0.2,10,V2,RSR,10,0.0,0.0,0.0,0.0,0.0,0.0,0.0,0.0,0.0,0.0
F4,0.2,10,V2,UAR,10,0.0,0.0,0.0,0.0,0.0,0.0,0.0,0.0,0.0,0.0
F4,0.2,10,V2,RAF,10,1.20087,1.2015500000000001,0.0037921116954951965,1.1984,1.2047,0.006300000000000194,1.1941,1.2051,1.1985196248204926,1.2032203751795076
F4,0.2,10,V2,DAF,10,1.0,1.0,0.0,1.0,1.0,0.0,1.0,1.0,1.0,1.0
F4,0.2,10,V2,P95,10,2015.6333000000002,2015.688,0.8072910875266812,2015.3,2016.137,0.8369999999999891,2014.089,2016.626,2015.1329358000178,2016.1336641999826
F4,0.2,10,V2,throughput,10,24.045357103799425,23.95792529078014,0.44306395903880585,23.608172784881223,24.41741948583222,0.8092467009509967,23.50785997773096,24.776482367070198,23.770743216899366,24.319970990699485
F4,0.2,10,V3,DER,10,0.0,0.0,0.0,0.0,0.0,0.0,0.0,0.0,0.0,0.0
F4,0.2,10,V3,EOER,10,1.0,1.0,0.0,1.0,1.0,0.0,1.0,1.0,1.0,1.0
F4,0.2,10,V3,LER,10,0.0,0.0,0.0,0.0,0.0,0.0,0.0,0.0,0.0,0.0
F4,0.2,10,V3,RSR,10,0.0,0.0,0.0,0.0,0.0,0.0,0.0,0.0,0.0,0.0
F4,0.2,10,V3,UAR,10,0.0,0.0,0.0,0.0,0.0,0.0,0.0,0.0,0.0,0.0
F4,0.2,10,V3,RAF,10,1.0,1.0,0.0,1.0,1.0,0.0,1.0,1.0,1.0,1.0
F4,0.2,10,V3,DAF,10,1.0,1.0,0.0,1.0,1.0,0.0,1.0,1.0,1.0,1.0
F4,0.2,10,V3,P95,10,11.512400000000001,10.665,2.133888740200753,10.583,11.061,0.47799999999999976,9.144,15.569,10.18980205628535,12.834997943714653
F4,0.2,10,V3,throughput,10,1202.8374180655187,1198.3397714260718,112.55816283653638,1145.8307949675393,1254.0829865893709,108.25219162183157,1055.6391495950468,1444.8384871012556,1133.0731459592344,1272.601690171803
F4,0.2,10,V4,DER,10,0.0,0.0,0.0,0.0,0.0,0.0,0.0,0.0,0.0,0.0
F4,0.2,10,V4,EOER,10,1.0,1.0,0.0,1.0,1.0,0.0,1.0,1.0,1.0,1.0
F4,0.2,10,V4,LER,10,0.0,0.0,0.0,0.0,0.0,0.0,0.0,0.0,0.0,0.0
F4,0.2,10,V4,RSR,10,0.0,0.0,0.0,0.0,0.0,0.0,0.0,0.0,0.0,0.0
F4,0.2,10,V4,UAR,10,0.0,0.0,0.0,0.0,0.0,0.0,0.0,0.0,0.0,0.0
F4,0.2,10,V4,RAF,10,1.2042499999999998,1.20355,0.005143118379608464,1.2015,1.2098,0.008299999999999974,1.1948,1.2119,1.2010622622023341,1.2074377377976655
F4,0.2,10,V4,DAF,10,1.0,1.0,0.0,1.0,1.0,0.0,1.0,1.0,1.0,1.0
F4,0.2,10,V4,P95,10,2015.6018,2015.74,0.8999859011241589,2015.001,2016.008,1.0070000000000618,2013.6789999999999,2016.694,2015.04398295932,2016.15961704068
F4,0.2,10,V4,throughput,10,23.646938905459745,23.75582679544143,0.5948768764201118,22.985884720499456,23.958769591914848,0.9728848714153919,22.815327356134862,24.766826409365873,23.27823039751635,24.01564741340314
F4,0.2,10,V5,DER,10,0.0,0.0,0.0,0.0,0.0,0.0,0.0,0.0,0.0,0.0
F4,0.2,10,V5,EOER,10,1.0,1.0,0.0,1.0,1.0,0.0,1.0,1.0,1.0,1.0
F4,0.2,10,V5,LER,10,0.0,0.0,0.0,0.0,0.0,0.0,0.0,0.0,0.0,0.0
F4,0.2,10,V5,RSR,10,0.0,0.0,0.0,0.0,0.0,0.0,0.0,0.0,0.0,0.0
F4,0.2,10,V5,UAR,10,0.0,0.0,0.0,0.0,0.0,0.0,0.0,0.0,0.0,0.0
F4,0.2,10,V5,RAF,10,1.2002300000000001,1.20105,0.0031130727942376016,1.1974,1.2029,0.00550000000000006,1.1961,1.2043,1.1983004974918678,1.2021595025081324
F4,0.2,10,V5,DAF,10,1.0,1.0,0.0,1.0,1.0,0.0,1.0,1.0,1.0,1.0
F4,0.2,10,V5,P95,10,2015.1235999999997,2014.897,0.7141733683077157,2014.601,2015.398,0.7969999999997981,2014.3719999999998,2016.466,2014.6809507603348,2015.5662492396646
F4,0.2,10,V5,throughput,10,24.1445547266489,23.982060760239087,0.3714851894429299,23.8426597106112,24.5509397385493,0.7082800279380983,23.661027880859276,24.6835283434966,23.914305820779774,24.374803632518024
F4,0.2,50,V0,DER,10,0.0,0.0,0.0,0.0,0.0,0.0,0.0,0.0,0.0,0.0
F4,0.2,50,V0,EOER,10,1.0,1.0,0.0,1.0,1.0,0.0,1.0,1.0,1.0,1.0
F4,0.2,50,V0,LER,10,0.0,0.0,0.0,0.0,0.0,0.0,0.0,0.0,0.0,0.0
F4,0.2,50,V0,RSR,10,0.0,0.0,0.0,0.0,0.0,0.0,0.0,0.0,0.0,0.0
F4,0.2,50,V0,UAR,10,0.0,0.0,0.0,0.0,0.0,0.0,0.0,0.0,0.0,0.0
F4,0.2,50,V0,RAF,10,1.0,1.0,0.0,1.0,1.0,0.0,1.0,1.0,1.0,1.0
F4,0.2,50,V0,DAF,10,1.0,1.0,0.0,1.0,1.0,0.0,1.0,1.0,1.0,1.0
F4,0.2,50,V0,P95,10,43.0059,43.4955,3.9571900931511155,41.062,46.065,5.003,34.632,48.662,40.55320816959216,45.45859183040783
F4,0.2,50,V0,throughput,10,1702.897152100027,1687.3012913759521,103.637372758851,1641.4011352710404,1737.3303062181024,95.92917094706195,1558.5334987771007,1916.2157253988685,1638.662042967791,1767.1322612322629
F4,0.2,50,V1,DER,10,0.0,0.0,0.0,0.0,0.0,0.0,0.0,0.0,0.0,0.0
F4,0.2,50,V1,EOER,10,1.0,1.0,0.0,1.0,1.0,0.0,1.0,1.0,1.0,1.0
F4,0.2,50,V1,LER,10,0.0,0.0,0.0,0.0,0.0,0.0,0.0,0.0,0.0,0.0
F4,0.2,50,V1,RSR,10,0.0,0.0,0.0,0.0,0.0,0.0,0.0,0.0,0.0,0.0
F4,0.2,50,V1,UAR,10,0.0,0.0,0.0,0.0,0.0,0.0,0.0,0.0,0.0,0.0
F4,0.2,50,V1,RAF,10,1.0,1.0,0.0,1.0,1.0,0.0,1.0,1.0,1.0,1.0
F4,0.2,50,V1,DAF,10,1.0,1.0,0.0,1.0,1.0,0.0,1.0,1.0,1.0,1.0
F4,0.2,50,V1,P95,10,45.734399999999994,47.8135,7.277374667037862,45.307,49.66,4.352999999999994,26.832,51.624,41.22383645048716,50.244963549512825
F4,0.2,50,V1,throughput,10,1602.1567804776403,1618.6829176294261,60.67992199505098,1582.3949029600826,1638.4830762122235,56.088173252140905,1489.2176773445728,1676.4551387299978,1564.5469751754813,1639.7665857797992
F4,0.2,50,V2,DER,10,0.0,0.0,0.0,0.0,0.0,0.0,0.0,0.0,0.0,0.0
F4,0.2,50,V2,EOER,10,1.0,1.0,0.0,1.0,1.0,0.0,1.0,1.0,1.0,1.0
F4,0.2,50,V2,LER,10,0.0,0.0,0.0,0.0,0.0,0.0,0.0,0.0,0.0,0.0
F4,0.2,50,V2,RSR,10,0.0,0.0,0.0,0.0,0.0,0.0,0.0,0.0,0.0,0.0
F4,0.2,50,V2,UAR,10,0.0,0.0,0.0,0.0,0.0,0.0,0.0,0.0,0.0,0.0
F4,0.2,50,V2,RAF,10,1.20004,1.2016,0.004164452745159503,1.1975,1.2021,0.0045999999999999375,1.1933,1.2058,1.1974588454469623,1.2026211545530376
F4,0.2,50,V2,DAF,10,1.0,1.0,0.0,1.0,1.0,0.0,1.0,1.0,1.0,1.0
F4,0.2,50,V2,P95,10,2616.5023,2377.4655,644.494164866103,2056.409,3153.241,1096.8319999999999,2053.309,3571.6760000000004,2217.040678065669,3015.963921934331
F4,0.2,50,V2,throughput,10,97.30285993457407,97.40415556853947,2.83692243367065,94.16400506873649,100.22802588953178,6.064020820795292,93.95495329882363,101.35671450209439,95.54451719319114,99.061202675957
F4,0.2,50,V3,DER,10,0.0,0.0,0.0,0.0,0.0,0.0,0.0,0.0,0.0,0.0
F4,0.2,50,V3,EOER,10,1.0,1.0,0.0,1.0,1.0,0.0,1.0,1.0,1.0,1.0
F4,0.2,50,V3,LER,10,0.0,0.0,0.0,0.0,0.0,0.0,0.0,0.0,0.0,0.0
F4,0.2,50,V3,RSR,10,0.0,0.0,0.0,0.0,0.0,0.0,0.0,0.0,0.0,0.0
F4,0.2,50,V3,UAR,10,0.0,0.0,0.0,0.0,0.0,0.0,0.0,0.0,0.0,0.0
F4,0.2,50,V3,RAF,10,1.0,1.0,0.0,1.0,1.0,0.0,1.0,1.0,1.0,1.0
F4,0.2,50,V3,DAF,10,1.0,1.0,0.0,1.0,1.0,0.0,1.0,1.0,1.0,1.0
F4,0.2,50,V3,P95,10,44.718,47.473,9.215443306392446,45.319,48.6,3.280999999999999,20.021,51.627,39.0062090627148,50.429790937285205
F4,0.2,50,V3,throughput,10,1616.4908197924808,1639.2433578387488,75.12473162720173,1568.1097265256333,1680.154934788956,112.04520826332282,1490.2327898937563,1699.7562886627015,1569.9280287245151,1663.0536108604465
F4,0.2,50,V4,DER,10,0.0,0.0,0.0,0.0,0.0,0.0,0.0,0.0,0.0,0.0
F4,0.2,50,V4,EOER,10,1.0,1.0,0.0,1.0,1.0,0.0,1.0,1.0,1.0,1.0
F4,0.2,50,V4,LER,10,0.0,0.0,0.0,0.0,0.0,0.0,0.0,0.0,0.0,0.0
F4,0.2,50,V4,RSR,10,0.0,0.0,0.0,0.0,0.0,0.0,0.0,0.0,0.0,0.0
F4,0.2,50,V4,UAR,10,0.0,0.0,0.0,0.0,0.0,0.0,0.0,0.0,0.0,0.0
F4,0.2,50,V4,RAF,10,1.2008100000000002,1.20035,0.0027061452699775924,1.1996,1.2022,0.0025999999999999357,1.1971,1.2066,1.1991327137844456,1.2024872862155547
F4,0.2,50,V4,DAF,10,1.0,1.0,0.0,1.0,1.0,0.0,1.0,1.0,1.0,1.0
F4,0.2,50,V4,P95,10,2382.9954,2066.8464999999997,436.45797874052744,2056.7019999999998,2832.2980000000002,775.5960000000005,2051.087,3147.136,2112.4759421084104,2653.514857891589
F4,0.2,50,V4,throughput,10,96.92793114749836,97.3846339258562,2.0334185483802796,95.47960772826865,97.49266890369704,2.0130611754283905,94.06063718381569,101.1403656379761,95.66760527383262,98.18825702116409
F4,0.2,50,V5,DER,10,0.0,0.0,0.0,0.0,0.0,0.0,0.0,0.0,0.0,0.0
F4,0.2,50,V5,EOER,10,1.0,1.0,0.0,1.0,1.0,0.0,1.0,1.0,1.0,1.0
F4,0.2,50,V5,LER,10,0.0,0.0,0.0,0.0,0.0,0.0,0.0,0.0,0.0,0.0
F4,0.2,50,V5,RSR,10,0.0,0.0,0.0,0.0,0.0,0.0,0.0,0.0,0.0,0.0
F4,0.2,50,V5,UAR,10,0.0,0.0,0.0,0.0,0.0,0.0,0.0,0.0,0.0,0.0
F4,0.2,50,V5,RAF,10,1.19992,1.1996,0.0018943189922619589,1.1986,1.2001,0.0014999999999998348,1.1977,1.2041,1.1987458889244293,1.2010941110755708
F4,0.2,50,V5,DAF,10,1.0,1.0,0.0,1.0,1.0,0.0,1.0,1.0,1.0,1.0
F4,0.2,50,V5,P95,10,2377.9706000000006,2090.076,409.66503394092865,2055.515,2887.308,831.7930000000001,2048.983,2927.563,2124.0575813432306,2631.8836186567705
F4,0.2,50,V5,throughput,10,98.20153833226468,97.56981241149549,1.362397293122121,97.42793855656457,98.1887244430454,0.7607858864808321,97.30794733661699,101.13760393393196,97.35711574149914,99.04596092303021
F8,0.01,10,V0,DER,10,0.010280000000000001,0.010450000000000001,0.0008854377448471462,0.0098,0.011,0.0011999999999999997,0.0087,0.0114,0.0097312,0.010828800000000001
F8,0.01,10,V0,EOER,10,0.9897200000000002,0.98955,0.0008854377448471314,0.989,0.9902,0.0011999999999999789,0.9886,0.9913,0.9891712000000001,0.9902688000000002
F8,0.01,10,V0,LER,10,0.0,0.0,0.0,0.0,0.0,0.0,0.0,0.0,0.0,0.0
F8,0.01,10,V0,RSR,10,0.0,0.0,0.0,0.0,0.0,0.0,0.0,0.0,0.0,0.0
F8,0.01,10,V0,UAR,10,0.0,0.0,0.0,0.0,0.0,0.0,0.0,0.0,0.0,0.0
F8,0.01,10,V0,RAF,10,1.04112,1.0418,0.003541750979388612,1.0392,1.044,0.0048000000000001375,1.0348,1.0456,1.0389248,1.0433152
F8,0.01,10,V0,DAF,10,1.04112,1.0418,0.003541750979388612,1.0392,1.044,0.0048000000000001375,1.0348,1.0456,1.0389248,1.0433152
F8,0.01,10,V0,P95,10,9.312299999999999,8.1935,2.0088836064950213,7.988,10.258,2.2699999999999987,7.793,13.171,8.067181040863252,10.557418959136745
F8,0.01,10,V0,throughput,10,1022.8173169004461,1048.0189456759208,69.2338989229415,963.966159747769,1070.7796055931083,106.81344584533929,904.8857527542864,1105.212737241199,979.9057017699329,1065.7289320309594
F8,0.01,10,V1,DER,10,0.0,0.0,0.0,0.0,0.0,0.0,0.0,0.0,0.0,0.0
F8,0.01,10,V1,EOER,10,1.0,1.0,0.0,1.0,1.0,0.0,1.0,1.0,1.0,1.0
F8,0.01,10,V1,LER,10,0.0,0.0,0.0,0.0,0.0,0.0,0.0,0.0,0.0,0.0
F8,0.01,10,V1,RSR,10,0.0,0.0,0.0,0.0,0.0,0.0,0.0,0.0,0.0,0.0
F8,0.01,10,V1,UAR,10,0.0,0.0,0.0,0.0,0.0,0.0,0.0,0.0,0.0,0.0
F8,0.01,10,V1,RAF,10,1.041,1.041,0.0025733678754158245,1.0388,1.0432,0.0043999999999999595,1.038,1.0452,1.0394050100662107,1.0425949899337892
F8,0.01,10,V1,DAF,10,1.041,1.041,0.0025733678754158245,1.0388,1.0432,0.0043999999999999595,1.038,1.0452,1.0394050100662107,1.0425949899337892
F8,0.01,10,V1,P95,10,8.7196,8.125,1.5029190264282368,8.033,8.188,0.15500000000000114,7.843,12.575,7.788081136586059,9.65111886341394
F8,0.01,10,V1,throughput,10,1038.5791730729995,1061.4729941139483,72.71385133349243,1029.8174124150248,1090.9257371147964,61.10832469977163,863.6251474686458,1096.4887193239385,993.5106610922849,1083.6476850537142
F8,0.01,10,V2,DER,10,0.0,0.0,0.0,0.0,0.0,0.0,0.0,0.0,0.0,0.0
F8,0.01,10,V2,EOER,10,1.0,1.0,0.0,1.0,1.0,0.0,1.0,1.0,1.0,1.0
F8,0.01,10,V2,LER,10,0.0,0.0,0.0,0.0,0.0,0.0,0.0,0.0,0.0,0.0
F8,0.01,10,V2,RSR,10,0.0,0.0,0.0,0.0,0.0,0.0,0.0,0.0,0.0,0.0
F8,0.01,10,V2,UAR,10,0.009510000000000001,0.009600000000000001,0.0013160969231447626,0.0081,0.0106,0.0025000000000000005,0.0077,0.0116,0.008694274675859304,0.010325725324140698
F8,0.01,10,V2,RAF,10,1.03804,1.0384,0.00526438769257905,1.0324,1.0424,0.010000000000000009,1.0308,1.0464,1.0347770987034373,1.0413029012965629
F8,0.01,10,V2,DAF,10,1.0,1.0,0.0,1.0,1.0,0.0,1.0,1.0,1.0,1.0
F8,0.01,10,V2,P95,10,11.265,10.307,1.7567239079857964,9.965,12.743,2.7780000000000005,9.192,14.37,10.176171241215794,12.353828758784207
F8,0.01,10,V2,throughput,10,704.730115826356,702.0625576726899,64.90200827714914,654.117514002738,737.3388675798634,83.22135357712546,604.7771916609663,826.840832907047,664.5034343348772,744.9567973178349
F8,0.01,10,V3,DER,10,0.0,0.0,0.0,0.0,0.0,0.0,0.0,0.0,0.0,0.0
F8,0.01,10,V3,EOER,10,1.0,1.0,0.0,1.0,1.0,0.0,1.0,1.0,1.0,1.0
F8,0.01,10,V3,LER,10,0.0,0.0,0.0,0.0,0.0,0.0,0.0,0.0,0.0,0.0
F8,0.01,10,V3,RSR,10,0.0,0.0,0.0,0.0,0.0,0.0,0.0,0.0,0.0,0.0
F8,0.01,10,V3,UAR,10,0.0,0.0,0.0,0.0,0.0,0.0,0.0,0.0,0.0,0.0
F8,0.01,10,V3,RAF,10,1.04104,1.0418,0.0030299248248833515,1.0396,1.0424,0.0027999999999999137,1.0352,1.0452,1.0391620331371991,1.0429179668628008
F8,0.01,10,V3,DAF,10,1.04104,1.0418,0.0030299248248833515,1.0396,1.0424,0.0027999999999999137,1.0352,1.0452,1.0391620331371991,1.0429179668628008
F8,0.01,10,V3,P95,10,9.2818,8.3625,2.0258859680533736,7.984,10.139,2.1549999999999994,7.698,13.114,8.02614286799054,10.537457132009461
F8,0.01,10,V3,throughput,10,1017.0953348526084,1035.430420589217,101.29402953764466,952.3463964566381,1069.815419968022,117.46902351138397,848.3158742395113,1184.2383483867616,954.3126448964038,1079.878024808813
F8,0.01,10,V4,DER,10,0.0,0.0,0.0,0.0,0.0,0.0,0.0,0.0,0.0,0.0
F8,0.01,10,V4,EOER,10,1.0,1.0,0.0,1.0,1.0,0.0,1.0,1.0,1.0,1.0
F8,0.01,10,V4,LER,10,0.0,0.0,0.0,0.0,0.0,0.0,0.0,0.0,0.0,0.0
F8,0.01,10,V4,RSR,10,0.0,0.0,0.0,0.0,0.0,0.0,0.0,0.0,0.0,0.0
F8,0.01,10,V4,UAR,10,0.009940000000000001,0.0103,0.0011964763079792076,0.0089,0.0105,0.0016000000000000007,0.0076,0.0117,0.009198416301269897,0.010681583698730105
F8,0.01,10,V4,RAF,10,1.03976,1.0412,0.004785905231916841,1.0356,1.042,0.006399999999999961,1.0304,1.0468,1.0367936652050795,1.0427263347949205
F8,0.01,10,V4,DAF,10,1.0,1.0,0.0,1.0,1.0,0.0,1.0,1.0,1.0,1.0
F8,0.01,10,V4,P95,10,11.3089,10.460999999999999,1.4999794405998446,10.147,12.647,2.5,9.771,13.874,10.379203110758732,12.238596889241267
F8,0.01,10,V4,throughput,10,683.5726654358784,694.5322561983655,52.958498352347306,630.2004484165731,722.2635303828165,92.06308196624343,600.0492851683475,750.095194738426,650.7486480897628,716.3966827819941
F8,0.01,10,V5,DER,10,0.0,0.0,0.0,0.0,0.0,0.0,0.0,0.0,0.0,0.0
F8,0.01,10,V5,EOER,10,1.0,1.0,0.0,1.0,1.0,0.0,1.0,1.0,1.0,1.0
F8,0.01,10,V5,LER,10,0.0,0.0,0.0,0.0,0.0,0.0,0.0,0.0,0.0,0.0
F8,0.01,10,V5,RSR,10,0.01048,0.0106,0.0011612254063894933,0.0096,0.0113,0.0017000000000000001,0.0085,0.0121,0.009760265036435093,0.011199734963564906
F8,0.01,10,V5,UAR,10,0.0,0.0,0.0,0.0,0.0,0.0,0.0,0.0,0.0,0.0
F8,0.01,10,V5,RAF,10,1.02096,1.0211999999999999,0.002322450812779005,1.0192,1.0226,0.0033999999999998476,1.017,1.0242,1.0195205300728702,1.02239946992713
F8,0.01,10,V5,DAF,10,1.0,1.0,0.0,1.0,1.0,0.0,1.0,1.0,1.0,1.0
F8,0.01,10,V5,P95,10,11.704900000000002,10.9825,1.3673000524147334,10.931,12.632,1.7010000000000005,10.821,14.873,10.857438647542361,12.552361352457643
F8,0.01,10,V5,throughput,10,827.5982189129425,838.5058513160934,54.64606739890676,831.2885757378326,855.0284822695255,23.739906531692895,708.5768565940166,892.9561553261507,793.7282354352252,861.4682023906597
F8,0.01,50,V0,DER,10,0.009969999999999998,0.0097,0.0009117138927438929,0.0093,0.0104,0.0011000000000000003,0.0091,0.0119,0.009404913874804122,0.010535086125195874
F8,0.01,50,V0,EOER,10,0.99003,0.9903,0.0009117138927438987,0.9896,0.9907,0.0010999999999999899,0.9881,0.9909,0.9894649138748041,0.9905950861251959
F8,0.01,50,V0,LER,10,0.0,0.0,0.0,0.0,0.0,0.0,0.0,0.0,0.0,0.0
F8,0.01,50,V0,RSR,10,0.0,0.0,0.0,0.0,0.0,0.0,0.0,0.0,0.0,0.0
F8,0.01,50,V0,UAR,10,0.0,0.0,0.0,0.0,0.0,0.0,0.0,0.0,0.0,0.0
F8,0.01,50,V0,RAF,10,1.0398800000000001,1.0388,0.003646855570975606,1.0372,1.0416,0.0044000000000001815,1.0364,1.0476,1.0376196554992165,1.0421403445007837
F8,0.01,50,V0,DAF,10,1.0398800000000001,1.0388,0.003646855570975606,1.0372,1.0416,0.0044000000000001815,1.0364,1.0476,1.0376196554992165,1.0421403445007837
F8,0.01,50,V0,P95,10,32.53359999999999,36.577,10.533323388180959,33.572,38.872,5.299999999999997,12.438,40.799,26.00497852539634,39.062221474603646
F8,0.01,50,V0,throughput,10,1630.2881221209318,1635.0671292568518,44.91667700516738,1618.5331379709141,1656.5368787340963,38.00374076318212,1542.9389687160713,1689.1164471169086,1602.4484772854937,1658.12776695637
F8,0.01,50,V1,DER,10,0.0,0.0,0.0,0.0,0.0,0.0,0.0,0.0,0.0,0.0
F8,0.01,50,V1,EOER,10,1.0,1.0,0.0,1.0,1.0,0.0,1.0,1.0,1.0,1.0
F8,0.01,50,V1,LER,10,0.0,0.0,0.0,0.0,0.0,0.0,0.0,0.0,0.0,0.0
F8,0.01,50,V1,RSR,10,0.0,0.0,0.0,0.0,0.0,0.0,0.0,0.0,0.0,0.0
F8,0.01,50,V1,UAR,10,0.0,0.0,0.0,0.0,0.0,0.0,0.0,0.0,0.0,0.0
F8,0.01,50,V1,RAF,10,1.03888,1.0390000000000001,0.004952395604373905,1.0356,1.0424,0.006799999999999917,1.03,1.0472,1.0358104734031306,1.0419495265968695
F8,0.01,50,V1,DAF,10,1.03888,1.0390000000000001,0.004952395604373905,1.0356,1.0424,0.006799999999999917,1.03,1.0472,1.0358104734031306,1.0419495265968695
F8,0.01,50,V1,P95,10,34.6161,38.403,9.508193466105372,34.051,39.454,5.402999999999999,11.694,44.711,28.722860633860904,40.5093393661391
F8,0.01,50,V1,throughput,10,1624.4608296206366,1616.617468529394,51.098182427060244,1601.2689499346138,1648.1744470527951,46.9054971181813,1554.260243162955,1736.662824809838,1592.7898480308336,1656.1318112104395
F8,0.01,50,V2,DER,10,0.0,0.0,0.0,0.0,0.0,0.0,0.0,0.0,0.0,0.0
F8,0.01,50,V2,EOER,10,1.0,1.0,0.0,1.0,1.0,0.0,1.0,1.0,1.0,1.0
F8,0.01,50,V2,LER,10,0.0,0.0,0.0,0.0,0.0,0.0,0.0,0.0,0.0,0.0
F8,0.01,50,V2,RSR,10,0.0,0.0,0.0,0.0,0.0,0.0,0.0,0.0,0.0,0.0
F8,0.01,50,V2,UAR,10,0.00907,0.00875,0.000856413711032492,0.0086,0.0098,0.0011999999999999997,0.0076,0.0105,0.00853918928253305,0.00960081071746695
F8,0.01,50,V2,RAF,10,1.0362799999999999,1.035,0.003425654844129984,1.0344,1.0392,0.0047999999999999154,1.0304,1.042,1.034156757130132,1.0384032428698677
F8,0.01,50,V2,DAF,10,1.0,1.0,0.0,1.0,1.0,0.0,1.0,1.0,1.0,1.0
F8,0.01,50,V2,P95,10,41.859899999999996,43.835,16.797376438334386,34.797,44.702,9.905000000000001,18.583,80.117,31.448778220964826,52.271021779035166
F8,0.01,50,V2,throughput,10,1268.782044379062,1309.8854139814996,113.56900436274442,1266.4242397891378,1321.8363129326856,55.41207314354779,959.9720442711412,1345.142231746077,1198.3912462038231,1339.1728425543008
F8,0.01,50,V3,DER,10,0.0,0.0,0.0,0.0,0.0,0.0,0.0,0.0,0.0,0.0
F8,0.01,50,V3,EOER,10,1.0,1.0,0.0,1.0,1.0,0.0,1.0,1.0,1.0,1.0
F8,0.01,50,V3,LER,10,0.0,0.0,0.0,0.0,0.0,0.0,0.0,0.0,0.0,0.0
F8,0.01,50,V3,RSR,10,0.0,0.0,0.0,0.0,0.0,0.0,0.0,0.0,0.0,0.0
F8,0.01,50,V3,UAR,10,0.0,0.0,0.0,0.0,0.0,0.0,0.0,0.0,0.0,0.0
F8,0.01,50,V3,RAF,10,1.04124,1.0412,0.003916687943204642,1.0396,1.0428,0.0031999999999998696,1.0348,1.048,1.038812411662209,1.0436675883377908
F8,0.01,50,V3,DAF,10,1.04124,1.0412,0.003916687943204642,1.0396,1.0428,0.0031999999999998696,1.0348,1.048,1.038812411662209,1.0436675883377908
F8,0.01,50,V3,P95,10,43.3602,40.4935,12.758349194851885,37.244,41.172,3.9279999999999973,33.772,78.63,35.45249324265656,51.26790675734344
F8,0.01,50,V3,throughput,10,1555.3554294847063,1604.5045506408317,169.59008335259054,1530.1432608623086,1616.9878593985618,86.84459853625322,1101.4041911878085,1733.016972542927,1450.2424068181963,1660.4684521512163
F8,0.01,50,V4,DER,10,0.0,0.0,0.0,0.0,0.0,0.0,0.0,0.0,0.0,0.0
F8,0.01,50,V4,EOER,10,1.0,1.0,0.0,1.0,1.0,0.0,1.0,1.0,1.0,1.0
F8,0.01,50,V4,LER,10,0.0,0.0,0.0,0.0,0.0,0.0,0.0,0.0,0.0,0.0
F8,0.01,50,V4,RSR,10,0.0,0.0,0.0,0.0,0.0,0.0,0.0,0.0,0.0,0.0
F8,0.01,50,V4,UAR,10,0.0099,0.009600000000000001,0.0009966610925150705,0.0089,0.0106,0.0017000000000000001,0.0089,0.0119,0.009282263054906596,0.010517736945093406
F8,0.01,50,V4,RAF,10,1.0396,1.0384,0.00398664437006028,1.0356,1.0424,0.006799999999999917,1.0356,1.0476,1.0371290522196264,1.0420709477803738
F8,0.01,50,V4,DAF,10,1.0,1.0,0.0,1.0,1.0,0.0,1.0,1.0,1.0,1.0
F8,0.01,50,V4,P95,10,39.4488,42.691500000000005,8.476314316965835,37.905,43.703,5.798000000000002,21.161,49.019,34.195125956599135,44.70247404340086
F8,0.01,50,V4,throughput,10,1287.6986606385456,1291.1805858634305,36.15300673070248,1267.1603339526077,1307.9122394000678,40.7519054474601,1234.6194462782837,1354.393213334956,1265.2907949141918,1310.1065263628993
F8,0.01,50,V5,DER,10,0.0,0.0,0.0,0.0,0.0,0.0,0.0,0.0,0.0,0.0
F8,0.01,50,V5,EOER,10,1.0,1.0,0.0,1.0,1.0,0.0,1.0,1.0,1.0,1.0
F8,0.01,50,V5,LER,10,0.0,0.0,0.0,0.0,0.0,0.0,0.0,0.0,0.0,0.0
F8,0.01,50,V5,RSR,10,0.009989999999999999,0.00975,0.0011298475806742943,0.0095,0.0102,0.000700000000000001,0.0086,0.0125,0.009289713214302723,0.010690286785697275
F8,0.01,50,V5,UAR,10,0.0,0.0,0.0,0.0,0.0,0.0,0.0,0.0,0.0,0.0
F8,0.01,50,V5,RAF,10,1.0199799999999999,1.0195,0.0022596951613485404,1.019,1.0204,0.0014000000000000679,1.0172,1.025,1.0185794264286054,1.0213805735713943
F8,0.01,50,V5,DAF,10,1.0,1.0,0.0,1.0,1.0,0.0,1.0,1.0,1.0,1.0
F8,0.01,50,V5,P95,10,43.69169999999999,47.973,9.854585667483834,44.647,49.119,4.472000000000001,19.016,49.265,37.583764523126064,49.79963547687392
F8,0.01,50,V5,throughput,10,1335.9013926675698,1342.9897926753033,46.92571903922326,1300.0902186057633,1373.59826335269,73.50804474692677,1252.7926305050817,1397.1040339037984,1306.8165306785754,1364.9862546565641
F8,0.05,10,V0,DER,10,0.04868,0.04825,0.0023948092014002107,0.0472,0.0501,0.0029,0.0454,0.0539,0.0471956818789611,0.0501643181210389
F8,0.05,10,V0,EOER,10,0.9513199999999999,0.95175,0.0023948092014001963,0.9499,0.9528,0.0029000000000000137,0.9461,0.9546,0.9498356818789611,0.9528043181210388
F8,0.05,10,V0,LER,10,0.0,0.0,0.0,0.0,0.0,0.0,0.0,0.0,0.0,0.0
F8,0.05,10,V0,RSR,10,0.0,0.0,0.0,0.0,0.0,0.0,0.0,0.0,0.0,0.0
F8,0.05,10,V0,UAR,10,0.0,0.0,0.0,0.0,0.0,0.0,0.0,0.0,0.0,0.0
F8,0.05,10,V0,RAF,10,1.19472,1.193,0.009579236805600841,1.1888,1.2004,0.011599999999999833,1.1816,1.2156,1.1887827275158445,1.2006572724841555
F8,0.05,10,V0,DAF,10,1.19472,1.193,0.009579236805600841,1.1888,1.2004,0.011599999999999833,1.1816,1.2156,1.1887827275158445,1.2006572724841555
F8,0.05,10,V0,P95,10,17.204800000000002,14.617,6.245870881363676,12.636,24.088,11.452000000000002,10.762,26.846999999999998,13.333569120539225,21.07603087946078
F8,0.05,10,V0,throughput,10,413.0187231827566,411.14383906066905,27.58335291798538,390.0321662083904,426.87876423626295,36.846598027872574,368.1505707803007,461.5036070923804,395.92238392063985,430.1150624448734
F8,0.05,10,V1,DER,10,0.0,0.0,0.0,0.0,0.0,0.0,0.0,0.0,0.0,0.0
F8,0.05,10,V1,EOER,10,1.0,1.0,0.0,1.0,1.0,0.0,1.0,1.0,1.0,1.0
F8,0.05,10,V1,LER,10,0.0,0.0,0.0,0.0,0.0,0.0,0.0,0.0,0.0,0.0
F8,0.05,10,V1,RSR,10,0.0,0.0,0.0,0.0,0.0,0.0,0.0,0.0,0.0,0.0
F8,0.05,10,V1,UAR,10,0.0,0.0,0.0,0.0,0.0,0.0,0.0,0.0,0.0,0.0
F8,0.05,10,V1,RAF,10,1.1975599999999997,1.1985999999999999,0.009168933053160192,1.19,1.2,0.010000000000000009,1.1856,1.2156,1.1918770364163285,1.203242963583671
F8,0.05,10,V1,DAF,10,1.1975599999999997,1.1985999999999999,0.009168933053160192,1.19,1.2,0.010000000000000009,1.1856,1.2156,1.1918770364163285,1.203242963583671
F8,0.05,10,V1,P95,10,18.4116,17.4035,4.80914548196108,13.399,22.694,9.295,11.988,24.944,15.430860748867378,21.392339251132622
F8,0.05,10,V1,throughput,10,408.4413842031257,410.59018893449877,22.039663228605107,393.87566049447327,423.74537371582585,29.869713221352583,366.32824838336404,437.2950985931493,394.78105940869705,422.1017089975544
F8,0.05,10,V2,DER,10,0.0,0.0,0.0,0.0,0.0,0.0,0.0,0.0,0.0,0.0
F8,0.05,10,V2,EOER,10,1.0,1.0,0.0,1.0,1.0,0.0,1.0,1.0,1.0,1.0
F8,0.05,10,V2,LER,10,0.0,0.0,0.0,0.0,0.0,0.0,0.0,0.0,0.0,0.0
F8,0.05,10,V2,RSR,10,0.0,0.0,0.0,0.0,0.0,0.0,0.0,0.0,0.0,0.0
F8,0.05,10,V2,UAR,10,0.05021,0.04995,0.0014760683513231284,0.0494,0.0513,0.001899999999999999,0.0476,0.0529,0.04929512335743494,0.051124876642565056
F8,0.05,10,V2,RAF,10,1.20084,1.1998000000000002,0.005904273405292547,1.1976,1.2052,0.007600000000000051,1.1904,1.2116,1.1971804934297396,1.2044995065702602
F8,0.05,10,V2,DAF,10,1.0,1.0,0.0,1.0,1.0,0.0,1.0,1.0,1.0,1.0
F8,0.05,10,V2,P95,10,19.5878,19.519,1.3940732325734457,18.754,19.907,1.1529999999999987,17.858,22.089,18.72374445855888,20.451855541441123
F8,0.05,10,V2,throughput,10,248.0016729661283,249.46245420015413,6.284574695321298,246.77340099808075,251.9294602028295,5.156059204748743,236.68149020185103,255.96170572918192,244.1064532142442,251.8968927180124
F8,0.05,10,V3,DER,10,0.0,0.0,0.0,0.0,0.0,0.0,0.0,0.0,0.0,0.0
F8,0.05,10,V3,EOER,10,1.0,1.0,0.0,1.0,1.0,0.0,1.0,1.0,1.0,1.0
F8,0.05,10,V3,LER,10,0.0,0.0,0.0,0.0,0.0,0.0,0.0,0.0,0.0,0.0
F8,0.05,10,V3,RSR,10,0.0,0.0,0.0,0.0,0.0,0.0,0.0,0.0,0.0,0.0
F8,0.05,10,V3,UAR,10,0.0,0.0,0.0,0.0,0.0,0.0,0.0,0.0,0.0,0.0
F8,0.05,10,V3,RAF,10,1.19604,1.1956,0.0070941603527909835,1.1928,1.1996,0.006799999999999917,1.1844,1.2072,1.1916429938589486,1.2004370061410514
F8,0.05,10,V3,DAF,10,1.19604,1.1956,0.0070941603527909835,1.1928,1.1996,0.006799999999999917,1.1844,1.2072,1.1916429938589486,1.2004370061410514
F8,0.05,10,V3,P95,10,17.056599999999996,16.145,5.001646422262707,12.857,18.02,5.163,12.528,27.178,13.956547429944235,20.15665257005576
F8,0.05,10,V3,throughput,10,409.54305376677047,410.47335195872716,20.677666814520233,391.0451920474035,431.63416097044,40.58896892303653,380.3534081294186,435.0027592774416,396.72690309570584,422.3592044378351
F8,0.05,10,V4,DER,10,0.0,0.0,0.0,0.0,0.0,0.0,0.0,0.0,0.0,0.0
F8,0.05,10,V4,EOER,10,1.0,1.0,0.0,1.0,1.0,0.0,1.0,1.0,1.0,1.0
F8,0.05,10,V4,LER,10,0.0,0.0,0.0,0.0,0.0,0.0,0.0,0.0,0.0,0.0
F8,0.05,10,V4,RSR,10,0.0,0.0,0.0,0.0,0.0,0.0,0.0,0.0,0.0,0.0
F8,0.05,10,V4,UAR,10,0.050870000000000005,0.051699999999999996,0.0026356740651639343,0.0488,0.053,0.004199999999999995,0.0457,0.0535,0.049236392289712404,0.05250360771028761
F8,0.05,10,V4,RAF,10,1.2034800000000003,1.2067999999999999,0.010542696260655699,1.1952,1.212,0.016799999999999926,1.1828,1.214,1.19694556915885,1.2100144308411507
F8,0.05,10,V4,DAF,10,1.0,1.0,0.0,1.0,1.0,0.0,1.0,1.0,1.0,1.0
F8,0.05,10,V4,P95,10,20.5405,20.708,2.898310245259774,19.12,21.995,2.875,15.545,26.346999999999998,18.744108698798865,22.33689130120114
F8,0.05,10,V4,throughput,10,242.03461543601549,240.5897172733243,10.842321742664334,236.0238763445626,245.3421004624843,9.318224117921687,225.85015286615567,267.19198809314696,235.31447479710317,248.7547560749278
F8,0.05,10,V5,DER,10,0.0,0.0,0.0,0.0,0.0,0.0,0.0,0.0,0.0,0.0
F8,0.05,10,V5,EOER,10,1.0,1.0,0.0,1.0,1.0,0.0,1.0,1.0,1.0,1.0
F8,0.05,10,V5,LER,10,0.0,0.0,0.0,0.0,0.0,0.0,0.0,0.0,0.0,0.0
F8,0.05,10,V5,RSR,10,0.05073,0.0504,0.0020155230917390495,0.0498,0.0522,0.0024000000000000063,0.0469,0.0541,0.049480765845274256,0.05197923415472574
F8,0.05,10,V5,UAR,10,0.0,0.0,0.0,0.0,0.0,0.0,0.0,0.0,0.0,0.0
F8,0.05,10,V5,RAF,10,1.1014599999999999,1.1008,0.0040310461834780825,1.0996,1.1044,0.0048000000000001375,1.0938,1.1082,1.0989615316905483,1.1039584683094514
F8,0.05,10,V5,DAF,10,1.0,1.0,0.0,1.0,1.0,0.0,1.0,1.0,1.0,1.0
F8,0.05,10,V5,P95,10,13.917600000000002,13.088000000000001,2.0520496636831727,12.561,14.676000000000002,2.115000000000002,12.017,18.115,12.64572644143182,15.189473558568183
F8,0.05,10,V5,throughput,10,405.7595809097273,408.721511682192,21.198306355514184,392.41696915153483,426.2760480480528,33.859078896517985,371.0273482977674,431.95736220431166,392.6207345079235,418.89842731153107
F8,0.05,50,V0,DER,10,0.050519999999999995,0.0505,0.0020394988491184685,0.0486,0.0517,0.0031000000000000055,0.048,0.0547,0.04925590551689273,0.05178409448310726
F8,0.05,50,V0,EOER,10,0.94948,0.9495,0.0020394988491184538,0.9483,0.9514,0.0030999999999999917,0.9453,0.952,0.9482159055168927,0.9507440944831073
F8,0.05,50,V0,LER,10,0.0,0.0,0.0,0.0,0.0,0.0,0.0,0.0,0.0,0.0
F8,0.05,50,V0,RSR,10,0.0,0.0,0.0,0.0,0.0,0.0,0.0,0.0,0.0,0.0
F8,0.05,50,V0,UAR,10,0.0,0.0,0.0,0.0,0.0,0.0,0.0,0.0,0.0,0.0
F8,0.05,50,V0,RAF,10,1.20208,1.202,0.008157995396473924,1.1944,1.2068,0.012400000000000189,1.192,1.2188,1.197023622067571,1.2071363779324291
F8,0.05,50,V0,DAF,10,1.20208,1.202,0.008157995396473924,1.1944,1.2068,0.012400000000000189,1.192,1.2188,1.197023622067571,1.2071363779324291
F8,0.05,50,V0,P95,10,43.4138,43.435500000000005,6.089338274576494,38.983000000000004,47.74,8.756999999999998,33.961,51.643,39.63958903538331,47.188010964616694
F8,0.05,50,V0,throughput,10,1385.0084946674074,1392.0219465864948,68.32289950841034,1382.3975733792597,1410.4911344749323,28.093561095672612,1226.3442934564275,1495.1846707980299,1342.661522823906,1427.3554665109089
F8,0.05,50,V1,DER,10,0.0,0.0,0.0,0.0,0.0,0.0,0.0,0.0,0.0,0.0
F8,0.05,50,V1,EOER,10,1.0,1.0,0.0,1.0,1.0,0.0,1.0,1.0,1.0,1.0
F8,0.05,50,V1,LER,10,0.0,0.0,0.0,0.0,0.0,0.0,0.0,0.0,0.0,0.0
F8,0.05,50,V1,RSR,10,0.0,0.0,0.0,0.0,0.0,0.0,0.0,0.0,0.0,0.0
F8,0.05,50,V1,UAR,10,0.0,0.0,0.0,0.0,0.0,0.0,0.0,0.0,0.0,0.0
F8,0.05,50,V1,RAF,10,1.2007999999999999,1.1996,0.007406903686576594,1.1988,1.2076,0.008799999999999919,1.1856,1.2104,1.1962091535324202,1.2053908464675795
F8,0.05,50,V1,DAF,10,1.2007999999999999,1.1996,0.007406903686576594,1.1988,1.2076,0.008799999999999919,1.1856,1.2104,1.1962091535324202,1.2053908464675795
F8,0.05,50,V1,P95,10,42.4496,42.3965,4.311306020221714,39.412000000000006,45.139,5.726999999999997,35.078,49.345,39.77742484407627,45.12177515592372
F8,0.05,50,V1,throughput,10,1402.921097170931,1407.110808685935,35.56881535846025,1371.9666491688722,1411.9206478663905,39.95399869751827,1353.622865209234,1477.423668365886,1380.8753170104153,1424.9668773314468
F8,0.05,50,V2,DER,10,0.0,0.0,0.0,0.0,0.0,0.0,0.0,0.0,0.0,0.0
F8,0.05,50,V2,EOER,10,1.0,1.0,0.0,1.0,1.0,0.0,1.0,1.0,1.0,1.0
F8,0.05,50,V2,LER,10,0.0,0.0,0.0,0.0,0.0,0.0,0.0,0.0,0.0,0.0
F8,0.05,50,V2,RSR,10,0.0,0.0,0.0,0.0,0.0,0.0,0.0,0.0,0.0,0.0
F8,0.05,50,V2,UAR,10,0.05059999999999999,0.0504,0.002048305532764962,0.0494,0.0527,0.0032999999999999974,0.047,0.0536,0.04933044707781745,0.05186955292218253
F8,0.05,50,V2,RAF,10,1.2024000000000001,1.2016,0.00819322213105988,1.1976,1.2108,0.0132000000000001,1.188,1.2144,1.19732178831127,1.2074782116887304
F8,0.05,50,V2,DAF,10,1.0,1.0,0.0,1.0,1.0,0.0,1.0,1.0,1.0,1.0
F8,0.05,50,V2,P95,10,25.0764,24.3415,1.9005980462300114,23.723,26.68,2.9570000000000007,23.003,28.656000000000002,23.898397126459646,26.254402873540354
F8,0.05,50,V2,throughput,10,1083.9204675545855,1084.7648798930704,28.151499393047267,1053.3298619999316,1111.9566683282949,58.62680632836327,1049.9908101170922,1122.3079272009422,1066.4719874589337,1101.3689476502373
F8,0.05,50,V3,DER,10,0.0,0.0,0.0,0.0,0.0,0.0,0.0,0.0,0.0,0.0
F8,0.05,50,V3,EOER,10,1.0,1.0,0.0,1.0,1.0,0.0,1.0,1.0,1.0,1.0
F8,0.05,50,V3,LER,10,0.0,0.0,0.0,0.0,0.0,0.0,0.0,0.0,0.0,0.0
F8,0.05,50,V3,RSR,10,0.0,0.0,0.0,0.0,0.0,0.0,0.0,0.0,0.0,0.0
F8,0.05,50,V3,UAR,10,0.0,0.0,0.0,0.0,0.0,0.0,0.0,0.0,0.0,0.0
F8,0.05,50,V3,RAF,10,1.1992800000000001,1.1978,0.008878037821250573,1.1928,1.2068,0.014000000000000012,1.1868,1.2132,1.193777335149019,1.2047826648509812
F8,0.05,50,V3,DAF,10,1.1992800000000001,1.1978,0.008878037821250573,1.1928,1.2068,0.014000000000000012,1.1868,1.2132,1.193777335149019,1.2047826648509812
F8,0.05,50,V3,P95,10,45.01010000000001,44.274,13.324220364517476,34.911,47.918,13.006999999999998,29.537,77.647,36.75166265801667,53.26853734198335
F8,0.05,50,V3,throughput,10,1343.7044701242971,1364.3086174680598,131.94252258627193,1351.8157043429137,1396.255901907782,44.440197564868186,994.767508447618,1503.8301685691513,1261.9256473705345,1425.4832928780597
F8,0.05,50,V4,DER,10,0.0,0.0,0.0,0.0,0.0,0.0,0.0,0.0,0.0,0.0
F8,0.05,50,V4,EOER,10,1.0,1.0,0.0,1.0,1.0,0.0,1.0,1.0,1.0,1.0
F8,0.05,50,V4,LER,10,0.0,0.0,0.0,0.0,0.0,0.0,0.0,0.0,0.0,0.0
F8,0.05,50,V4,RSR,10,0.0,0.0,0.0,0.0,0.0,0.0,0.0,0.0,0.0,0.0
F8,0.05,50,V4,UAR,10,0.0501,0.05015,0.0027426669907632283,0.0482,0.0508,0.002599999999999998,0.0462,0.0549,0.04840007738738233,0.05179992261261767
F8,0.05,50,V4,RAF,10,1.2004000000000001,1.2006000000000001,0.010970667963052908,1.1928,1.2032,0.010399999999999965,1.1848,1.2196,1.1936003095495296,1.2071996904504707
F8,0.05,50,V4,DAF,10,1.0,1.0,0.0,1.0,1.0,0.0,1.0,1.0,1.0,1.0
F8,0.05,50,V4,P95,10,28.5837,25.0085,11.779238157311646,23.554000000000002,26.524,2.969999999999999,21.994,61.714,21.282852550980767,35.88454744901924
F8,0.05,50,V4,throughput,10,1054.5932721050212,1073.5605845534096,68.69576248895719,1065.5615573661562,1088.3680698859146,22.80651251975837,864.6774397309493,1097.4052668285915,1012.015197391877,1097.1713468181654
F8,0.05,50,V5,DER,10,0.0,0.0,0.0,0.0,0.0,0.0,0.0,0.0,0.0,0.0
F8,0.05,50,V5,EOER,10,1.0,1.0,0.0,1.0,1.0,0.0,1.0,1.0,1.0,1.0
F8,0.05,50,V5,LER,10,0.0,0.0,0.0,0.0,0.0,0.0,0.0,0.0,0.0,0.0
F8,0.05,50,V5,RSR,10,0.04914,0.05035,0.0028488594208911045,0.0478,0.0508,0.0029999999999999957,0.0428,0.0525,0.04737425863728575,0.05090574136271426
F8,0.05,50,V5,UAR,10,0.0,0.0,0.0,0.0,0.0,0.0,0.0,0.0,0.0,0.0
F8,0.05,50,V5,RAF,10,1.09828,1.1007,0.005697718841782236,1.0956,1.1016,0.006000000000000005,1.0856,1.105,1.0947485172745715,1.1018114827254284
F8,0.05,50,V5,DAF,10,1.0,1.0,0.0,1.0,1.0,0.0,1.0,1.0,1.0,1.0
F8,0.05,50,V5,P95,10,38.2451,37.881,2.9911031576995155,36.699,39.398,2.699000000000005,33.477,44.830000000000005,36.39119505580896,40.099004944191044
F8,0.05,50,V5,throughput,10,1252.7262099980212,1261.3313997555929,27.91002328375236,1226.0581556101718,1273.5761128689244,47.51795725875263,1208.1134869210312,1285.610145616214,1235.4273983455232,1270.0250216505192
F8,0.1,10,V0,DER,10,0.10053000000000001,0.10075,0.002246008805760912,0.0995,0.1024,0.0029,0.0965,0.1034,0.09913790931968416,0.10192209068031585
F8,0.1,10,V0,EOER,10,0.89947,0.8992500000000001,0.002246008805760911,0.8976,0.9005,0.0029000000000000137,0.8966,0.9035,0.8980779093196841,0.9008620906803159
F8,0.1,10,V0,LER,10,0.0,0.0,0.0,0.0,0.0,0.0,0.0,0.0,0.0,0.0
F8,0.1,10,V0,RSR,10,0.0,0.0,0.0,0.0,0.0,0.0,0.0,0.0,0.0,0.0
F8,0.1,10,V0,UAR,10,0.0,0.0,0.0,0.0,0.0,0.0,0.0,0.0,0.0,0.0
F8,0.1,10,V0,RAF,10,1.4021199999999998,1.403,0.00898403522304368,1.398,1.4096,0.011600000000000055,1.386,1.4136,1.3965516372787363,1.4076883627212633
F8,0.1,10,V0,DAF,10,1.4021199999999998,1.403,0.00898403522304368,1.398,1.4096,0.011600000000000055,1.386,1.4136,1.3965516372787363,1.4076883627212633
F8,0.1,10,V0,P95,10,36.702799999999996,35.923,5.019576870170986,33.435,40.059,6.623999999999995,28.651,45.751999999999995,33.59163402319223,39.813965976807765
F8,0.1,10,V0,throughput,10,231.4806940058827,232.0957008189445,8.79467184954198,227.91255549742596,236.42386847826526,8.511312980839307,217.33709904833356,247.1158488870851,226.02969991949232,236.93168809227308
F8,0.1,10,V1,DER,10,0.0,0.0,0.0,0.0,0.0,0.0,0.0,0.0,0.0,0.0
F8,0.1,10,V1,EOER,10,1.0,1.0,0.0,1.0,1.0,0.0,1.0,1.0,1.0,1.0
F8,0.1,10,V1,LER,10,0.0,0.0,0.0,0.0,0.0,0.0,0.0,0.0,0.0,0.0
F8,0.1,10,V1,RSR,10,0.0,0.0,0.0,0.0,0.0,0.0,0.0,0.0,0.0,0.0
F8,0.1,10,V1,UAR,10,0.0,0.0,0.0,0.0,0.0,0.0,0.0,0.0,0.0,0.0
F8,0.1,10,V1,RAF,10,1.40424,1.4058000000000002,0.011628623688506293,1.396,1.4148,0.01880000000000015,1.3828,1.4164,1.3970325043659009,1.411447495634099
F8,0.1,10,V1,DAF,10,1.40424,1.4058000000000002,0.011628623688506293,1.396,1.4148,0.01880000000000015,1.3828,1.4164,1.3970325043659009,1.411447495634099
F8,0.1,10,V1,P95,10,35.51720000000001,34.762,3.0557565638934303,34.219,35.433,1.2139999999999986,32.416,42.160000000000004,33.62322245948504,37.41117754051498
F8,0.1,10,V1,throughput,10,230.23707811677883,231.25242185185664,5.822144082767099,225.30767026821428,232.93565775459493,7.627987486380647,220.30177885099792,241.457661176649,226.62847582800453,233.84568040555314
F8,0.1,10,V2,DER,10,0.0,0.0,0.0,0.0,0.0,0.0,0.0,0.0,0.0,0.0
F8,0.1,10,V2,EOER,10,1.0,1.0,0.0,1.0,1.0,0.0,1.0,1.0,1.0,1.0
F8,0.1,10,V2,LER,10,0.0,0.0,0.0,0.0,0.0,0.0,0.0,0.0,0.0,0.0
F8,0.1,10,V2,RSR,10,0.0,0.0,0.0,0.0,0.0,0.0,0.0,0.0,0.0,0.0
F8,0.1,10,V2,UAR,10,0.10019,0.10095000000000001,0.002119460098966507,0.0985,0.1012,0.002699999999999994,0.0962,0.1034,0.09887634502077432,0.10150365497922569
F8,0.1,10,V2,RAF,10,1.4007600000000002,1.4038,0.00847784039586601,1.394,1.4048,0.010800000000000143,1.3848,1.4136,1.3955053800830974,1.406014619916903
F8,0.1,10,V2,DAF,10,1.0,1.0,0.0,1.0,1.0,0.0,1.0,1.0,1.0,1.0
F8,0.1,10,V2,P95,10,32.5443,32.175,2.5020127919559316,30.537,33.495,2.9579999999999984,29.924999999999997,38.381,30.99353640513828,34.09506359486172
F8,0.1,10,V2,throughput,10,123.94966945372207,137.38144256263902,42.39250317755359,135.4068383568083,139.16556990479518,3.7587315479868835,3.5346496767651447,141.4083312356812,97.6745237653511,150.22481514209304
F8,0.1,10,V3,DER,10,0.0,0.0,0.0,0.0,0.0,0.0,0.0,0.0,0.0,0.0
F8,0.1,10,V3,EOER,10,1.0,1.0,0.0,1.0,1.0,0.0,1.0,1.0,1.0,1.0
F8,0.1,10,V3,LER,10,0.0,0.0,0.0,0.0,0.0,0.0,0.0,0.0,0.0,0.0
F8,0.1,10,V3,RSR,10,0.0,0.0,0.0,0.0,0.0,0.0,0.0,0.0,0.0,0.0
F8,0.1,10,V3,UAR,10,0.0,0.0,0.0,0.0,0.0,0.0,0.0,0.0,0.0,0.0
F8,0.1,10,V3,RAF,10,1.3983199999999998,1.3976,0.005832628528850048,1.3936,1.4012,0.007600000000000051,1.3912,1.408,1.3947048993842186,1.401935100615781
F8,0.1,10,V3,DAF,10,1.3983199999999998,1.3976,0.005832628528850048,1.3936,1.4012,0.007600000000000051,1.3912,1.408,1.3947048993842186,1.401935100615781
F8,0.1,10,V3,P95,10,36.193,34.977000000000004,3.5319411722796907,34.5,40.586,6.0859999999999985,32.054,41.43,34.00388018143872,38.38211981856128
F8,0.1,10,V3,throughput,10,231.8957920236222,230.96277864109263,7.439996339158099,226.35934124470072,237.10945472017326,10.750113475472546,222.0212683076325,244.3877997354394,227.28443451747157,236.50714952977282
F8,0.1,10,V4,DER,10,0.0,0.0,0.0,0.0,0.0,0.0,0.0,0.0,0.0,0.0
F8,0.1,10,V4,EOER,10,1.0,1.0,0.0,1.0,1.0,0.0,1.0,1.0,1.0,1.0
F8,0.1,10,V4,LER,10,0.0,0.0,0.0,0.0,0.0,0.0,0.0,0.0,0.0,0.0
F8,0.1,10,V4,RSR,10,0.0,0.0,0.0,0.0,0.0,0.0,0.0,0.0,0.0,0.0
F8,0.1,10,V4,UAR,10,0.09954,0.09905,0.0029807530741221893,0.0963,0.102,0.005699999999999997,0.096,0.1035,0.09769251010407214,0.10138748989592787
F8,0.1,10,V4,RAF,10,1.3981599999999998,1.3961999999999999,0.011923012296488747,1.3852,1.408,0.02279999999999993,1.384,1.414,1.3907700404162884,1.4055499595837113
F8,0.1,10,V4,DAF,10,1.0,1.0,0.0,1.0,1.0,0.0,1.0,1.0,1.0,1.0
F8,0.1,10,V4,P95,10,33.414,32.6055,3.1476045565547834,31.047,36.975,5.928000000000001,29.679000000000002,38.272,31.463094483841473,35.36490551615853
F8,0.1,10,V4,throughput,10,136.36765987582885,136.08683304854333,4.5314345244352,133.8140254301408,140.85127591663692,7.037250486496134,128.94809551579652,142.44428038992996,133.55904765946195,139.17627209219575
F8,0.1,10,V5,DER,10,0.0,0.0,0.0,0.0,0.0,0.0,0.0,0.0,0.0,0.0
F8,0.1,10,V5,EOER,10,1.0,1.0,0.0,1.0,1.0,0.0,1.0,1.0,1.0,1.0
F8,0.1,10,V5,LER,10,0.0,0.0,0.0,0.0,0.0,0.0,0.0,0.0,0.0,0.0
F8,0.1,10,V5,RSR,10,0.09913,0.10055,0.0029825604212935356,0.0962,0.101,0.004800000000000013,0.0948,0.1036,0.09728138989868965,0.10097861010131035
F8,0.1,10,V5,UAR,10,0.0,0.0,0.0,0.0,0.0,0.0,0.0,0.0,0.0,0.0
F8,0.1,10,V5,RAF,10,1.1982599999999999,1.2011,0.00596512084258708,1.1924,1.202,0.009600000000000053,1.1896,1.2072,1.1945627797973792,1.2019572202026205
F8,0.1,10,V5,DAF,10,1.0,1.0,0.0,1.0,1.0,0.0,1.0,1.0,1.0,1.0
F8,0.1,10,V5,P95,10,18.293400000000002,17.581,1.7302159274366753,17.415,17.931,0.5160000000000018,16.996,22.14,17.221001057778302,19.3657989422217
F8,0.1,10,V5,throughput,10,243.70305818655987,243.59718250040825,9.786729046688082,240.30012949370496,250.76051934682252,10.460389853117562,224.368224285887,256.87528717619807,237.63718067898918,249.76893569413056
F8,0.1,50,V0,DER,10,0.09892,0.09864999999999999,0.0023155512902498575,0.0969,0.1002,0.0032999999999999974,0.0964,0.1036,0.09748480644123828,0.10035519355876171
F8,0.1,50,V0,EOER,10,0.90108,0.90135,0.002315551290249857,0.8998,0.9031,0.0032999999999999696,0.8964,0.9036,0.8996448064412382,0.9025151935587618
F8,0.1,50,V0,LER,10,0.0,0.0,0.0,0.0,0.0,0.0,0.0,0.0,0.0,0.0
F8,0.1,50,V0,RSR,10,0.0,0.0,0.0,0.0,0.0,0.0,0.0,0.0,0.0,0.0
F8,0.1,50,V0,UAR,10,0.0,0.0,0.0,0.0,0.0,0.0,0.0,0.0,0.0,0.0
F8,0.1,50,V0,RAF,10,1.39568,1.3946,0.009262205160999465,1.3876,1.4008,0.0132000000000001,1.3856,1.4144,1.3899392257649532,1.4014207742350469
F8,0.1,50,V0,DAF,10,1.39568,1.3946,0.009262205160999465,1.3876,1.4008,0.0132000000000001,1.3856,1.4144,1.3899392257649532,1.4014207742350469
F8,0.1,50,V0,P95,10,40.804500000000004,40.52550000000001,3.5803903030566695,38.649,42.275000000000006,3.6260000000000048,35.336,48.795,38.58535109907224,43.02364890092777
F8,0.1,50,V0,throughput,10,1113.7184280254155,1108.7269256891757,35.43743282877345,1093.685067970573,1133.0087771291228,39.32370915854972,1053.9275807732715,1187.2843868501338,1091.7540796004585,1135.6827764503726
F8,0.1,50,V1,DER,10,0.0,0.0,0.0,0.0,0.0,0.0,0.0,0.0,0.0,0.0
F8,0.1,50,V1,EOER,10,1.0,1.0,0.0,1.0,1.0,0.0,1.0,1.0,1.0,1.0
F8,0.1,50,V1,LER,10,0.0,0.0,0.0,0.0,0.0,0.0,0.0,0.0,0.0,0.0
F8,0.1,50,V1,RSR,10,0.0,0.0,0.0,0.0,0.0,0.0,0.0,0.0,0.0,0.0
F8,0.1,50,V1,UAR,10,0.0,0.0,0.0,0.0,0.0,0.0,0.0,0.0,0.0,0.0
F8,0.1,50,V1,RAF,10,1.3984,1.3994,0.011949523467950966,1.3924,1.4076,0.01519999999999988,1.3772,1.4152,1.3909936086219776,1.4058063913780225
F8,0.1,50,V1,DAF,10,1.3984,1.3994,0.011949523467950966,1.3924,1.4076,0.01519999999999988,1.3772,1.4152,1.3909936086219776,1.4058063913780225
F8,0.1,50,V1,P95,10,39.517799999999994,39.0095,2.325770782629564,38.31699999999999,41.282,2.9650000000000034,36.014,43.349000000000004,38.07627233423796,40.959327665762025
F8,0.1,50,V1,throughput,10,1114.418900888089,1106.829233524339,30.145487955331493,1098.0522295167038,1118.7573251421552,20.70509562545135,1088.1391903632618,1193.4568250624386,1095.7345338773491,1133.1032678988288
F8,0.1,50,V2,DER,10,0.0,0.0,0.0,0.0,0.0,0.0,0.0,0.0,0.0,0.0
F8,0.1,50,V2,EOER,10,1.0,1.0,0.0,1.0,1.0,0.0,1.0,1.0,1.0,1.0
F8,0.1,50,V2,LER,10,0.0,0.0,0.0,0.0,0.0,0.0,0.0,0.0,0.0,0.0
F8,0.1,50,V2,RSR,10,0.0,0.0,0.0,0.0,0.0,0.0,0.0,0.0,0.0,0.0
F8,0.1,50,V2,UAR,10,0.10132000000000001,0.1009,0.0015824032355881976,0.1005,0.1016,0.0010999999999999899,0.0993,0.1046,0.10033921631334938,0.10230078368665063
F8,0.1,50,V2,RAF,10,1.40528,1.4036,0.006329612942352806,1.402,1.4064,0.0044000000000001815,1.3972,1.4184,1.4013568652533976,1.4092031347466025
F8,0.1,50,V2,DAF,10,1.0,1.0,0.0,1.0,1.0,0.0,1.0,1.0,1.0,1.0
F8,0.1,50,V2,P95,10,20.5483,20.375500000000002,1.0605091073001987,19.865000000000002,21.391999999999996,1.526999999999994,18.745,22.469999999999995,19.890989645349578,21.205610354650425
F8,0.1,50,V2,throughput,10,696.6127099523658,699.3344403238732,11.772076457118539,689.6053717581525,701.6623944312186,12.057022673066058,670.6270339999571,711.6985824395622,689.3163013711144,703.9091185336172
F8,0.1,50,V3,DER,10,0.0,0.0,0.0,0.0,0.0,0.0,0.0,0.0,0.0,0.0
F8,0.1,50,V3,EOER,10,1.0,1.0,0.0,1.0,1.0,0.0,1.0,1.0,1.0,1.0
F8,0.1,50,V3,LER,10,0.0,0.0,0.0,0.0,0.0,0.0,0.0,0.0,0.0,0.0
F8,0.1,50,V3,RSR,10,0.0,0.0,0.0,0.0,0.0,0.0,0.0,0.0,0.0,0.0
F8,0.1,50,V3,UAR,10,0.0,0.0,0.0,0.0,0.0,0.0,0.0,0.0,0.0,0.0
F8,0.1,50,V3,RAF,10,1.3955600000000001,1.4028,0.015841941519621625,1.3836,1.404,0.020399999999999974,1.3628,1.4124,1.3857410629188063,1.405378937081194
F8,0.1,50,V3,DAF,10,1.3955600000000001,1.4028,0.015841941519621625,1.3836,1.404,0.020399999999999974,1.3628,1.4124,1.3857410629188063,1.405378937081194
F8,0.1,50,V3,P95,10,40.0482,40.3785,3.190443257257178,39.223,41.579,2.3560000000000016,32.769999999999996,45.435,38.070742782062,42.025657217938004
F8,0.1,50,V3,throughput,10,1112.3358000207968,1109.796272486525,30.181457668873957,1090.7887615186382,1132.9282584527164,42.139496934078124,1073.5778568833493,1165.200058183551,1093.6291387506276,1131.042461290966
F8,0.1,50,V4,DER,10,0.0,0.0,0.0,0.0,0.0,0.0,0.0,0.0,0.0,0.0
F8,0.1,50,V4,EOER,10,1.0,1.0,0.0,1.0,1.0,0.0,1.0,1.0,1.0,1.0
F8,0.1,50,V4,LER,10,0.0,0.0,0.0,0.0,0.0,0.0,0.0,0.0,0.0,0.0
F8,0.1,50,V4,RSR,10,0.0,0.0,0.0,0.0,0.0,0.0,0.0,0.0,0.0,0.0
F8,0.1,50,V4,UAR,10,0.10001000000000002,0.09925,0.0035202430471646586,0.0984,0.1033,0.004900000000000002,0.0949,0.1056,0.09782813075450329,0.10219186924549674
F8,0.1,50,V4,RAF,10,1.4000400000000002,1.397,0.014080972188658666,1.3936,1.4132,0.019600000000000062,1.3796,1.4224,1.3913125230180132,1.4087674769819871
F8,0.1,50,V4,DAF,10,1.0,1.0,0.0,1.0,1.0,0.0,1.0,1.0,1.0,1.0
F8,0.1,50,V4,P95,10,21.842,21.735,1.948381721668866,20.704,22.471,1.7669999999999995,19.339,26.447,20.634380497584882,23.049619502415116
F8,0.1,50,V4,throughput,10,693.6683717618796,695.0566515845971,20.34938975210516,670.7909161597717,712.3736568912612,41.582740731489594,668.0887611212629,721.633129072968,681.0556893220959,706.2810542016633
F8,0.1,50,V5,DER,10,0.0,0.0,0.0,0.0,0.0,0.0,0.0,0.0,0.0,0.0
F8,0.1,50,V5,EOER,10,1.0,1.0,0.0,1.0,1.0,0.0,1.0,1.0,1.0,1.0
F8,0.1,50,V5,LER,10,0.0,0.0,0.0,0.0,0.0,0.0,0.0,0.0,0.0,0.0
F8,0.1,50,V5,RSR,10,0.10046,0.10070000000000001,0.003614231130775488,0.0972,0.1036,0.006400000000000003,0.0955,0.1055,0.09821987633674685,0.10270012366325314
F8,0.1,50,V5,UAR,10,0.0,0.0,0.0,0.0,0.0,0.0,0.0,0.0,0.0,0.0
F8,0.1,50,V5,RAF,10,1.20092,1.2014,0.007228462261550982,1.1944,1.2072,0.012800000000000145,1.191,1.211,1.1964397526734938,1.2054002473265062
F8,0.1,50,V5,DAF,10,1.0,1.0,0.0,1.0,1.0,0.0,1.0,1.0,1.0,1.0
F8,0.1,50,V5,P95,10,25.679700000000004,25.134999999999998,1.6506684874788016,24.111,26.726,2.6149999999999984,24.068,28.918,24.656605071869567,26.70279492813044
F8,0.1,50,V5,throughput,10,1064.2033945721548,1058.9320422324572,19.130297007096956,1049.7691413618434,1082.3074091758565,32.538267814013125,1042.9355697781366,1100.7478427995118,1052.3463136440007,1076.060475500309
F8,0.2,10,V0,DER,10,0.20063,0.2009,0.005868948419909272,0.2005,0.2015,0.0010000000000000009,0.1899,0.2134,0.19699238808251593,0.20426761191748408
F8,0.2,10,V0,EOER,10,0.79937,0.7991,0.005868948419909286,0.7985,0.7995,0.0010000000000000009,0.7866,0.8101,0.7957323880825159,0.8030076119174842
F8,0.2,10,V0,LER,10,0.0,0.0,0.0,0.0,0.0,0.0,0.0,0.0,0.0,0.0
F8,0.2,10,V0,RSR,10,0.0,0.0,0.0,0.0,0.0,0.0,0.0,0.0,0.0,0.0
F8,0.2,10,V0,UAR,10,0.0,0.0,0.0,0.0,0.0,0.0,0.0,0.0,0.0,0.0
F8,0.2,10,V0,RAF,10,1.8025200000000001,1.8035999999999999,0.023475793679637074,1.802,1.806,0.0040000000000000036,1.7596,1.8536,1.7879695523300638,1.8170704476699364
F8,0.2,10,V0,DAF,10,1.8025200000000001,1.8035999999999999,0.023475793679637074,1.802,1.806,0.0040000000000000036,1.7596,1.8536,1.7879695523300638,1.8170704476699364
F8,0.2,10,V0,P95,10,44.5923,43.929,4.880175885946917,42.477999999999994,48.384,5.906000000000006,36.025999999999996,51.93299999999999,41.56753564836282,47.61706435163718
F8,0.2,10,V0,throughput,10,124.46889899039734,123.37980117140208,4.475012571805976,120.33561678529199,129.64778544944352,9.312168664151528,119.20855090478942,131.85309402060983,121.69525746257757,127.2425405182171
F8,0.2,10,V1,DER,10,0.0,0.0,0.0,0.0,0.0,0.0,0.0,0.0,0.0,0.0
F8,0.2,10,V1,EOER,10,1.0,1.0,0.0,1.0,1.0,0.0,1.0,1.0,1.0,1.0
F8,0.2,10,V1,LER,10,0.0,0.0,0.0,0.0,0.0,0.0,0.0,0.0,0.0,0.0
F8,0.2,10,V1,RSR,10,0.0,0.0,0.0,0.0,0.0,0.0,0.0,0.0,0.0,0.0
F8,0.2,10,V1,UAR,10,0.0,0.0,0.0,0.0,0.0,0.0,0.0,0.0,0.0,0.0
F8,0.2,10,V1,RAF,10,1.8024799999999999,1.8018,0.01877568167130618,1.7904,1.8196,0.029200000000000115,1.7756,1.83,1.7908427119340935,1.8141172880659062
F8,0.2,10,V1,DAF,10,1.8024799999999999,1.8018,0.01877568167130618,1.7904,1.8196,0.029200000000000115,1.7756,1.83,1.7908427119340935,1.8141172880659062
F8,0.2,10,V1,P95,10,43.8351,43.614000000000004,3.9065989883216266,43.088,44.233000000000004,1.1450000000000031,38.495999999999995,52.169,41.413764861230845,46.25643513876915
F8,0.2,10,V1,throughput,10,124.40688943606855,124.49089713799778,4.017790663201818,122.68083413527849,125.08835812621713,2.4075239909386426,117.03828521437497,132.44909601596638,121.91663698320322,126.89714188893389
F8,0.2,10,V2,DER,10,0.0,0.0,0.0,0.0,0.0,0.0,0.0,0.0,0.0,0.0
F8,0.2,10,V2,EOER,10,1.0,1.0,0.0,1.0,1.0,0.0,1.0,1.0,1.0,1.0
F8,0.2,10,V2,LER,10,0.0,0.0,0.0,0.0,0.0,0.0,0.0,0.0,0.0,0.0
F8,0.2,10,V2,RSR,10,0.0,0.0,0.0,0.0,0.0,0.0,0.0,0.0,0.0,0.0
F8,0.2,10,V2,UAR,10,0.19909,0.19874999999999998,0.003037707468909191,0.1971,0.2021,0.0050000000000000044,0.1941,0.203,0.1972072094044566,0.20097279059554338
F8,0.2,10,V2,RAF,10,1.7963700000000002,1.795,0.012162972041770435,1.7884,1.8084,0.020000000000000018,1.7764,1.812,1.7888313118252874,1.803908688174713
F8,0.2,10,V2,DAF,10,1.0,1.0,0.0,1.0,1.0,0.0,1.0,1.0,1.0,1.0
F8,0.2,10,V2,P95,10,42.7829,42.792,1.6844155234251301,41.967,42.993,1.0260000000000034,40.266999999999996,46.309,41.73888844228705,43.82691155771295
F8,0.2,10,V2,throughput,10,65.88576466866158,72.91366067248433,21.514734227651047,71.75945107964526,73.29554934446331,1.536098264818051,4.712608069707377,73.85732254171636,52.55079423979964,79.22073509752352
F8,0.2,10,V3,DER,10,0.0,0.0,0.0,0.0,0.0,0.0,0.0,0.0,0.0,0.0
F8,0.2,10,V3,EOER,10,1.0,1.0,0.0,1.0,1.0,0.0,1.0,1.0,1.0,1.0
F8,0.2,10,V3,LER,10,0.0,0.0,0.0,0.0,0.0,0.0,0.0,0.0,0.0,0.0
F8,0.2,10,V3,RSR,10,0.0,0.0,0.0,0.0,0.0,0.0,0.0,0.0,0.0,0.0
F8,0.2,10,V3,UAR,10,0.0,0.0,0.0,0.0,0.0,0.0,0.0,0.0,0.0,0.0
F8,0.2,10,V3,RAF,10,1.79832,1.7993999999999999,0.009677097820225961,1.7916,1.8064,0.014799999999999924,1.7816,1.8096,1.7923220726305757,1.804317927369424
F8,0.2,10,V3,DAF,10,1.79832,1.7993999999999999,0.009677097820225961,1.7916,1.8064,0.014799999999999924,1.7816,1.8096,1.7923220726305757,1.804317927369424
F8,0.2,10,V3,P95,10,45.23440000000001,43.566,3.630889398235952,43.144,48.039,4.895000000000003,41.291999999999994,51.182,42.98395143560559,47.484848564394426
F8,0.2,10,V3,throughput,10,123.75504296032375,124.03407579276393,2.8891533971673544,122.5002959771155,126.02440022720126,3.524104250085756,118.97193887972308,127.39640432731728,121.96432713237002,125.54575878827748
F8,0.2,10,V4,DER,10,0.0,0.0,0.0,0.0,0.0,0.0,0.0,0.0,0.0,0.0
F8,0.2,10,V4,EOER,10,1.0,1.0,0.0,1.0,1.0,0.0,1.0,1.0,1.0,1.0
F8,0.2,10,V4,LER,10,0.0,0.0,0.0,0.0,0.0,0.0,0.0,0.0,0.0,0.0
F8,0.2,10,V4,RSR,10,0.0,0.0,0.0,0.0,0.0,0.0,0.0,0.0,0.0,0.0
F8,0.2,10,V4,UAR,10,0.20052999999999996,0.20095,0.004534325871737834,0.1984,0.2044,0.006000000000000005,0.1912,0.2067,0.19771959570800843,0.2033404042919915
F8,0.2,10,V4,RAF,10,1.80212,1.8037999999999998,0.018137303486951376,1.7936,1.8176,0.02400000000000002,1.7648,1.8268,1.7908783828320338,1.813361617167966
F8,0.2,10,V4,DAF,10,1.0,1.0,0.0,1.0,1.0,0.0,1.0,1.0,1.0,1.0
F8,0.2,10,V4,P95,10,42.847699999999996,42.804,2.1586680075145113,41.906,43.446999999999996,1.5409999999999968,38.839,46.625,41.509743707286866,44.18565629271313
F8,0.2,10,V4,throughput,10,71.93504473682391,71.99307100475929,1.4769134216727247,70.96704520831148,72.38164594004344,1.4146007317319658,69.6899530624499,74.82181821689922,71.01964431422965,72.85044515941817
F8,0.2,10,V5,DER,10,0.0,0.0,0.0,0.0,0.0,0.0,0.0,0.0,0.0,0.0
F8,0.2,10,V5,EOER,10,1.0,1.0,0.0,1.0,1.0,0.0,1.0,1.0,1.0,1.0
F8,0.2,10,V5,LER,10,0.0,0.0,0.0,0.0,0.0,0.0,0.0,0.0,0.0,0.0
F8,0.2,10,V5,RSR,10,0.19939,0.20015,0.005688282302730373,0.1987,0.2013,0.002600000000000019,0.1898,0.2108,0.19586436610207156,0.20291563389792847
F8,0.2,10,V5,UAR,10,0.0,0.0,0.0,0.0,0.0,0.0,0.0,0.0,0.0,0.0
F8,0.2,10,V5,RAF,10,1.39878,1.4003,0.011376564605460765,1.3974,1.4026,0.0052000000000000934,1.3796,1.4216,1.391728732204143,1.4058312677958569
F8,0.2,10,V5,DAF,10,1.0,1.0,0.0,1.0,1.0,0.0,1.0,1.0,1.0,1.0
F8,0.2,10,V5,P95,10,25.916200000000003,25.7485,1.2500277152483015,25.293,26.512999999999998,1.2199999999999989,24.168000000000003,28.505000000000003,25.141424795169883,26.690975204830124
F8,0.2,10,V5,throughput,10,132.69383895271955,132.65394755135702,3.598011070725579,131.28312336509936,133.14169091379725,1.8585675486978914,125.93110127257034,139.16983241815396,130.46376858684073,134.92390931859836
F8,0.2,50,V0,DER,10,0.19743999999999998,0.19935,0.004919168854819092,0.197,0.2001,0.0030999999999999917,0.1841,0.2004,0.19439106755586663,0.20048893244413332
F8,0.2,50,V0,EOER,10,0.80256,0.80065,0.004919168854819086,0.7999,0.803,0.0030999999999999917,0.7996,0.8159,0.7995110675558668,0.8056089324441333
F8,0.2,50,V0,LER,10,0.0,0.0,0.0,0.0,0.0,0.0,0.0,0.0,0.0,0.0
F8,0.2,50,V0,RSR,10,0.0,0.0,0.0,0.0,0.0,0.0,0.0,0.0,0.0,0.0
F8,0.2,50,V0,UAR,10,0.0,0.0,0.0,0.0,0.0,0.0,0.0,0.0,0.0,0.0
F8,0.2,50,V0,RAF,10,1.78976,1.7974,0.01967667541927641,1.788,1.8004,0.012399999999999967,1.7364,1.8016,1.7775642702234666,1.8019557297765334
F8,0.2,50,V0,DAF,10,1.78976,1.7974,0.01967667541927641,1.788,1.8004,0.012399999999999967,1.7364,1.8016,1.7775642702234666,1.8019557297765334
F8,0.2,50,V0,P95,10,30.351599999999998,30.137999999999998,1.0867283418080564,29.554000000000002,31.105999999999998,1.551999999999996,29.006,32.152,29.678038795437594,31.0251612045624
F8,0.2,50,V0,throughput,10,675.0483264547354,672.0115210959748,16.13241766779951,667.8981386801908,678.5171104629915,10.618971782800713,658.3641671293116,717.1122624729252,665.0493503916393,685.0473025178314
F8,0.2,50,V1,DER,10,0.0,0.0,0.0,0.0,0.0,0.0,0.0,0.0,0.0,0.0
F8,0.2,50,V1,EOER,10,1.0,1.0,0.0,1.0,1.0,0.0,1.0,1.0,1.0,1.0
F8,0.2,50,V1,LER,10,0.0,0.0,0.0,0.0,0.0,0.0,0.0,0.0,0.0,0.0
F8,0.2,50,V1,RSR,10,0.0,0.0,0.0,0.0,0.0,0.0,0.0,0.0,0.0,0.0
F8,0.2,50,V1,UAR,10,0.0,0.0,0.0,0.0,0.0,0.0,0.0,0.0,0.0,0.0
F8,0.2,50,V1,RAF,10,1.8012000000000001,1.7997999999999998,0.02134832806360046,1.7856,1.822,0.03639999999999999,1.7644,1.8332,1.787968169180176,1.8144318308198242
F8,0.2,50,V1,DAF,10,1.8012000000000001,1.7997999999999998,0.02134832806360046,1.7856,1.822,0.03639999999999999,1.7644,1.8332,1.787968169180176,1.8144318308198242
F8,0.2,50,V1,P95,10,31.621,29.3515,6.972702998917359,28.745,30.089,1.3439999999999976,25.767999999999997,50.295,27.299273906804775,35.94272609319522
F8,0.2,50,V1,throughput,10,660.677816886682,663.5226630958443,26.60388823693072,646.9745227744131,681.4325019029662,34.45797912855312,610.148350440785,697.2896848106668,644.1885561234105,677.1670776499534
F8,0.2,50,V2,DER,10,0.0,0.0,0.0,0.0,0.0,0.0,0.0,0.0,0.0,0.0
F8,0.2,50,V2,EOER,10,1.0,1.0,0.0,1.0,1.0,0.0,1.0,1.0,1.0,1.0
F8,0.2,50,V2,LER,10,0.0,0.0,0.0,0.0,0.0,0.0,0.0,0.0,0.0,0.0
F8,0.2,50,V2,RSR,10,0.0,0.0,0.0,0.0,0.0,0.0,0.0,0.0,0.0,0.0
F8,0.2,50,V2,UAR,10,0.1998,0.1997,0.00473004580668447,0.1958,0.2034,0.007599999999999996,0.1933,0.2081,0.19686828723553393,0.20273171276446608
F8,0.2,50,V2,RAF,10,1.7991999999999997,1.7988,0.018920183226737903,1.7832,1.8136,0.030400000000000205,1.7732,1.8324,1.7874731489421354,1.810926851057864
F8,0.2,50,V2,DAF,10,1.0,1.0,0.0,1.0,1.0,0.0,1.0,1.0,1.0,1.0
F8,0.2,50,V2,P95,10,24.229400000000002,23.238,2.72637745817494,22.228,25.704000000000004,3.4760000000000026,21.597,29.018,22.53957374428204,25.919226255717962
F8,0.2,50,V2,throughput,10,377.0687639103238,378.76858242735784,9.55599555522263,368.1850433779907,384.22727075897313,16.04222738098241,363.31172348289067,391.0751774855187,371.14589650239384,382.9916313182538
F8,0.2,50,V3,DER,10,0.0,0.0,0.0,0.0,0.0,0.0,0.0,0.0,0.0,0.0
F8,0.2,50,V3,EOER,10,1.0,1.0,0.0,1.0,1.0,0.0,1.0,1.0,1.0,1.0
F8,0.2,50,V3,LER,10,0.0,0.0,0.0,0.0,0.0,0.0,0.0,0.0,0.0,0.0
F8,0.2,50,V3,RSR,10,0.0,0.0,0.0,0.0,0.0,0.0,0.0,0.0,0.0,0.0
F8,0.2,50,V3,UAR,10,0.0,0.0,0.0,0.0,0.0,0.0,0.0,0.0,0.0,0.0
F8,0.2,50,V3,RAF,10,1.79988,1.8035999999999999,0.018508904763803683,1.7956,1.8116,0.016000000000000014,1.764,1.8208,1.788408061974443,1.811351938025557
F8,0.2,50,V3,DAF,10,1.79988,1.8035999999999999,0.018508904763803683,1.7956,1.8116,0.016000000000000014,1.764,1.8208,1.788408061974443,1.811351938025557
F8,0.2,50,V3,P95,10,29.168799999999994,29.0865,1.3136827623136407,28.785000000000004,29.63,0.8449999999999953,26.456000000000003,31.352,28.354570988244703,29.983029011755285
F8,0.2,50,V3,throughput,10,665.7240472242246,666.4218444360367,13.061625335280775,654.778382870503,675.6673293869532,20.88894651645012,648.7925567943148,685.0215397037897,657.628367967588,673.8197264808612
F8,0.2,50,V4,DER,10,0.0,0.0,0.0,0.0,0.0,0.0,0.0,0.0,0.0,0.0
F8,0.2,50,V4,EOER,10,1.0,1.0,0.0,1.0,1.0,0.0,1.0,1.0,1.0,1.0
F8,0.2,50,V4,LER,10,0.0,0.0,0.0,0.0,0.0,0.0,0.0,0.0,0.0,0.0
F8,0.2,50,V4,RSR,10,0.0,0.0,0.0,0.0,0.0,0.0,0.0,0.0,0.0,0.0
F8,0.2,50,V4,UAR,10,0.19968999999999998,0.19905,0.0024214091397825,0.198,0.2014,0.0033999999999999864,0.1966,0.2043,0.19818919506634308,0.20119080493365687
F8,0.2,50,V4,RAF,10,1.7987600000000001,1.7962,0.009685636559129995,1.792,1.8056,0.013600000000000056,1.7864,1.8172,1.7927567802653726,1.8047632197346277
F8,0.2,50,V4,DAF,10,1.0,1.0,0.0,1.0,1.0,0.0,1.0,1.0,1.0,1.0
F8,0.2,50,V4,P95,10,24.2055,23.366,2.0112791535073735,22.976,26.443000000000005,3.467000000000006,21.816000000000003,27.808,22.95889626544225,25.452103734557753
F8,0.2,50,V4,throughput,10,377.041223369879,377.4860390471059,5.612259530388461,372.9690919510878,382.6893694928807,9.720277541792882,368.3976026520105,383.1074011432817,373.56270887442014,380.51973786533785
F8,0.2,50,V5,DER,10,0.0,0.0,0.0,0.0,0.0,0.0,0.0,0.0,0.0,0.0
F8,0.2,50,V5,EOER,10,1.0,1.0,0.0,1.0,1.0,0.0,1.0,1.0,1.0,1.0
F8,0.2,50,V5,LER,10,0.0,0.0,0.0,0.0,0.0,0.0,0.0,0.0,0.0,0.0
F8,0.2,50,V5,RSR,10,0.20029,0.2,0.004013712606663424,0.199,0.2037,0.004699999999999982,0.1919,0.2066,0.19780227515276397,0.20277772484723602
F8,0.2,50,V5,UAR,10,0.0,0.0,0.0,0.0,0.0,0.0,0.0,0.0,0.0,0.0
F8,0.2,50,V5,RAF,10,1.4005699999999999,1.4,0.008050679750458633,1.398,1.4074,0.009400000000000075,1.3837,1.4132,1.395580136994087,1.4055598630059127
F8,0.2,50,V5,DAF,10,1.0,1.0,0.0,1.0,1.0,0.0,1.0,1.0,1.0,1.0
F8,0.2,50,V5,P95,10,18.578899999999997,17.4195,3.9726203345175364,16.805,18.627000000000002,1.8220000000000027,15.798000000000002,29.535,16.11664440690961,21.041155593090384
F8,0.2,50,V5,throughput,10,676.1484292873466,677.3133912234475,8.531366198328477,673.1164112663367,683.3660268397726,10.249615573435904,656.776965516682,686.0165466516404,670.8606337343674,681.4362248403258
F9,0.01,10,V0,DER,10,0.0,0.0,0.0,0.0,0.0,0.0,0.0,0.0,0.0,0.0
F9,0.01,10,V0,EOER,10,1.0,1.0,0.0,1.0,1.0,0.0,1.0,1.0,1.0,1.0
F9,0.01,10,V0,LER,10,0.0,0.0,0.0,0.0,0.0,0.0,0.0,0.0,0.0,0.0
F9,0.01,10,V0,RSR,10,0.0,0.0,0.0,0.0,0.0,0.0,0.0,0.0,0.0,0.0
F9,0.01,10,V0,UAR,10,0.0,0.0,0.0,0.0,0.0,0.0,0.0,0.0,0.0,0.0
F9,0.01,10,V0,RAF,10,1.0,1.0,0.0,1.0,1.0,0.0,1.0,1.0,1.0,1.0
F9,0.01,10,V0,DAF,10,1.0,1.0,0.0,1.0,1.0,0.0,1.0,1.0,1.0,1.0
F9,0.01,10,V0,P95,10,11.3944,10.144,2.8513806870044944,9.649,11.713,2.064,9.467,18.029,9.627095940358624,13.161704059641375
F9,0.01,10,V0,throughput,10,1275.547388985453,1336.2105684563276,177.98002786861602,1147.4405695401176,1407.9047619111557,260.46419237103805,881.1938273085705,1429.2209034406699,1165.2342248327793,1385.8605531381265
F9,0.01,10,V1,DER,10,0.0,0.0,0.0,0.0,0.0,0.0,0.0,0.0,0.0,0.0
F9,0.01,10,V1,EOER,10,1.0,1.0,0.0,1.0,1.0,0.0,1.0,1.0,1.0,1.0
F9,0.01,10,V1,LER,10,0.0,0.0,0.0,0.0,0.0,0.0,0.0,0.0,0.0,0.0
F9,0.01,10,V1,RSR,10,0.0,0.0,0.0,0.0,0.0,0.0,0.0,0.0,0.0,0.0
F9,0.01,10,V1,UAR,10,0.0,0.0,0.0,0.0,0.0,0.0,0.0,0.0,0.0,0.0
F9,0.01,10,V1,RAF,10,1.0,1.0,0.0,1.0,1.0,0.0,1.0,1.0,1.0,1.0
F9,0.01,10,V1,DAF,10,1.0,1.0,0.0,1.0,1.0,0.0,1.0,1.0,1.0,1.0
F9,0.01,10,V1,P95,10,11.4923,10.8125,2.3623603098031714,9.692,11.653,1.9610000000000003,9.522,16.693,10.028093910340033,12.956506089659968
F9,0.01,10,V1,throughput,10,1222.6918275968703,1245.8993633076593,158.69554237680285,1087.914385839027,1376.672236850812,288.75785101178485,949.099955723193,1417.1118414493144,1124.3313113852826,1321.052343808458
F9,0.01,10,V2,DER,10,0.0,0.0,0.0,0.0,0.0,0.0,0.0,0.0,0.0,0.0
F9,0.01,10,V2,EOER,10,1.0,1.0,0.0,1.0,1.0,0.0,1.0,1.0,1.0,1.0
F9,0.01,10,V2,LER,10,0.0,0.0,0.0,0.0,0.0,0.0,0.0,0.0,0.0,0.0
F9,0.01,10,V2,RSR,10,0.0,0.0,0.0,0.0,0.0,0.0,0.0,0.0,0.0,0.0
F9,0.01,10,V2,UAR,10,0.0,0.0,0.0,0.0,0.0,0.0,0.0,0.0,0.0,0.0
F9,0.01,10,V2,RAF,10,1.0101,1.0099,0.0008096638534327618,1.0096,1.0106,0.0009999999999998899,1.0089,1.0114,1.0095981651444725,1.0106018348555275
F9,0.01,10,V2,DAF,10,1.0,1.0,0.0,1.0,1.0,0.0,1.0,1.0,1.0,1.0
F9,0.01,10,V2,P95,10,14.5468,13.4245,2.88249470655773,12.83,14.128,1.298,12.112,20.344,12.76021127124418,16.333388728755818
F9,0.01,10,V2,throughput,10,922.967066808955,943.8079782396294,95.26055559295143,889.9901087548924,988.2305652356308,98.24045648073843,744.9741909307902,1046.823382123065,863.9239627469786,982.0101708709313
F9,0.01,10,V3,DER,10,0.0,0.0,0.0,0.0,0.0,0.0,0.0,0.0,0.0,0.0
F9,0.01,10,V3,EOER,10,1.0,1.0,0.0,1.0,1.0,0.0,1.0,1.0,1.0,1.0
F9,0.01,10,V3,LER,10,0.0,0.0,0.0,0.0,0.0,0.0,0.0,0.0,0.0,0.0
F9,0.01,10,V3,RSR,10,0.0,0.0,0.0,0.0,0.0,0.0,0.0,0.0,0.0,0.0
F9,0.01,10,V3,UAR,10,0.0,0.0,0.0,0.0,0.0,0.0,0.0,0.0,0.0,0.0
F9,0.01,10,V3,RAF,10,1.0,1.0,0.0,1.0,1.0,0.0,1.0,1.0,1.0,1.0
F9,0.01,10,V3,DAF,10,1.0,1.0,0.0,1.0,1.0,0.0,1.0,1.0,1.0,1.0
F9,0.01,10,V3,P95,10,11.442200000000001,10.3045,2.619199445123134,9.702,12.061,2.359,9.455,16.59,9.818803365003694,13.065596634996309
F9,0.01,10,V3,throughput,10,1251.3228913646797,1298.5227564089955,158.60197398871122,1100.5832931074892,1372.8722431702265,272.2889500627373,946.1825811433749,1429.1272086575525,1153.0203694408706,1349.6254132884887
F9,0.01,10,V4,DER,10,0.0,0.0,0.0,0.0,0.0,0.0,0.0,0.0,0.0,0.0
F9,0.01,10,V4,EOER,10,1.0,1.0,0.0,1.0,1.0,0.0,1.0,1.0,1.0,1.0
F9,0.01,10,V4,LER,10,0.0,0.0,0.0,0.0,0.0,0.0,0.0,0.0,0.0,0.0
F9,0.01,10,V4,RSR,10,0.0,0.0,0.0,0.0,0.0,0.0,0.0,0.0,0.0,0.0
F9,0.01,10,V4,UAR,10,0.0,0.0,0.0,0.0,0.0,0.0,0.0,0.0,0.0,0.0
F9,0.01,10,V4,RAF,10,1.01022,1.01045,0.0009519570485175627,1.0097,1.0109,0.0011999999999998678,1.0086,1.0112,1.0096299709084384,1.0108100290915614
F9,0.01,10,V4,DAF,10,1.0,1.0,0.0,1.0,1.0,0.0,1.0,1.0,1.0,1.0
F9,0.01,10,V4,P95,10,15.0149,13.704,2.9473676937603535,12.624,18.01,5.386000000000001,12.529,20.0,13.18810257720105,16.84169742279895
F9,0.01,10,V4,throughput,10,889.9960664492257,915.8484689556545,105.21642219070708,775.2107421413624,981.2537272481264,206.04298510676404,715.5550634646562,1008.2193003128667,824.7822523394283,955.2098805590232
F9,0.01,10,V5,DER,10,0.0,0.0,0.0,0.0,0.0,0.0,0.0,0.0,0.0,0.0
F9,0.01,10,V5,EOER,10,1.0,1.0,0.0,1.0,1.0,0.0,1.0,1.0,1.0,1.0
F9,0.01,10,V5,LER,10,0.0,0.0,0.0,0.0,0.0,0.0,0.0,0.0,0.0,0.0
F9,0.01,10,V5,RSR,10,0.0,0.0,0.0,0.0,0.0,0.0,0.0,0.0,0.0,0.0
F9,0.01,10,V5,UAR,10,0.0,0.0,0.0,0.0,0.0,0.0,0.0,0.0,0.0,0.0
F9,0.01,10,V5,RAF,10,1.0102999999999998,1.0104,0.0011005049346146229,1.0099,1.0114,0.0015000000000000568,1.008,1.0117,1.009617899974751,1.0109821000252486
F9,0.01,10,V5,DAF,10,1.0,1.0,0.0,1.0,1.0,0.0,1.0,1.0,1.0,1.0
F9,0.01,10,V5,P95,10,14.693300000000002,13.5085,2.5916744930214093,12.913,16.019,3.105999999999998,11.862,19.815,13.08696350706488,16.299636492935125
F9,0.01,10,V5,throughput,10,895.562453711799,917.2459352360115,99.60034076561969,815.8685791283809,967.9980067240753,152.12942759569432,762.956861663809,1062.3459152847377,833.8295229323367,957.2953844912613
F9,0.01,50,V0,DER,10,0.0,0.0,0.0,0.0,0.0,0.0,0.0,0.0,0.0,0.0
F9,0.01,50,V0,EOER,10,1.0,1.0,0.0,1.0,1.0,0.0,1.0,1.0,1.0,1.0
F9,0.01,50,V0,LER,10,0.0,0.0,0.0,0.0,0.0,0.0,0.0,0.0,0.0,0.0
F9,0.01,50,V0,RSR,10,0.0,0.0,0.0,0.0,0.0,0.0,0.0,0.0,0.0,0.0
F9,0.01,50,V0,UAR,10,0.0,0.0,0.0,0.0,0.0,0.0,0.0,0.0,0.0,0.0
F9,0.01,50,V0,RAF,10,1.0,1.0,0.0,1.0,1.0,0.0,1.0,1.0,1.0,1.0
F9,0.01,50,V0,DAF,10,1.0,1.0,0.0,1.0,1.0,0.0,1.0,1.0,1.0,1.0
F9,0.01,50,V0,P95,10,39.4456,44.0445,13.177411440289275,37.08,46.076,8.996000000000002,12.987,52.938,31.278155771971093,47.613044228028905
F9,0.01,50,V0,throughput,10,1526.2122685806385,1537.133665465083,147.33537337640743,1478.3059869484982,1644.1757453360283,165.86975838753006,1238.3612737166713,1695.9707883937692,1434.8928580636054,1617.5316790976715
F9,0.01,50,V1,DER,10,0.0,0.0,0.0,0.0,0.0,0.0,0.0,0.0,0.0,0.0
F9,0.01,50,V1,EOER,10,1.0,1.0,0.0,1.0,1.0,0.0,1.0,1.0,1.0,1.0
F9,0.01,50,V1,LER,10,0.0,0.0,0.0,0.0,0.0,0.0,0.0,0.0,0.0,0.0
F9,0.01,50,V1,RSR,10,0.0,0.0,0.0,0.0,0.0,0.0,0.0,0.0,0.0,0.0
F9,0.01,50,V1,UAR,10,0.0,0.0,0.0,0.0,0.0,0.0,0.0,0.0,0.0,0.0
F9,0.01,50,V1,RAF,10,1.0,1.0,0.0,1.0,1.0,0.0,1.0,1.0,1.0,1.0
F9,0.01,50,V1,DAF,10,1.0,1.0,0.0,1.0,1.0,0.0,1.0,1.0,1.0,1.0
F9,0.01,50,V1,P95,10,46.2587,49.5235,8.676587629938398,43.91,51.515,7.605000000000004,24.587,55.161,40.88089527118509,51.636504728814906
F9,0.01,50,V1,throughput,10,1532.169275766059,1529.0613117308449,103.3492577667465,1457.162408643425,1549.4473188783406,92.28491023491574,1409.1596195034117,1750.627022554948,1468.1127421560288,1596.225809376089
F9,0.01,50,V2,DER,10,0.0,0.0,0.0,0.0,0.0,0.0,0.0,0.0,0.0,0.0
F9,0.01,50,V2,EOER,10,1.0,1.0,0.0,1.0,1.0,0.0,1.0,1.0,1.0,1.0
F9,0.01,50,V2,LER,10,0.0,0.0,0.0,0.0,0.0,0.0,0.0,0.0,0.0,0.0
F9,0.01,50,V2,RSR,10,0.0,0.0,0.0,0.0,0.0,0.0,0.0,0.0,0.0,0.0
F9,0.01,50,V2,UAR,10,0.0,0.0,0.0,0.0,0.0,0.0,0.0,0.0,0.0,0.0
F9,0.01,50,V2,RAF,10,1.0101400000000003,1.0100500000000001,0.0009640193635676225,1.0092,1.0109,0.0016999999999998128,1.009,1.012,1.009542494608114,1.0107375053918866
F9,0.01,50,V2,DAF,10,1.0,1.0,0.0,1.0,1.0,0.0,1.0,1.0,1.0,1.0
F9,0.01,50,V2,P95,10,61.642399999999995,62.327,6.993087478995875,54.945,63.73,8.784999999999997,52.772,76.317,57.30803947515535,65.97676052484464
F9,0.01,50,V2,throughput,10,1183.8550830328654,1165.145792159089,103.43888849071587,1138.5613417219913,1245.7625535414086,107.20121181941727,1008.2635076122945,1362.3501324524757,1119.742995724565,1247.967170341166
F9,0.01,50,V3,DER,10,0.0,0.0,0.0,0.0,0.0,0.0,0.0,0.0,0.0,0.0
F9,0.01,50,V3,EOER,10,1.0,1.0,0.0,1.0,1.0,0.0,1.0,1.0,1.0,1.0
F9,0.01,50,V3,LER,10,0.0,0.0,0.0,0.0,0.0,0.0,0.0,0.0,0.0,0.0
F9,0.01,50,V3,RSR,10,0.0,0.0,0.0,0.0,0.0,0.0,0.0,0.0,0.0,0.0
F9,0.01,50,V3,UAR,10,0.0,0.0,0.0,0.0,0.0,0.0,0.0,0.0,0.0,0.0
F9,0.01,50,V3,RAF,10,1.0,1.0,0.0,1.0,1.0,0.0,1.0,1.0,1.0,1.0
F9,0.01,50,V3,DAF,10,1.0,1.0,0.0,1.0,1.0,0.0,1.0,1.0,1.0,1.0
F9,0.01,50,V3,P95,10,45.522800000000004,46.834,7.391402104246978,43.24,49.458,6.217999999999996,27.107,53.661,40.94156151268998,50.10403848731003
F9,0.01,50,V3,throughput,10,1522.1201990250545,1572.9205123647937,177.3150734939533,1405.0224740404567,1665.8887257454808,260.86625170502407,1182.3880698079356,1780.8691115313065,1412.21917786373,1632.021220186379
F9,0.01,50,V4,DER,10,0.0,0.0,0.0,0.0,0.0,0.0,0.0,0.0,0.0,0.0
F9,0.01,50,V4,EOER,10,1.0,1.0,0.0,1.0,1.0,0.0,1.0,1.0,1.0,1.0
F9,0.01,50,V4,LER,10,0.0,0.0,0.0,0.0,0.0,0.0,0.0,0.0,0.0,0.0
F9,0.01,50,V4,RSR,10,0.0,0.0,0.0,0.0,0.0,0.0,0.0,0.0,0.0,0.0
F9,0.01,50,V4,UAR,10,0.0,0.0,0.0,0.0,0.0,0.0,0.0,0.0,0.0,0.0
F9,0.01,50,V4,RAF,10,1.0099500000000001,1.01,0.0008540751983546057,1.0092,1.0107,0.0014999999999998348,1.0088,1.0113,1.0094206387077074,1.0104793612922929
F9,0.01,50,V4,DAF,10,1.0,1.0,0.0,1.0,1.0,0.0,1.0,1.0,1.0,1.0
F9,0.01,50,V4,P95,10,57.988,67.197,19.673496684061472,56.813,69.0,12.186999999999998,19.898,78.159,45.794240423964766,70.18175957603523
F9,0.01,50,V4,throughput,10,1186.3744389662984,1166.7016507742806,94.37438065709888,1112.3842812344958,1279.3843977722267,167.00011653773095,1064.6569241965653,1335.3252879607787,1127.880591820041,1244.8682861125558
F9,0.01,50,V5,DER,10,0.0,0.0,0.0,0.0,0.0,0.0,0.0,0.0,0.0,0.0
F9,0.01,50,V5,EOER,10,1.0,1.0,0.0,1.0,1.0,0.0,1.0,1.0,1.0,1.0
F9,0.01,50,V5,LER,10,0.0,0.0,0.0,0.0,0.0,0.0,0.0,0.0,0.0,0.0
F9,0.01,50,V5,RSR,10,0.0,0.0,0.0,0.0,0.0,0.0,0.0,0.0,0.0,0.0
F9,0.01,50,V5,UAR,10,0.0,0.0,0.0,0.0,0.0,0.0,0.0,0.0,0.0,0.0
F9,0.01,50,V5,RAF,10,1.01013,1.01025,0.0010914312723310873,1.0097,1.011,0.0012999999999998568,1.0082,1.0115,1.0094535238889,1.0108064761111
F9,0.01,50,V5,DAF,10,1.0,1.0,0.0,1.0,1.0,0.0,1.0,1.0,1.0,1.0
F9,0.01,50,V5,P95,10,57.39059999999999,64.0,19.793711516539794,49.748,67.152,17.404000000000003,18.57,86.543,45.12233049884801,69.65886950115198
F9,0.01,50,V5,throughput,10,1155.398081965602,1174.5528369603903,117.57625471326088,1108.6201417926532,1221.456066967052,112.83592517439888,902.3194857194734,1317.74841708069,1082.5235642909836,1228.2725996402203
F9,0.05,10,V0,DER,10,0.0,0.0,0.0,0.0,0.0,0.0,0.0,0.0,0.0,0.0
F9,0.05,10,V0,EOER,10,1.0,1.0,0.0,1.0,1.0,0.0,1.0,1.0,1.0,1.0
F9,0.05,10,V0,LER,10,0.0,0.0,0.0,0.0,0.0,0.0,0.0,0.0,0.0,0.0
F9,0.05,10,V0,RSR,10,0.0,0.0,0.0,0.0,0.0,0.0,0.0,0.0,0.0,0.0
F9,0.05,10,V0,UAR,10,0.0,0.0,0.0,0.0,0.0,0.0,0.0,0.0,0.0,0.0
F9,0.05,10,V0,RAF,10,1.0,1.0,0.0,1.0,1.0,0.0,1.0,1.0,1.0,1.0
F9,0.05,10,V0,DAF,10,1.0,1.0,0.0,1.0,1.0,0.0,1.0,1.0,1.0,1.0
F9,0.05,10,V0,P95,10,11.814,10.8125,2.4281451539990124,10.632,13.066,2.434000000000001,8.854,16.115,10.309020041477112,13.318979958522888
F9,0.05,10,V0,throughput,10,1198.8059559734997,1230.048370691691,167.606694846334,1021.3259014897616,1253.2493902355761,231.92348874581455,993.5679311835652,1530.3684793797065,1094.9222502392845,1302.689661707715
F9,0.05,10,V1,DER,10,0.0,0.0,0.0,0.0,0.0,0.0,0.0,0.0,0.0,0.0
F9,0.05,10,V1,EOER,10,1.0,1.0,0.0,1.0,1.0,0.0,1.0,1.0,1.0,1.0
F9,0.05,10,V1,LER,10,0.0,0.0,0.0,0.0,0.0,0.0,0.0,0.0,0.0,0.0
F9,0.05,10,V1,RSR,10,0.0,0.0,0.0,0.0,0.0,0.0,0.0,0.0,0.0,0.0
F9,0.05,10,V1,UAR,10,0.0,0.0,0.0,0.0,0.0,0.0,0.0,0.0,0.0,0.0
F9,0.05,10,V1,RAF,10,1.0,1.0,0.0,1.0,1.0,0.0,1.0,1.0,1.0,1.0
F9,0.05,10,V1,DAF,10,1.0,1.0,0.0,1.0,1.0,0.0,1.0,1.0,1.0,1.0
F9,0.05,10,V1,P95,10,11.506,10.784500000000001,2.3164408043375513,9.968,11.873,1.9049999999999994,9.286,16.597,10.070255114694815,12.941744885305186
F9,0.05,10,V1,throughput,10,1225.4385266469956,1231.0401638455269,162.93919664209596,1095.296130260285,1373.4777163989147,278.18158613862965,966.3176540650607,1460.3560691693442,1124.4477662716074,1326.4292870223837
F9,0.05,10,V2,DER,10,0.0,0.0,0.0,0.0,0.0,0.0,0.0,0.0,0.0,0.0
F9,0.05,10,V2,EOER,10,1.0,1.0,0.0,1.0,1.0,0.0,1.0,1.0,1.0,1.0
F9,0.05,10,V2,LER,10,0.0,0.0,0.0,0.0,0.0,0.0,0.0,0.0,0.0,0.0
F9,0.05,10,V2,RSR,10,0.0,0.0,0.0,0.0,0.0,0.0,0.0,0.0,0.0,0.0
F9,0.05,10,V2,UAR,10,0.0,0.0,0.0,0.0,0.0,0.0,0.0,0.0,0.0,0.0
F9,0.05,10,V2,RAF,10,1.04957,1.04935,0.0017269433497753973,1.0489,1.05,0.001100000000000101,1.0467,1.0536,1.0484996294224271,1.0506403705775726
F9,0.05,10,V2,DAF,10,1.0,1.0,0.0,1.0,1.0,0.0,1.0,1.0,1.0,1.0
F9,0.05,10,V2,P95,10,14.118699999999999,12.614,3.3748028436241033,12.347999999999999,14.131,1.7830000000000013,11.814,22.81,12.026975526586416,16.210424473413582
F9,0.05,10,V2,throughput,10,943.8702353078208,985.8802616788867,120.72772088439505,900.3742228448871,1014.3820190045232,114.00779615963609,633.5297813014021,1050.4473193771043,869.0424186635307,1018.698051952111
F9,0.05,10,V3,DER,10,0.0,0.0,0.0,0.0,0.0,0.0,0.0,0.0,0.0,0.0
F9,0.05,10,V3,EOER,10,1.0,1.0,0.0,1.0,1.0,0.0,1.0,1.0,1.0,1.0
F9,0.05,10,V3,LER,10,0.0,0.0,0.0,0.0,0.0,0.0,0.0,0.0,0.0,0.0
F9,0.05,10,V3,RSR,10,0.0,0.0,0.0,0.0,0.0,0.0,0.0,0.0,0.0,0.0
F9,0.05,10,V3,UAR,10,0.0,0.0,0.0,0.0,0.0,0.0,0.0,0.0,0.0,0.0
F9,0.05,10,V3,RAF,10,1.0,1.0,0.0,1.0,1.0,0.0,1.0,1.0,1.0,1.0
F9,0.05,10,V3,DAF,10,1.0,1.0,0.0,1.0,1.0,0.0,1.0,1.0,1.0,1.0
F9,0.05,10,V3,P95,10,11.984199999999998,10.977,2.8204861598273756,10.038,13.472,3.4339999999999993,9.119,16.933,10.2360445666889,13.732355433311096
F9,0.05,10,V3,throughput,10,1183.5701710395172,1191.1112935407468,185.9989925330409,969.9953210484182,1316.1092617849372,346.113940736519,942.6119055885059,1469.3341123439257,1068.2868010949094,1298.853540984125
F9,0.05,10,V4,DER,10,0.0,0.0,0.0,0.0,0.0,0.0,0.0,0.0,0.0,0.0
F9,0.05,10,V4,EOER,10,1.0,1.0,0.0,1.0,1.0,0.0,1.0,1.0,1.0,1.0
F9,0.05,10,V4,LER,10,0.0,0.0,0.0,0.0,0.0,0.0,0.0,0.0,0.0,0.0
F9,0.05,10,V4,RSR,10,0.0,0.0,0.0,0.0,0.0,0.0,0.0,0.0,0.0,0.0
F9,0.05,10,V4,UAR,10,0.0,0.0,0.0,0.0,0.0,0.0,0.0,0.0,0.0,0.0
F9,0.05,10,V4,RAF,10,1.05046,1.0504,0.002296954505426704,1.0486,1.0525,0.0039000000000000146,1.0473,1.0545,1.0490363328478889,1.051883667152111
F9,0.05,10,V4,DAF,10,1.0,1.0,0.0,1.0,1.0,0.0,1.0,1.0,1.0,1.0
F9,0.05,10,V4,P95,10,15.0264,14.196,2.9811590661650005,12.707,16.633000000000003,3.926000000000002,11.563,21.058,13.178658467596968,16.874141532403033
F9,0.05,10,V4,throughput,10,887.3868794392796,893.5988597539057,108.52352388436302,779.7371234511214,977.4553014985187,197.71817804739726,716.0162296857284,1063.7572520591748,820.1233024635545,954.6504564150047
F9,0.05,10,V5,DER,10,0.0,0.0,0.0,0.0,0.0,0.0,0.0,0.0,0.0,0.0
F9,0.05,10,V5,EOER,10,1.0,1.0,0.0,1.0,1.0,0.0,1.0,1.0,1.0,1.0
F9,0.05,10,V5,LER,10,0.0,0.0,0.0,0.0,0.0,0.0,0.0,0.0,0.0,0.0
F9,0.05,10,V5,RSR,10,0.0,0.0,0.0,0.0,0.0,0.0,0.0,0.0,0.0,0.0
F9,0.05,10,V5,UAR,10,0.0,0.0,0.0,0.0,0.0,0.0,0.0,0.0,0.0,0.0
F9,0.05,10,V5,RAF,10,1.04932,1.04925,0.0017015026039096076,1.0481,1.0509,0.0027999999999999137,1.0471,1.0515,1.04826539776008,1.05037460223992
F9,0.05,10,V5,DAF,10,1.0,1.0,0.0,1.0,1.0,0.0,1.0,1.0,1.0,1.0
F9,0.05,10,V5,P95,10,15.208100000000002,14.068,2.826439238099179,12.757000000000001,17.374000000000002,4.617000000000001,12.329999999999998,19.716,13.456254810548986,16.95994518945102
F9,0.05,10,V5,throughput,10,872.4836963957893,902.5382181766169,112.61977823867,739.7809465253866,971.4212553614212,231.6403088360346,737.5417668257501,1016.6359173154361,802.6812346676057,942.2861581239728
F9,0.05,50,V0,DER,10,0.0,0.0,0.0,0.0,0.0,0.0,0.0,0.0,0.0,0.0
F9,0.05,50,V0,EOER,10,1.0,1.0,0.0,1.0,1.0,0.0,1.0,1.0,1.0,1.0
F9,0.05,50,V0,LER,10,0.0,0.0,0.0,0.0,0.0,0.0,0.0,0.0,0.0,0.0
F9,0.05,50,V0,RSR,10,0.0,0.0,0.0,0.0,0.0,0.0,0.0,0.0,0.0,0.0
F9,0.05,50,V0,UAR,10,0.0,0.0,0.0,0.0,0.0,0.0,0.0,0.0,0.0,0.0
F9,0.05,50,V0,RAF,10,1.0,1.0,0.0,1.0,1.0,0.0,1.0,1.0,1.0,1.0
F9,0.05,50,V0,DAF,10,1.0,1.0,0.0,1.0,1.0,0.0,1.0,1.0,1.0,1.0
F9,0.05,50,V0,P95,10,48.532199999999996,49.636,4.42451192035159,47.335,51.541,4.205999999999996,37.74,53.166,45.7898591002362,51.27454089976379
F9,0.05,50,V0,throughput,10,1533.5794032527215,1510.748728231311,95.87894424842,1456.5976137562304,1597.6775702860518,141.0799565298214,1438.1881925215177,1716.6336332094847,1474.1530179311692,1593.0057885742738
F9,0.05,50,V1,DER,10,0.0,0.0,0.0,0.0,0.0,0.0,0.0,0.0,0.0,0.0
F9,0.05,50,V1,EOER,10,1.0,1.0,0.0,1.0,1.0,0.0,1.0,1.0,1.0,1.0
F9,0.05,50,V1,LER,10,0.0,0.0,0.0,0.0,0.0,0.0,0.0,0.0,0.0,0.0
F9,0.05,50,V1,RSR,10,0.0,0.0,0.0,0.0,0.0,0.0,0.0,0.0,0.0,0.0
F9,0.05,50,V1,UAR,10,0.0,0.0,0.0,0.0,0.0,0.0,0.0,0.0,0.0,0.0
F9,0.05,50,V1,RAF,10,1.0,1.0,0.0,1.0,1.0,0.0,1.0,1.0,1.0,1.0
F9,0.05,50,V1,DAF,10,1.0,1.0,0.0,1.0,1.0,0.0,1.0,1.0,1.0,1.0
F9,0.05,50,V1,P95,10,50.272299999999994,50.428,3.960638361846905,46.296,54.344,8.048000000000002,45.126,55.494,47.81747091051182,52.727129089488166
F9,0.05,50,V1,throughput,10,1536.953105763184,1523.7878725744931,100.30823457909892,1465.3683340224677,1606.2665744336664,140.89824041119869,1405.2388223598637,1720.8718419223396,1474.781417852463,1599.1247936739053
F9,0.05,50,V2,DER,10,0.0,0.0,0.0,0.0,0.0,0.0,0.0,0.0,0.0,0.0
F9,0.05,50,V2,EOER,10,1.0,1.0,0.0,1.0,1.0,0.0,1.0,1.0,1.0,1.0
F9,0.05,50,V2,LER,10,0.0,0.0,0.0,0.0,0.0,0.0,0.0,0.0,0.0,0.0
F9,0.05,50,V2,RSR,10,0.0,0.0,0.0,0.0,0.0,0.0,0.0,0.0,0.0,0.0
F9,0.05,50,V2,UAR,10,0.0,0.0,0.0,0.0,0.0,0.0,0.0,0.0,0.0,0.0
F9,0.05,50,V2,RAF,10,1.05104,1.0506,0.0026949335180420776,1.0488,1.0524,0.0036000000000000476,1.0475,1.0564,1.0493696629002902,1.0527103370997097
F9,0.05,50,V2,DAF,10,1.0,1.0,0.0,1.0,1.0,0.0,1.0,1.0,1.0,1.0
F9,0.05,50,V2,P95,10,62.6352,62.016999999999996,11.159673888106628,53.639,66.018,12.378999999999998,48.792,87.611,55.718362463499695,69.5520375365003
F9,0.05,50,V2,throughput,10,1180.428760507815,1176.9698907143393,139.01688069542547,1139.0092635692838,1303.2869877593432,164.27772419005942,869.61876346189,1375.6543231903945,1094.2652051707655,1266.5923158448645
F9,0.05,50,V3,DER,10,0.0,0.0,0.0,0.0,0.0,0.0,0.0,0.0,0.0,0.0
F9,0.05,50,V3,EOER,10,1.0,1.0,0.0,1.0,1.0,0.0,1.0,1.0,1.0,1.0
F9,0.05,50,V3,LER,10,0.0,0.0,0.0,0.0,0.0,0.0,0.0,0.0,0.0,0.0
F9,0.05,50,V3,RSR,10,0.0,0.0,0.0,0.0,0.0,0.0,0.0,0.0,0.0,0.0
F9,0.05,50,V3,UAR,10,0.0,0.0,0.0,0.0,0.0,0.0,0.0,0.0,0.0,0.0
F9,0.05,50,V3,RAF,10,1.0,1.0,0.0,1.0,1.0,0.0,1.0,1.0,1.0,1.0
F9,0.05,50,V3,DAF,10,1.0,1.0,0.0,1.0,1.0,0.0,1.0,1.0,1.0,1.0
F9,0.05,50,V3,P95,10,41.6267,47.960499999999996,16.056401036139242,32.299,51.295,18.996000000000002,15.318,63.495,31.674839533339643,51.578560466660356
F9,0.05,50,V3,throughput,10,1452.5445739393267,1465.2025638910095,142.55110568566047,1374.9325286179298,1561.5767088317666,186.64418021383676,1129.322593681276,1618.450636067896,1364.1904832586818,1540.8986646199717
F9,0.05,50,V4,DER,10,0.0,0.0,0.0,0.0,0.0,0.0,0.0,0.0,0.0,0.0
F9,0.05,50,V4,EOER,10,1.0,1.0,0.0,1.0,1.0,0.0,1.0,1.0,1.0,1.0
F9,0.05,50,V4,LER,10,0.0,0.0,0.0,0.0,0.0,0.0,0.0,0.0,0.0,0.0
F9,0.05,50,V4,RSR,10,0.0,0.0,0.0,0.0,0.0,0.0,0.0,0.0,0.0,0.0
F9,0.05,50,V4,UAR,10,0.0,0.0,0.0,0.0,0.0,0.0,0.0,0.0,0.0,0.0
F9,0.05,50,V4,RAF,10,1.0503300000000002,1.0501,0.0017493173271625542,1.0491,1.0509,0.0018000000000000238,1.0477,1.0541,1.0492457618875708,1.0514142381124296
F9,0.05,50,V4,DAF,10,1.0,1.0,0.0,1.0,1.0,0.0,1.0,1.0,1.0,1.0
F9,0.05,50,V4,P95,10,55.7298,58.965,15.248041235224644,54.064,65.13,11.065999999999995,20.08,73.109,46.278966128742475,65.18063387125751
F9,0.05,50,V4,throughput,10,1130.1935739501528,1160.4262753043631,142.40280732358005,1054.149578713794,1188.716626273353,134.56704755955911,844.9814059141107,1323.7483310744346,1041.9313995466073,1218.4557483536983
F9,0.05,50,V5,DER,10,0.0,0.0,0.0,0.0,0.0,0.0,0.0,0.0,0.0,0.0
F9,0.05,50,V5,EOER,10,1.0,1.0,0.0,1.0,1.0,0.0,1.0,1.0,1.0,1.0
F9,0.05,50,V5,LER,10,0.0,0.0,0.0,0.0,0.0,0.0,0.0,0.0,0.0,0.0
F9,0.05,50,V5,RSR,10,0.0,0.0,0.0,0.0,0.0,0.0,0.0,0.0,0.0,0.0
F9,0.05,50,V5,UAR,10,0.0,0.0,0.0,0.0,0.0,0.0,0.0,0.0,0.0,0.0
F9,0.05,50,V5,RAF,10,1.04979,1.04955,0.0025514483904027726,1.0474,1.0525,0.005099999999999882,1.0468,1.0539,1.0482085959037755,1.0513714040962245
F9,0.05,50,V5,DAF,10,1.0,1.0,0.0,1.0,1.0,0.0,1.0,1.0,1.0,1.0
F9,0.05,50,V5,P95,10,65.4764,63.1195,8.558278282198794,62.143,72.108,9.965000000000003,50.219,78.062,60.17192416462491,70.78087583537508
F9,0.05,50,V5,throughput,10,1103.653519615227,1091.6382984934694,122.52466882639808,1036.2150937679514,1138.2046662791877,101.98957251123625,890.596305286941,1348.3936118679871,1027.7119430975745,1179.5950961328795
F9,0.1,10,V0,DER,10,0.0,0.0,0.0,0.0,0.0,0.0,0.0,0.0,0.0,0.0
F9,0.1,10,V0,EOER,10,1.0,1.0,0.0,1.0,1.0,0.0,1.0,1.0,1.0,1.0
F9,0.1,10,V0,LER,10,0.0,0.0,0.0,0.0,0.0,0.0,0.0,0.0,0.0,0.0
F9,0.1,10,V0,RSR,10,0.0,0.0,0.0,0.0,0.0,0.0,0.0,0.0,0.0,0.0
F9,0.1,10,V0,UAR,10,0.0,0.0,0.0,0.0,0.0,0.0,0.0,0.0,0.0,0.0
F9,0.1,10,V0,RAF,10,1.0,1.0,0.0,1.0,1.0,0.0,1.0,1.0,1.0,1.0
F9,0.1,10,V0,DAF,10,1.0,1.0,0.0,1.0,1.0,0.0,1.0,1.0,1.0,1.0
F9,0.1,10,V0,P95,10,12.0372,11.492,2.3928851855262745,10.716,13.489,2.7730000000000015,8.972,16.64,10.554074396354629,13.520325603645372
F9,0.1,10,V0,throughput,10,1168.4404087987728,1130.4375718499866,184.9420760580616,1056.9759730284525,1147.5202759714823,90.54430294302983,977.4698119119905,1518.0959375055988,1053.812122472233,1283.0686951253124
F9,0.1,10,V1,DER,10,0.0,0.0,0.0,0.0,0.0,0.0,0.0,0.0,0.0,0.0
F9,0.1,10,V1,EOER,10,1.0,1.0,0.0,1.0,1.0,0.0,1.0,1.0,1.0,1.0
F9,0.1,10,V1,LER,10,0.0,0.0,0.0,0.0,0.0,0.0,0.0,0.0,0.0,0.0
F9,0.1,10,V1,RSR,10,0.0,0.0,0.0,0.0,0.0,0.0,0.0,0.0,0.0,0.0
F9,0.1,10,V1,UAR,10,0.0,0.0,0.0,0.0,0.0,0.0,0.0,0.0,0.0,0.0
F9,0.1,10,V1,RAF,10,1.0,1.0,0.0,1.0,1.0,0.0,1.0,1.0,1.0,1.0
F9,0.1,10,V1,DAF,10,1.0,1.0,0.0,1.0,1.0,0.0,1.0,1.0,1.0,1.0
F9,0.1,10,V1,P95,10,11.5397,10.9235,2.370194837279557,9.788,11.641,1.8529999999999998,9.198,15.803,10.070638019901589,13.008761980098411
F9,0.1,10,V1,throughput,10,1222.89756097555,1239.5256885711037,168.82307788765686,1073.4186099279368,1404.9164895631047,331.4978796351679,988.2506829780456,1458.8562783593766,1118.2599332214493,1327.5351887296508
F9,0.1,10,V2,DER,10,0.0,0.0,0.0,0.0,0.0,0.0,0.0,0.0,0.0,0.0
F9,0.1,10,V2,EOER,10,1.0,1.0,0.0,1.0,1.0,0.0,1.0,1.0,1.0,1.0
F9,0.1,10,V2,LER,10,0.0,0.0,0.0,0.0,0.0,0.0,0.0,0.0,0.0,0.0
F9,0.1,10,V2,RSR,10,0.0,0.0,0.0,0.0,0.0,0.0,0.0,0.0,0.0,0.0
F9,0.1,10,V2,UAR,10,0.0,0.0,0.0,0.0,0.0,0.0,0.0,0.0,0.0,0.0
F9,0.1,10,V2,RAF,10,1.0993400000000002,1.1005,0.003083720696388254,1.096,1.1016,0.005599999999999827,1.0945,1.1034,1.0974286901105963,1.1012513098894041
F9,0.1,10,V2,DAF,10,1.0,1.0,0.0,1.0,1.0,0.0,1.0,1.0,1.0,1.0
F9,0.1,10,V2,P95,10,14.8406,14.163,2.8778280467509982,12.922,16.83,3.9079999999999977,11.184,20.011,13.05690369695885,16.62429630304115
F9,0.1,10,V2,throughput,10,905.7864146173661,911.5904412874102,109.73083124207061,811.2261382332431,966.3085041379842,155.0823659047411,740.685055056689,1087.0072218541968,837.7745407887388,973.7982884459933
F9,0.1,10,V3,DER,10,0.0,0.0,0.0,0.0,0.0,0.0,0.0,0.0,0.0,0.0
F9,0.1,10,V3,EOER,10,1.0,1.0,0.0,1.0,1.0,0.0,1.0,1.0,1.0,1.0
F9,0.1,10,V3,LER,10,0.0,0.0,0.0,0.0,0.0,0.0,0.0,0.0,0.0,0.0
F9,0.1,10,V3,RSR,10,0.0,0.0,0.0,0.0,0.0,0.0,0.0,0.0,0.0,0.0
F9,0.1,10,V3,UAR,10,0.0,0.0,0.0,0.0,0.0,0.0,0.0,0.0,0.0,0.0
F9,0.1,10,V3,RAF,10,1.0,1.0,0.0,1.0,1.0,0.0,1.0,1.0,1.0,1.0
F9,0.1,10,V3,DAF,10,1.0,1.0,0.0,1.0,1.0,0.0,1.0,1.0,1.0,1.0
F9,0.1,10,V3,P95,10,12.229399999999998,11.339500000000001,2.8503850889933373,10.981,11.844,0.8629999999999995,9.799,19.311,10.462713018399063,13.996086981600934
F9,0.1,10,V3,throughput,10,1144.0066410414418,1136.605649638264,159.85614470558951,1109.2256581953338,1199.9386971321055,90.71303893677168,788.3792968632522,1371.1535946857755,1044.9267760537884,1243.086506029095
F9,0.1,10,V4,DER,10,0.0,0.0,0.0,0.0,0.0,0.0,0.0,0.0,0.0,0.0
F9,0.1,10,V4,EOER,10,1.0,1.0,0.0,1.0,1.0,0.0,1.0,1.0,1.0,1.0
F9,0.1,10,V4,LER,10,0.0,0.0,0.0,0.0,0.0,0.0,0.0,0.0,0.0,0.0
F9,0.1,10,V4,RSR,10,0.0,0.0,0.0,0.0,0.0,0.0,0.0,0.0,0.0,0.0
F9,0.1,10,V4,UAR,10,0.0,0.0,0.0,0.0,0.0,0.0,0.0,0.0,0.0,0.0
F9,0.1,10,V4,RAF,10,1.0984,1.09855,0.002300724523564969,1.0976,1.0996,0.0020000000000000018,1.094,1.1024,1.0969739961664382,1.0998260038335619
F9,0.1,10,V4,DAF,10,1.0,1.0,0.0,1.0,1.0,0.0,1.0,1.0,1.0,1.0
F9,0.1,10,V4,P95,10,15.689899999999998,14.390500000000001,3.69774614386175,12.8,18.445,5.645,11.842,22.54,13.398013195353272,17.981786804646724
F9,0.1,10,V4,throughput,10,863.7103455851968,891.7820559191945,130.2714240998185,730.2340204289836,976.1707095955769,245.93668916659328,655.0225098865077,1037.0773786374232,782.9672804041182,944.4534107662754
F9,0.1,10,V5,DER,10,0.0,0.0,0.0,0.0,0.0,0.0,0.0,0.0,0.0,0.0
F9,0.1,10,V5,EOER,10,1.0,1.0,0.0,1.0,1.0,0.0,1.0,1.0,1.0,1.0
F9,0.1,10,V5,LER,10,0.0,0.0,0.0,0.0,0.0,0.0,0.0,0.0,0.0,0.0
F9,0.1,10,V5,RSR,10,0.0,0.0,0.0,0.0,0.0,0.0,0.0,0.0,0.0,0.0
F9,0.1,10,V5,UAR,10,0.0,0.0,0.0,0.0,0.0,0.0,0.0,0.0,0.0,0.0
F9,0.1,10,V5,RAF,10,1.1007900000000002,1.1002,0.004512316478262569,1.0968,1.1042,0.007400000000000073,1.095,1.1095,1.0979932372714156,1.1035867627285847
F9,0.1,10,V5,DAF,10,1.0,1.0,0.0,1.0,1.0,0.0,1.0,1.0,1.0,1.0
F9,0.1,10,V5,P95,10,15.8727,14.795000000000002,2.931050211859983,13.564,18.243000000000002,4.679000000000002,12.155999999999999,20.740000000000002,14.056016257263863,17.689383742736137
F9,0.1,10,V5,throughput,10,848.5343047913741,886.535375087855,105.5037791169152,736.223486224728,923.0461130889412,186.82262686421313,698.3877221214428,1019.8739921997209,783.1423850134811,913.9262245692671
F9,0.1,50,V0,DER,10,0.0,0.0,0.0,0.0,0.0,0.0,0.0,0.0,0.0,0.0
F9,0.1,50,V0,EOER,10,1.0,1.0,0.0,1.0,1.0,0.0,1.0,1.0,1.0,1.0
F9,0.1,50,V0,LER,10,0.0,0.0,0.0,0.0,0.0,0.0,0.0,0.0,0.0,0.0
F9,0.1,50,V0,RSR,10,0.0,0.0,0.0,0.0,0.0,0.0,0.0,0.0,0.0,0.0
F9,0.1,50,V0,UAR,10,0.0,0.0,0.0,0.0,0.0,0.0,0.0,0.0,0.0,0.0
F9,0.1,50,V0,RAF,10,1.0,1.0,0.0,1.0,1.0,0.0,1.0,1.0,1.0,1.0
F9,0.1,50,V0,DAF,10,1.0,1.0,0.0,1.0,1.0,0.0,1.0,1.0,1.0,1.0
F9,0.1,50,V0,P95,10,47.8198,48.03,5.146403507952584,43.194,52.483,9.288999999999994,38.74,53.452,44.63002605869151,51.00957394130849
F9,0.1,50,V0,throughput,10,1504.0289548538306,1484.2714927663176,129.87398943491712,1450.41023335838,1622.8936945089615,172.48346115058143,1228.0668776539942,1658.667491326636,1423.532222230142,1584.525687477519
F9,0.1,50,V1,DER,10,0.0,0.0,0.0,0.0,0.0,0.0,0.0,0.0,0.0,0.0
F9,0.1,50,V1,EOER,10,1.0,1.0,0.0,1.0,1.0,0.0,1.0,1.0,1.0,1.0
F9,0.1,50,V1,LER,10,0.0,0.0,0.0,0.0,0.0,0.0,0.0,0.0,0.0,0.0
F9,0.1,50,V1,RSR,10,0.0,0.0,0.0,0.0,0.0,0.0,0.0,0.0,0.0,0.0
F9,0.1,50,V1,UAR,10,0.0,0.0,0.0,0.0,0.0,0.0,0.0,0.0,0.0,0.0
F9,0.1,50,V1,RAF,10,1.0,1.0,0.0,1.0,1.0,0.0,1.0,1.0,1.0,1.0
F9,0.1,50,V1,DAF,10,1.0,1.0,0.0,1.0,1.0,0.0,1.0,1.0,1.0,1.0
F9,0.1,50,V1,P95,10,49.460300000000004,50.163,4.824863867970209,48.667,52.388,3.7209999999999965,37.851,54.755,46.46981839228499,52.450781607715015
F9,0.1,50,V1,throughput,10,1526.6997304862111,1509.8579674829175,81.05145516839406,1476.8184130204677,1544.3047286651852,67.48631564471748,1434.6590768189888,1695.1830020307177,1476.4635181095935,1576.9359428628288
F9,0.1,50,V2,DER,10,0.0,0.0,0.0,0.0,0.0,0.0,0.0,0.0,0.0,0.0
F9,0.1,50,V2,EOER,10,1.0,1.0,0.0,1.0,1.0,0.0,1.0,1.0,1.0,1.0
F9,0.1,50,V2,LER,10,0.0,0.0,0.0,0.0,0.0,0.0,0.0,0.0,0.0,0.0
F9,0.1,50,V2,RSR,10,0.0,0.0,0.0,0.0,0.0,0.0,0.0,0.0,0.0,0.0
F9,0.1,50,V2,UAR,10,0.0,0.0,0.0,0.0,0.0,0.0,0.0,0.0,0.0,0.0
F9,0.1,50,V2,RAF,10,1.1010300000000002,1.1008499999999999,0.0027560237057519363,1.0997,1.1022,0.0025000000000001688,1.0972,1.1071,1.0993217988096637,1.1027382011903366
F9,0.1,50,V2,DAF,10,1.0,1.0,0.0,1.0,1.0,0.0,1.0,1.0,1.0,1.0
F9,0.1,50,V2,P95,10,59.782,60.5245,12.885956628136782,51.896,71.9,20.004000000000005,35.567,74.02,51.7952013360891,67.7687986639109
F9,0.1,50,V2,throughput,10,1140.2864085337144,1137.051829740691,130.57750050093279,1079.214106040256,1212.063451459727,132.8493454194711,868.5351367404694,1370.3659039775075,1059.3536352337883,1221.2191818336405
F9,0.1,50,V3,DER,10,0.0,0.0,0.0,0.0,0.0,0.0,0.0,0.0,0.0,0.0
F9,0.1,50,V3,EOER,10,1.0,1.0,0.0,1.0,1.0,0.0,1.0,1.0,1.0,1.0
F9,0.1,50,V3,LER,10,0.0,0.0,0.0,0.0,0.0,0.0,0.0,0.0,0.0,0.0
F9,0.1,50,V3,RSR,10,0.0,0.0,0.0,0.0,0.0,0.0,0.0,0.0,0.0,0.0
F9,0.1,50,V3,UAR,10,0.0,0.0,0.0,0.0,0.0,0.0,0.0,0.0,0.0,0.0
F9,0.1,50,V3,RAF,10,1.0,1.0,0.0,1.0,1.0,0.0,1.0,1.0,1.0,1.0
F9,0.1,50,V3,DAF,10,1.0,1.0,0.0,1.0,1.0,0.0,1.0,1.0,1.0,1.0
F9,0.1,50,V3,P95,10,44.904900000000005,49.6595,12.381916163412583,37.56,52.148,14.588000000000001,14.77,55.894,37.23050885276708,52.57929114723293
F9,0.1,50,V3,throughput,10,1443.6514539885125,1449.3011530962283,146.7066014543322,1433.8594459447675,1524.5524941274089,90.6930481826414,1083.8158384612316,1656.9055640181275,1352.7217603463735,1534.5811476306515
F9,0.1,50,V4,DER,10,0.0,0.0,0.0,0.0,0.0,0.0,0.0,0.0,0.0,0.0
F9,0.1,50,V4,EOER,10,1.0,1.0,0.0,1.0,1.0,0.0,1.0,1.0,1.0,1.0
F9,0.1,50,V4,LER,10,0.0,0.0,0.0,0.0,0.0,0.0,0.0,0.0,0.0,0.0
F9,0.1,50,V4,RSR,10,0.0,0.0,0.0,0.0,0.0,0.0,0.0,0.0,0.0,0.0
F9,0.1,50,V4,UAR,10,0.0,0.0,0.0,0.0,0.0,0.0,0.0,0.0,0.0,0.0
F9,0.1,50,V4,RAF,10,1.0995700000000002,1.0992,0.0028107136302211785,1.0981,1.1011,0.0029999999999998916,1.096,1.1059,1.0978279016432921,1.1013120983567082
F9,0.1,50,V4,DAF,10,1.0,1.0,0.0,1.0,1.0,0.0,1.0,1.0,1.0,1.0
F9,0.1,50,V4,P95,10,66.9085,68.53,10.234940810228894,59.258,73.946,14.687999999999995,52.853,82.036,60.56481796324284,73.25218203675718
F9,0.1,50,V4,throughput,10,1097.474214566333,1117.115781990336,141.031979489301,1032.252424669862,1190.9406593647477,158.68823469488575,823.8362187739059,1284.9809088163797,1010.0616880570982,1184.8867410755681
F9,0.1,50,V5,DER,10,0.0,0.0,0.0,0.0,0.0,0.0,0.0,0.0,0.0,0.0
F9,0.1,50,V5,EOER,10,1.0,1.0,0.0,1.0,1.0,0.0,1.0,1.0,1.0,1.0
F9,0.1,50,V5,LER,10,0.0,0.0,0.0,0.0,0.0,0.0,0.0,0.0,0.0,0.0
F9,0.1,50,V5,RSR,10,0.0,0.0,0.0,0.0,0.0,0.0,0.0,0.0,0.0,0.0
F9,0.1,50,V5,UAR,10,0.0,0.0,0.0,0.0,0.0,0.0,0.0,0.0,0.0,0.0
F9,0.1,50,V5,RAF,10,1.0994199999999998,1.0993,0.0030846573733741027,1.0962,1.1025,0.006299999999999972,1.0955,1.1039,1.0975081095521853,1.1013318904478144
F9,0.1,50,V5,DAF,10,1.0,1.0,0.0,1.0,1.0,0.0,1.0,1.0,1.0,1.0
F9,0.1,50,V5,P95,10,70.6294,71.369,20.387571024196745,58.966,81.67,22.704,29.936999999999998,102.305,57.99305256259695,83.26574743740305
F9,0.1,50,V5,throughput,10,1076.201088114631,1086.7371343692755,140.32644939992676,991.7442213628307,1176.9127114224175,185.16849005958682,846.1346472632777,1300.2546969071464,989.2258536852761,1163.1763225439856
F9,0.2,10,V0,DER,10,0.0,0.0,0.0,0.0,0.0,0.0,0.0,0.0,0.0,0.0
F9,0.2,10,V0,EOER,10,1.0,1.0,0.0,1.0,1.0,0.0,1.0,1.0,1.0,1.0
F9,0.2,10,V0,LER,10,0.0,0.0,0.0,0.0,0.0,0.0,0.0,0.0,0.0,0.0
F9,0.2,10,V0,RSR,10,0.0,0.0,0.0,0.0,0.0,0.0,0.0,0.0,0.0,0.0
F9,0.2,10,V0,UAR,10,0.0,0.0,0.0,0.0,0.0,0.0,0.0,0.0,0.0,0.0
F9,0.2,10,V0,RAF,10,1.0,1.0,0.0,1.0,1.0,0.0,1.0,1.0,1.0,1.0
F9,0.2,10,V0,DAF,10,1.0,1.0,0.0,1.0,1.0,0.0,1.0,1.0,1.0,1.0
F9,0.2,10,V0,P95,10,11.6849,11.036999999999999,2.541367630496094,10.553,11.738,1.1849999999999987,8.81,16.747,10.109744023498203,13.260055976501798
F9,0.2,10,V0,throughput,10,1212.7660224236326,1191.9387407853305,185.0089437410692,1108.1295117701166,1265.5667916169912,157.43727984687462,954.1342856453258,1534.5347740475343,1098.0962910777812,1327.435753769484
F9,0.2,10,V1,DER,10,0.0,0.0,0.0,0.0,0.0,0.0,0.0,0.0,0.0,0.0
F9,0.2,10,V1,EOER,10,1.0,1.0,0.0,1.0,1.0,0.0,1.0,1.0,1.0,1.0
F9,0.2,10,V1,LER,10,0.0,0.0,0.0,0.0,0.0,0.0,0.0,0.0,0.0,0.0
F9,0.2,10,V1,RSR,10,0.0,0.0,0.0,0.0,0.0,0.0,0.0,0.0,0.0,0.0
F9,0.2,10,V1,UAR,10,0.0,0.0,0.0,0.0,0.0,0.0,0.0,0.0,0.0,0.0
F9,0.2,10,V1,RAF,10,1.0,1.0,0.0,1.0,1.0,0.0,1.0,1.0,1.0,1.0
F9,0.2,10,V1,DAF,10,1.0,1.0,0.0,1.0,1.0,0.0,1.0,1.0,1.0,1.0
F9,0.2,10,V1,P95,10,11.5454,10.934000000000001,2.3934358473866717,10.439,11.407,0.968,9.072,16.331,10.06193309259754,13.028866907402461
F9,0.2,10,V1,throughput,10,1224.0163187804578,1215.4692658771123,163.82217719383638,1103.3713232269847,1319.0310082846063,215.65968505762157,973.8802378984008,1480.104657058423,1122.4782813891359,1325.5543561717798
F9,0.2,10,V2,DER,10,0.0,0.0,0.0,0.0,0.0,0.0,0.0,0.0,0.0,0.0
F9,0.2,10,V2,EOER,10,1.0,1.0,0.0,1.0,1.0,0.0,1.0,1.0,1.0,1.0
F9,0.2,10,V2,LER,10,0.0,0.0,0.0,0.0,0.0,0.0,0.0,0.0,0.0,0.0
F9,0.2,10,V2,RSR,10,0.0,0.0,0.0,0.0,0.0,0.0,0.0,0.0,0.0,0.0
F9,0.2,10,V2,UAR,10,0.0,0.0,0.0,0.0,0.0,0.0,0.0,0.0,0.0,0.0
F9,0.2,10,V2,RAF,10,1.20113,1.1995,0.004843105064590952,1.1973,1.204,0.006699999999999928,1.196,1.2119,1.1981282123814856,1.2041317876185145
F9,0.2,10,V2,DAF,10,1.0,1.0,0.0,1.0,1.0,0.0,1.0,1.0,1.0,1.0
F9,0.2,10,V2,P95,10,15.025899999999996,13.7735,3.3530210739305266,12.915,17.534,4.619,11.324,20.985,12.947676007311795,17.104123992688198
F9,0.2,10,V2,throughput,10,844.2780969866169,867.3857524587629,105.74643099241534,733.1618527842189,912.6176057765508,179.4557529923319,682.9872059909627,1005.669946549903,778.7357800181259,909.8204139551079
F9,0.2,10,V3,DER,10,0.0,0.0,0.0,0.0,0.0,0.0,0.0,0.0,0.0,0.0
F9,0.2,10,V3,EOER,10,1.0,1.0,0.0,1.0,1.0,0.0,1.0,1.0,1.0,1.0
F9,0.2,10,V3,LER,10,0.0,0.0,0.0,0.0,0.0,0.0,0.0,0.0,0.0,0.0
F9,0.2,10,V3,RSR,10,0.0,0.0,0.0,0.0,0.0,0.0,0.0,0.0,0.0,0.0
F9,0.2,10,V3,UAR,10,0.0,0.0,0.0,0.0,0.0,0.0,0.0,0.0,0.0,0.0
F9,0.2,10,V3,RAF,10,1.0,1.0,0.0,1.0,1.0,0.0,1.0,1.0,1.0,1.0
F9,0.2,10,V3,DAF,10,1.0,1.0,0.0,1.0,1.0,0.0,1.0,1.0,1.0,1.0
F9,0.2,10,V3,P95,10,11.9107,11.3165,2.104282303093173,10.744,12.156,1.4120000000000008,9.05,16.019,10.606452316119196,13.214947683880805
F9,0.2,10,V3,throughput,10,1180.7889207593194,1162.7886251629989,147.0582923943031,1072.1124326709664,1257.268261397162,185.15582872619552,993.6021774466664,1487.5539522851823,1089.6412468142405,1271.9365947043982
F9,0.2,10,V4,DER,10,0.0,0.0,0.0,0.0,0.0,0.0,0.0,0.0,0.0,0.0
F9,0.2,10,V4,EOER,10,1.0,1.0,0.0,1.0,1.0,0.0,1.0,1.0,1.0,1.0
F9,0.2,10,V4,LER,10,0.0,0.0,0.0,0.0,0.0,0.0,0.0,0.0,0.0,0.0
F9,0.2,10,V4,RSR,10,0.0,0.0,0.0,0.0,0.0,0.0,0.0,0.0,0.0,0.0
F9,0.2,10,V4,UAR,10,0.0,0.0,0.0,0.0,0.0,0.0,0.0,0.0,0.0,0.0
F9,0.2,10,V4,RAF,10,1.19942,1.1993,0.005491569296051269,1.1957,1.2018,0.006099999999999994,1.1921,1.2106,1.1960162900867828,1.202823709913217
F9,0.2,10,V4,DAF,10,1.0,1.0,0.0,1.0,1.0,0.0,1.0,1.0,1.0,1.0
F9,0.2,10,V4,P95,10,15.6865,13.9,3.937850125526758,13.754999999999999,16.734,2.9790000000000028,13.190000000000001,26.061999999999998,13.245795205715275,18.127204794284726
F9,0.2,10,V4,throughput,10,809.4411219738055,848.2852081191098,102.67881378352901,781.9376180558197,862.5075129775969,80.56989492177718,544.516749602518,893.5512474575366,745.8001338497579,873.082110097853
F9,0.2,10,V5,DER,10,0.0,0.0,0.0,0.0,0.0,0.0,0.0,0.0,0.0,0.0
F9,0.2,10,V5,EOER,10,1.0,1.0,0.0,1.0,1.0,0.0,1.0,1.0,1.0,1.0
F9,0.2,10,V5,LER,10,0.0,0.0,0.0,0.0,0.0,0.0,0.0,0.0,0.0,0.0
F9,0.2,10,V5,RSR,10,0.0,0.0,0.0,0.0,0.0,0.0,0.0,0.0,0.0,0.0
F9,0.2,10,V5,UAR,10,0.0,0.0,0.0,0.0,0.0,0.0,0.0,0.0,0.0,0.0
F9,0.2,10,V5,RAF,10,1.20029,1.2006,0.003249769222575623,1.1983,1.2016,0.0033000000000000806,1.1955,1.2066,1.1982757721678023,1.2023042278321978
F9,0.2,10,V5,DAF,10,1.0,1.0,0.0,1.0,1.0,0.0,1.0,1.0,1.0,1.0
F9,0.2,10,V5,P95,10,15.862800000000002,14.18,3.9258476735038452,13.346,17.983,4.6370000000000005,12.120000000000001,23.215,13.429534402551539,18.296065597448465
F9,0.2,10,V5,throughput,10,805.0813855339874,838.8369889769092,114.6796431631468,708.5821236741635,873.8684416619357,165.28631798777212,595.988585585431,952.9061519765156,734.0022062984109,876.1605647695638
F9,0.2,50,V0,DER,10,0.0,0.0,0.0,0.0,0.0,0.0,0.0,0.0,0.0,0.0
F9,0.2,50,V0,EOER,10,1.0,1.0,0.0,1.0,1.0,0.0,1.0,1.0,1.0,1.0
F9,0.2,50,V0,LER,10,0.0,0.0,0.0,0.0,0.0,0.0,0.0,0.0,0.0,0.0
F9,0.2,50,V0,RSR,10,0.0,0.0,0.0,0.0,0.0,0.0,0.0,0.0,0.0,0.0
F9,0.2,50,V0,UAR,10,0.0,0.0,0.0,0.0,0.0,0.0,0.0,0.0,0.0,0.0
F9,0.2,50,V0,RAF,10,1.0,1.0,0.0,1.0,1.0,0.0,1.0,1.0,1.0,1.0
F9,0.2,50,V0,DAF,10,1.0,1.0,0.0,1.0,1.0,0.0,1.0,1.0,1.0,1.0
F9,0.2,50,V0,P95,10,47.916399999999996,48.382000000000005,6.491316664933582,42.541,51.038,8.497,39.144,62.174,43.89304024777876,51.939759752221235
F9,0.2,50,V0,throughput,10,1549.7841026161495,1544.5299393487276,150.68631888717331,1493.9196995508557,1571.0713682919945,77.15166874113879,1245.2619495065956,1805.1225268299922,1456.387754553806,1643.1804506784931
F9,0.2,50,V1,DER,10,0.0,0.0,0.0,0.0,0.0,0.0,0.0,0.0,0.0,0.0
F9,0.2,50,V1,EOER,10,1.0,1.0,0.0,1.0,1.0,0.0,1.0,1.0,1.0,1.0
F9,0.2,50,V1,LER,10,0.0,0.0,0.0,0.0,0.0,0.0,0.0,0.0,0.0,0.0
F9,0.2,50,V1,RSR,10,0.0,0.0,0.0,0.0,0.0,0.0,0.0,0.0,0.0,0.0
F9,0.2,50,V1,UAR,10,0.0,0.0,0.0,0.0,0.0,0.0,0.0,0.0,0.0,0.0
F9,0.2,50,V1,RAF,10,1.0,1.0,0.0,1.0,1.0,0.0,1.0,1.0,1.0,1.0
F9,0.2,50,V1,DAF,10,1.0,1.0,0.0,1.0,1.0,0.0,1.0,1.0,1.0,1.0
F9,0.2,50,V1,P95,10,42.340199999999996,47.448499999999996,12.846946622100953,32.714,50.801,18.087000000000003,14.82,54.888,34.377579988328684,50.30282001167131
F9,0.2,50,V1,throughput,10,1500.351872211963,1507.3875201558417,60.61485704882013,1457.2243749910754,1548.989883620719,91.76550862964359,1398.9811992422435,1600.0267948823148,1462.7823945812854,1537.9213498426404
F9,0.2,50,V2,DER,10,0.0,0.0,0.0,0.0,0.0,0.0,0.0,0.0,0.0,0.0
F9,0.2,50,V2,EOER,10,1.0,1.0,0.0,1.0,1.0,0.0,1.0,1.0,1.0,1.0
F9,0.2,50,V2,LER,10,0.0,0.0,0.0,0.0,0.0,0.0,0.0,0.0,0.0,0.0
F9,0.2,50,V2,RSR,10,0.0,0.0,0.0,0.0,0.0,0.0,0.0,0.0,0.0,0.0
F9,0.2,50,V2,UAR,10,0.0,0.0,0.0,0.0,0.0,0.0,0.0,0.0,0.0,0.0
F9,0.2,50,V2,RAF,10,1.1995,1.2002000000000002,0.0027434771124736496,1.1979,1.2017,0.0038000000000000256,1.1936,1.2027,1.197799575268744,1.201200424731256
F9,0.2,50,V2,DAF,10,1.0,1.0,0.0,1.0,1.0,0.0,1.0,1.0,1.0,1.0
F9,0.2,50,V2,P95,10,74.0164,78.5195,17.672025226328756,70.105,83.025,12.920000000000002,30.367,95.753,63.06316528570231,84.9696347142977
F9,0.2,50,V2,throughput,10,1067.953933673031,1036.683345813088,104.70192636880455,991.7756920154815,1159.5808162061044,167.8051241906229,945.4842288926702,1278.752739980392,1003.0590073774288,1132.8488599686334
F9,0.2,50,V3,DER,10,0.0,0.0,0.0,0.0,0.0,0.0,0.0,0.0,0.0,0.0
F9,0.2,50,V3,EOER,10,1.0,1.0,0.0,1.0,1.0,0.0,1.0,1.0,1.0,1.0
F9,0.2,50,V3,LER,10,0.0,0.0,0.0,0.0,0.0,0.0,0.0,0.0,0.0,0.0
F9,0.2,50,V3,RSR,10,0.0,0.0,0.0,0.0,0.0,0.0,0.0,0.0,0.0,0.0
F9,0.2,50,V3,UAR,10,0.0,0.0,0.0,0.0,0.0,0.0,0.0,0.0,0.0,0.0
F9,0.2,50,V3,RAF,10,1.0,1.0,0.0,1.0,1.0,0.0,1.0,1.0,1.0,1.0
F9,0.2,50,V3,DAF,10,1.0,1.0,0.0,1.0,1.0,0.0,1.0,1.0,1.0,1.0
F9,0.2,50,V3,P95,10,45.52929999999999,46.748999999999995,12.52906280125444,41.573,51.262,9.689,14.811,62.406,37.76370642174629,53.29489357825369
F9,0.2,50,V3,throughput,10,1500.1013877029518,1518.4922549845364,148.96061681701482,1422.0699430040145,1585.890364690158,163.82042168614362,1162.2473019265,1682.9752428370498,1407.7746408651035,1592.4281345408
F9,0.2,50,V4,DER,10,0.0,0.0,0.0,0.0,0.0,0.0,0.0,0.0,0.0,0.0
F9,0.2,50,V4,EOER,10,1.0,1.0,0.0,1.0,1.0,0.0,1.0,1.0,1.0,1.0
F9,0.2,50,V4,LER,10,0.0,0.0,0.0,0.0,0.0,0.0,0.0,0.0,0.0,0.0
F9,0.2,50,V4,RSR,10,0.0,0.0,0.0,0.0,0.0,0.0,0.0,0.0,0.0,0.0
F9,0.2,50,V4,UAR,10,0.0,0.0,0.0,0.0,0.0,0.0,0.0,0.0,0.0,0.0
F9,0.2,50,V4,RAF,10,1.1994699999999998,1.1989,0.0038689791935341655,1.1965,1.2007,0.004200000000000204,1.1944,1.2074,1.1970719818516113,1.2018680181483883
F9,0.2,50,V4,DAF,10,1.0,1.0,0.0,1.0,1.0,0.0,1.0,1.0,1.0,1.0
F9,0.2,50,V4,P95,10,80.39189999999999,79.77199999999999,23.230968537947597,69.209,85.184,15.974999999999994,45.405,136.351,65.99319652500127,94.79060347499872
F9,0.2,50,V4,throughput,10,989.027421538695,1013.6650457344722,154.8356850296629,976.2734563015106,1106.0011269107856,129.72767060927504,693.1098603281599,1162.5515675098316,893.0592696965256,1084.9955733808645
F9,0.2,50,V5,DER,10,0.0,0.0,0.0,0.0,0.0,0.0,0.0,0.0,0.0,0.0
F9,0.2,50,V5,EOER,10,1.0,1.0,0.0,1.0,1.0,0.0,1.0,1.0,1.0,1.0
F9,0.2,50,V5,LER,10,0.0,0.0,0.0,0.0,0.0,0.0,0.0,0.0,0.0,0.0
F9,0.2,50,V5,RSR,10,0.0,0.0,0.0,0.0,0.0,0.0,0.0,0.0,0.0,0.0
F9,0.2,50,V5,UAR,10,0.0,0.0,0.0,0.0,0.0,0.0,0.0,0.0,0.0,0.0
F9,0.2,50,V5,RAF,10,1.20177,1.20255,0.003801768594278784,1.1984,1.2038,0.005400000000000071,1.1967,1.2073,1.1994136394126158,1.2041263605873842
F9,0.2,50,V5,DAF,10,1.0,1.0,0.0,1.0,1.0,0.0,1.0,1.0,1.0,1.0
F9,0.2,50,V5,P95,10,76.57540000000002,78.232,22.721096937525804,71.819,82.296,10.477000000000004,31.118000000000002,110.451,62.492718217028646,90.6580817829714
F9,0.2,50,V5,throughput,10,992.714903244867,1008.0414997024668,118.13424491928184,956.020674807768,1062.4916120163196,106.4709372085515,780.3125887241246,1164.6690781584869,919.4945396574824,1065.9352668322515
